2025-04-02 04:02:45 - INFO - ------------------------------------------------------------------------------------------------
2025-04-02 04:02:45 - INFO - starting new training !!!!
2025-04-02 04:02:45 - INFO - ------------------------------------------------------------------------------------------------
2025-04-02 04:02:45 - INFO - Namespace(batch=4, device=device(type='cuda'), epoch=25, excel_path='d:\\cleaning_GUI_annotated_data\\tab_data_annotated_pats.xlsx', gamma=0.1, json='jsons/train_test_val_split_without_scar_with_both_res.json', log_dir='logs/Seq_Model', lr=0.0001, model_path=None, num_classes=5, save_dir='model_parameter_Seq_Model', save_freq=5, step_size=10, weight_matrix=tensor([0.1250, 0.1100, 0.0900, 0.1100, 1.0000]))
2025-04-02 04:02:45 - INFO - parameters are being saved at :model_parameter_Seq_Model\8
2025-04-02 04:02:46 - INFO - found 4 gpus!
2025-04-02 04:02:46 - INFO - DataParallel(
  (module): Seq_Model(
    (feature_extractor): Sequential(
      (0): Conv2d(1, 64, kernel_size=(7, 7), stride=(2, 2), padding=(3, 3))
      (1): BatchNorm2d(64, eps=1e-05, momentum=0.1, affine=True, track_running_stats=True)
      (2): ReLU(inplace=True)
      (3): MaxPool2d(kernel_size=3, stride=2, padding=1, dilation=1, ceil_mode=False)
      (4): Sequential(
        (0): BasicBlock(
          (conv1): Conv2d(64, 64, kernel_size=(3, 3), stride=(1, 1), padding=(1, 1), bias=False)
          (bn1): BatchNorm2d(64, eps=1e-05, momentum=0.1, affine=True, track_running_stats=True)
          (relu): ReLU(inplace=True)
          (conv2): Conv2d(64, 64, kernel_size=(3, 3), stride=(1, 1), padding=(1, 1), bias=False)
          (bn2): BatchNorm2d(64, eps=1e-05, momentum=0.1, affine=True, track_running_stats=True)
        )
        (1): BasicBlock(
          (conv1): Conv2d(64, 64, kernel_size=(3, 3), stride=(1, 1), padding=(1, 1), bias=False)
          (bn1): BatchNorm2d(64, eps=1e-05, momentum=0.1, affine=True, track_running_stats=True)
          (relu): ReLU(inplace=True)
          (conv2): Conv2d(64, 64, kernel_size=(3, 3), stride=(1, 1), padding=(1, 1), bias=False)
          (bn2): BatchNorm2d(64, eps=1e-05, momentum=0.1, affine=True, track_running_stats=True)
        )
      )
      (5): Sequential(
        (0): BasicBlock(
          (conv1): Conv2d(64, 128, kernel_size=(3, 3), stride=(2, 2), padding=(1, 1), bias=False)
          (bn1): BatchNorm2d(128, eps=1e-05, momentum=0.1, affine=True, track_running_stats=True)
          (relu): ReLU(inplace=True)
          (conv2): Conv2d(128, 128, kernel_size=(3, 3), stride=(1, 1), padding=(1, 1), bias=False)
          (bn2): BatchNorm2d(128, eps=1e-05, momentum=0.1, affine=True, track_running_stats=True)
          (downsample): Sequential(
            (0): Conv2d(64, 128, kernel_size=(1, 1), stride=(2, 2), bias=False)
            (1): BatchNorm2d(128, eps=1e-05, momentum=0.1, affine=True, track_running_stats=True)
          )
        )
        (1): BasicBlock(
          (conv1): Conv2d(128, 128, kernel_size=(3, 3), stride=(1, 1), padding=(1, 1), bias=False)
          (bn1): BatchNorm2d(128, eps=1e-05, momentum=0.1, affine=True, track_running_stats=True)
          (relu): ReLU(inplace=True)
          (conv2): Conv2d(128, 128, kernel_size=(3, 3), stride=(1, 1), padding=(1, 1), bias=False)
          (bn2): BatchNorm2d(128, eps=1e-05, momentum=0.1, affine=True, track_running_stats=True)
        )
      )
      (6): Sequential(
        (0): BasicBlock(
          (conv1): Conv2d(128, 256, kernel_size=(3, 3), stride=(2, 2), padding=(1, 1), bias=False)
          (bn1): BatchNorm2d(256, eps=1e-05, momentum=0.1, affine=True, track_running_stats=True)
          (relu): ReLU(inplace=True)
          (conv2): Conv2d(256, 256, kernel_size=(3, 3), stride=(1, 1), padding=(1, 1), bias=False)
          (bn2): BatchNorm2d(256, eps=1e-05, momentum=0.1, affine=True, track_running_stats=True)
          (downsample): Sequential(
            (0): Conv2d(128, 256, kernel_size=(1, 1), stride=(2, 2), bias=False)
            (1): BatchNorm2d(256, eps=1e-05, momentum=0.1, affine=True, track_running_stats=True)
          )
        )
        (1): BasicBlock(
          (conv1): Conv2d(256, 256, kernel_size=(3, 3), stride=(1, 1), padding=(1, 1), bias=False)
          (bn1): BatchNorm2d(256, eps=1e-05, momentum=0.1, affine=True, track_running_stats=True)
          (relu): ReLU(inplace=True)
          (conv2): Conv2d(256, 256, kernel_size=(3, 3), stride=(1, 1), padding=(1, 1), bias=False)
          (bn2): BatchNorm2d(256, eps=1e-05, momentum=0.1, affine=True, track_running_stats=True)
        )
      )
      (7): Sequential(
        (0): BasicBlock(
          (conv1): Conv2d(256, 512, kernel_size=(3, 3), stride=(2, 2), padding=(1, 1), bias=False)
          (bn1): BatchNorm2d(512, eps=1e-05, momentum=0.1, affine=True, track_running_stats=True)
          (relu): ReLU(inplace=True)
          (conv2): Conv2d(512, 512, kernel_size=(3, 3), stride=(1, 1), padding=(1, 1), bias=False)
          (bn2): BatchNorm2d(512, eps=1e-05, momentum=0.1, affine=True, track_running_stats=True)
          (downsample): Sequential(
            (0): Conv2d(256, 512, kernel_size=(1, 1), stride=(2, 2), bias=False)
            (1): BatchNorm2d(512, eps=1e-05, momentum=0.1, affine=True, track_running_stats=True)
          )
        )
        (1): BasicBlock(
          (conv1): Conv2d(512, 512, kernel_size=(3, 3), stride=(1, 1), padding=(1, 1), bias=False)
          (bn1): BatchNorm2d(512, eps=1e-05, momentum=0.1, affine=True, track_running_stats=True)
          (relu): ReLU(inplace=True)
          (conv2): Conv2d(512, 512, kernel_size=(3, 3), stride=(1, 1), padding=(1, 1), bias=False)
          (bn2): BatchNorm2d(512, eps=1e-05, momentum=0.1, affine=True, track_running_stats=True)
        )
      )
      (8): AdaptiveAvgPool2d(output_size=(1, 1))
    )
    (aggregation_head): TransformerEncoder(
      (layers): ModuleList(
        (0-3): 4 x TransformerEncoderLayer(
          (self_attn): MultiheadAttention(
            (out_proj): NonDynamicallyQuantizableLinear(in_features=512, out_features=512, bias=True)
          )
          (linear1): Linear(in_features=512, out_features=1024, bias=True)
          (dropout): Dropout(p=0.2, inplace=False)
          (linear2): Linear(in_features=1024, out_features=512, bias=True)
          (norm1): LayerNorm((512,), eps=1e-05, elementwise_affine=True)
          (norm2): LayerNorm((512,), eps=1e-05, elementwise_affine=True)
          (dropout1): Dropout(p=0.2, inplace=False)
          (dropout2): Dropout(p=0.2, inplace=False)
        )
      )
    )
    (classification_head): Linear(in_features=512, out_features=5, bias=True)
  )
)
2025-04-02 04:02:46 - INFO - fold number:0
2025-04-02 04:03:25 - INFO - epoch:0/25 iteration:0/193 batch loss is :1.8287
2025-04-02 04:03:34 - INFO - epoch:0/25 iteration:5/193 batch loss is :1.0988
2025-04-02 04:03:44 - INFO - epoch:0/25 iteration:10/193 batch loss is :1.4605
2025-04-02 04:03:56 - INFO - epoch:0/25 iteration:15/193 batch loss is :1.1964
2025-04-02 04:04:14 - INFO - epoch:0/25 iteration:20/193 batch loss is :1.4530
2025-04-02 04:04:24 - INFO - epoch:0/25 iteration:25/193 batch loss is :1.7152
2025-04-02 04:04:33 - INFO - epoch:0/25 iteration:30/193 batch loss is :1.3615
2025-04-02 04:04:44 - INFO - epoch:0/25 iteration:35/193 batch loss is :3.2292
2025-04-02 04:05:02 - INFO - epoch:0/25 iteration:40/193 batch loss is :1.2467
2025-04-02 04:05:12 - INFO - epoch:0/25 iteration:45/193 batch loss is :1.1312
2025-04-02 04:05:24 - INFO - epoch:0/25 iteration:50/193 batch loss is :2.0787
2025-04-02 04:05:35 - INFO - epoch:0/25 iteration:55/193 batch loss is :1.6208
2025-04-02 04:05:52 - INFO - epoch:0/25 iteration:60/193 batch loss is :2.4102
2025-04-02 04:06:02 - INFO - epoch:0/25 iteration:65/193 batch loss is :1.6605
2025-04-02 04:06:13 - INFO - epoch:0/25 iteration:70/193 batch loss is :1.1750
2025-04-02 04:06:22 - INFO - epoch:0/25 iteration:75/193 batch loss is :1.3333
2025-04-02 04:06:43 - INFO - epoch:0/25 iteration:80/193 batch loss is :1.6888
2025-04-02 04:06:53 - INFO - epoch:0/25 iteration:85/193 batch loss is :1.8463
2025-04-02 04:07:02 - INFO - epoch:0/25 iteration:90/193 batch loss is :1.7631
2025-04-02 04:07:13 - INFO - epoch:0/25 iteration:95/193 batch loss is :1.8250
2025-04-02 04:07:31 - INFO - epoch:0/25 iteration:100/193 batch loss is :1.2172
2025-04-02 04:07:43 - INFO - epoch:0/25 iteration:105/193 batch loss is :1.9707
2025-04-02 04:07:53 - INFO - epoch:0/25 iteration:110/193 batch loss is :1.9631
2025-04-02 04:08:05 - INFO - epoch:0/25 iteration:115/193 batch loss is :1.5258
2025-04-02 04:08:24 - INFO - epoch:0/25 iteration:120/193 batch loss is :1.5155
2025-04-02 04:08:34 - INFO - epoch:0/25 iteration:125/193 batch loss is :1.7087
2025-04-02 04:08:44 - INFO - epoch:0/25 iteration:130/193 batch loss is :1.4481
2025-04-02 04:08:55 - INFO - epoch:0/25 iteration:135/193 batch loss is :1.1145
2025-04-02 04:09:14 - INFO - epoch:0/25 iteration:140/193 batch loss is :1.7137
2025-04-02 04:09:25 - INFO - epoch:0/25 iteration:145/193 batch loss is :1.6751
2025-04-02 04:09:36 - INFO - epoch:0/25 iteration:150/193 batch loss is :1.5094
2025-04-02 04:09:46 - INFO - epoch:0/25 iteration:155/193 batch loss is :1.4728
2025-04-02 04:10:05 - INFO - epoch:0/25 iteration:160/193 batch loss is :1.5833
2025-04-02 04:10:17 - INFO - epoch:0/25 iteration:165/193 batch loss is :1.9505
2025-04-02 04:10:28 - INFO - epoch:0/25 iteration:170/193 batch loss is :1.9493
2025-04-02 04:10:38 - INFO - epoch:0/25 iteration:175/193 batch loss is :1.6759
2025-04-02 04:10:57 - INFO - epoch:0/25 iteration:180/193 batch loss is :1.3750
2025-04-02 04:11:09 - INFO - epoch:0/25 iteration:185/193 batch loss is :1.7151
2025-04-02 04:11:18 - INFO - epoch:0/25 iteration:190/193 batch loss is :1.4201
2025-04-02 04:11:24 - INFO - Epoch:0/25 Loss is :1.6622
2025-04-02 04:14:06 - INFO - val accuarcy is : 0.2438
2025-04-02 04:14:06 - INFO - VAL loss :1.9226
2025-04-02 04:14:39 - INFO - epoch:1/25 iteration:0/193 batch loss is :0.9902
2025-04-02 04:14:47 - INFO - epoch:1/25 iteration:5/193 batch loss is :2.0167
2025-04-02 04:14:55 - INFO - epoch:1/25 iteration:10/193 batch loss is :1.7906
2025-04-02 04:15:05 - INFO - epoch:1/25 iteration:15/193 batch loss is :1.7505
2025-04-02 04:15:17 - INFO - epoch:1/25 iteration:20/193 batch loss is :1.5975
2025-04-02 04:15:33 - INFO - epoch:1/25 iteration:25/193 batch loss is :1.5165
2025-04-02 04:15:39 - INFO - epoch:1/25 iteration:30/193 batch loss is :1.9545
2025-04-02 04:15:46 - INFO - epoch:1/25 iteration:35/193 batch loss is :1.6793
2025-04-02 04:15:55 - INFO - epoch:1/25 iteration:40/193 batch loss is :1.8296
2025-04-02 04:16:08 - INFO - epoch:1/25 iteration:45/193 batch loss is :1.9919
2025-04-02 04:16:15 - INFO - epoch:1/25 iteration:50/193 batch loss is :1.6569
2025-04-02 04:16:21 - INFO - epoch:1/25 iteration:55/193 batch loss is :1.3885
2025-04-02 04:16:30 - INFO - epoch:1/25 iteration:60/193 batch loss is :1.6544
2025-04-02 04:16:45 - INFO - epoch:1/25 iteration:65/193 batch loss is :1.0145
2025-04-02 04:16:52 - INFO - epoch:1/25 iteration:70/193 batch loss is :1.4465
2025-04-02 04:17:04 - INFO - epoch:1/25 iteration:75/193 batch loss is :1.3417
2025-04-02 04:17:11 - INFO - epoch:1/25 iteration:80/193 batch loss is :1.8420
2025-04-02 04:17:22 - INFO - epoch:1/25 iteration:85/193 batch loss is :1.5196
2025-04-02 04:17:31 - INFO - epoch:1/25 iteration:90/193 batch loss is :3.4072
2025-04-02 04:17:37 - INFO - epoch:1/25 iteration:95/193 batch loss is :1.1863
2025-04-02 04:17:52 - INFO - epoch:1/25 iteration:100/193 batch loss is :1.6124
2025-04-02 04:18:00 - INFO - epoch:1/25 iteration:105/193 batch loss is :1.6628
2025-04-02 04:18:06 - INFO - epoch:1/25 iteration:110/193 batch loss is :1.3226
2025-04-02 04:18:16 - INFO - epoch:1/25 iteration:115/193 batch loss is :1.1188
2025-04-02 04:18:23 - INFO - epoch:1/25 iteration:120/193 batch loss is :1.9490
2025-04-02 04:18:36 - INFO - epoch:1/25 iteration:125/193 batch loss is :1.9316
2025-04-02 04:18:45 - INFO - epoch:1/25 iteration:130/193 batch loss is :1.5040
2025-04-02 04:18:56 - INFO - epoch:1/25 iteration:135/193 batch loss is :1.3532
2025-04-02 04:19:03 - INFO - epoch:1/25 iteration:140/193 batch loss is :1.7703
2025-04-02 04:19:13 - INFO - epoch:1/25 iteration:145/193 batch loss is :1.5760
2025-04-02 04:19:27 - INFO - epoch:1/25 iteration:150/193 batch loss is :1.8035
2025-04-02 04:19:33 - INFO - epoch:1/25 iteration:155/193 batch loss is :1.1812
2025-04-02 04:19:39 - INFO - epoch:1/25 iteration:160/193 batch loss is :1.6156
2025-04-02 04:19:48 - INFO - epoch:1/25 iteration:165/193 batch loss is :1.4382
2025-04-02 04:20:02 - INFO - epoch:1/25 iteration:170/193 batch loss is :1.4395
2025-04-02 04:20:10 - INFO - epoch:1/25 iteration:175/193 batch loss is :1.5032
2025-04-02 04:20:17 - INFO - epoch:1/25 iteration:180/193 batch loss is :1.8451
2025-04-02 04:20:26 - INFO - epoch:1/25 iteration:185/193 batch loss is :2.0125
2025-04-02 04:20:37 - INFO - epoch:1/25 iteration:190/193 batch loss is :1.6278
2025-04-02 04:20:38 - INFO - Epoch:1/25 Loss is :1.6058
2025-04-02 04:21:09 - INFO - epoch:2/25 iteration:0/193 batch loss is :1.4186
2025-04-02 04:21:14 - INFO - epoch:2/25 iteration:5/193 batch loss is :1.5087
2025-04-02 04:21:20 - INFO - epoch:2/25 iteration:10/193 batch loss is :1.3854
2025-04-02 04:21:25 - INFO - epoch:2/25 iteration:15/193 batch loss is :1.8350
2025-04-02 04:21:34 - INFO - epoch:2/25 iteration:20/193 batch loss is :1.8960
2025-04-02 04:21:39 - INFO - epoch:2/25 iteration:25/193 batch loss is :1.9067
2025-04-02 04:21:45 - INFO - epoch:2/25 iteration:30/193 batch loss is :1.2014
2025-04-02 04:21:51 - INFO - epoch:2/25 iteration:35/193 batch loss is :1.4703
2025-04-02 04:21:59 - INFO - epoch:2/25 iteration:40/193 batch loss is :1.7816
2025-04-02 04:22:05 - INFO - epoch:2/25 iteration:45/193 batch loss is :1.7528
2025-04-02 04:22:14 - INFO - epoch:2/25 iteration:50/193 batch loss is :1.4804
2025-04-02 04:22:24 - INFO - epoch:2/25 iteration:55/193 batch loss is :1.3647
2025-04-02 04:22:40 - INFO - epoch:2/25 iteration:60/193 batch loss is :1.4445
2025-04-02 04:22:50 - INFO - epoch:2/25 iteration:65/193 batch loss is :1.3412
2025-04-02 04:23:02 - INFO - epoch:2/25 iteration:70/193 batch loss is :2.2803
2025-04-02 04:23:15 - INFO - epoch:2/25 iteration:75/193 batch loss is :1.2450
2025-04-02 04:23:27 - INFO - epoch:2/25 iteration:80/193 batch loss is :1.4221
2025-04-02 04:23:37 - INFO - epoch:2/25 iteration:85/193 batch loss is :1.9595
2025-04-02 04:23:51 - INFO - epoch:2/25 iteration:90/193 batch loss is :1.1360
2025-04-02 04:24:05 - INFO - epoch:2/25 iteration:95/193 batch loss is :1.5655
2025-04-02 04:24:17 - INFO - epoch:2/25 iteration:100/193 batch loss is :1.2432
2025-04-02 04:24:29 - INFO - epoch:2/25 iteration:105/193 batch loss is :1.4108
2025-04-02 04:24:40 - INFO - epoch:2/25 iteration:110/193 batch loss is :1.7201
2025-04-02 04:24:55 - INFO - epoch:2/25 iteration:115/193 batch loss is :1.3756
2025-04-02 04:25:05 - INFO - epoch:2/25 iteration:120/193 batch loss is :1.3940
2025-04-02 04:25:19 - INFO - epoch:2/25 iteration:125/193 batch loss is :3.0308
2025-04-02 04:25:35 - INFO - epoch:2/25 iteration:130/193 batch loss is :1.6340
2025-04-02 04:25:45 - INFO - epoch:2/25 iteration:135/193 batch loss is :1.7100
2025-04-02 04:25:56 - INFO - epoch:2/25 iteration:140/193 batch loss is :2.1039
2025-04-02 04:26:09 - INFO - epoch:2/25 iteration:145/193 batch loss is :1.6109
2025-04-02 04:26:24 - INFO - epoch:2/25 iteration:150/193 batch loss is :1.5122
2025-04-02 04:26:37 - INFO - epoch:2/25 iteration:155/193 batch loss is :1.5116
2025-04-02 04:26:47 - INFO - epoch:2/25 iteration:160/193 batch loss is :2.0521
2025-04-02 04:26:58 - INFO - epoch:2/25 iteration:165/193 batch loss is :1.2834
2025-04-02 04:27:17 - INFO - epoch:2/25 iteration:170/193 batch loss is :1.4994
2025-04-02 04:27:28 - INFO - epoch:2/25 iteration:175/193 batch loss is :1.4807
2025-04-02 04:27:38 - INFO - epoch:2/25 iteration:180/193 batch loss is :1.4352
2025-04-02 04:27:48 - INFO - epoch:2/25 iteration:185/193 batch loss is :1.3290
2025-04-02 04:28:04 - INFO - epoch:2/25 iteration:190/193 batch loss is :1.4080
2025-04-02 04:28:06 - INFO - Epoch:2/25 Loss is :1.6009
2025-04-02 04:28:48 - INFO - epoch:3/25 iteration:0/193 batch loss is :1.3100
2025-04-02 04:28:58 - INFO - epoch:3/25 iteration:5/193 batch loss is :2.4131
2025-04-02 04:29:06 - INFO - epoch:3/25 iteration:10/193 batch loss is :1.7422
2025-04-02 04:29:15 - INFO - epoch:3/25 iteration:15/193 batch loss is :1.8906
2025-04-02 04:29:29 - INFO - epoch:3/25 iteration:20/193 batch loss is :1.5198
2025-04-02 04:29:37 - INFO - epoch:3/25 iteration:25/193 batch loss is :1.6959
2025-04-02 04:29:46 - INFO - epoch:3/25 iteration:30/193 batch loss is :1.4568
2025-04-02 04:29:59 - INFO - epoch:3/25 iteration:35/193 batch loss is :1.4448
2025-04-02 04:30:10 - INFO - epoch:3/25 iteration:40/193 batch loss is :2.0310
2025-04-02 04:30:22 - INFO - epoch:3/25 iteration:45/193 batch loss is :1.2253
2025-04-02 04:30:28 - INFO - epoch:3/25 iteration:50/193 batch loss is :1.3294
2025-04-02 04:30:35 - INFO - epoch:3/25 iteration:55/193 batch loss is :1.5722
2025-04-02 04:30:49 - INFO - epoch:3/25 iteration:60/193 batch loss is :1.3312
2025-04-02 04:30:59 - INFO - epoch:3/25 iteration:65/193 batch loss is :1.5480
2025-04-02 04:31:09 - INFO - epoch:3/25 iteration:70/193 batch loss is :1.5249
2025-04-02 04:31:17 - INFO - epoch:3/25 iteration:75/193 batch loss is :1.4160
2025-04-02 04:31:25 - INFO - epoch:3/25 iteration:80/193 batch loss is :1.4969
2025-04-02 04:31:35 - INFO - epoch:3/25 iteration:85/193 batch loss is :2.6228
2025-04-02 04:31:46 - INFO - epoch:3/25 iteration:90/193 batch loss is :1.5948
2025-04-02 04:31:54 - INFO - epoch:3/25 iteration:95/193 batch loss is :1.4535
2025-04-02 04:32:05 - INFO - epoch:3/25 iteration:100/193 batch loss is :1.5685
2025-04-02 04:32:20 - INFO - epoch:3/25 iteration:105/193 batch loss is :1.5200
2025-04-02 04:32:26 - INFO - epoch:3/25 iteration:110/193 batch loss is :1.4800
2025-04-02 04:32:32 - INFO - epoch:3/25 iteration:115/193 batch loss is :1.2153
2025-04-02 04:32:41 - INFO - epoch:3/25 iteration:120/193 batch loss is :2.4363
2025-04-02 04:32:56 - INFO - epoch:3/25 iteration:125/193 batch loss is :1.2567
2025-04-02 04:33:03 - INFO - epoch:3/25 iteration:130/193 batch loss is :1.5124
2025-04-02 04:33:13 - INFO - epoch:3/25 iteration:135/193 batch loss is :1.6011
2025-04-02 04:33:22 - INFO - epoch:3/25 iteration:140/193 batch loss is :1.7380
2025-04-02 04:33:35 - INFO - epoch:3/25 iteration:145/193 batch loss is :1.3400
2025-04-02 04:33:42 - INFO - epoch:3/25 iteration:150/193 batch loss is :1.5532
2025-04-02 04:33:51 - INFO - epoch:3/25 iteration:155/193 batch loss is :3.5632
2025-04-02 04:33:59 - INFO - epoch:3/25 iteration:160/193 batch loss is :1.3695
2025-04-02 04:34:09 - INFO - epoch:3/25 iteration:165/193 batch loss is :1.4057
2025-04-02 04:34:19 - INFO - epoch:3/25 iteration:170/193 batch loss is :1.5277
2025-04-02 04:34:28 - INFO - epoch:3/25 iteration:175/193 batch loss is :1.4274
2025-04-02 04:34:40 - INFO - epoch:3/25 iteration:180/193 batch loss is :1.5728
2025-04-02 04:34:49 - INFO - epoch:3/25 iteration:185/193 batch loss is :1.7039
2025-04-02 04:34:58 - INFO - epoch:3/25 iteration:190/193 batch loss is :1.2617
2025-04-02 04:35:03 - INFO - Epoch:3/25 Loss is :1.5586
2025-04-02 04:35:32 - INFO - epoch:4/25 iteration:0/193 batch loss is :1.2932
2025-04-02 04:35:38 - INFO - epoch:4/25 iteration:5/193 batch loss is :1.7531
2025-04-02 04:35:43 - INFO - epoch:4/25 iteration:10/193 batch loss is :1.3021
2025-04-02 04:35:48 - INFO - epoch:4/25 iteration:15/193 batch loss is :1.5095
2025-04-02 04:35:56 - INFO - epoch:4/25 iteration:20/193 batch loss is :2.2699
2025-04-02 04:36:01 - INFO - epoch:4/25 iteration:25/193 batch loss is :1.5509
2025-04-02 04:36:06 - INFO - epoch:4/25 iteration:30/193 batch loss is :1.3027
2025-04-02 04:36:12 - INFO - epoch:4/25 iteration:35/193 batch loss is :1.7274
2025-04-02 04:36:20 - INFO - epoch:4/25 iteration:40/193 batch loss is :1.7479
2025-04-02 04:36:25 - INFO - epoch:4/25 iteration:45/193 batch loss is :1.5006
2025-04-02 04:36:30 - INFO - epoch:4/25 iteration:50/193 batch loss is :1.9323
2025-04-02 04:36:36 - INFO - epoch:4/25 iteration:55/193 batch loss is :1.3410
2025-04-02 04:36:44 - INFO - epoch:4/25 iteration:60/193 batch loss is :0.9486
2025-04-02 04:36:49 - INFO - epoch:4/25 iteration:65/193 batch loss is :0.9169
2025-04-02 04:36:55 - INFO - epoch:4/25 iteration:70/193 batch loss is :1.4636
2025-04-02 04:37:00 - INFO - epoch:4/25 iteration:75/193 batch loss is :1.7476
2025-04-02 04:37:08 - INFO - epoch:4/25 iteration:80/193 batch loss is :1.5526
2025-04-02 04:37:17 - INFO - epoch:4/25 iteration:85/193 batch loss is :1.5783
2025-04-02 04:37:29 - INFO - epoch:4/25 iteration:90/193 batch loss is :1.2659
2025-04-02 04:37:39 - INFO - epoch:4/25 iteration:95/193 batch loss is :2.1623
2025-04-02 04:37:53 - INFO - epoch:4/25 iteration:100/193 batch loss is :1.6707
2025-04-02 04:38:08 - INFO - epoch:4/25 iteration:105/193 batch loss is :1.1819
2025-04-02 04:38:19 - INFO - epoch:4/25 iteration:110/193 batch loss is :1.4545
2025-04-02 04:38:29 - INFO - epoch:4/25 iteration:115/193 batch loss is :1.5281
2025-04-02 04:38:43 - INFO - epoch:4/25 iteration:120/193 batch loss is :1.5329
2025-04-02 04:38:59 - INFO - epoch:4/25 iteration:125/193 batch loss is :1.3581
2025-04-02 04:39:09 - INFO - epoch:4/25 iteration:130/193 batch loss is :1.6697
2025-04-02 04:39:19 - INFO - epoch:4/25 iteration:135/193 batch loss is :1.5691
2025-04-02 04:39:31 - INFO - epoch:4/25 iteration:140/193 batch loss is :1.6597
2025-04-02 04:39:48 - INFO - epoch:4/25 iteration:145/193 batch loss is :1.5641
2025-04-02 04:39:59 - INFO - epoch:4/25 iteration:150/193 batch loss is :1.6100
2025-04-02 04:40:10 - INFO - epoch:4/25 iteration:155/193 batch loss is :1.8930
2025-04-02 04:40:21 - INFO - epoch:4/25 iteration:160/193 batch loss is :2.0034
2025-04-02 04:40:39 - INFO - epoch:4/25 iteration:165/193 batch loss is :1.4906
2025-04-02 04:40:48 - INFO - epoch:4/25 iteration:170/193 batch loss is :1.6246
2025-04-02 04:40:58 - INFO - epoch:4/25 iteration:175/193 batch loss is :1.3738
2025-04-02 04:41:08 - INFO - epoch:4/25 iteration:180/193 batch loss is :1.3778
2025-04-02 04:41:26 - INFO - epoch:4/25 iteration:185/193 batch loss is :1.5403
2025-04-02 04:41:35 - INFO - epoch:4/25 iteration:190/193 batch loss is :1.2429
2025-04-02 04:41:36 - INFO - Epoch:4/25 Loss is :1.5280
2025-04-02 04:42:18 - INFO - epoch:5/25 iteration:0/193 batch loss is :1.0181
2025-04-02 04:42:29 - INFO - epoch:5/25 iteration:5/193 batch loss is :2.5226
2025-04-02 04:42:39 - INFO - epoch:5/25 iteration:10/193 batch loss is :1.3952
2025-04-02 04:42:46 - INFO - epoch:5/25 iteration:15/193 batch loss is :1.4106
2025-04-02 04:43:00 - INFO - epoch:5/25 iteration:20/193 batch loss is :1.1937
2025-04-02 04:43:06 - INFO - epoch:5/25 iteration:25/193 batch loss is :1.9531
2025-04-02 04:43:14 - INFO - epoch:5/25 iteration:30/193 batch loss is :1.3903
2025-04-02 04:43:22 - INFO - epoch:5/25 iteration:35/193 batch loss is :1.6789
2025-04-02 04:43:33 - INFO - epoch:5/25 iteration:40/193 batch loss is :1.3415
2025-04-02 04:43:40 - INFO - epoch:5/25 iteration:45/193 batch loss is :1.2972
2025-04-02 04:43:48 - INFO - epoch:5/25 iteration:50/193 batch loss is :1.5032
2025-04-02 04:43:57 - INFO - epoch:5/25 iteration:55/193 batch loss is :1.3068
2025-04-02 04:44:07 - INFO - epoch:5/25 iteration:60/193 batch loss is :1.2324
2025-04-02 04:44:15 - INFO - epoch:5/25 iteration:65/193 batch loss is :1.5270
2025-04-02 04:44:24 - INFO - epoch:5/25 iteration:70/193 batch loss is :1.5604
2025-04-02 04:44:31 - INFO - epoch:5/25 iteration:75/193 batch loss is :1.7659
2025-04-02 04:44:47 - INFO - epoch:5/25 iteration:80/193 batch loss is :0.9310
2025-04-02 04:44:54 - INFO - epoch:5/25 iteration:85/193 batch loss is :1.7612
2025-04-02 04:45:03 - INFO - epoch:5/25 iteration:90/193 batch loss is :1.2386
2025-04-02 04:45:09 - INFO - epoch:5/25 iteration:95/193 batch loss is :1.7242
2025-04-02 04:45:22 - INFO - epoch:5/25 iteration:100/193 batch loss is :1.2318
2025-04-02 04:45:31 - INFO - epoch:5/25 iteration:105/193 batch loss is :1.4730
2025-04-02 04:45:37 - INFO - epoch:5/25 iteration:110/193 batch loss is :1.3376
2025-04-02 04:45:44 - INFO - epoch:5/25 iteration:115/193 batch loss is :1.1558
2025-04-02 04:46:00 - INFO - epoch:5/25 iteration:120/193 batch loss is :1.2393
2025-04-02 04:46:07 - INFO - epoch:5/25 iteration:125/193 batch loss is :1.5132
2025-04-02 04:46:16 - INFO - epoch:5/25 iteration:130/193 batch loss is :1.2224
2025-04-02 04:46:25 - INFO - epoch:5/25 iteration:135/193 batch loss is :1.0693
2025-04-02 04:46:37 - INFO - epoch:5/25 iteration:140/193 batch loss is :1.2811
2025-04-02 04:46:44 - INFO - epoch:5/25 iteration:145/193 batch loss is :1.3513
2025-04-02 04:46:52 - INFO - epoch:5/25 iteration:150/193 batch loss is :1.6450
2025-04-02 04:47:00 - INFO - epoch:5/25 iteration:155/193 batch loss is :1.3118
2025-04-02 04:47:10 - INFO - epoch:5/25 iteration:160/193 batch loss is :2.3079
2025-04-02 04:47:18 - INFO - epoch:5/25 iteration:165/193 batch loss is :1.2296
2025-04-02 04:47:27 - INFO - epoch:5/25 iteration:170/193 batch loss is :1.8450
2025-04-02 04:47:37 - INFO - epoch:5/25 iteration:175/193 batch loss is :1.3492
2025-04-02 04:47:49 - INFO - epoch:5/25 iteration:180/193 batch loss is :1.7468
2025-04-02 04:47:55 - INFO - epoch:5/25 iteration:185/193 batch loss is :1.3303
2025-04-02 04:48:08 - INFO - epoch:5/25 iteration:190/193 batch loss is :1.4681
2025-04-02 04:48:10 - INFO - Epoch:5/25 Loss is :1.5436
2025-04-02 04:50:40 - INFO - val accuarcy is : 0.2438
2025-04-02 04:50:40 - INFO - VAL loss :2.4218
2025-04-02 04:51:11 - INFO - epoch:6/25 iteration:0/193 batch loss is :1.4661
2025-04-02 04:51:16 - INFO - epoch:6/25 iteration:5/193 batch loss is :1.1523
2025-04-02 04:51:22 - INFO - epoch:6/25 iteration:10/193 batch loss is :2.0547
2025-04-02 04:51:27 - INFO - epoch:6/25 iteration:15/193 batch loss is :1.0402
2025-04-02 04:51:35 - INFO - epoch:6/25 iteration:20/193 batch loss is :1.4099
2025-04-02 04:51:41 - INFO - epoch:6/25 iteration:25/193 batch loss is :1.4619
2025-04-02 04:51:46 - INFO - epoch:6/25 iteration:30/193 batch loss is :1.1762
2025-04-02 04:51:52 - INFO - epoch:6/25 iteration:35/193 batch loss is :1.7245
2025-04-02 04:52:00 - INFO - epoch:6/25 iteration:40/193 batch loss is :1.6863
2025-04-02 04:52:06 - INFO - epoch:6/25 iteration:45/193 batch loss is :1.7549
2025-04-02 04:52:11 - INFO - epoch:6/25 iteration:50/193 batch loss is :1.2908
2025-04-02 04:52:17 - INFO - epoch:6/25 iteration:55/193 batch loss is :1.2750
2025-04-02 04:52:34 - INFO - epoch:6/25 iteration:60/193 batch loss is :1.3898
2025-04-02 04:52:45 - INFO - epoch:6/25 iteration:65/193 batch loss is :1.3151
2025-04-02 04:52:55 - INFO - epoch:6/25 iteration:70/193 batch loss is :1.5334
2025-04-02 04:53:05 - INFO - epoch:6/25 iteration:75/193 batch loss is :1.7289
2025-04-02 04:53:23 - INFO - epoch:6/25 iteration:80/193 batch loss is :1.2994
2025-04-02 04:53:36 - INFO - epoch:6/25 iteration:85/193 batch loss is :1.0604
2025-04-02 04:53:47 - INFO - epoch:6/25 iteration:90/193 batch loss is :2.5309
2025-04-02 04:53:57 - INFO - epoch:6/25 iteration:95/193 batch loss is :1.2718
2025-04-02 04:54:15 - INFO - epoch:6/25 iteration:100/193 batch loss is :0.9688
2025-04-02 04:54:26 - INFO - epoch:6/25 iteration:105/193 batch loss is :1.1264
2025-04-02 04:54:35 - INFO - epoch:6/25 iteration:110/193 batch loss is :1.1626
2025-04-02 04:54:46 - INFO - epoch:6/25 iteration:115/193 batch loss is :0.9175
2025-04-02 04:55:04 - INFO - epoch:6/25 iteration:120/193 batch loss is :0.8718
2025-04-02 04:55:15 - INFO - epoch:6/25 iteration:125/193 batch loss is :1.2118
2025-04-02 04:55:26 - INFO - epoch:6/25 iteration:130/193 batch loss is :1.3754
2025-04-02 04:55:37 - INFO - epoch:6/25 iteration:135/193 batch loss is :1.2320
2025-04-02 04:55:54 - INFO - epoch:6/25 iteration:140/193 batch loss is :1.5775
2025-04-02 04:56:06 - INFO - epoch:6/25 iteration:145/193 batch loss is :1.4281
2025-04-02 04:56:17 - INFO - epoch:6/25 iteration:150/193 batch loss is :1.5950
2025-04-02 04:56:28 - INFO - epoch:6/25 iteration:155/193 batch loss is :1.5937
2025-04-02 04:56:42 - INFO - epoch:6/25 iteration:160/193 batch loss is :1.2277
2025-04-02 04:56:54 - INFO - epoch:6/25 iteration:165/193 batch loss is :2.1452
2025-04-02 04:57:04 - INFO - epoch:6/25 iteration:170/193 batch loss is :1.4020
2025-04-02 04:57:14 - INFO - epoch:6/25 iteration:175/193 batch loss is :1.2823
2025-04-02 04:57:30 - INFO - epoch:6/25 iteration:180/193 batch loss is :2.1157
2025-04-02 04:57:43 - INFO - epoch:6/25 iteration:185/193 batch loss is :1.3988
2025-04-02 04:57:52 - INFO - epoch:6/25 iteration:190/193 batch loss is :1.2807
2025-04-02 04:57:56 - INFO - Epoch:6/25 Loss is :1.4792
2025-04-02 04:58:36 - INFO - epoch:7/25 iteration:0/193 batch loss is :1.4091
2025-04-02 04:58:43 - INFO - epoch:7/25 iteration:5/193 batch loss is :1.2852
2025-04-02 04:58:52 - INFO - epoch:7/25 iteration:10/193 batch loss is :1.1855
2025-04-02 04:59:02 - INFO - epoch:7/25 iteration:15/193 batch loss is :1.7820
2025-04-02 04:59:10 - INFO - epoch:7/25 iteration:20/193 batch loss is :1.3659
2025-04-02 04:59:16 - INFO - epoch:7/25 iteration:25/193 batch loss is :1.6679
2025-04-02 04:59:22 - INFO - epoch:7/25 iteration:30/193 batch loss is :1.8356
2025-04-02 04:59:31 - INFO - epoch:7/25 iteration:35/193 batch loss is :1.3876
2025-04-02 04:59:38 - INFO - epoch:7/25 iteration:40/193 batch loss is :1.2141
2025-04-02 04:59:47 - INFO - epoch:7/25 iteration:45/193 batch loss is :1.0248
2025-04-02 04:59:58 - INFO - epoch:7/25 iteration:50/193 batch loss is :1.3227
2025-04-02 05:00:08 - INFO - epoch:7/25 iteration:55/193 batch loss is :1.6949
2025-04-02 05:00:13 - INFO - epoch:7/25 iteration:60/193 batch loss is :0.9755
2025-04-02 05:00:18 - INFO - epoch:7/25 iteration:65/193 batch loss is :0.8948
2025-04-02 05:00:31 - INFO - epoch:7/25 iteration:70/193 batch loss is :2.3023
2025-04-02 05:00:38 - INFO - epoch:7/25 iteration:75/193 batch loss is :0.8266
2025-04-02 05:00:45 - INFO - epoch:7/25 iteration:80/193 batch loss is :1.3180
2025-04-02 05:00:51 - INFO - epoch:7/25 iteration:85/193 batch loss is :1.4581
2025-04-02 05:01:05 - INFO - epoch:7/25 iteration:90/193 batch loss is :1.9789
2025-04-02 05:01:11 - INFO - epoch:7/25 iteration:95/193 batch loss is :0.8513
2025-04-02 05:01:18 - INFO - epoch:7/25 iteration:100/193 batch loss is :1.5487
2025-04-02 05:01:24 - INFO - epoch:7/25 iteration:105/193 batch loss is :1.2577
2025-04-02 05:01:38 - INFO - epoch:7/25 iteration:110/193 batch loss is :1.7990
2025-04-02 05:01:44 - INFO - epoch:7/25 iteration:115/193 batch loss is :0.8764
2025-04-02 05:01:50 - INFO - epoch:7/25 iteration:120/193 batch loss is :3.1337
2025-04-02 05:01:57 - INFO - epoch:7/25 iteration:125/193 batch loss is :1.2837
2025-04-02 05:02:06 - INFO - epoch:7/25 iteration:130/193 batch loss is :2.2657
2025-04-02 05:02:14 - INFO - epoch:7/25 iteration:135/193 batch loss is :1.5405
2025-04-02 05:02:21 - INFO - epoch:7/25 iteration:140/193 batch loss is :1.7111
2025-04-02 05:02:31 - INFO - epoch:7/25 iteration:145/193 batch loss is :1.8005
2025-04-02 05:02:40 - INFO - epoch:7/25 iteration:150/193 batch loss is :1.5381
2025-04-02 05:02:52 - INFO - epoch:7/25 iteration:155/193 batch loss is :1.3434
2025-04-02 05:03:02 - INFO - epoch:7/25 iteration:160/193 batch loss is :1.2941
2025-04-02 05:03:09 - INFO - epoch:7/25 iteration:165/193 batch loss is :0.9125
2025-04-02 05:03:17 - INFO - epoch:7/25 iteration:170/193 batch loss is :1.3624
2025-04-02 05:03:29 - INFO - epoch:7/25 iteration:175/193 batch loss is :1.4121
2025-04-02 05:03:39 - INFO - epoch:7/25 iteration:180/193 batch loss is :1.2461
2025-04-02 05:03:46 - INFO - epoch:7/25 iteration:185/193 batch loss is :1.2641
2025-04-02 05:03:50 - INFO - epoch:7/25 iteration:190/193 batch loss is :0.8798
2025-04-02 05:03:56 - INFO - Epoch:7/25 Loss is :1.4344
2025-04-02 05:04:26 - INFO - epoch:8/25 iteration:0/193 batch loss is :0.7735
2025-04-02 05:04:32 - INFO - epoch:8/25 iteration:5/193 batch loss is :2.0883
2025-04-02 05:04:37 - INFO - epoch:8/25 iteration:10/193 batch loss is :1.3019
2025-04-02 05:04:43 - INFO - epoch:8/25 iteration:15/193 batch loss is :2.0880
2025-04-02 05:04:51 - INFO - epoch:8/25 iteration:20/193 batch loss is :1.5183
2025-04-02 05:04:56 - INFO - epoch:8/25 iteration:25/193 batch loss is :1.5605
2025-04-02 05:05:02 - INFO - epoch:8/25 iteration:30/193 batch loss is :1.6191
2025-04-02 05:05:08 - INFO - epoch:8/25 iteration:35/193 batch loss is :1.8628
2025-04-02 05:05:16 - INFO - epoch:8/25 iteration:40/193 batch loss is :1.4878
2025-04-02 05:05:22 - INFO - epoch:8/25 iteration:45/193 batch loss is :1.7520
2025-04-02 05:05:27 - INFO - epoch:8/25 iteration:50/193 batch loss is :1.6340
2025-04-02 05:05:33 - INFO - epoch:8/25 iteration:55/193 batch loss is :1.1977
2025-04-02 05:05:41 - INFO - epoch:8/25 iteration:60/193 batch loss is :1.6259
2025-04-02 05:05:46 - INFO - epoch:8/25 iteration:65/193 batch loss is :1.2777
2025-04-02 05:05:52 - INFO - epoch:8/25 iteration:70/193 batch loss is :1.3925
2025-04-02 05:05:58 - INFO - epoch:8/25 iteration:75/193 batch loss is :1.2742
2025-04-02 05:06:06 - INFO - epoch:8/25 iteration:80/193 batch loss is :1.3626
2025-04-02 05:06:12 - INFO - epoch:8/25 iteration:85/193 batch loss is :1.9485
2025-04-02 05:06:18 - INFO - epoch:8/25 iteration:90/193 batch loss is :1.7030
2025-04-02 05:06:24 - INFO - epoch:8/25 iteration:95/193 batch loss is :1.1141
2025-04-02 05:06:32 - INFO - epoch:8/25 iteration:100/193 batch loss is :1.2742
2025-04-02 05:06:38 - INFO - epoch:8/25 iteration:105/193 batch loss is :1.5840
2025-04-02 05:06:43 - INFO - epoch:8/25 iteration:110/193 batch loss is :1.7048
2025-04-02 05:06:49 - INFO - epoch:8/25 iteration:115/193 batch loss is :1.3865
2025-04-02 05:06:57 - INFO - epoch:8/25 iteration:120/193 batch loss is :1.5989
2025-04-02 05:07:03 - INFO - epoch:8/25 iteration:125/193 batch loss is :1.6219
2025-04-02 05:07:09 - INFO - epoch:8/25 iteration:130/193 batch loss is :1.5593
2025-04-02 05:07:14 - INFO - epoch:8/25 iteration:135/193 batch loss is :1.8916
2025-04-02 05:07:24 - INFO - epoch:8/25 iteration:140/193 batch loss is :1.5930
2025-04-02 05:07:35 - INFO - epoch:8/25 iteration:145/193 batch loss is :1.3667
2025-04-02 05:07:46 - INFO - epoch:8/25 iteration:150/193 batch loss is :1.3423
2025-04-02 05:07:59 - INFO - epoch:8/25 iteration:155/193 batch loss is :1.2806
2025-04-02 05:08:13 - INFO - epoch:8/25 iteration:160/193 batch loss is :1.4711
2025-04-02 05:08:29 - INFO - epoch:8/25 iteration:165/193 batch loss is :2.8587
2025-04-02 05:08:39 - INFO - epoch:8/25 iteration:170/193 batch loss is :1.3047
2025-04-02 05:08:50 - INFO - epoch:8/25 iteration:175/193 batch loss is :2.5547
2025-04-02 05:09:01 - INFO - epoch:8/25 iteration:180/193 batch loss is :1.2201
2025-04-02 05:09:18 - INFO - epoch:8/25 iteration:185/193 batch loss is :1.4506
2025-04-02 05:09:28 - INFO - epoch:8/25 iteration:190/193 batch loss is :1.8497
2025-04-02 05:09:30 - INFO - Epoch:8/25 Loss is :1.5475
2025-04-02 05:10:12 - INFO - epoch:9/25 iteration:0/193 batch loss is :1.3849
2025-04-02 05:10:24 - INFO - epoch:9/25 iteration:5/193 batch loss is :1.5236
2025-04-02 05:10:33 - INFO - epoch:9/25 iteration:10/193 batch loss is :2.4872
2025-04-02 05:10:43 - INFO - epoch:9/25 iteration:15/193 batch loss is :1.1739
2025-04-02 05:10:58 - INFO - epoch:9/25 iteration:20/193 batch loss is :1.4864
2025-04-02 05:11:08 - INFO - epoch:9/25 iteration:25/193 batch loss is :1.4405
2025-04-02 05:11:16 - INFO - epoch:9/25 iteration:30/193 batch loss is :1.1691
2025-04-02 05:11:25 - INFO - epoch:9/25 iteration:35/193 batch loss is :1.3588
2025-04-02 05:11:43 - INFO - epoch:9/25 iteration:40/193 batch loss is :1.9018
2025-04-02 05:11:49 - INFO - epoch:9/25 iteration:45/193 batch loss is :1.0323
2025-04-02 05:11:58 - INFO - epoch:9/25 iteration:50/193 batch loss is :0.9883
2025-04-02 05:12:10 - INFO - epoch:9/25 iteration:55/193 batch loss is :1.4773
2025-04-02 05:12:20 - INFO - epoch:9/25 iteration:60/193 batch loss is :2.5052
2025-04-02 05:12:34 - INFO - epoch:9/25 iteration:65/193 batch loss is :0.9843
2025-04-02 05:12:44 - INFO - epoch:9/25 iteration:70/193 batch loss is :1.3360
2025-04-02 05:12:56 - INFO - epoch:9/25 iteration:75/193 batch loss is :1.4690
2025-04-02 05:13:05 - INFO - epoch:9/25 iteration:80/193 batch loss is :1.6076
2025-04-02 05:13:16 - INFO - epoch:9/25 iteration:85/193 batch loss is :1.4150
2025-04-02 05:13:25 - INFO - epoch:9/25 iteration:90/193 batch loss is :1.7211
2025-04-02 05:13:43 - INFO - epoch:9/25 iteration:95/193 batch loss is :1.5165
2025-04-02 05:13:53 - INFO - epoch:9/25 iteration:100/193 batch loss is :1.6738
2025-04-02 05:14:05 - INFO - epoch:9/25 iteration:105/193 batch loss is :1.5098
2025-04-02 05:14:12 - INFO - epoch:9/25 iteration:110/193 batch loss is :1.2439
2025-04-02 05:14:28 - INFO - epoch:9/25 iteration:115/193 batch loss is :1.2446
2025-04-02 05:14:38 - INFO - epoch:9/25 iteration:120/193 batch loss is :1.1038
2025-04-02 05:14:46 - INFO - epoch:9/25 iteration:125/193 batch loss is :1.5064
2025-04-02 05:14:57 - INFO - epoch:9/25 iteration:130/193 batch loss is :1.4869
2025-04-02 05:15:15 - INFO - epoch:9/25 iteration:135/193 batch loss is :2.6494
2025-04-02 05:15:25 - INFO - epoch:9/25 iteration:140/193 batch loss is :1.1252
2025-04-02 05:15:33 - INFO - epoch:9/25 iteration:145/193 batch loss is :1.4485
2025-04-02 05:15:43 - INFO - epoch:9/25 iteration:150/193 batch loss is :1.2316
2025-04-02 05:15:55 - INFO - epoch:9/25 iteration:155/193 batch loss is :1.4333
2025-04-02 05:16:02 - INFO - epoch:9/25 iteration:160/193 batch loss is :1.0676
2025-04-02 05:16:13 - INFO - epoch:9/25 iteration:165/193 batch loss is :1.2189
2025-04-02 05:16:25 - INFO - epoch:9/25 iteration:170/193 batch loss is :1.2313
2025-04-02 05:16:34 - INFO - epoch:9/25 iteration:175/193 batch loss is :1.6792
2025-04-02 05:16:44 - INFO - epoch:9/25 iteration:180/193 batch loss is :0.9572
2025-04-02 05:17:02 - INFO - epoch:9/25 iteration:185/193 batch loss is :1.4018
2025-04-02 05:17:11 - INFO - epoch:9/25 iteration:190/193 batch loss is :1.3516
2025-04-02 05:17:13 - INFO - Epoch:9/25 Loss is :1.4754
2025-04-02 05:17:43 - INFO - epoch:10/25 iteration:0/193 batch loss is :1.9072
2025-04-02 05:17:48 - INFO - epoch:10/25 iteration:5/193 batch loss is :1.9019
2025-04-02 05:17:54 - INFO - epoch:10/25 iteration:10/193 batch loss is :1.3949
2025-04-02 05:17:59 - INFO - epoch:10/25 iteration:15/193 batch loss is :1.5508
2025-04-02 05:18:07 - INFO - epoch:10/25 iteration:20/193 batch loss is :1.2103
2025-04-02 05:18:13 - INFO - epoch:10/25 iteration:25/193 batch loss is :1.2777
2025-04-02 05:18:19 - INFO - epoch:10/25 iteration:30/193 batch loss is :1.4872
2025-04-02 05:18:24 - INFO - epoch:10/25 iteration:35/193 batch loss is :1.2170
2025-04-02 05:18:33 - INFO - epoch:10/25 iteration:40/193 batch loss is :1.3067
2025-04-02 05:18:38 - INFO - epoch:10/25 iteration:45/193 batch loss is :1.4425
2025-04-02 05:18:44 - INFO - epoch:10/25 iteration:50/193 batch loss is :1.9188
2025-04-02 05:18:50 - INFO - epoch:10/25 iteration:55/193 batch loss is :1.3370
2025-04-02 05:18:58 - INFO - epoch:10/25 iteration:60/193 batch loss is :1.3385
2025-04-02 05:19:03 - INFO - epoch:10/25 iteration:65/193 batch loss is :1.1202
2025-04-02 05:19:09 - INFO - epoch:10/25 iteration:70/193 batch loss is :1.3162
2025-04-02 05:19:15 - INFO - epoch:10/25 iteration:75/193 batch loss is :1.2947
2025-04-02 05:19:23 - INFO - epoch:10/25 iteration:80/193 batch loss is :1.2252
2025-04-02 05:19:29 - INFO - epoch:10/25 iteration:85/193 batch loss is :1.2928
2025-04-02 05:19:34 - INFO - epoch:10/25 iteration:90/193 batch loss is :0.9468
2025-04-02 05:19:40 - INFO - epoch:10/25 iteration:95/193 batch loss is :1.3647
2025-04-02 05:19:48 - INFO - epoch:10/25 iteration:100/193 batch loss is :1.4819
2025-04-02 05:19:53 - INFO - epoch:10/25 iteration:105/193 batch loss is :1.2141
2025-04-02 05:19:59 - INFO - epoch:10/25 iteration:110/193 batch loss is :1.3114
2025-04-02 05:20:04 - INFO - epoch:10/25 iteration:115/193 batch loss is :1.0792
2025-04-02 05:20:12 - INFO - epoch:10/25 iteration:120/193 batch loss is :1.6613
2025-04-02 05:20:18 - INFO - epoch:10/25 iteration:125/193 batch loss is :1.8031
2025-04-02 05:20:24 - INFO - epoch:10/25 iteration:130/193 batch loss is :1.1262
2025-04-02 05:20:29 - INFO - epoch:10/25 iteration:135/193 batch loss is :1.1738
2025-04-02 05:20:38 - INFO - epoch:10/25 iteration:140/193 batch loss is :1.6872
2025-04-02 05:20:44 - INFO - epoch:10/25 iteration:145/193 batch loss is :1.1692
2025-04-02 05:20:49 - INFO - epoch:10/25 iteration:150/193 batch loss is :1.1710
2025-04-02 05:20:55 - INFO - epoch:10/25 iteration:155/193 batch loss is :1.0291
2025-04-02 05:21:03 - INFO - epoch:10/25 iteration:160/193 batch loss is :0.9768
2025-04-02 05:21:09 - INFO - epoch:10/25 iteration:165/193 batch loss is :1.2609
2025-04-02 05:21:14 - INFO - epoch:10/25 iteration:170/193 batch loss is :1.1446
2025-04-02 05:21:20 - INFO - epoch:10/25 iteration:175/193 batch loss is :1.4494
2025-04-02 05:21:28 - INFO - epoch:10/25 iteration:180/193 batch loss is :1.1401
2025-04-02 05:21:34 - INFO - epoch:10/25 iteration:185/193 batch loss is :2.0121
2025-04-02 05:21:39 - INFO - epoch:10/25 iteration:190/193 batch loss is :1.5589
2025-04-02 05:21:41 - INFO - Epoch:10/25 Loss is :1.3428
2025-04-02 05:24:10 - INFO - val accuarcy is : 0.1763
2025-04-02 05:24:10 - INFO - VAL loss :4.0727
2025-04-02 05:24:54 - INFO - epoch:11/25 iteration:0/193 batch loss is :1.3583
2025-04-02 05:25:05 - INFO - epoch:11/25 iteration:5/193 batch loss is :1.0426
2025-04-02 05:25:14 - INFO - epoch:11/25 iteration:10/193 batch loss is :1.5795
2025-04-02 05:25:28 - INFO - epoch:11/25 iteration:15/193 batch loss is :1.1152
2025-04-02 05:25:42 - INFO - epoch:11/25 iteration:20/193 batch loss is :1.6689
2025-04-02 05:25:52 - INFO - epoch:11/25 iteration:25/193 batch loss is :1.0362
2025-04-02 05:26:04 - INFO - epoch:11/25 iteration:30/193 batch loss is :1.2676
2025-04-02 05:26:17 - INFO - epoch:11/25 iteration:35/193 batch loss is :1.2682
2025-04-02 05:26:33 - INFO - epoch:11/25 iteration:40/193 batch loss is :0.7243
2025-04-02 05:26:43 - INFO - epoch:11/25 iteration:45/193 batch loss is :1.4116
2025-04-02 05:26:53 - INFO - epoch:11/25 iteration:50/193 batch loss is :1.4802
2025-04-02 05:27:08 - INFO - epoch:11/25 iteration:55/193 batch loss is :2.1263
2025-04-02 05:27:22 - INFO - epoch:11/25 iteration:60/193 batch loss is :1.1227
2025-04-02 05:27:34 - INFO - epoch:11/25 iteration:65/193 batch loss is :1.1291
2025-04-02 05:27:45 - INFO - epoch:11/25 iteration:70/193 batch loss is :1.6900
2025-04-02 05:27:59 - INFO - epoch:11/25 iteration:75/193 batch loss is :1.9203
2025-04-02 05:28:13 - INFO - epoch:11/25 iteration:80/193 batch loss is :1.2572
2025-04-02 05:28:24 - INFO - epoch:11/25 iteration:85/193 batch loss is :0.8173
2025-04-02 05:28:35 - INFO - epoch:11/25 iteration:90/193 batch loss is :2.8781
2025-04-02 05:28:47 - INFO - epoch:11/25 iteration:95/193 batch loss is :1.9246
2025-04-02 05:29:03 - INFO - epoch:11/25 iteration:100/193 batch loss is :1.2932
2025-04-02 05:29:13 - INFO - epoch:11/25 iteration:105/193 batch loss is :0.9828
2025-04-02 05:29:24 - INFO - epoch:11/25 iteration:110/193 batch loss is :1.8630
2025-04-02 05:29:37 - INFO - epoch:11/25 iteration:115/193 batch loss is :0.5365
2025-04-02 05:29:54 - INFO - epoch:11/25 iteration:120/193 batch loss is :1.8254
2025-04-02 05:30:04 - INFO - epoch:11/25 iteration:125/193 batch loss is :1.3885
2025-04-02 05:30:16 - INFO - epoch:11/25 iteration:130/193 batch loss is :0.9556
2025-04-02 05:30:26 - INFO - epoch:11/25 iteration:135/193 batch loss is :1.8218
2025-04-02 05:30:44 - INFO - epoch:11/25 iteration:140/193 batch loss is :0.9426
2025-04-02 05:30:53 - INFO - epoch:11/25 iteration:145/193 batch loss is :1.3119
2025-04-02 05:31:03 - INFO - epoch:11/25 iteration:150/193 batch loss is :1.2644
2025-04-02 05:31:14 - INFO - epoch:11/25 iteration:155/193 batch loss is :1.1624
2025-04-02 05:31:32 - INFO - epoch:11/25 iteration:160/193 batch loss is :1.4953
2025-04-02 05:31:43 - INFO - epoch:11/25 iteration:165/193 batch loss is :1.2729
2025-04-02 05:31:54 - INFO - epoch:11/25 iteration:170/193 batch loss is :1.2907
2025-04-02 05:32:05 - INFO - epoch:11/25 iteration:175/193 batch loss is :1.2514
2025-04-02 05:32:22 - INFO - epoch:11/25 iteration:180/193 batch loss is :1.7480
2025-04-02 05:32:31 - INFO - epoch:11/25 iteration:185/193 batch loss is :2.0100
2025-04-02 05:32:40 - INFO - epoch:11/25 iteration:190/193 batch loss is :1.7399
2025-04-02 05:32:46 - INFO - Epoch:11/25 Loss is :1.3025
2025-04-02 05:33:17 - INFO - epoch:12/25 iteration:0/193 batch loss is :1.2686
2025-04-02 05:33:22 - INFO - epoch:12/25 iteration:5/193 batch loss is :1.7273
2025-04-02 05:33:28 - INFO - epoch:12/25 iteration:10/193 batch loss is :0.8370
2025-04-02 05:33:33 - INFO - epoch:12/25 iteration:15/193 batch loss is :1.6439
2025-04-02 05:33:41 - INFO - epoch:12/25 iteration:20/193 batch loss is :1.1945
2025-04-02 05:33:47 - INFO - epoch:12/25 iteration:25/193 batch loss is :0.9001
2025-04-02 05:33:52 - INFO - epoch:12/25 iteration:30/193 batch loss is :1.6551
2025-04-02 05:33:58 - INFO - epoch:12/25 iteration:35/193 batch loss is :1.3944
2025-04-02 05:34:06 - INFO - epoch:12/25 iteration:40/193 batch loss is :1.1250
2025-04-02 05:34:12 - INFO - epoch:12/25 iteration:45/193 batch loss is :1.4973
2025-04-02 05:34:18 - INFO - epoch:12/25 iteration:50/193 batch loss is :1.2013
2025-04-02 05:34:23 - INFO - epoch:12/25 iteration:55/193 batch loss is :0.8785
2025-04-02 05:34:31 - INFO - epoch:12/25 iteration:60/193 batch loss is :1.0968
2025-04-02 05:34:37 - INFO - epoch:12/25 iteration:65/193 batch loss is :1.7098
2025-04-02 05:34:42 - INFO - epoch:12/25 iteration:70/193 batch loss is :1.6706
2025-04-02 05:34:48 - INFO - epoch:12/25 iteration:75/193 batch loss is :1.3811
2025-04-02 05:34:56 - INFO - epoch:12/25 iteration:80/193 batch loss is :1.4032
2025-04-02 05:35:02 - INFO - epoch:12/25 iteration:85/193 batch loss is :1.3713
2025-04-02 05:35:07 - INFO - epoch:12/25 iteration:90/193 batch loss is :1.1861
2025-04-02 05:35:13 - INFO - epoch:12/25 iteration:95/193 batch loss is :1.9974
2025-04-02 05:35:21 - INFO - epoch:12/25 iteration:100/193 batch loss is :2.1762
2025-04-02 05:35:27 - INFO - epoch:12/25 iteration:105/193 batch loss is :1.3469
2025-04-02 05:35:33 - INFO - epoch:12/25 iteration:110/193 batch loss is :0.9185
2025-04-02 05:35:38 - INFO - epoch:12/25 iteration:115/193 batch loss is :1.0026
2025-04-02 05:35:47 - INFO - epoch:12/25 iteration:120/193 batch loss is :0.9032
2025-04-02 05:35:52 - INFO - epoch:12/25 iteration:125/193 batch loss is :0.9651
2025-04-02 05:35:58 - INFO - epoch:12/25 iteration:130/193 batch loss is :1.3826
2025-04-02 05:36:03 - INFO - epoch:12/25 iteration:135/193 batch loss is :0.8588
2025-04-02 05:36:11 - INFO - epoch:12/25 iteration:140/193 batch loss is :2.3533
2025-04-02 05:36:17 - INFO - epoch:12/25 iteration:145/193 batch loss is :1.2173
2025-04-02 05:36:22 - INFO - epoch:12/25 iteration:150/193 batch loss is :0.8442
2025-04-02 05:36:28 - INFO - epoch:12/25 iteration:155/193 batch loss is :1.5687
2025-04-02 05:36:36 - INFO - epoch:12/25 iteration:160/193 batch loss is :2.0544
2025-04-02 05:36:41 - INFO - epoch:12/25 iteration:165/193 batch loss is :1.8989
2025-04-02 05:36:46 - INFO - epoch:12/25 iteration:170/193 batch loss is :1.6469
2025-04-02 05:36:52 - INFO - epoch:12/25 iteration:175/193 batch loss is :1.2608
2025-04-02 05:37:00 - INFO - epoch:12/25 iteration:180/193 batch loss is :1.1605
2025-04-02 05:37:06 - INFO - epoch:12/25 iteration:185/193 batch loss is :1.6302
2025-04-02 05:37:11 - INFO - epoch:12/25 iteration:190/193 batch loss is :1.5794
2025-04-02 05:37:13 - INFO - Epoch:12/25 Loss is :1.2582
2025-04-02 05:37:58 - INFO - epoch:13/25 iteration:0/193 batch loss is :1.6391
2025-04-02 05:38:09 - INFO - epoch:13/25 iteration:5/193 batch loss is :1.1030
2025-04-02 05:38:20 - INFO - epoch:13/25 iteration:10/193 batch loss is :0.9783
2025-04-02 05:38:32 - INFO - epoch:13/25 iteration:15/193 batch loss is :1.7392
2025-04-02 05:38:49 - INFO - epoch:13/25 iteration:20/193 batch loss is :0.9203
2025-04-02 05:38:59 - INFO - epoch:13/25 iteration:25/193 batch loss is :1.8630
2025-04-02 05:39:10 - INFO - epoch:13/25 iteration:30/193 batch loss is :0.6576
2025-04-02 05:39:21 - INFO - epoch:13/25 iteration:35/193 batch loss is :1.1678
2025-04-02 05:39:40 - INFO - epoch:13/25 iteration:40/193 batch loss is :1.1956
2025-04-02 05:39:52 - INFO - epoch:13/25 iteration:45/193 batch loss is :0.7949
2025-04-02 05:40:03 - INFO - epoch:13/25 iteration:50/193 batch loss is :0.7241
2025-04-02 05:40:13 - INFO - epoch:13/25 iteration:55/193 batch loss is :1.3192
2025-04-02 05:40:30 - INFO - epoch:13/25 iteration:60/193 batch loss is :1.6567
2025-04-02 05:40:40 - INFO - epoch:13/25 iteration:65/193 batch loss is :0.8484
2025-04-02 05:40:51 - INFO - epoch:13/25 iteration:70/193 batch loss is :1.2075
2025-04-02 05:41:01 - INFO - epoch:13/25 iteration:75/193 batch loss is :1.4971
2025-04-02 05:41:20 - INFO - epoch:13/25 iteration:80/193 batch loss is :1.7797
2025-04-02 05:41:29 - INFO - epoch:13/25 iteration:85/193 batch loss is :1.2558
2025-04-02 05:41:40 - INFO - epoch:13/25 iteration:90/193 batch loss is :1.4876
2025-04-02 05:41:52 - INFO - epoch:13/25 iteration:95/193 batch loss is :0.7371
2025-04-02 05:42:11 - INFO - epoch:13/25 iteration:100/193 batch loss is :0.8874
2025-04-02 05:42:23 - INFO - epoch:13/25 iteration:105/193 batch loss is :0.9126
2025-04-02 05:42:33 - INFO - epoch:13/25 iteration:110/193 batch loss is :0.8281
2025-04-02 05:42:44 - INFO - epoch:13/25 iteration:115/193 batch loss is :1.3008
2025-04-02 05:43:01 - INFO - epoch:13/25 iteration:120/193 batch loss is :0.7613
2025-04-02 05:43:12 - INFO - epoch:13/25 iteration:125/193 batch loss is :1.1112
2025-04-02 05:43:22 - INFO - epoch:13/25 iteration:130/193 batch loss is :1.5279
2025-04-02 05:43:33 - INFO - epoch:13/25 iteration:135/193 batch loss is :1.7850
2025-04-02 05:43:53 - INFO - epoch:13/25 iteration:140/193 batch loss is :1.2928
2025-04-02 05:44:02 - INFO - epoch:13/25 iteration:145/193 batch loss is :0.7894
2025-04-02 05:44:13 - INFO - epoch:13/25 iteration:150/193 batch loss is :1.1422
2025-04-02 05:44:22 - INFO - epoch:13/25 iteration:155/193 batch loss is :1.2642
2025-04-02 05:44:41 - INFO - epoch:13/25 iteration:160/193 batch loss is :1.1726
2025-04-02 05:44:52 - INFO - epoch:13/25 iteration:165/193 batch loss is :0.6535
2025-04-02 05:45:02 - INFO - epoch:13/25 iteration:170/193 batch loss is :1.5120
2025-04-02 05:45:13 - INFO - epoch:13/25 iteration:175/193 batch loss is :1.2212
2025-04-02 05:45:32 - INFO - epoch:13/25 iteration:180/193 batch loss is :0.8599
2025-04-02 05:45:42 - INFO - epoch:13/25 iteration:185/193 batch loss is :1.0550
2025-04-02 05:45:51 - INFO - epoch:13/25 iteration:190/193 batch loss is :0.8923
2025-04-02 05:45:57 - INFO - Epoch:13/25 Loss is :1.1784
2025-04-02 05:46:27 - INFO - epoch:14/25 iteration:0/193 batch loss is :0.6706
2025-04-02 05:46:33 - INFO - epoch:14/25 iteration:5/193 batch loss is :2.4517
2025-04-02 05:46:38 - INFO - epoch:14/25 iteration:10/193 batch loss is :1.1827
2025-04-02 05:46:44 - INFO - epoch:14/25 iteration:15/193 batch loss is :1.5779
2025-04-02 05:46:52 - INFO - epoch:14/25 iteration:20/193 batch loss is :2.0891
2025-04-02 05:46:58 - INFO - epoch:14/25 iteration:25/193 batch loss is :0.5941
2025-04-02 05:47:04 - INFO - epoch:14/25 iteration:30/193 batch loss is :1.1119
2025-04-02 05:47:10 - INFO - epoch:14/25 iteration:35/193 batch loss is :0.5082
2025-04-02 05:47:18 - INFO - epoch:14/25 iteration:40/193 batch loss is :0.3462
2025-04-02 05:47:24 - INFO - epoch:14/25 iteration:45/193 batch loss is :1.2549
2025-04-02 05:47:30 - INFO - epoch:14/25 iteration:50/193 batch loss is :2.1144
2025-04-02 05:47:35 - INFO - epoch:14/25 iteration:55/193 batch loss is :1.9617
2025-04-02 05:47:43 - INFO - epoch:14/25 iteration:60/193 batch loss is :0.8856
2025-04-02 05:47:49 - INFO - epoch:14/25 iteration:65/193 batch loss is :0.7146
2025-04-02 05:47:55 - INFO - epoch:14/25 iteration:70/193 batch loss is :0.9752
2025-04-02 05:48:01 - INFO - epoch:14/25 iteration:75/193 batch loss is :0.6739
2025-04-02 05:48:09 - INFO - epoch:14/25 iteration:80/193 batch loss is :1.5085
2025-04-02 05:48:15 - INFO - epoch:14/25 iteration:85/193 batch loss is :1.0156
2025-04-02 05:48:21 - INFO - epoch:14/25 iteration:90/193 batch loss is :1.4840
2025-04-02 05:48:26 - INFO - epoch:14/25 iteration:95/193 batch loss is :0.8717
2025-04-02 05:48:35 - INFO - epoch:14/25 iteration:100/193 batch loss is :0.4510
2025-04-02 05:48:41 - INFO - epoch:14/25 iteration:105/193 batch loss is :1.0906
2025-04-02 05:48:47 - INFO - epoch:14/25 iteration:110/193 batch loss is :0.6590
2025-04-02 05:48:52 - INFO - epoch:14/25 iteration:115/193 batch loss is :0.7189
2025-04-02 05:49:01 - INFO - epoch:14/25 iteration:120/193 batch loss is :1.0867
2025-04-02 05:49:07 - INFO - epoch:14/25 iteration:125/193 batch loss is :0.5867
2025-04-02 05:49:13 - INFO - epoch:14/25 iteration:130/193 batch loss is :1.3312
2025-04-02 05:49:19 - INFO - epoch:14/25 iteration:135/193 batch loss is :0.7971
2025-04-02 05:49:27 - INFO - epoch:14/25 iteration:140/193 batch loss is :1.6540
2025-04-02 05:49:33 - INFO - epoch:14/25 iteration:145/193 batch loss is :1.2116
2025-04-02 05:49:38 - INFO - epoch:14/25 iteration:150/193 batch loss is :0.6167
2025-04-02 05:49:44 - INFO - epoch:14/25 iteration:155/193 batch loss is :0.9540
2025-04-02 05:49:53 - INFO - epoch:14/25 iteration:160/193 batch loss is :1.2288
2025-04-02 05:49:58 - INFO - epoch:14/25 iteration:165/193 batch loss is :0.8058
2025-04-02 05:50:04 - INFO - epoch:14/25 iteration:170/193 batch loss is :0.9828
2025-04-02 05:50:10 - INFO - epoch:14/25 iteration:175/193 batch loss is :1.1102
2025-04-02 05:50:19 - INFO - epoch:14/25 iteration:180/193 batch loss is :1.0196
2025-04-02 05:50:24 - INFO - epoch:14/25 iteration:185/193 batch loss is :0.8139
2025-04-02 05:50:30 - INFO - epoch:14/25 iteration:190/193 batch loss is :1.0330
2025-04-02 05:50:31 - INFO - Epoch:14/25 Loss is :1.0224
2025-04-02 05:51:02 - INFO - epoch:15/25 iteration:0/193 batch loss is :0.7816
2025-04-02 05:51:07 - INFO - epoch:15/25 iteration:5/193 batch loss is :0.9844
2025-04-02 05:51:13 - INFO - epoch:15/25 iteration:10/193 batch loss is :1.4762
2025-04-02 05:51:18 - INFO - epoch:15/25 iteration:15/193 batch loss is :0.7665
2025-04-02 05:51:26 - INFO - epoch:15/25 iteration:20/193 batch loss is :0.2921
2025-04-02 05:51:32 - INFO - epoch:15/25 iteration:25/193 batch loss is :0.8073
2025-04-02 05:51:37 - INFO - epoch:15/25 iteration:30/193 batch loss is :1.6144
2025-04-02 05:51:43 - INFO - epoch:15/25 iteration:35/193 batch loss is :1.0766
2025-04-02 05:51:51 - INFO - epoch:15/25 iteration:40/193 batch loss is :0.7192
2025-04-02 05:51:57 - INFO - epoch:15/25 iteration:45/193 batch loss is :0.9018
2025-04-02 05:52:02 - INFO - epoch:15/25 iteration:50/193 batch loss is :0.8536
2025-04-02 05:52:08 - INFO - epoch:15/25 iteration:55/193 batch loss is :0.9243
2025-04-02 05:52:16 - INFO - epoch:15/25 iteration:60/193 batch loss is :0.7280
2025-04-02 05:52:21 - INFO - epoch:15/25 iteration:65/193 batch loss is :1.6893
2025-04-02 05:52:27 - INFO - epoch:15/25 iteration:70/193 batch loss is :1.2829
2025-04-02 05:52:32 - INFO - epoch:15/25 iteration:75/193 batch loss is :0.5915
2025-04-02 05:52:46 - INFO - epoch:15/25 iteration:80/193 batch loss is :0.3596
2025-04-02 05:52:57 - INFO - epoch:15/25 iteration:85/193 batch loss is :1.2061
2025-04-02 05:53:07 - INFO - epoch:15/25 iteration:90/193 batch loss is :0.6448
2025-04-02 05:53:19 - INFO - epoch:15/25 iteration:95/193 batch loss is :1.2653
2025-04-02 05:53:38 - INFO - epoch:15/25 iteration:100/193 batch loss is :0.6335
2025-04-02 05:53:48 - INFO - epoch:15/25 iteration:105/193 batch loss is :0.7121
2025-04-02 05:54:00 - INFO - epoch:15/25 iteration:110/193 batch loss is :0.9139
2025-04-02 05:54:09 - INFO - epoch:15/25 iteration:115/193 batch loss is :0.9217
2025-04-02 05:54:27 - INFO - epoch:15/25 iteration:120/193 batch loss is :0.2425
2025-04-02 05:54:38 - INFO - epoch:15/25 iteration:125/193 batch loss is :0.9998
2025-04-02 05:54:48 - INFO - epoch:15/25 iteration:130/193 batch loss is :2.6681
2025-04-02 05:54:59 - INFO - epoch:15/25 iteration:135/193 batch loss is :0.4012
2025-04-02 05:55:17 - INFO - epoch:15/25 iteration:140/193 batch loss is :1.1772
2025-04-02 05:55:27 - INFO - epoch:15/25 iteration:145/193 batch loss is :1.6279
2025-04-02 05:55:36 - INFO - epoch:15/25 iteration:150/193 batch loss is :0.3380
2025-04-02 05:55:46 - INFO - epoch:15/25 iteration:155/193 batch loss is :1.1492
2025-04-02 05:56:04 - INFO - epoch:15/25 iteration:160/193 batch loss is :1.6736
2025-04-02 05:56:16 - INFO - epoch:15/25 iteration:165/193 batch loss is :0.3640
2025-04-02 05:56:26 - INFO - epoch:15/25 iteration:170/193 batch loss is :0.8504
2025-04-02 05:56:35 - INFO - epoch:15/25 iteration:175/193 batch loss is :0.8698
2025-04-02 05:56:51 - INFO - epoch:15/25 iteration:180/193 batch loss is :1.1357
2025-04-02 05:57:04 - INFO - epoch:15/25 iteration:185/193 batch loss is :0.8846
2025-04-02 05:57:14 - INFO - epoch:15/25 iteration:190/193 batch loss is :0.8330
2025-04-02 05:57:16 - INFO - Epoch:15/25 Loss is :0.9446
2025-04-02 05:59:55 - INFO - val accuarcy is : 0.1763
2025-04-02 05:59:55 - INFO - VAL loss :6.1150
2025-04-02 06:00:31 - INFO - epoch:16/25 iteration:0/193 batch loss is :0.6428
2025-04-02 06:00:36 - INFO - epoch:16/25 iteration:5/193 batch loss is :1.5220
2025-04-02 06:00:44 - INFO - epoch:16/25 iteration:10/193 batch loss is :0.3748
2025-04-02 06:00:54 - INFO - epoch:16/25 iteration:15/193 batch loss is :0.8842
2025-04-02 06:01:04 - INFO - epoch:16/25 iteration:20/193 batch loss is :0.9974
2025-04-02 06:01:14 - INFO - epoch:16/25 iteration:25/193 batch loss is :0.8229
2025-04-02 06:01:20 - INFO - epoch:16/25 iteration:30/193 batch loss is :0.2373
2025-04-02 06:01:27 - INFO - epoch:16/25 iteration:35/193 batch loss is :0.7321
2025-04-02 06:01:41 - INFO - epoch:16/25 iteration:40/193 batch loss is :0.8200
2025-04-02 06:01:47 - INFO - epoch:16/25 iteration:45/193 batch loss is :0.4286
2025-04-02 06:01:53 - INFO - epoch:16/25 iteration:50/193 batch loss is :0.5906
2025-04-02 06:02:08 - INFO - epoch:16/25 iteration:55/193 batch loss is :1.6500
2025-04-02 06:02:17 - INFO - epoch:16/25 iteration:60/193 batch loss is :0.9711
2025-04-02 06:02:23 - INFO - epoch:16/25 iteration:65/193 batch loss is :0.8871
2025-04-02 06:02:31 - INFO - epoch:16/25 iteration:70/193 batch loss is :1.4056
2025-04-02 06:02:42 - INFO - epoch:16/25 iteration:75/193 batch loss is :0.4482
2025-04-02 06:02:51 - INFO - epoch:16/25 iteration:80/193 batch loss is :0.6389
2025-04-02 06:02:59 - INFO - epoch:16/25 iteration:85/193 batch loss is :0.6636
2025-04-02 06:03:08 - INFO - epoch:16/25 iteration:90/193 batch loss is :1.1165
2025-04-02 06:03:19 - INFO - epoch:16/25 iteration:95/193 batch loss is :0.7216
2025-04-02 06:03:27 - INFO - epoch:16/25 iteration:100/193 batch loss is :0.6840
2025-04-02 06:03:39 - INFO - epoch:16/25 iteration:105/193 batch loss is :1.2795
2025-04-02 06:03:44 - INFO - epoch:16/25 iteration:110/193 batch loss is :0.3915
2025-04-02 06:03:58 - INFO - epoch:16/25 iteration:115/193 batch loss is :0.6699
2025-04-02 06:04:05 - INFO - epoch:16/25 iteration:120/193 batch loss is :1.0943
2025-04-02 06:04:11 - INFO - epoch:16/25 iteration:125/193 batch loss is :0.7191
2025-04-02 06:04:19 - INFO - epoch:16/25 iteration:130/193 batch loss is :0.4113
2025-04-02 06:04:29 - INFO - epoch:16/25 iteration:135/193 batch loss is :0.9082
2025-04-02 06:04:36 - INFO - epoch:16/25 iteration:140/193 batch loss is :0.8708
2025-04-02 06:04:43 - INFO - epoch:16/25 iteration:145/193 batch loss is :1.1176
2025-04-02 06:04:53 - INFO - epoch:16/25 iteration:150/193 batch loss is :0.8750
2025-04-02 06:05:03 - INFO - epoch:16/25 iteration:155/193 batch loss is :0.3014
2025-04-02 06:05:11 - INFO - epoch:16/25 iteration:160/193 batch loss is :2.3017
2025-04-02 06:05:22 - INFO - epoch:16/25 iteration:165/193 batch loss is :1.1815
2025-04-02 06:05:31 - INFO - epoch:16/25 iteration:170/193 batch loss is :1.7512
2025-04-02 06:05:40 - INFO - epoch:16/25 iteration:175/193 batch loss is :0.3505
2025-04-02 06:05:52 - INFO - epoch:16/25 iteration:180/193 batch loss is :1.0293
2025-04-02 06:06:01 - INFO - epoch:16/25 iteration:185/193 batch loss is :0.3249
2025-04-02 06:06:07 - INFO - epoch:16/25 iteration:190/193 batch loss is :0.9297
2025-04-02 06:06:10 - INFO - Epoch:16/25 Loss is :0.8701
2025-04-02 06:06:40 - INFO - epoch:17/25 iteration:0/193 batch loss is :1.0852
2025-04-02 06:06:46 - INFO - epoch:17/25 iteration:5/193 batch loss is :1.4530
2025-04-02 06:06:51 - INFO - epoch:17/25 iteration:10/193 batch loss is :1.5369
2025-04-02 06:06:57 - INFO - epoch:17/25 iteration:15/193 batch loss is :0.9368
2025-04-02 06:07:05 - INFO - epoch:17/25 iteration:20/193 batch loss is :0.8995
2025-04-02 06:07:10 - INFO - epoch:17/25 iteration:25/193 batch loss is :0.4144
2025-04-02 06:07:15 - INFO - epoch:17/25 iteration:30/193 batch loss is :0.8459
2025-04-02 06:07:21 - INFO - epoch:17/25 iteration:35/193 batch loss is :0.9743
2025-04-02 06:07:29 - INFO - epoch:17/25 iteration:40/193 batch loss is :0.5111
2025-04-02 06:07:34 - INFO - epoch:17/25 iteration:45/193 batch loss is :0.4801
2025-04-02 06:07:40 - INFO - epoch:17/25 iteration:50/193 batch loss is :0.7004
2025-04-02 06:07:49 - INFO - epoch:17/25 iteration:55/193 batch loss is :0.8371
2025-04-02 06:08:06 - INFO - epoch:17/25 iteration:60/193 batch loss is :0.6411
2025-04-02 06:08:16 - INFO - epoch:17/25 iteration:65/193 batch loss is :0.4890
2025-04-02 06:08:27 - INFO - epoch:17/25 iteration:70/193 batch loss is :0.2766
2025-04-02 06:08:38 - INFO - epoch:17/25 iteration:75/193 batch loss is :0.5928
2025-04-02 06:08:56 - INFO - epoch:17/25 iteration:80/193 batch loss is :0.3597
2025-04-02 06:09:07 - INFO - epoch:17/25 iteration:85/193 batch loss is :0.5682
2025-04-02 06:09:17 - INFO - epoch:17/25 iteration:90/193 batch loss is :0.7481
2025-04-02 06:09:28 - INFO - epoch:17/25 iteration:95/193 batch loss is :0.8753
2025-04-02 06:09:46 - INFO - epoch:17/25 iteration:100/193 batch loss is :0.6659
2025-04-02 06:09:57 - INFO - epoch:17/25 iteration:105/193 batch loss is :1.9582
2025-04-02 06:10:06 - INFO - epoch:17/25 iteration:110/193 batch loss is :0.0818
2025-04-02 06:10:18 - INFO - epoch:17/25 iteration:115/193 batch loss is :1.3073
2025-04-02 06:10:37 - INFO - epoch:17/25 iteration:120/193 batch loss is :2.1063
2025-04-02 06:10:47 - INFO - epoch:17/25 iteration:125/193 batch loss is :1.1614
2025-04-02 06:10:57 - INFO - epoch:17/25 iteration:130/193 batch loss is :1.4712
2025-04-02 06:11:07 - INFO - epoch:17/25 iteration:135/193 batch loss is :0.4730
2025-04-02 06:11:24 - INFO - epoch:17/25 iteration:140/193 batch loss is :0.6735
2025-04-02 06:11:34 - INFO - epoch:17/25 iteration:145/193 batch loss is :0.5386
2025-04-02 06:11:46 - INFO - epoch:17/25 iteration:150/193 batch loss is :1.2204
2025-04-02 06:11:56 - INFO - epoch:17/25 iteration:155/193 batch loss is :1.0572
2025-04-02 06:12:14 - INFO - epoch:17/25 iteration:160/193 batch loss is :0.7992
2025-04-02 06:12:25 - INFO - epoch:17/25 iteration:165/193 batch loss is :0.5150
2025-04-02 06:12:36 - INFO - epoch:17/25 iteration:170/193 batch loss is :0.5995
2025-04-02 06:12:46 - INFO - epoch:17/25 iteration:175/193 batch loss is :0.9040
2025-04-02 06:13:03 - INFO - epoch:17/25 iteration:180/193 batch loss is :0.5100
2025-04-02 06:13:14 - INFO - epoch:17/25 iteration:185/193 batch loss is :0.6355
2025-04-02 06:13:24 - INFO - epoch:17/25 iteration:190/193 batch loss is :0.8610
2025-04-02 06:13:30 - INFO - Epoch:17/25 Loss is :0.8087
2025-04-02 06:14:09 - INFO - epoch:18/25 iteration:0/193 batch loss is :0.4388
2025-04-02 06:14:16 - INFO - epoch:18/25 iteration:5/193 batch loss is :0.8813
2025-04-02 06:14:27 - INFO - epoch:18/25 iteration:10/193 batch loss is :1.4593
2025-04-02 06:14:38 - INFO - epoch:18/25 iteration:15/193 batch loss is :0.2908
2025-04-02 06:14:48 - INFO - epoch:18/25 iteration:20/193 batch loss is :0.5818
2025-04-02 06:14:52 - INFO - epoch:18/25 iteration:25/193 batch loss is :1.6193
2025-04-02 06:15:04 - INFO - epoch:18/25 iteration:30/193 batch loss is :0.9530
2025-04-02 06:15:11 - INFO - epoch:18/25 iteration:35/193 batch loss is :1.1124
2025-04-02 06:15:23 - INFO - epoch:18/25 iteration:40/193 batch loss is :0.7950
2025-04-02 06:15:28 - INFO - epoch:18/25 iteration:45/193 batch loss is :0.6170
2025-04-02 06:15:42 - INFO - epoch:18/25 iteration:50/193 batch loss is :0.3955
2025-04-02 06:15:48 - INFO - epoch:18/25 iteration:55/193 batch loss is :0.7730
2025-04-02 06:15:56 - INFO - epoch:18/25 iteration:60/193 batch loss is :1.4019
2025-04-02 06:16:03 - INFO - epoch:18/25 iteration:65/193 batch loss is :0.9651
2025-04-02 06:16:13 - INFO - epoch:18/25 iteration:70/193 batch loss is :0.8414
2025-04-02 06:16:18 - INFO - epoch:18/25 iteration:75/193 batch loss is :0.7228
2025-04-02 06:16:26 - INFO - epoch:18/25 iteration:80/193 batch loss is :2.0840
2025-04-02 06:16:35 - INFO - epoch:18/25 iteration:85/193 batch loss is :0.6904
2025-04-02 06:16:43 - INFO - epoch:18/25 iteration:90/193 batch loss is :0.6238
2025-04-02 06:16:50 - INFO - epoch:18/25 iteration:95/193 batch loss is :0.7644
2025-04-02 06:16:57 - INFO - epoch:18/25 iteration:100/193 batch loss is :0.7012
2025-04-02 06:17:06 - INFO - epoch:18/25 iteration:105/193 batch loss is :0.7430
2025-04-02 06:17:16 - INFO - epoch:18/25 iteration:110/193 batch loss is :0.1551
2025-04-02 06:17:21 - INFO - epoch:18/25 iteration:115/193 batch loss is :0.4189
2025-04-02 06:17:28 - INFO - epoch:18/25 iteration:120/193 batch loss is :1.3752
2025-04-02 06:17:36 - INFO - epoch:18/25 iteration:125/193 batch loss is :0.5649
2025-04-02 06:17:47 - INFO - epoch:18/25 iteration:130/193 batch loss is :0.6383
2025-04-02 06:17:53 - INFO - epoch:18/25 iteration:135/193 batch loss is :0.4781
2025-04-02 06:18:03 - INFO - epoch:18/25 iteration:140/193 batch loss is :1.9532
2025-04-02 06:18:10 - INFO - epoch:18/25 iteration:145/193 batch loss is :0.7588
2025-04-02 06:18:17 - INFO - epoch:18/25 iteration:150/193 batch loss is :0.6317
2025-04-02 06:18:22 - INFO - epoch:18/25 iteration:155/193 batch loss is :0.6821
2025-04-02 06:18:31 - INFO - epoch:18/25 iteration:160/193 batch loss is :1.0649
2025-04-02 06:18:37 - INFO - epoch:18/25 iteration:165/193 batch loss is :0.5070
2025-04-02 06:18:48 - INFO - epoch:18/25 iteration:170/193 batch loss is :0.4224
2025-04-02 06:18:54 - INFO - epoch:18/25 iteration:175/193 batch loss is :1.0859
2025-04-02 06:19:03 - INFO - epoch:18/25 iteration:180/193 batch loss is :0.4644
2025-04-02 06:19:10 - INFO - epoch:18/25 iteration:185/193 batch loss is :0.5329
2025-04-02 06:19:17 - INFO - epoch:18/25 iteration:190/193 batch loss is :1.9625
2025-04-02 06:19:20 - INFO - Epoch:18/25 Loss is :0.7732
2025-04-02 06:19:51 - INFO - epoch:19/25 iteration:0/193 batch loss is :1.7802
2025-04-02 06:19:56 - INFO - epoch:19/25 iteration:5/193 batch loss is :0.7981
2025-04-02 06:20:02 - INFO - epoch:19/25 iteration:10/193 batch loss is :0.3089
2025-04-02 06:20:07 - INFO - epoch:19/25 iteration:15/193 batch loss is :0.6430
2025-04-02 06:20:15 - INFO - epoch:19/25 iteration:20/193 batch loss is :1.3642
2025-04-02 06:20:21 - INFO - epoch:19/25 iteration:25/193 batch loss is :1.0860
2025-04-02 06:20:26 - INFO - epoch:19/25 iteration:30/193 batch loss is :0.5379
2025-04-02 06:20:31 - INFO - epoch:19/25 iteration:35/193 batch loss is :0.2979
2025-04-02 06:20:39 - INFO - epoch:19/25 iteration:40/193 batch loss is :0.4808
2025-04-02 06:20:45 - INFO - epoch:19/25 iteration:45/193 batch loss is :0.9375
2025-04-02 06:20:50 - INFO - epoch:19/25 iteration:50/193 batch loss is :0.7266
2025-04-02 06:20:55 - INFO - epoch:19/25 iteration:55/193 batch loss is :0.6023
2025-04-02 06:21:03 - INFO - epoch:19/25 iteration:60/193 batch loss is :0.2562
2025-04-02 06:21:09 - INFO - epoch:19/25 iteration:65/193 batch loss is :0.9686
2025-04-02 06:21:14 - INFO - epoch:19/25 iteration:70/193 batch loss is :0.4387
2025-04-02 06:21:19 - INFO - epoch:19/25 iteration:75/193 batch loss is :0.3924
2025-04-02 06:21:27 - INFO - epoch:19/25 iteration:80/193 batch loss is :1.2937
2025-04-02 06:21:32 - INFO - epoch:19/25 iteration:85/193 batch loss is :0.4720
2025-04-02 06:21:38 - INFO - epoch:19/25 iteration:90/193 batch loss is :0.6969
2025-04-02 06:21:43 - INFO - epoch:19/25 iteration:95/193 batch loss is :0.6714
2025-04-02 06:21:51 - INFO - epoch:19/25 iteration:100/193 batch loss is :0.1626
2025-04-02 06:21:57 - INFO - epoch:19/25 iteration:105/193 batch loss is :0.5120
2025-04-02 06:22:02 - INFO - epoch:19/25 iteration:110/193 batch loss is :0.5347
2025-04-02 06:22:08 - INFO - epoch:19/25 iteration:115/193 batch loss is :0.4863
2025-04-02 06:22:16 - INFO - epoch:19/25 iteration:120/193 batch loss is :1.2865
2025-04-02 06:22:21 - INFO - epoch:19/25 iteration:125/193 batch loss is :0.5835
2025-04-02 06:22:27 - INFO - epoch:19/25 iteration:130/193 batch loss is :0.4305
2025-04-02 06:22:32 - INFO - epoch:19/25 iteration:135/193 batch loss is :0.7068
2025-04-02 06:22:40 - INFO - epoch:19/25 iteration:140/193 batch loss is :1.7683
2025-04-02 06:22:45 - INFO - epoch:19/25 iteration:145/193 batch loss is :1.5300
2025-04-02 06:22:57 - INFO - epoch:19/25 iteration:150/193 batch loss is :0.1604
2025-04-02 06:23:08 - INFO - epoch:19/25 iteration:155/193 batch loss is :0.4793
2025-04-02 06:23:26 - INFO - epoch:19/25 iteration:160/193 batch loss is :0.4768
2025-04-02 06:23:36 - INFO - epoch:19/25 iteration:165/193 batch loss is :1.5028
2025-04-02 06:23:48 - INFO - epoch:19/25 iteration:170/193 batch loss is :1.5263
2025-04-02 06:23:58 - INFO - epoch:19/25 iteration:175/193 batch loss is :0.3468
2025-04-02 06:24:14 - INFO - epoch:19/25 iteration:180/193 batch loss is :0.4558
2025-04-02 06:24:24 - INFO - epoch:19/25 iteration:185/193 batch loss is :1.2712
2025-04-02 06:24:34 - INFO - epoch:19/25 iteration:190/193 batch loss is :1.2255
2025-04-02 06:24:39 - INFO - Epoch:19/25 Loss is :0.7221
2025-04-02 06:25:22 - INFO - epoch:20/25 iteration:0/193 batch loss is :0.2236
2025-04-02 06:25:32 - INFO - epoch:20/25 iteration:5/193 batch loss is :1.4288
2025-04-02 06:25:42 - INFO - epoch:20/25 iteration:10/193 batch loss is :0.5371
2025-04-02 06:25:53 - INFO - epoch:20/25 iteration:15/193 batch loss is :0.4981
2025-04-02 06:26:09 - INFO - epoch:20/25 iteration:20/193 batch loss is :0.2341
2025-04-02 06:26:17 - INFO - epoch:20/25 iteration:25/193 batch loss is :0.6256
2025-04-02 06:26:27 - INFO - epoch:20/25 iteration:30/193 batch loss is :0.9475
2025-04-02 06:26:37 - INFO - epoch:20/25 iteration:35/193 batch loss is :0.1719
2025-04-02 06:26:53 - INFO - epoch:20/25 iteration:40/193 batch loss is :1.5678
2025-04-02 06:27:02 - INFO - epoch:20/25 iteration:45/193 batch loss is :0.2417
2025-04-02 06:27:14 - INFO - epoch:20/25 iteration:50/193 batch loss is :1.0216
2025-04-02 06:27:23 - INFO - epoch:20/25 iteration:55/193 batch loss is :0.3403
2025-04-02 06:27:39 - INFO - epoch:20/25 iteration:60/193 batch loss is :0.5784
2025-04-02 06:27:48 - INFO - epoch:20/25 iteration:65/193 batch loss is :0.5533
2025-04-02 06:27:57 - INFO - epoch:20/25 iteration:70/193 batch loss is :0.7904
2025-04-02 06:28:07 - INFO - epoch:20/25 iteration:75/193 batch loss is :0.3966
2025-04-02 06:28:22 - INFO - epoch:20/25 iteration:80/193 batch loss is :0.5620
2025-04-02 06:28:30 - INFO - epoch:20/25 iteration:85/193 batch loss is :1.3267
2025-04-02 06:28:41 - INFO - epoch:20/25 iteration:90/193 batch loss is :0.6293
2025-04-02 06:28:52 - INFO - epoch:20/25 iteration:95/193 batch loss is :0.1567
2025-04-02 06:29:03 - INFO - epoch:20/25 iteration:100/193 batch loss is :0.8195
2025-04-02 06:29:12 - INFO - epoch:20/25 iteration:105/193 batch loss is :0.2691
2025-04-02 06:29:24 - INFO - epoch:20/25 iteration:110/193 batch loss is :0.7667
2025-04-02 06:29:34 - INFO - epoch:20/25 iteration:115/193 batch loss is :0.4749
2025-04-02 06:29:45 - INFO - epoch:20/25 iteration:120/193 batch loss is :0.6212
2025-04-02 06:29:55 - INFO - epoch:20/25 iteration:125/193 batch loss is :0.7196
2025-04-02 06:30:04 - INFO - epoch:20/25 iteration:130/193 batch loss is :0.7268
2025-04-02 06:30:17 - INFO - epoch:20/25 iteration:135/193 batch loss is :0.7331
2025-04-02 06:30:32 - INFO - epoch:20/25 iteration:140/193 batch loss is :0.1223
2025-04-02 06:30:38 - INFO - epoch:20/25 iteration:145/193 batch loss is :1.2815
2025-04-02 06:30:51 - INFO - epoch:20/25 iteration:150/193 batch loss is :0.3234
2025-04-02 06:31:02 - INFO - epoch:20/25 iteration:155/193 batch loss is :0.7710
2025-04-02 06:31:16 - INFO - epoch:20/25 iteration:160/193 batch loss is :0.6334
2025-04-02 06:31:26 - INFO - epoch:20/25 iteration:165/193 batch loss is :0.5599
2025-04-02 06:31:36 - INFO - epoch:20/25 iteration:170/193 batch loss is :0.4084
2025-04-02 06:31:48 - INFO - epoch:20/25 iteration:175/193 batch loss is :0.8336
2025-04-02 06:32:04 - INFO - epoch:20/25 iteration:180/193 batch loss is :0.5244
2025-04-02 06:32:11 - INFO - epoch:20/25 iteration:185/193 batch loss is :0.3070
2025-04-02 06:32:22 - INFO - epoch:20/25 iteration:190/193 batch loss is :0.4999
2025-04-02 06:32:23 - INFO - Epoch:20/25 Loss is :0.6474
2025-04-02 06:34:51 - INFO - val accuarcy is : 0.1763
2025-04-02 06:34:51 - INFO - VAL loss :6.6264
2025-04-02 06:35:21 - INFO - epoch:21/25 iteration:0/193 batch loss is :0.5093
2025-04-02 06:35:26 - INFO - epoch:21/25 iteration:5/193 batch loss is :0.5380
2025-04-02 06:35:32 - INFO - epoch:21/25 iteration:10/193 batch loss is :0.1745
2025-04-02 06:35:37 - INFO - epoch:21/25 iteration:15/193 batch loss is :1.4484
2025-04-02 06:35:45 - INFO - epoch:21/25 iteration:20/193 batch loss is :0.5393
2025-04-02 06:35:51 - INFO - epoch:21/25 iteration:25/193 batch loss is :0.3352
2025-04-02 06:35:57 - INFO - epoch:21/25 iteration:30/193 batch loss is :0.4730
2025-04-02 06:36:02 - INFO - epoch:21/25 iteration:35/193 batch loss is :0.3927
2025-04-02 06:36:10 - INFO - epoch:21/25 iteration:40/193 batch loss is :0.5334
2025-04-02 06:36:16 - INFO - epoch:21/25 iteration:45/193 batch loss is :1.0299
2025-04-02 06:36:21 - INFO - epoch:21/25 iteration:50/193 batch loss is :0.6004
2025-04-02 06:36:27 - INFO - epoch:21/25 iteration:55/193 batch loss is :1.1160
2025-04-02 06:36:35 - INFO - epoch:21/25 iteration:60/193 batch loss is :0.2419
2025-04-02 06:36:40 - INFO - epoch:21/25 iteration:65/193 batch loss is :1.4187
2025-04-02 06:36:46 - INFO - epoch:21/25 iteration:70/193 batch loss is :1.1375
2025-04-02 06:36:51 - INFO - epoch:21/25 iteration:75/193 batch loss is :0.6094
2025-04-02 06:37:00 - INFO - epoch:21/25 iteration:80/193 batch loss is :0.3485
2025-04-02 06:37:05 - INFO - epoch:21/25 iteration:85/193 batch loss is :0.5177
2025-04-02 06:37:11 - INFO - epoch:21/25 iteration:90/193 batch loss is :0.3078
2025-04-02 06:37:16 - INFO - epoch:21/25 iteration:95/193 batch loss is :1.0560
2025-04-02 06:37:25 - INFO - epoch:21/25 iteration:100/193 batch loss is :0.4606
2025-04-02 06:37:30 - INFO - epoch:21/25 iteration:105/193 batch loss is :0.6318
2025-04-02 06:37:36 - INFO - epoch:21/25 iteration:110/193 batch loss is :0.9613
2025-04-02 06:37:41 - INFO - epoch:21/25 iteration:115/193 batch loss is :0.2426
2025-04-02 06:37:50 - INFO - epoch:21/25 iteration:120/193 batch loss is :0.4088
2025-04-02 06:37:55 - INFO - epoch:21/25 iteration:125/193 batch loss is :0.5484
2025-04-02 06:38:01 - INFO - epoch:21/25 iteration:130/193 batch loss is :0.2381
2025-04-02 06:38:06 - INFO - epoch:21/25 iteration:135/193 batch loss is :0.5799
2025-04-02 06:38:15 - INFO - epoch:21/25 iteration:140/193 batch loss is :1.6697
2025-04-02 06:38:20 - INFO - epoch:21/25 iteration:145/193 batch loss is :0.3171
2025-04-02 06:38:26 - INFO - epoch:21/25 iteration:150/193 batch loss is :0.9697
2025-04-02 06:38:32 - INFO - epoch:21/25 iteration:155/193 batch loss is :1.2995
2025-04-02 06:38:39 - INFO - epoch:21/25 iteration:160/193 batch loss is :0.3185
2025-04-02 06:38:45 - INFO - epoch:21/25 iteration:165/193 batch loss is :0.6226
2025-04-02 06:38:50 - INFO - epoch:21/25 iteration:170/193 batch loss is :1.2022
2025-04-02 06:38:56 - INFO - epoch:21/25 iteration:175/193 batch loss is :0.5763
2025-04-02 06:39:04 - INFO - epoch:21/25 iteration:180/193 batch loss is :0.4382
2025-04-02 06:39:10 - INFO - epoch:21/25 iteration:185/193 batch loss is :0.2056
2025-04-02 06:39:15 - INFO - epoch:21/25 iteration:190/193 batch loss is :0.7096
2025-04-02 06:39:17 - INFO - Epoch:21/25 Loss is :0.6210
2025-04-02 06:39:47 - INFO - epoch:22/25 iteration:0/193 batch loss is :1.9634
2025-04-02 06:39:52 - INFO - epoch:22/25 iteration:5/193 batch loss is :0.3989
2025-04-02 06:39:58 - INFO - epoch:22/25 iteration:10/193 batch loss is :0.3536
2025-04-02 06:40:03 - INFO - epoch:22/25 iteration:15/193 batch loss is :0.3908
2025-04-02 06:40:12 - INFO - epoch:22/25 iteration:20/193 batch loss is :1.1428
2025-04-02 06:40:17 - INFO - epoch:22/25 iteration:25/193 batch loss is :0.6660
2025-04-02 06:40:23 - INFO - epoch:22/25 iteration:30/193 batch loss is :0.0963
2025-04-02 06:40:29 - INFO - epoch:22/25 iteration:35/193 batch loss is :0.8829
2025-04-02 06:40:37 - INFO - epoch:22/25 iteration:40/193 batch loss is :1.3638
2025-04-02 06:40:43 - INFO - epoch:22/25 iteration:45/193 batch loss is :0.3706
2025-04-02 06:40:49 - INFO - epoch:22/25 iteration:50/193 batch loss is :0.8085
2025-04-02 06:40:54 - INFO - epoch:22/25 iteration:55/193 batch loss is :0.9766
2025-04-02 06:41:02 - INFO - epoch:22/25 iteration:60/193 batch loss is :0.9631
2025-04-02 06:41:08 - INFO - epoch:22/25 iteration:65/193 batch loss is :0.1960
2025-04-02 06:41:13 - INFO - epoch:22/25 iteration:70/193 batch loss is :0.5921
2025-04-02 06:41:19 - INFO - epoch:22/25 iteration:75/193 batch loss is :0.4279
2025-04-02 06:41:27 - INFO - epoch:22/25 iteration:80/193 batch loss is :0.2671
2025-04-02 06:41:33 - INFO - epoch:22/25 iteration:85/193 batch loss is :1.0201
2025-04-02 06:41:38 - INFO - epoch:22/25 iteration:90/193 batch loss is :0.5528
2025-04-02 06:41:43 - INFO - epoch:22/25 iteration:95/193 batch loss is :0.1761
2025-04-02 06:41:51 - INFO - epoch:22/25 iteration:100/193 batch loss is :1.0094
2025-04-02 06:41:57 - INFO - epoch:22/25 iteration:105/193 batch loss is :1.1263
2025-04-02 06:42:02 - INFO - epoch:22/25 iteration:110/193 batch loss is :0.3842
2025-04-02 06:42:08 - INFO - epoch:22/25 iteration:115/193 batch loss is :0.9699
2025-04-02 06:42:16 - INFO - epoch:22/25 iteration:120/193 batch loss is :0.7494
2025-04-02 06:42:21 - INFO - epoch:22/25 iteration:125/193 batch loss is :0.2311
2025-04-02 06:42:27 - INFO - epoch:22/25 iteration:130/193 batch loss is :0.3834
2025-04-02 06:42:32 - INFO - epoch:22/25 iteration:135/193 batch loss is :0.5666
2025-04-02 06:42:40 - INFO - epoch:22/25 iteration:140/193 batch loss is :0.8814
2025-04-02 06:42:46 - INFO - epoch:22/25 iteration:145/193 batch loss is :0.3997
2025-04-02 06:42:52 - INFO - epoch:22/25 iteration:150/193 batch loss is :0.4002
2025-04-02 06:42:57 - INFO - epoch:22/25 iteration:155/193 batch loss is :0.5550
2025-04-02 06:43:05 - INFO - epoch:22/25 iteration:160/193 batch loss is :0.1257
2025-04-02 06:43:11 - INFO - epoch:22/25 iteration:165/193 batch loss is :0.5832
2025-04-02 06:43:16 - INFO - epoch:22/25 iteration:170/193 batch loss is :0.1723
2025-04-02 06:43:21 - INFO - epoch:22/25 iteration:175/193 batch loss is :1.0555
2025-04-02 06:43:29 - INFO - epoch:22/25 iteration:180/193 batch loss is :0.4662
2025-04-02 06:43:35 - INFO - epoch:22/25 iteration:185/193 batch loss is :1.4169
2025-04-02 06:43:41 - INFO - epoch:22/25 iteration:190/193 batch loss is :0.4656
2025-04-02 06:43:43 - INFO - Epoch:22/25 Loss is :0.6081
2025-04-02 06:44:13 - INFO - epoch:23/25 iteration:0/193 batch loss is :0.6284
2025-04-02 06:44:18 - INFO - epoch:23/25 iteration:5/193 batch loss is :1.4885
2025-04-02 06:44:24 - INFO - epoch:23/25 iteration:10/193 batch loss is :0.1291
2025-04-02 06:44:29 - INFO - epoch:23/25 iteration:15/193 batch loss is :0.7219
2025-04-02 06:44:37 - INFO - epoch:23/25 iteration:20/193 batch loss is :1.4450
2025-04-02 06:44:42 - INFO - epoch:23/25 iteration:25/193 batch loss is :1.0572
2025-04-02 06:44:48 - INFO - epoch:23/25 iteration:30/193 batch loss is :0.1920
2025-04-02 06:44:53 - INFO - epoch:23/25 iteration:35/193 batch loss is :0.9827
2025-04-02 06:45:01 - INFO - epoch:23/25 iteration:40/193 batch loss is :0.0822
2025-04-02 06:45:07 - INFO - epoch:23/25 iteration:45/193 batch loss is :0.8705
2025-04-02 06:45:12 - INFO - epoch:23/25 iteration:50/193 batch loss is :0.7928
2025-04-02 06:45:18 - INFO - epoch:23/25 iteration:55/193 batch loss is :1.0745
2025-04-02 06:45:26 - INFO - epoch:23/25 iteration:60/193 batch loss is :0.6592
2025-04-02 06:45:32 - INFO - epoch:23/25 iteration:65/193 batch loss is :0.5792
2025-04-02 06:45:37 - INFO - epoch:23/25 iteration:70/193 batch loss is :0.9363
2025-04-02 06:45:42 - INFO - epoch:23/25 iteration:75/193 batch loss is :0.6756
2025-04-02 06:45:50 - INFO - epoch:23/25 iteration:80/193 batch loss is :1.3206
2025-04-02 06:45:56 - INFO - epoch:23/25 iteration:85/193 batch loss is :0.8495
2025-04-02 06:46:02 - INFO - epoch:23/25 iteration:90/193 batch loss is :0.5965
2025-04-02 06:46:07 - INFO - epoch:23/25 iteration:95/193 batch loss is :0.2564
2025-04-02 06:46:15 - INFO - epoch:23/25 iteration:100/193 batch loss is :0.4580
2025-04-02 06:46:21 - INFO - epoch:23/25 iteration:105/193 batch loss is :0.7979
2025-04-02 06:46:27 - INFO - epoch:23/25 iteration:110/193 batch loss is :0.3075
2025-04-02 06:46:32 - INFO - epoch:23/25 iteration:115/193 batch loss is :0.1299
2025-04-02 06:46:40 - INFO - epoch:23/25 iteration:120/193 batch loss is :0.5394
2025-04-02 06:46:46 - INFO - epoch:23/25 iteration:125/193 batch loss is :0.6445
2025-04-02 06:46:51 - INFO - epoch:23/25 iteration:130/193 batch loss is :0.4103
2025-04-02 06:46:56 - INFO - epoch:23/25 iteration:135/193 batch loss is :0.7793
2025-04-02 06:47:04 - INFO - epoch:23/25 iteration:140/193 batch loss is :1.5231
2025-04-02 06:47:10 - INFO - epoch:23/25 iteration:145/193 batch loss is :1.2318
2025-04-02 06:47:15 - INFO - epoch:23/25 iteration:150/193 batch loss is :0.5818
2025-04-02 06:47:21 - INFO - epoch:23/25 iteration:155/193 batch loss is :0.3821
2025-04-02 06:47:28 - INFO - epoch:23/25 iteration:160/193 batch loss is :0.5013
2025-04-02 06:47:34 - INFO - epoch:23/25 iteration:165/193 batch loss is :0.6943
2025-04-02 06:47:39 - INFO - epoch:23/25 iteration:170/193 batch loss is :0.7481
2025-04-02 06:47:45 - INFO - epoch:23/25 iteration:175/193 batch loss is :0.7086
2025-04-02 06:47:53 - INFO - epoch:23/25 iteration:180/193 batch loss is :0.6274
2025-04-02 06:47:58 - INFO - epoch:23/25 iteration:185/193 batch loss is :0.6627
2025-04-02 06:48:04 - INFO - epoch:23/25 iteration:190/193 batch loss is :1.6257
2025-04-02 06:48:06 - INFO - Epoch:23/25 Loss is :0.6115
2025-04-02 06:48:36 - INFO - epoch:24/25 iteration:0/193 batch loss is :0.6941
2025-04-02 06:48:41 - INFO - epoch:24/25 iteration:5/193 batch loss is :0.2222
2025-04-02 06:48:47 - INFO - epoch:24/25 iteration:10/193 batch loss is :0.5506
2025-04-02 06:48:52 - INFO - epoch:24/25 iteration:15/193 batch loss is :0.2993
2025-04-02 06:49:00 - INFO - epoch:24/25 iteration:20/193 batch loss is :0.3817
2025-04-02 06:49:06 - INFO - epoch:24/25 iteration:25/193 batch loss is :0.4177
2025-04-02 06:49:12 - INFO - epoch:24/25 iteration:30/193 batch loss is :0.1560
2025-04-02 06:49:17 - INFO - epoch:24/25 iteration:35/193 batch loss is :0.2977
2025-04-02 06:49:25 - INFO - epoch:24/25 iteration:40/193 batch loss is :0.6088
2025-04-02 06:49:30 - INFO - epoch:24/25 iteration:45/193 batch loss is :0.1480
2025-04-02 06:49:36 - INFO - epoch:24/25 iteration:50/193 batch loss is :0.4623
2025-04-02 06:49:41 - INFO - epoch:24/25 iteration:55/193 batch loss is :0.4656
2025-04-02 06:49:49 - INFO - epoch:24/25 iteration:60/193 batch loss is :0.5400
2025-04-02 06:49:55 - INFO - epoch:24/25 iteration:65/193 batch loss is :1.2368
2025-04-02 06:50:00 - INFO - epoch:24/25 iteration:70/193 batch loss is :0.7464
2025-04-02 06:50:06 - INFO - epoch:24/25 iteration:75/193 batch loss is :1.1869
2025-04-02 06:50:14 - INFO - epoch:24/25 iteration:80/193 batch loss is :0.1514
2025-04-02 06:50:19 - INFO - epoch:24/25 iteration:85/193 batch loss is :0.8017
2025-04-02 06:50:25 - INFO - epoch:24/25 iteration:90/193 batch loss is :0.2339
2025-04-02 06:50:30 - INFO - epoch:24/25 iteration:95/193 batch loss is :1.2698
2025-04-02 06:50:38 - INFO - epoch:24/25 iteration:100/193 batch loss is :0.7801
2025-04-02 06:50:43 - INFO - epoch:24/25 iteration:105/193 batch loss is :0.6513
2025-04-02 06:50:49 - INFO - epoch:24/25 iteration:110/193 batch loss is :0.5680
2025-04-02 06:50:54 - INFO - epoch:24/25 iteration:115/193 batch loss is :0.4834
2025-04-02 06:51:02 - INFO - epoch:24/25 iteration:120/193 batch loss is :0.8474
2025-04-02 06:51:08 - INFO - epoch:24/25 iteration:125/193 batch loss is :0.4493
2025-04-02 06:51:13 - INFO - epoch:24/25 iteration:130/193 batch loss is :0.5597
2025-04-02 06:51:19 - INFO - epoch:24/25 iteration:135/193 batch loss is :0.4558
2025-04-02 06:51:27 - INFO - epoch:24/25 iteration:140/193 batch loss is :0.8543
2025-04-02 06:51:32 - INFO - epoch:24/25 iteration:145/193 batch loss is :0.4614
2025-04-02 06:51:38 - INFO - epoch:24/25 iteration:150/193 batch loss is :0.8994
2025-04-02 06:51:43 - INFO - epoch:24/25 iteration:155/193 batch loss is :0.1284
2025-04-02 06:51:52 - INFO - epoch:24/25 iteration:160/193 batch loss is :1.3601
2025-04-02 06:51:57 - INFO - epoch:24/25 iteration:165/193 batch loss is :0.5706
2025-04-02 06:52:03 - INFO - epoch:24/25 iteration:170/193 batch loss is :0.4583
2025-04-02 06:52:09 - INFO - epoch:24/25 iteration:175/193 batch loss is :0.3505
2025-04-02 06:52:17 - INFO - epoch:24/25 iteration:180/193 batch loss is :1.2810
2025-04-02 06:52:22 - INFO - epoch:24/25 iteration:185/193 batch loss is :0.7473
2025-04-02 06:52:28 - INFO - epoch:24/25 iteration:190/193 batch loss is :0.6209
2025-04-02 06:52:30 - INFO - Epoch:24/25 Loss is :0.6106
2025-04-02 06:54:55 - INFO - val accuarcy is : 0.1763
2025-04-02 06:54:55 - INFO - VAL loss :6.7962
2025-04-02 06:54:55 - INFO - fold number:1
2025-04-02 06:55:37 - INFO - epoch:0/25 iteration:0/193 batch loss is :1.2754
2025-04-02 06:55:48 - INFO - epoch:0/25 iteration:5/193 batch loss is :0.7568
2025-04-02 06:55:56 - INFO - epoch:0/25 iteration:10/193 batch loss is :0.4907
2025-04-02 06:56:05 - INFO - epoch:0/25 iteration:15/193 batch loss is :0.9566
2025-04-02 06:56:19 - INFO - epoch:0/25 iteration:20/193 batch loss is :0.4735
2025-04-02 06:56:29 - INFO - epoch:0/25 iteration:25/193 batch loss is :0.7099
2025-04-02 06:56:38 - INFO - epoch:0/25 iteration:30/193 batch loss is :0.5897
2025-04-02 06:56:48 - INFO - epoch:0/25 iteration:35/193 batch loss is :0.5536
2025-04-02 06:57:04 - INFO - epoch:0/25 iteration:40/193 batch loss is :0.5484
2025-04-02 06:57:18 - INFO - epoch:0/25 iteration:45/193 batch loss is :0.6826
2025-04-02 06:57:25 - INFO - epoch:0/25 iteration:50/193 batch loss is :0.6325
2025-04-02 06:57:33 - INFO - epoch:0/25 iteration:55/193 batch loss is :0.3128
2025-04-02 06:57:49 - INFO - epoch:0/25 iteration:60/193 batch loss is :0.4206
2025-04-02 06:57:57 - INFO - epoch:0/25 iteration:65/193 batch loss is :0.7896
2025-04-02 06:58:06 - INFO - epoch:0/25 iteration:70/193 batch loss is :0.1832
2025-04-02 06:58:16 - INFO - epoch:0/25 iteration:75/193 batch loss is :0.5495
2025-04-02 06:58:30 - INFO - epoch:0/25 iteration:80/193 batch loss is :1.8486
2025-04-02 06:58:38 - INFO - epoch:0/25 iteration:85/193 batch loss is :0.4265
2025-04-02 06:58:48 - INFO - epoch:0/25 iteration:90/193 batch loss is :1.2443
2025-04-02 06:58:59 - INFO - epoch:0/25 iteration:95/193 batch loss is :0.3094
2025-04-02 06:59:13 - INFO - epoch:0/25 iteration:100/193 batch loss is :0.2566
2025-04-02 06:59:20 - INFO - epoch:0/25 iteration:105/193 batch loss is :0.4567
2025-04-02 06:59:31 - INFO - epoch:0/25 iteration:110/193 batch loss is :0.3514
2025-04-02 06:59:46 - INFO - epoch:0/25 iteration:115/193 batch loss is :0.5630
2025-04-02 06:59:55 - INFO - epoch:0/25 iteration:120/193 batch loss is :0.5222
2025-04-02 07:00:03 - INFO - epoch:0/25 iteration:125/193 batch loss is :0.8181
2025-04-02 07:00:15 - INFO - epoch:0/25 iteration:130/193 batch loss is :0.9066
2025-04-02 07:00:30 - INFO - epoch:0/25 iteration:135/193 batch loss is :0.3756
2025-04-02 07:00:39 - INFO - epoch:0/25 iteration:140/193 batch loss is :0.4168
2025-04-02 07:00:49 - INFO - epoch:0/25 iteration:145/193 batch loss is :0.2255
2025-04-02 07:01:00 - INFO - epoch:0/25 iteration:150/193 batch loss is :0.5383
2025-04-02 07:01:17 - INFO - epoch:0/25 iteration:155/193 batch loss is :1.2896
2025-04-02 07:01:26 - INFO - epoch:0/25 iteration:160/193 batch loss is :0.9905
2025-04-02 07:01:34 - INFO - epoch:0/25 iteration:165/193 batch loss is :0.3863
2025-04-02 07:01:43 - INFO - epoch:0/25 iteration:170/193 batch loss is :0.4427
2025-04-02 07:02:01 - INFO - epoch:0/25 iteration:175/193 batch loss is :0.5424
2025-04-02 07:02:12 - INFO - epoch:0/25 iteration:180/193 batch loss is :0.4987
2025-04-02 07:02:21 - INFO - epoch:0/25 iteration:185/193 batch loss is :0.7488
2025-04-02 07:02:28 - INFO - epoch:0/25 iteration:190/193 batch loss is :0.4265
2025-04-02 07:02:35 - INFO - Epoch:0/25 Loss is :0.7175
2025-04-02 07:05:01 - INFO - val accuarcy is : 0.2023
2025-04-02 07:05:01 - INFO - VAL loss :6.7342
2025-04-02 07:05:31 - INFO - epoch:1/25 iteration:0/193 batch loss is :1.2713
2025-04-02 07:05:36 - INFO - epoch:1/25 iteration:5/193 batch loss is :1.9812
2025-04-02 07:05:42 - INFO - epoch:1/25 iteration:10/193 batch loss is :0.0986
2025-04-02 07:05:47 - INFO - epoch:1/25 iteration:15/193 batch loss is :0.2661
2025-04-02 07:05:55 - INFO - epoch:1/25 iteration:20/193 batch loss is :0.5253
2025-04-02 07:06:01 - INFO - epoch:1/25 iteration:25/193 batch loss is :0.2804
2025-04-02 07:06:07 - INFO - epoch:1/25 iteration:30/193 batch loss is :0.9503
2025-04-02 07:06:12 - INFO - epoch:1/25 iteration:35/193 batch loss is :1.5147
2025-04-02 07:06:20 - INFO - epoch:1/25 iteration:40/193 batch loss is :0.8792
2025-04-02 07:06:26 - INFO - epoch:1/25 iteration:45/193 batch loss is :0.2725
2025-04-02 07:06:31 - INFO - epoch:1/25 iteration:50/193 batch loss is :0.6288
2025-04-02 07:06:37 - INFO - epoch:1/25 iteration:55/193 batch loss is :0.3750
2025-04-02 07:06:45 - INFO - epoch:1/25 iteration:60/193 batch loss is :0.7276
2025-04-02 07:06:51 - INFO - epoch:1/25 iteration:65/193 batch loss is :0.4763
2025-04-02 07:06:56 - INFO - epoch:1/25 iteration:70/193 batch loss is :1.0029
2025-04-02 07:07:02 - INFO - epoch:1/25 iteration:75/193 batch loss is :0.5408
2025-04-02 07:07:10 - INFO - epoch:1/25 iteration:80/193 batch loss is :1.0262
2025-04-02 07:07:15 - INFO - epoch:1/25 iteration:85/193 batch loss is :0.6842
2025-04-02 07:07:21 - INFO - epoch:1/25 iteration:90/193 batch loss is :0.0964
2025-04-02 07:07:26 - INFO - epoch:1/25 iteration:95/193 batch loss is :0.5711
2025-04-02 07:07:34 - INFO - epoch:1/25 iteration:100/193 batch loss is :0.3311
2025-04-02 07:07:40 - INFO - epoch:1/25 iteration:105/193 batch loss is :1.0217
2025-04-02 07:07:46 - INFO - epoch:1/25 iteration:110/193 batch loss is :0.4515
2025-04-02 07:07:51 - INFO - epoch:1/25 iteration:115/193 batch loss is :0.4631
2025-04-02 07:07:59 - INFO - epoch:1/25 iteration:120/193 batch loss is :0.1422
2025-04-02 07:08:09 - INFO - epoch:1/25 iteration:125/193 batch loss is :0.5235
2025-04-02 07:08:20 - INFO - epoch:1/25 iteration:130/193 batch loss is :0.3330
2025-04-02 07:08:32 - INFO - epoch:1/25 iteration:135/193 batch loss is :0.2737
2025-04-02 07:08:50 - INFO - epoch:1/25 iteration:140/193 batch loss is :0.1577
2025-04-02 07:09:02 - INFO - epoch:1/25 iteration:145/193 batch loss is :0.5541
2025-04-02 07:09:13 - INFO - epoch:1/25 iteration:150/193 batch loss is :0.5595
2025-04-02 07:09:25 - INFO - epoch:1/25 iteration:155/193 batch loss is :0.5860
2025-04-02 07:09:42 - INFO - epoch:1/25 iteration:160/193 batch loss is :0.9875
2025-04-02 07:09:52 - INFO - epoch:1/25 iteration:165/193 batch loss is :0.5492
2025-04-02 07:10:02 - INFO - epoch:1/25 iteration:170/193 batch loss is :0.3207
2025-04-02 07:10:12 - INFO - epoch:1/25 iteration:175/193 batch loss is :0.9055
2025-04-02 07:10:29 - INFO - epoch:1/25 iteration:180/193 batch loss is :0.8215
2025-04-02 07:10:40 - INFO - epoch:1/25 iteration:185/193 batch loss is :0.9528
2025-04-02 07:10:48 - INFO - epoch:1/25 iteration:190/193 batch loss is :0.2464
2025-04-02 07:10:53 - INFO - Epoch:1/25 Loss is :0.7013
2025-04-02 07:11:37 - INFO - epoch:2/25 iteration:0/193 batch loss is :0.5959
2025-04-02 07:11:48 - INFO - epoch:2/25 iteration:5/193 batch loss is :0.6107
2025-04-02 07:11:55 - INFO - epoch:2/25 iteration:10/193 batch loss is :0.6351
2025-04-02 07:12:04 - INFO - epoch:2/25 iteration:15/193 batch loss is :0.6246
2025-04-02 07:12:18 - INFO - epoch:2/25 iteration:20/193 batch loss is :0.2393
2025-04-02 07:12:27 - INFO - epoch:2/25 iteration:25/193 batch loss is :0.2196
2025-04-02 07:12:36 - INFO - epoch:2/25 iteration:30/193 batch loss is :0.5484
2025-04-02 07:12:45 - INFO - epoch:2/25 iteration:35/193 batch loss is :0.5683
2025-04-02 07:13:04 - INFO - epoch:2/25 iteration:40/193 batch loss is :0.7109
2025-04-02 07:13:15 - INFO - epoch:2/25 iteration:45/193 batch loss is :0.6329
2025-04-02 07:13:21 - INFO - epoch:2/25 iteration:50/193 batch loss is :0.1860
2025-04-02 07:13:33 - INFO - epoch:2/25 iteration:55/193 batch loss is :0.6281
2025-04-02 07:13:46 - INFO - epoch:2/25 iteration:60/193 batch loss is :0.5704
2025-04-02 07:13:53 - INFO - epoch:2/25 iteration:65/193 batch loss is :0.5424
2025-04-02 07:14:01 - INFO - epoch:2/25 iteration:70/193 batch loss is :1.1023
2025-04-02 07:14:09 - INFO - epoch:2/25 iteration:75/193 batch loss is :0.6399
2025-04-02 07:14:23 - INFO - epoch:2/25 iteration:80/193 batch loss is :0.4933
2025-04-02 07:14:33 - INFO - epoch:2/25 iteration:85/193 batch loss is :0.7562
2025-04-02 07:14:40 - INFO - epoch:2/25 iteration:90/193 batch loss is :0.3530
2025-04-02 07:14:49 - INFO - epoch:2/25 iteration:95/193 batch loss is :0.7671
2025-04-02 07:14:59 - INFO - epoch:2/25 iteration:100/193 batch loss is :1.2086
2025-04-02 07:15:12 - INFO - epoch:2/25 iteration:105/193 batch loss is :1.4666
2025-04-02 07:15:21 - INFO - epoch:2/25 iteration:110/193 batch loss is :0.4586
2025-04-02 07:15:29 - INFO - epoch:2/25 iteration:115/193 batch loss is :0.8096
2025-04-02 07:15:37 - INFO - epoch:2/25 iteration:120/193 batch loss is :0.3615
2025-04-02 07:15:52 - INFO - epoch:2/25 iteration:125/193 batch loss is :0.6691
2025-04-02 07:16:01 - INFO - epoch:2/25 iteration:130/193 batch loss is :0.9705
2025-04-02 07:16:11 - INFO - epoch:2/25 iteration:135/193 batch loss is :0.6394
2025-04-02 07:16:20 - INFO - epoch:2/25 iteration:140/193 batch loss is :0.2581
2025-04-02 07:16:35 - INFO - epoch:2/25 iteration:145/193 batch loss is :0.9603
2025-04-02 07:16:46 - INFO - epoch:2/25 iteration:150/193 batch loss is :0.3312
2025-04-02 07:16:55 - INFO - epoch:2/25 iteration:155/193 batch loss is :0.4292
2025-04-02 07:17:04 - INFO - epoch:2/25 iteration:160/193 batch loss is :2.4452
2025-04-02 07:17:19 - INFO - epoch:2/25 iteration:165/193 batch loss is :0.4394
2025-04-02 07:17:27 - INFO - epoch:2/25 iteration:170/193 batch loss is :0.3259
2025-04-02 07:17:35 - INFO - epoch:2/25 iteration:175/193 batch loss is :0.1977
2025-04-02 07:17:45 - INFO - epoch:2/25 iteration:180/193 batch loss is :1.2580
2025-04-02 07:17:58 - INFO - epoch:2/25 iteration:185/193 batch loss is :0.3168
2025-04-02 07:18:07 - INFO - epoch:2/25 iteration:190/193 batch loss is :0.3306
2025-04-02 07:18:09 - INFO - Epoch:2/25 Loss is :0.7077
2025-04-02 07:18:39 - INFO - epoch:3/25 iteration:0/193 batch loss is :0.2730
2025-04-02 07:18:44 - INFO - epoch:3/25 iteration:5/193 batch loss is :0.3437
2025-04-02 07:18:50 - INFO - epoch:3/25 iteration:10/193 batch loss is :0.3808
2025-04-02 07:18:55 - INFO - epoch:3/25 iteration:15/193 batch loss is :0.7387
2025-04-02 07:19:03 - INFO - epoch:3/25 iteration:20/193 batch loss is :1.1286
2025-04-02 07:19:09 - INFO - epoch:3/25 iteration:25/193 batch loss is :0.7804
2025-04-02 07:19:15 - INFO - epoch:3/25 iteration:30/193 batch loss is :0.2072
2025-04-02 07:19:20 - INFO - epoch:3/25 iteration:35/193 batch loss is :0.8524
2025-04-02 07:19:28 - INFO - epoch:3/25 iteration:40/193 batch loss is :0.6112
2025-04-02 07:19:34 - INFO - epoch:3/25 iteration:45/193 batch loss is :1.7381
2025-04-02 07:19:40 - INFO - epoch:3/25 iteration:50/193 batch loss is :0.8174
2025-04-02 07:19:45 - INFO - epoch:3/25 iteration:55/193 batch loss is :0.3867
2025-04-02 07:19:53 - INFO - epoch:3/25 iteration:60/193 batch loss is :0.5008
2025-04-02 07:19:59 - INFO - epoch:3/25 iteration:65/193 batch loss is :1.5001
2025-04-02 07:20:05 - INFO - epoch:3/25 iteration:70/193 batch loss is :0.2360
2025-04-02 07:20:10 - INFO - epoch:3/25 iteration:75/193 batch loss is :0.2003
2025-04-02 07:20:18 - INFO - epoch:3/25 iteration:80/193 batch loss is :0.5224
2025-04-02 07:20:24 - INFO - epoch:3/25 iteration:85/193 batch loss is :0.5494
2025-04-02 07:20:30 - INFO - epoch:3/25 iteration:90/193 batch loss is :1.2511
2025-04-02 07:20:35 - INFO - epoch:3/25 iteration:95/193 batch loss is :0.4257
2025-04-02 07:20:43 - INFO - epoch:3/25 iteration:100/193 batch loss is :0.7283
2025-04-02 07:20:49 - INFO - epoch:3/25 iteration:105/193 batch loss is :0.4369
2025-04-02 07:20:54 - INFO - epoch:3/25 iteration:110/193 batch loss is :1.0995
2025-04-02 07:21:00 - INFO - epoch:3/25 iteration:115/193 batch loss is :0.4126
2025-04-02 07:21:08 - INFO - epoch:3/25 iteration:120/193 batch loss is :0.6764
2025-04-02 07:21:13 - INFO - epoch:3/25 iteration:125/193 batch loss is :0.5394
2025-04-02 07:21:19 - INFO - epoch:3/25 iteration:130/193 batch loss is :0.4752
2025-04-02 07:21:25 - INFO - epoch:3/25 iteration:135/193 batch loss is :0.3246
2025-04-02 07:21:33 - INFO - epoch:3/25 iteration:140/193 batch loss is :0.8315
2025-04-02 07:21:39 - INFO - epoch:3/25 iteration:145/193 batch loss is :0.6177
2025-04-02 07:21:45 - INFO - epoch:3/25 iteration:150/193 batch loss is :0.3057
2025-04-02 07:21:50 - INFO - epoch:3/25 iteration:155/193 batch loss is :0.1526
2025-04-02 07:21:57 - INFO - epoch:3/25 iteration:160/193 batch loss is :0.6040
2025-04-02 07:22:04 - INFO - epoch:3/25 iteration:165/193 batch loss is :0.2076
2025-04-02 07:22:09 - INFO - epoch:3/25 iteration:170/193 batch loss is :1.3943
2025-04-02 07:22:15 - INFO - epoch:3/25 iteration:175/193 batch loss is :0.3783
2025-04-02 07:22:22 - INFO - epoch:3/25 iteration:180/193 batch loss is :0.4089
2025-04-02 07:22:28 - INFO - epoch:3/25 iteration:185/193 batch loss is :1.2070
2025-04-02 07:22:33 - INFO - epoch:3/25 iteration:190/193 batch loss is :0.1797
2025-04-02 07:22:35 - INFO - Epoch:3/25 Loss is :0.6826
2025-04-02 07:23:05 - INFO - epoch:4/25 iteration:0/193 batch loss is :0.5109
2025-04-02 07:23:14 - INFO - epoch:4/25 iteration:5/193 batch loss is :0.1333
2025-04-02 07:23:26 - INFO - epoch:4/25 iteration:10/193 batch loss is :0.2679
2025-04-02 07:23:35 - INFO - epoch:4/25 iteration:15/193 batch loss is :0.5007
2025-04-02 07:23:55 - INFO - epoch:4/25 iteration:20/193 batch loss is :0.8472
2025-04-02 07:24:05 - INFO - epoch:4/25 iteration:25/193 batch loss is :0.8099
2025-04-02 07:24:15 - INFO - epoch:4/25 iteration:30/193 batch loss is :0.4934
2025-04-02 07:24:25 - INFO - epoch:4/25 iteration:35/193 batch loss is :0.6043
2025-04-02 07:24:42 - INFO - epoch:4/25 iteration:40/193 batch loss is :0.3766
2025-04-02 07:24:52 - INFO - epoch:4/25 iteration:45/193 batch loss is :0.6343
2025-04-02 07:25:02 - INFO - epoch:4/25 iteration:50/193 batch loss is :0.4803
2025-04-02 07:25:12 - INFO - epoch:4/25 iteration:55/193 batch loss is :1.1751
2025-04-02 07:25:31 - INFO - epoch:4/25 iteration:60/193 batch loss is :0.3264
2025-04-02 07:25:42 - INFO - epoch:4/25 iteration:65/193 batch loss is :1.3778
2025-04-02 07:25:52 - INFO - epoch:4/25 iteration:70/193 batch loss is :1.2454
2025-04-02 07:26:02 - INFO - epoch:4/25 iteration:75/193 batch loss is :1.2101
2025-04-02 07:26:20 - INFO - epoch:4/25 iteration:80/193 batch loss is :1.1635
2025-04-02 07:26:31 - INFO - epoch:4/25 iteration:85/193 batch loss is :1.6041
2025-04-02 07:26:41 - INFO - epoch:4/25 iteration:90/193 batch loss is :0.4066
2025-04-02 07:26:52 - INFO - epoch:4/25 iteration:95/193 batch loss is :0.3709
2025-04-02 07:27:10 - INFO - epoch:4/25 iteration:100/193 batch loss is :0.3536
2025-04-02 07:27:20 - INFO - epoch:4/25 iteration:105/193 batch loss is :0.7094
2025-04-02 07:27:31 - INFO - epoch:4/25 iteration:110/193 batch loss is :0.8244
2025-04-02 07:27:41 - INFO - epoch:4/25 iteration:115/193 batch loss is :0.6132
2025-04-02 07:28:00 - INFO - epoch:4/25 iteration:120/193 batch loss is :1.2817
2025-04-02 07:28:11 - INFO - epoch:4/25 iteration:125/193 batch loss is :0.8363
2025-04-02 07:28:21 - INFO - epoch:4/25 iteration:130/193 batch loss is :0.4873
2025-04-02 07:28:31 - INFO - epoch:4/25 iteration:135/193 batch loss is :1.9846
2025-04-02 07:28:49 - INFO - epoch:4/25 iteration:140/193 batch loss is :0.6838
2025-04-02 07:29:00 - INFO - epoch:4/25 iteration:145/193 batch loss is :0.2966
2025-04-02 07:29:11 - INFO - epoch:4/25 iteration:150/193 batch loss is :0.3493
2025-04-02 07:29:22 - INFO - epoch:4/25 iteration:155/193 batch loss is :0.2258
2025-04-02 07:29:37 - INFO - epoch:4/25 iteration:160/193 batch loss is :0.3803
2025-04-02 07:29:49 - INFO - epoch:4/25 iteration:165/193 batch loss is :1.2161
2025-04-02 07:29:59 - INFO - epoch:4/25 iteration:170/193 batch loss is :0.2999
2025-04-02 07:30:12 - INFO - epoch:4/25 iteration:175/193 batch loss is :0.2248
2025-04-02 07:30:28 - INFO - epoch:4/25 iteration:180/193 batch loss is :1.1733
2025-04-02 07:30:38 - INFO - epoch:4/25 iteration:185/193 batch loss is :0.3523
2025-04-02 07:30:47 - INFO - epoch:4/25 iteration:190/193 batch loss is :0.7301
2025-04-02 07:30:51 - INFO - Epoch:4/25 Loss is :0.6786
2025-04-02 07:31:31 - INFO - epoch:5/25 iteration:0/193 batch loss is :0.4636
2025-04-02 07:31:36 - INFO - epoch:5/25 iteration:5/193 batch loss is :0.2891
2025-04-02 07:31:42 - INFO - epoch:5/25 iteration:10/193 batch loss is :0.7068
2025-04-02 07:31:47 - INFO - epoch:5/25 iteration:15/193 batch loss is :0.2632
2025-04-02 07:31:55 - INFO - epoch:5/25 iteration:20/193 batch loss is :0.3296
2025-04-02 07:32:03 - INFO - epoch:5/25 iteration:25/193 batch loss is :0.5252
2025-04-02 07:32:08 - INFO - epoch:5/25 iteration:30/193 batch loss is :0.1038
2025-04-02 07:32:14 - INFO - epoch:5/25 iteration:35/193 batch loss is :1.1865
2025-04-02 07:32:21 - INFO - epoch:5/25 iteration:40/193 batch loss is :0.7077
2025-04-02 07:32:27 - INFO - epoch:5/25 iteration:45/193 batch loss is :0.5513
2025-04-02 07:32:33 - INFO - epoch:5/25 iteration:50/193 batch loss is :0.2444
2025-04-02 07:32:38 - INFO - epoch:5/25 iteration:55/193 batch loss is :0.2704
2025-04-02 07:32:45 - INFO - epoch:5/25 iteration:60/193 batch loss is :0.4837
2025-04-02 07:32:52 - INFO - epoch:5/25 iteration:65/193 batch loss is :0.5128
2025-04-02 07:32:57 - INFO - epoch:5/25 iteration:70/193 batch loss is :1.0397
2025-04-02 07:33:03 - INFO - epoch:5/25 iteration:75/193 batch loss is :0.7900
2025-04-02 07:33:12 - INFO - epoch:5/25 iteration:80/193 batch loss is :0.9279
2025-04-02 07:33:18 - INFO - epoch:5/25 iteration:85/193 batch loss is :0.9667
2025-04-02 07:33:23 - INFO - epoch:5/25 iteration:90/193 batch loss is :0.7127
2025-04-02 07:33:29 - INFO - epoch:5/25 iteration:95/193 batch loss is :0.0985
2025-04-02 07:33:38 - INFO - epoch:5/25 iteration:100/193 batch loss is :0.5602
2025-04-02 07:33:44 - INFO - epoch:5/25 iteration:105/193 batch loss is :0.6100
2025-04-02 07:33:49 - INFO - epoch:5/25 iteration:110/193 batch loss is :0.5400
2025-04-02 07:33:56 - INFO - epoch:5/25 iteration:115/193 batch loss is :0.9435
2025-04-02 07:34:02 - INFO - epoch:5/25 iteration:120/193 batch loss is :0.5405
2025-04-02 07:34:09 - INFO - epoch:5/25 iteration:125/193 batch loss is :0.3058
2025-04-02 07:34:14 - INFO - epoch:5/25 iteration:130/193 batch loss is :0.9187
2025-04-02 07:34:21 - INFO - epoch:5/25 iteration:135/193 batch loss is :0.2187
2025-04-02 07:34:27 - INFO - epoch:5/25 iteration:140/193 batch loss is :0.5290
2025-04-02 07:34:33 - INFO - epoch:5/25 iteration:145/193 batch loss is :0.8011
2025-04-02 07:34:39 - INFO - epoch:5/25 iteration:150/193 batch loss is :0.4870
2025-04-02 07:34:49 - INFO - epoch:5/25 iteration:155/193 batch loss is :0.4824
2025-04-02 07:34:55 - INFO - epoch:5/25 iteration:160/193 batch loss is :0.2482
2025-04-02 07:35:00 - INFO - epoch:5/25 iteration:165/193 batch loss is :1.1659
2025-04-02 07:35:06 - INFO - epoch:5/25 iteration:170/193 batch loss is :0.9222
2025-04-02 07:35:14 - INFO - epoch:5/25 iteration:175/193 batch loss is :0.3124
2025-04-02 07:35:19 - INFO - epoch:5/25 iteration:180/193 batch loss is :0.6408
2025-04-02 07:35:26 - INFO - epoch:5/25 iteration:185/193 batch loss is :0.0869
2025-04-02 07:35:32 - INFO - epoch:5/25 iteration:190/193 batch loss is :0.4654
2025-04-02 07:35:35 - INFO - Epoch:5/25 Loss is :0.6796
2025-04-02 07:38:00 - INFO - val accuarcy is : 0.2023
2025-04-02 07:38:00 - INFO - VAL loss :6.7918
2025-04-02 07:38:43 - INFO - epoch:6/25 iteration:0/193 batch loss is :0.5215
2025-04-02 07:38:53 - INFO - epoch:6/25 iteration:5/193 batch loss is :1.2300
2025-04-02 07:39:04 - INFO - epoch:6/25 iteration:10/193 batch loss is :0.8038
2025-04-02 07:39:15 - INFO - epoch:6/25 iteration:15/193 batch loss is :0.2167
2025-04-02 07:39:31 - INFO - epoch:6/25 iteration:20/193 batch loss is :0.6598
2025-04-02 07:39:42 - INFO - epoch:6/25 iteration:25/193 batch loss is :0.3601
2025-04-02 07:39:54 - INFO - epoch:6/25 iteration:30/193 batch loss is :0.8199
2025-04-02 07:40:05 - INFO - epoch:6/25 iteration:35/193 batch loss is :0.4463
2025-04-02 07:40:19 - INFO - epoch:6/25 iteration:40/193 batch loss is :0.3323
2025-04-02 07:40:33 - INFO - epoch:6/25 iteration:45/193 batch loss is :0.9272
2025-04-02 07:40:45 - INFO - epoch:6/25 iteration:50/193 batch loss is :0.2564
2025-04-02 07:40:56 - INFO - epoch:6/25 iteration:55/193 batch loss is :0.6572
2025-04-02 07:41:11 - INFO - epoch:6/25 iteration:60/193 batch loss is :0.0841
2025-04-02 07:41:22 - INFO - epoch:6/25 iteration:65/193 batch loss is :1.3453
2025-04-02 07:41:34 - INFO - epoch:6/25 iteration:70/193 batch loss is :0.3173
2025-04-02 07:41:46 - INFO - epoch:6/25 iteration:75/193 batch loss is :0.1776
2025-04-02 07:42:05 - INFO - epoch:6/25 iteration:80/193 batch loss is :0.8707
2025-04-02 07:42:16 - INFO - epoch:6/25 iteration:85/193 batch loss is :0.6379
2025-04-02 07:42:27 - INFO - epoch:6/25 iteration:90/193 batch loss is :0.1152
2025-04-02 07:42:38 - INFO - epoch:6/25 iteration:95/193 batch loss is :0.2523
2025-04-02 07:42:56 - INFO - epoch:6/25 iteration:100/193 batch loss is :0.4227
2025-04-02 07:43:07 - INFO - epoch:6/25 iteration:105/193 batch loss is :0.5392
2025-04-02 07:43:18 - INFO - epoch:6/25 iteration:110/193 batch loss is :0.4507
2025-04-02 07:43:29 - INFO - epoch:6/25 iteration:115/193 batch loss is :1.4703
2025-04-02 07:43:45 - INFO - epoch:6/25 iteration:120/193 batch loss is :0.4589
2025-04-02 07:43:57 - INFO - epoch:6/25 iteration:125/193 batch loss is :0.3898
2025-04-02 07:44:07 - INFO - epoch:6/25 iteration:130/193 batch loss is :0.3758
2025-04-02 07:44:19 - INFO - epoch:6/25 iteration:135/193 batch loss is :0.4928
2025-04-02 07:44:36 - INFO - epoch:6/25 iteration:140/193 batch loss is :0.8506
2025-04-02 07:44:47 - INFO - epoch:6/25 iteration:145/193 batch loss is :0.4700
2025-04-02 07:44:58 - INFO - epoch:6/25 iteration:150/193 batch loss is :0.2727
2025-04-02 07:45:10 - INFO - epoch:6/25 iteration:155/193 batch loss is :0.2460
2025-04-02 07:45:29 - INFO - epoch:6/25 iteration:160/193 batch loss is :1.9594
2025-04-02 07:45:39 - INFO - epoch:6/25 iteration:165/193 batch loss is :0.4089
2025-04-02 07:45:50 - INFO - epoch:6/25 iteration:170/193 batch loss is :0.6298
2025-04-02 07:46:01 - INFO - epoch:6/25 iteration:175/193 batch loss is :0.4624
2025-04-02 07:46:19 - INFO - epoch:6/25 iteration:180/193 batch loss is :0.4161
2025-04-02 07:46:29 - INFO - epoch:6/25 iteration:185/193 batch loss is :0.8296
2025-04-02 07:46:37 - INFO - epoch:6/25 iteration:190/193 batch loss is :1.2786
2025-04-02 07:46:41 - INFO - Epoch:6/25 Loss is :0.6625
2025-04-02 07:47:11 - INFO - epoch:7/25 iteration:0/193 batch loss is :0.7869
2025-04-02 07:47:17 - INFO - epoch:7/25 iteration:5/193 batch loss is :1.4995
2025-04-02 07:47:22 - INFO - epoch:7/25 iteration:10/193 batch loss is :0.3392
2025-04-02 07:47:28 - INFO - epoch:7/25 iteration:15/193 batch loss is :0.7489
2025-04-02 07:47:36 - INFO - epoch:7/25 iteration:20/193 batch loss is :0.5114
2025-04-02 07:47:42 - INFO - epoch:7/25 iteration:25/193 batch loss is :1.1516
2025-04-02 07:47:47 - INFO - epoch:7/25 iteration:30/193 batch loss is :1.4245
2025-04-02 07:47:53 - INFO - epoch:7/25 iteration:35/193 batch loss is :0.7356
2025-04-02 07:48:01 - INFO - epoch:7/25 iteration:40/193 batch loss is :1.3184
2025-04-02 07:48:07 - INFO - epoch:7/25 iteration:45/193 batch loss is :0.2766
2025-04-02 07:48:13 - INFO - epoch:7/25 iteration:50/193 batch loss is :0.7679
2025-04-02 07:48:19 - INFO - epoch:7/25 iteration:55/193 batch loss is :0.4184
2025-04-02 07:48:27 - INFO - epoch:7/25 iteration:60/193 batch loss is :0.1466
2025-04-02 07:48:32 - INFO - epoch:7/25 iteration:65/193 batch loss is :0.7181
2025-04-02 07:48:38 - INFO - epoch:7/25 iteration:70/193 batch loss is :0.3305
2025-04-02 07:48:44 - INFO - epoch:7/25 iteration:75/193 batch loss is :0.2697
2025-04-02 07:48:52 - INFO - epoch:7/25 iteration:80/193 batch loss is :0.4566
2025-04-02 07:48:58 - INFO - epoch:7/25 iteration:85/193 batch loss is :0.5781
2025-04-02 07:49:04 - INFO - epoch:7/25 iteration:90/193 batch loss is :0.3237
2025-04-02 07:49:09 - INFO - epoch:7/25 iteration:95/193 batch loss is :0.3731
2025-04-02 07:49:17 - INFO - epoch:7/25 iteration:100/193 batch loss is :0.4832
2025-04-02 07:49:23 - INFO - epoch:7/25 iteration:105/193 batch loss is :0.6941
2025-04-02 07:49:29 - INFO - epoch:7/25 iteration:110/193 batch loss is :1.6750
2025-04-02 07:49:34 - INFO - epoch:7/25 iteration:115/193 batch loss is :0.9208
2025-04-02 07:49:43 - INFO - epoch:7/25 iteration:120/193 batch loss is :0.3352
2025-04-02 07:49:48 - INFO - epoch:7/25 iteration:125/193 batch loss is :0.5066
2025-04-02 07:49:54 - INFO - epoch:7/25 iteration:130/193 batch loss is :0.3291
2025-04-02 07:49:59 - INFO - epoch:7/25 iteration:135/193 batch loss is :0.1948
2025-04-02 07:50:07 - INFO - epoch:7/25 iteration:140/193 batch loss is :0.8526
2025-04-02 07:50:13 - INFO - epoch:7/25 iteration:145/193 batch loss is :0.6125
2025-04-02 07:50:18 - INFO - epoch:7/25 iteration:150/193 batch loss is :1.8575
2025-04-02 07:50:24 - INFO - epoch:7/25 iteration:155/193 batch loss is :0.7722
2025-04-02 07:50:32 - INFO - epoch:7/25 iteration:160/193 batch loss is :1.6678
2025-04-02 07:50:37 - INFO - epoch:7/25 iteration:165/193 batch loss is :0.5864
2025-04-02 07:50:43 - INFO - epoch:7/25 iteration:170/193 batch loss is :0.4033
2025-04-02 07:50:49 - INFO - epoch:7/25 iteration:175/193 batch loss is :0.4958
2025-04-02 07:50:57 - INFO - epoch:7/25 iteration:180/193 batch loss is :0.5471
2025-04-02 07:51:02 - INFO - epoch:7/25 iteration:185/193 batch loss is :1.1372
2025-04-02 07:51:07 - INFO - epoch:7/25 iteration:190/193 batch loss is :0.3986
2025-04-02 07:51:09 - INFO - Epoch:7/25 Loss is :0.6762
2025-04-02 07:51:39 - INFO - epoch:8/25 iteration:0/193 batch loss is :0.4446
2025-04-02 07:51:44 - INFO - epoch:8/25 iteration:5/193 batch loss is :0.3276
2025-04-02 07:51:50 - INFO - epoch:8/25 iteration:10/193 batch loss is :0.8057
2025-04-02 07:51:55 - INFO - epoch:8/25 iteration:15/193 batch loss is :0.8417
2025-04-02 07:52:04 - INFO - epoch:8/25 iteration:20/193 batch loss is :0.7318
2025-04-02 07:52:09 - INFO - epoch:8/25 iteration:25/193 batch loss is :0.2116
2025-04-02 07:52:15 - INFO - epoch:8/25 iteration:30/193 batch loss is :0.7664
2025-04-02 07:52:20 - INFO - epoch:8/25 iteration:35/193 batch loss is :0.5844
2025-04-02 07:52:28 - INFO - epoch:8/25 iteration:40/193 batch loss is :1.3710
2025-04-02 07:52:34 - INFO - epoch:8/25 iteration:45/193 batch loss is :1.2230
2025-04-02 07:52:40 - INFO - epoch:8/25 iteration:50/193 batch loss is :0.5745
2025-04-02 07:52:45 - INFO - epoch:8/25 iteration:55/193 batch loss is :0.5156
2025-04-02 07:52:54 - INFO - epoch:8/25 iteration:60/193 batch loss is :0.7579
2025-04-02 07:52:59 - INFO - epoch:8/25 iteration:65/193 batch loss is :0.6096
2025-04-02 07:53:05 - INFO - epoch:8/25 iteration:70/193 batch loss is :0.3694
2025-04-02 07:53:10 - INFO - epoch:8/25 iteration:75/193 batch loss is :1.0122
2025-04-02 07:53:18 - INFO - epoch:8/25 iteration:80/193 batch loss is :1.4558
2025-04-02 07:53:24 - INFO - epoch:8/25 iteration:85/193 batch loss is :0.4634
2025-04-02 07:53:29 - INFO - epoch:8/25 iteration:90/193 batch loss is :0.4119
2025-04-02 07:53:35 - INFO - epoch:8/25 iteration:95/193 batch loss is :1.0331
2025-04-02 07:53:43 - INFO - epoch:8/25 iteration:100/193 batch loss is :0.3870
2025-04-02 07:53:48 - INFO - epoch:8/25 iteration:105/193 batch loss is :0.7712
2025-04-02 07:53:54 - INFO - epoch:8/25 iteration:110/193 batch loss is :1.5709
2025-04-02 07:53:59 - INFO - epoch:8/25 iteration:115/193 batch loss is :0.3487
2025-04-02 07:54:07 - INFO - epoch:8/25 iteration:120/193 batch loss is :0.2922
2025-04-02 07:54:13 - INFO - epoch:8/25 iteration:125/193 batch loss is :0.9826
2025-04-02 07:54:18 - INFO - epoch:8/25 iteration:130/193 batch loss is :0.4844
2025-04-02 07:54:24 - INFO - epoch:8/25 iteration:135/193 batch loss is :0.5104
2025-04-02 07:54:32 - INFO - epoch:8/25 iteration:140/193 batch loss is :0.6748
2025-04-02 07:54:38 - INFO - epoch:8/25 iteration:145/193 batch loss is :0.5291
2025-04-02 07:54:44 - INFO - epoch:8/25 iteration:150/193 batch loss is :0.5444
2025-04-02 07:54:49 - INFO - epoch:8/25 iteration:155/193 batch loss is :0.2678
2025-04-02 07:54:57 - INFO - epoch:8/25 iteration:160/193 batch loss is :1.1529
2025-04-02 07:55:03 - INFO - epoch:8/25 iteration:165/193 batch loss is :1.2232
2025-04-02 07:55:08 - INFO - epoch:8/25 iteration:170/193 batch loss is :0.8039
2025-04-02 07:55:14 - INFO - epoch:8/25 iteration:175/193 batch loss is :0.9482
2025-04-02 07:55:22 - INFO - epoch:8/25 iteration:180/193 batch loss is :0.4524
2025-04-02 07:55:27 - INFO - epoch:8/25 iteration:185/193 batch loss is :0.7133
2025-04-02 07:55:33 - INFO - epoch:8/25 iteration:190/193 batch loss is :1.0394
2025-04-02 07:55:35 - INFO - Epoch:8/25 Loss is :0.6554
2025-04-02 07:56:05 - INFO - epoch:9/25 iteration:0/193 batch loss is :1.2316
2025-04-02 07:56:10 - INFO - epoch:9/25 iteration:5/193 batch loss is :1.0686
2025-04-02 07:56:15 - INFO - epoch:9/25 iteration:10/193 batch loss is :0.3425
2025-04-02 07:56:21 - INFO - epoch:9/25 iteration:15/193 batch loss is :0.5336
2025-04-02 07:56:28 - INFO - epoch:9/25 iteration:20/193 batch loss is :0.3885
2025-04-02 07:56:34 - INFO - epoch:9/25 iteration:25/193 batch loss is :0.6033
2025-04-02 07:56:40 - INFO - epoch:9/25 iteration:30/193 batch loss is :0.8396
2025-04-02 07:56:45 - INFO - epoch:9/25 iteration:35/193 batch loss is :0.2850
2025-04-02 07:56:53 - INFO - epoch:9/25 iteration:40/193 batch loss is :0.3440
2025-04-02 07:56:59 - INFO - epoch:9/25 iteration:45/193 batch loss is :0.4532
2025-04-02 07:57:04 - INFO - epoch:9/25 iteration:50/193 batch loss is :0.5114
2025-04-02 07:57:10 - INFO - epoch:9/25 iteration:55/193 batch loss is :2.3952
2025-04-02 07:57:18 - INFO - epoch:9/25 iteration:60/193 batch loss is :0.4940
2025-04-02 07:57:24 - INFO - epoch:9/25 iteration:65/193 batch loss is :0.6159
2025-04-02 07:57:29 - INFO - epoch:9/25 iteration:70/193 batch loss is :0.3771
2025-04-02 07:57:34 - INFO - epoch:9/25 iteration:75/193 batch loss is :0.2820
2025-04-02 07:57:43 - INFO - epoch:9/25 iteration:80/193 batch loss is :0.7200
2025-04-02 07:57:48 - INFO - epoch:9/25 iteration:85/193 batch loss is :0.6491
2025-04-02 07:57:54 - INFO - epoch:9/25 iteration:90/193 batch loss is :0.5692
2025-04-02 07:57:59 - INFO - epoch:9/25 iteration:95/193 batch loss is :0.5808
2025-04-02 07:58:07 - INFO - epoch:9/25 iteration:100/193 batch loss is :0.7421
2025-04-02 07:58:13 - INFO - epoch:9/25 iteration:105/193 batch loss is :0.8073
2025-04-02 07:58:18 - INFO - epoch:9/25 iteration:110/193 batch loss is :1.0079
2025-04-02 07:58:24 - INFO - epoch:9/25 iteration:115/193 batch loss is :0.8113
2025-04-02 07:58:32 - INFO - epoch:9/25 iteration:120/193 batch loss is :0.4876
2025-04-02 07:58:38 - INFO - epoch:9/25 iteration:125/193 batch loss is :0.6799
2025-04-02 07:58:43 - INFO - epoch:9/25 iteration:130/193 batch loss is :1.2109
2025-04-02 07:58:49 - INFO - epoch:9/25 iteration:135/193 batch loss is :0.2124
2025-04-02 07:58:57 - INFO - epoch:9/25 iteration:140/193 batch loss is :0.6182
2025-04-02 07:59:03 - INFO - epoch:9/25 iteration:145/193 batch loss is :0.2599
2025-04-02 07:59:09 - INFO - epoch:9/25 iteration:150/193 batch loss is :0.4000
2025-04-02 07:59:14 - INFO - epoch:9/25 iteration:155/193 batch loss is :0.8111
2025-04-02 07:59:22 - INFO - epoch:9/25 iteration:160/193 batch loss is :0.6157
2025-04-02 07:59:28 - INFO - epoch:9/25 iteration:165/193 batch loss is :0.1051
2025-04-02 07:59:34 - INFO - epoch:9/25 iteration:170/193 batch loss is :0.5025
2025-04-02 07:59:39 - INFO - epoch:9/25 iteration:175/193 batch loss is :0.3192
2025-04-02 07:59:47 - INFO - epoch:9/25 iteration:180/193 batch loss is :0.6131
2025-04-02 07:59:53 - INFO - epoch:9/25 iteration:185/193 batch loss is :1.3469
2025-04-02 07:59:59 - INFO - epoch:9/25 iteration:190/193 batch loss is :0.3108
2025-04-02 08:00:00 - INFO - Epoch:9/25 Loss is :0.6738
2025-04-02 08:00:30 - INFO - epoch:10/25 iteration:0/193 batch loss is :1.1162
2025-04-02 08:00:35 - INFO - epoch:10/25 iteration:5/193 batch loss is :0.7618
2025-04-02 08:00:41 - INFO - epoch:10/25 iteration:10/193 batch loss is :0.7116
2025-04-02 08:00:46 - INFO - epoch:10/25 iteration:15/193 batch loss is :0.9574
2025-04-02 08:00:55 - INFO - epoch:10/25 iteration:20/193 batch loss is :0.5916
2025-04-02 08:01:00 - INFO - epoch:10/25 iteration:25/193 batch loss is :0.9075
2025-04-02 08:01:06 - INFO - epoch:10/25 iteration:30/193 batch loss is :0.4087
2025-04-02 08:01:11 - INFO - epoch:10/25 iteration:35/193 batch loss is :0.2128
2025-04-02 08:01:19 - INFO - epoch:10/25 iteration:40/193 batch loss is :1.1050
2025-04-02 08:01:25 - INFO - epoch:10/25 iteration:45/193 batch loss is :0.6507
2025-04-02 08:01:30 - INFO - epoch:10/25 iteration:50/193 batch loss is :0.6091
2025-04-02 08:01:36 - INFO - epoch:10/25 iteration:55/193 batch loss is :1.4259
2025-04-02 08:01:44 - INFO - epoch:10/25 iteration:60/193 batch loss is :0.7173
2025-04-02 08:01:49 - INFO - epoch:10/25 iteration:65/193 batch loss is :0.5024
2025-04-02 08:01:55 - INFO - epoch:10/25 iteration:70/193 batch loss is :2.2261
2025-04-02 08:02:01 - INFO - epoch:10/25 iteration:75/193 batch loss is :1.3068
2025-04-02 08:02:09 - INFO - epoch:10/25 iteration:80/193 batch loss is :0.4058
2025-04-02 08:02:14 - INFO - epoch:10/25 iteration:85/193 batch loss is :0.7795
2025-04-02 08:02:20 - INFO - epoch:10/25 iteration:90/193 batch loss is :0.3620
2025-04-02 08:02:25 - INFO - epoch:10/25 iteration:95/193 batch loss is :1.0109
2025-04-02 08:02:33 - INFO - epoch:10/25 iteration:100/193 batch loss is :0.9234
2025-04-02 08:02:39 - INFO - epoch:10/25 iteration:105/193 batch loss is :0.4374
2025-04-02 08:02:45 - INFO - epoch:10/25 iteration:110/193 batch loss is :0.1404
2025-04-02 08:02:50 - INFO - epoch:10/25 iteration:115/193 batch loss is :0.8909
2025-04-02 08:02:58 - INFO - epoch:10/25 iteration:120/193 batch loss is :0.2702
2025-04-02 08:03:04 - INFO - epoch:10/25 iteration:125/193 batch loss is :0.5829
2025-04-02 08:03:09 - INFO - epoch:10/25 iteration:130/193 batch loss is :0.2138
2025-04-02 08:03:15 - INFO - epoch:10/25 iteration:135/193 batch loss is :0.5295
2025-04-02 08:03:22 - INFO - epoch:10/25 iteration:140/193 batch loss is :0.3828
2025-04-02 08:03:28 - INFO - epoch:10/25 iteration:145/193 batch loss is :0.5590
2025-04-02 08:03:34 - INFO - epoch:10/25 iteration:150/193 batch loss is :0.5660
2025-04-02 08:03:39 - INFO - epoch:10/25 iteration:155/193 batch loss is :1.0010
2025-04-02 08:03:47 - INFO - epoch:10/25 iteration:160/193 batch loss is :0.1326
2025-04-02 08:03:52 - INFO - epoch:10/25 iteration:165/193 batch loss is :0.7217
2025-04-02 08:03:58 - INFO - epoch:10/25 iteration:170/193 batch loss is :0.3874
2025-04-02 08:04:03 - INFO - epoch:10/25 iteration:175/193 batch loss is :0.7378
2025-04-02 08:04:11 - INFO - epoch:10/25 iteration:180/193 batch loss is :0.7352
2025-04-02 08:04:17 - INFO - epoch:10/25 iteration:185/193 batch loss is :1.1272
2025-04-02 08:04:22 - INFO - epoch:10/25 iteration:190/193 batch loss is :0.7345
2025-04-02 08:04:25 - INFO - Epoch:10/25 Loss is :0.6559
2025-04-02 08:06:53 - INFO - val accuarcy is : 0.2127
2025-04-02 08:06:53 - INFO - VAL loss :6.4493
2025-04-02 08:07:23 - INFO - epoch:11/25 iteration:0/193 batch loss is :0.1024
2025-04-02 08:07:28 - INFO - epoch:11/25 iteration:5/193 batch loss is :0.9729
2025-04-02 08:07:34 - INFO - epoch:11/25 iteration:10/193 batch loss is :0.9515
2025-04-02 08:07:39 - INFO - epoch:11/25 iteration:15/193 batch loss is :1.0909
2025-04-02 08:07:47 - INFO - epoch:11/25 iteration:20/193 batch loss is :1.4209
2025-04-02 08:07:53 - INFO - epoch:11/25 iteration:25/193 batch loss is :0.4824
2025-04-02 08:07:58 - INFO - epoch:11/25 iteration:30/193 batch loss is :0.5680
2025-04-02 08:08:03 - INFO - epoch:11/25 iteration:35/193 batch loss is :0.7280
2025-04-02 08:08:11 - INFO - epoch:11/25 iteration:40/193 batch loss is :2.9108
2025-04-02 08:08:17 - INFO - epoch:11/25 iteration:45/193 batch loss is :0.3276
2025-04-02 08:08:22 - INFO - epoch:11/25 iteration:50/193 batch loss is :0.8463
2025-04-02 08:08:33 - INFO - epoch:11/25 iteration:55/193 batch loss is :0.5904
2025-04-02 08:08:49 - INFO - epoch:11/25 iteration:60/193 batch loss is :0.4407
2025-04-02 08:09:00 - INFO - epoch:11/25 iteration:65/193 batch loss is :1.1717
2025-04-02 08:09:11 - INFO - epoch:11/25 iteration:70/193 batch loss is :0.5560
2025-04-02 08:09:22 - INFO - epoch:11/25 iteration:75/193 batch loss is :0.5610
2025-04-02 08:09:37 - INFO - epoch:11/25 iteration:80/193 batch loss is :0.5224
2025-04-02 08:09:49 - INFO - epoch:11/25 iteration:85/193 batch loss is :0.4167
2025-04-02 08:10:00 - INFO - epoch:11/25 iteration:90/193 batch loss is :0.3426
2025-04-02 08:10:11 - INFO - epoch:11/25 iteration:95/193 batch loss is :0.4883
2025-04-02 08:10:27 - INFO - epoch:11/25 iteration:100/193 batch loss is :0.8756
2025-04-02 08:10:38 - INFO - epoch:11/25 iteration:105/193 batch loss is :0.4916
2025-04-02 08:10:48 - INFO - epoch:11/25 iteration:110/193 batch loss is :0.6323
2025-04-02 08:10:59 - INFO - epoch:11/25 iteration:115/193 batch loss is :0.3675
