2025-04-22 10:24:11 - INFO - ------------------------------------------------------------------------------------------------
2025-04-22 10:24:11 - INFO - starting new training !!!!
2025-04-22 10:24:11 - INFO - ------------------------------------------------------------------------------------------------
2025-04-22 10:24:11 - INFO - Namespace(batch=16, class_dict={'early': 0, 'inter': 1, 'ga': 2, 'wet': 3, 'notAMD': 4}, device=device(type='cuda'), epoch=25, excel_path='d:\\cleaning_GUI_annotated_data\\tab_data_annotated_pats.xlsx', gamma=0.1, json='jsons/train_test_val_split_without_scar_with_both_res.json', log_dir='logs/Resnet', lr=0.0001, model_path=None, num_classes=5, save_dir='model_parameter_Resnet', save_freq=5, step_size=10, weight_matrix=tensor([0.2500, 0.2500, 0.1250, 0.1600, 1.0000]))
2025-04-22 10:24:11 - INFO - parameters are being saved at :model_parameter_Resnet\67
2025-04-22 10:24:11 - INFO - found 4 gpus!
2025-04-22 10:24:11 - INFO - DataParallel(
  (module): Resnet18_3D(
    (conv1): Sequential(
      (0): Conv3d(1, 64, kernel_size=(7, 7, 7), stride=(2, 2, 2), padding=(3, 3, 3))
      (1): SyncBatchNorm(64, eps=1e-05, momentum=0.1, affine=True, track_running_stats=True)
      (2): ReLU()
    )
    (maxpool): MaxPool3d(kernel_size=3, stride=2, padding=1, dilation=1, ceil_mode=False)
    (conv2): BasicConvBlock(
      (layers): Sequential(
        (0): Sequential(
          (0): Conv3d(64, 64, kernel_size=(3, 3, 3), stride=(1, 1, 1), padding=(1, 1, 1))
          (1): SyncBatchNorm(64, eps=1e-05, momentum=0.1, affine=True, track_running_stats=True)
          (2): ReLU()
        )
        (1): Sequential(
          (0): Conv3d(64, 64, kernel_size=(3, 3, 3), stride=(1, 1, 1), padding=(1, 1, 1))
          (1): SyncBatchNorm(64, eps=1e-05, momentum=0.1, affine=True, track_running_stats=True)
          (2): ReLU()
        )
        (2): Sequential(
          (0): Conv3d(64, 64, kernel_size=(3, 3, 3), stride=(1, 1, 1), padding=(1, 1, 1))
          (1): SyncBatchNorm(64, eps=1e-05, momentum=0.1, affine=True, track_running_stats=True)
          (2): ReLU()
        )
        (3): Sequential(
          (0): Conv3d(64, 64, kernel_size=(3, 3, 3), stride=(1, 1, 1), padding=(1, 1, 1))
          (1): SyncBatchNorm(64, eps=1e-05, momentum=0.1, affine=True, track_running_stats=True)
          (2): ReLU()
        )
      )
    )
    (conv3): BasicConvBlock(
      (conv1x1): Conv3d(64, 128, kernel_size=(1, 1, 1), stride=(2, 2, 2))
      (layers): Sequential(
        (0): Sequential(
          (0): Conv3d(64, 128, kernel_size=(3, 3, 3), stride=(2, 2, 2), padding=(1, 1, 1))
          (1): SyncBatchNorm(128, eps=1e-05, momentum=0.1, affine=True, track_running_stats=True)
          (2): ReLU()
        )
        (1): Sequential(
          (0): Conv3d(128, 128, kernel_size=(3, 3, 3), stride=(1, 1, 1), padding=(1, 1, 1))
          (1): SyncBatchNorm(128, eps=1e-05, momentum=0.1, affine=True, track_running_stats=True)
          (2): ReLU()
        )
        (2): Sequential(
          (0): Conv3d(128, 128, kernel_size=(3, 3, 3), stride=(1, 1, 1), padding=(1, 1, 1))
          (1): SyncBatchNorm(128, eps=1e-05, momentum=0.1, affine=True, track_running_stats=True)
          (2): ReLU()
        )
        (3): Sequential(
          (0): Conv3d(128, 128, kernel_size=(3, 3, 3), stride=(1, 1, 1), padding=(1, 1, 1))
          (1): SyncBatchNorm(128, eps=1e-05, momentum=0.1, affine=True, track_running_stats=True)
          (2): ReLU()
        )
      )
    )
    (conv4): BasicConvBlock(
      (conv1x1): Conv3d(128, 256, kernel_size=(1, 1, 1), stride=(2, 2, 2))
      (layers): Sequential(
        (0): Sequential(
          (0): Conv3d(128, 256, kernel_size=(3, 3, 3), stride=(2, 2, 2), padding=(1, 1, 1))
          (1): SyncBatchNorm(256, eps=1e-05, momentum=0.1, affine=True, track_running_stats=True)
          (2): ReLU()
        )
        (1): Sequential(
          (0): Conv3d(256, 256, kernel_size=(3, 3, 3), stride=(1, 1, 1), padding=(1, 1, 1))
          (1): SyncBatchNorm(256, eps=1e-05, momentum=0.1, affine=True, track_running_stats=True)
          (2): ReLU()
        )
        (2): Sequential(
          (0): Conv3d(256, 256, kernel_size=(3, 3, 3), stride=(1, 1, 1), padding=(1, 1, 1))
          (1): SyncBatchNorm(256, eps=1e-05, momentum=0.1, affine=True, track_running_stats=True)
          (2): ReLU()
        )
        (3): Sequential(
          (0): Conv3d(256, 256, kernel_size=(3, 3, 3), stride=(1, 1, 1), padding=(1, 1, 1))
          (1): SyncBatchNorm(256, eps=1e-05, momentum=0.1, affine=True, track_running_stats=True)
          (2): ReLU()
        )
      )
    )
    (avgPool): AdaptiveAvgPool3d(output_size=1)
    (linear): Linear(in_features=256, out_features=5, bias=True)
  )
)
2025-04-22 10:24:12 - INFO - fold number:0
2025-04-22 10:26:33 - INFO - epoch:0/25 iteration:0/49 batch loss is :1.6406
2025-04-22 10:26:33 - INFO - the acc is :0.0
2025-04-22 10:26:43 - INFO - epoch:0/25 iteration:5/49 batch loss is :1.5539
2025-04-22 10:26:43 - INFO - the acc is :0.375
2025-04-22 10:26:54 - INFO - epoch:0/25 iteration:10/49 batch loss is :1.5050
2025-04-22 10:26:54 - INFO - the acc is :0.4375
2025-04-22 10:27:33 - INFO - epoch:0/25 iteration:15/49 batch loss is :1.5113
2025-04-22 10:27:33 - INFO - the acc is :0.4375
2025-04-22 10:27:44 - INFO - epoch:0/25 iteration:20/49 batch loss is :1.4680
2025-04-22 10:27:44 - INFO - the acc is :0.4375
2025-04-22 10:28:26 - INFO - epoch:0/25 iteration:25/49 batch loss is :1.3025
2025-04-22 10:28:26 - INFO - the acc is :0.4375
2025-04-22 10:28:37 - INFO - epoch:0/25 iteration:30/49 batch loss is :1.2770
2025-04-22 10:28:37 - INFO - the acc is :0.625
2025-04-22 10:28:47 - INFO - epoch:0/25 iteration:35/49 batch loss is :1.4493
2025-04-22 10:28:47 - INFO - the acc is :0.3125
2025-04-22 10:29:32 - INFO - epoch:0/25 iteration:40/49 batch loss is :1.5085
2025-04-22 10:29:32 - INFO - the acc is :0.375
2025-04-22 10:29:40 - INFO - epoch:0/25 iteration:45/49 batch loss is :1.4144
2025-04-22 10:29:40 - INFO - the acc is :0.375
2025-04-22 10:29:47 - INFO - Epoch:0/25 Loss is :1.5082
2025-04-22 10:32:26 - INFO - val accuarcy is : 0.0207
2025-04-22 10:32:26 - INFO - VAL loss :7.1633
2025-04-22 10:34:44 - INFO - epoch:1/25 iteration:0/49 batch loss is :1.6119
2025-04-22 10:34:44 - INFO - the acc is :0.1875
2025-04-22 10:34:54 - INFO - epoch:1/25 iteration:5/49 batch loss is :1.4705
2025-04-22 10:34:54 - INFO - the acc is :0.3125
2025-04-22 10:35:04 - INFO - epoch:1/25 iteration:10/49 batch loss is :1.4803
2025-04-22 10:35:04 - INFO - the acc is :0.4375
2025-04-22 10:35:53 - INFO - epoch:1/25 iteration:15/49 batch loss is :1.3438
2025-04-22 10:35:53 - INFO - the acc is :0.5625
2025-04-22 10:36:04 - INFO - epoch:1/25 iteration:20/49 batch loss is :1.1894
2025-04-22 10:36:04 - INFO - the acc is :0.4375
2025-04-22 10:36:51 - INFO - epoch:1/25 iteration:25/49 batch loss is :1.7619
2025-04-22 10:36:51 - INFO - the acc is :0.3125
2025-04-22 10:37:02 - INFO - epoch:1/25 iteration:30/49 batch loss is :1.2329
2025-04-22 10:37:02 - INFO - the acc is :0.4375
2025-04-22 10:37:12 - INFO - epoch:1/25 iteration:35/49 batch loss is :1.1488
2025-04-22 10:37:12 - INFO - the acc is :0.4375
2025-04-22 10:38:00 - INFO - epoch:1/25 iteration:40/49 batch loss is :1.0697
2025-04-22 10:38:00 - INFO - the acc is :0.5
2025-04-22 10:38:09 - INFO - epoch:1/25 iteration:45/49 batch loss is :1.4687
2025-04-22 10:38:09 - INFO - the acc is :0.4375
2025-04-22 10:38:15 - INFO - Epoch:1/25 Loss is :1.3651
2025-04-22 10:40:19 - INFO - epoch:2/25 iteration:0/49 batch loss is :1.2106
2025-04-22 10:40:19 - INFO - the acc is :0.375
2025-04-22 10:40:30 - INFO - epoch:2/25 iteration:5/49 batch loss is :1.2902
2025-04-22 10:40:30 - INFO - the acc is :0.5
2025-04-22 10:40:42 - INFO - epoch:2/25 iteration:10/49 batch loss is :1.4239
2025-04-22 10:40:42 - INFO - the acc is :0.375
2025-04-22 10:41:12 - INFO - epoch:2/25 iteration:15/49 batch loss is :1.4165
2025-04-22 10:41:12 - INFO - the acc is :0.375
2025-04-22 10:41:24 - INFO - epoch:2/25 iteration:20/49 batch loss is :1.2444
2025-04-22 10:41:24 - INFO - the acc is :0.375
2025-04-22 10:41:52 - INFO - epoch:2/25 iteration:25/49 batch loss is :1.2920
2025-04-22 10:41:52 - INFO - the acc is :0.3125
2025-04-22 10:42:04 - INFO - epoch:2/25 iteration:30/49 batch loss is :1.4402
2025-04-22 10:42:04 - INFO - the acc is :0.1875
2025-04-22 10:42:15 - INFO - epoch:2/25 iteration:35/49 batch loss is :1.2296
2025-04-22 10:42:15 - INFO - the acc is :0.3125
2025-04-22 10:42:45 - INFO - epoch:2/25 iteration:40/49 batch loss is :1.3498
2025-04-22 10:42:45 - INFO - the acc is :0.5625
2025-04-22 10:42:54 - INFO - epoch:2/25 iteration:45/49 batch loss is :1.4096
2025-04-22 10:42:54 - INFO - the acc is :0.25
2025-04-22 10:43:01 - INFO - Epoch:2/25 Loss is :1.2955
2025-04-22 10:45:04 - INFO - epoch:3/25 iteration:0/49 batch loss is :1.1412
2025-04-22 10:45:04 - INFO - the acc is :0.625
2025-04-22 10:45:16 - INFO - epoch:3/25 iteration:5/49 batch loss is :1.4535
2025-04-22 10:45:16 - INFO - the acc is :0.4375
2025-04-22 10:45:29 - INFO - epoch:3/25 iteration:10/49 batch loss is :1.1340
2025-04-22 10:45:29 - INFO - the acc is :0.5625
2025-04-22 10:46:02 - INFO - epoch:3/25 iteration:15/49 batch loss is :1.4439
2025-04-22 10:46:02 - INFO - the acc is :0.4375
2025-04-22 10:46:13 - INFO - epoch:3/25 iteration:20/49 batch loss is :1.3570
2025-04-22 10:46:13 - INFO - the acc is :0.25
2025-04-22 10:47:02 - INFO - epoch:3/25 iteration:25/49 batch loss is :1.4505
2025-04-22 10:47:02 - INFO - the acc is :0.25
2025-04-22 10:47:12 - INFO - epoch:3/25 iteration:30/49 batch loss is :1.3292
2025-04-22 10:47:12 - INFO - the acc is :0.4375
2025-04-22 10:47:22 - INFO - epoch:3/25 iteration:35/49 batch loss is :1.2241
2025-04-22 10:47:22 - INFO - the acc is :0.5
2025-04-22 10:48:07 - INFO - epoch:3/25 iteration:40/49 batch loss is :1.1150
2025-04-22 10:48:07 - INFO - the acc is :0.625
2025-04-22 10:48:16 - INFO - epoch:3/25 iteration:45/49 batch loss is :1.4044
2025-04-22 10:48:16 - INFO - the acc is :0.375
2025-04-22 10:48:23 - INFO - Epoch:3/25 Loss is :1.3057
2025-04-22 10:50:48 - INFO - epoch:4/25 iteration:0/49 batch loss is :1.2105
2025-04-22 10:50:48 - INFO - the acc is :0.5
2025-04-22 10:50:58 - INFO - epoch:4/25 iteration:5/49 batch loss is :1.0083
2025-04-22 10:50:58 - INFO - the acc is :0.625
2025-04-22 10:51:09 - INFO - epoch:4/25 iteration:10/49 batch loss is :1.2280
2025-04-22 10:51:09 - INFO - the acc is :0.4375
2025-04-22 10:51:56 - INFO - epoch:4/25 iteration:15/49 batch loss is :1.1740
2025-04-22 10:51:56 - INFO - the acc is :0.625
2025-04-22 10:52:08 - INFO - epoch:4/25 iteration:20/49 batch loss is :1.3121
2025-04-22 10:52:08 - INFO - the acc is :0.375
2025-04-22 10:52:57 - INFO - epoch:4/25 iteration:25/49 batch loss is :1.2229
2025-04-22 10:52:57 - INFO - the acc is :0.375
2025-04-22 10:53:08 - INFO - epoch:4/25 iteration:30/49 batch loss is :1.4108
2025-04-22 10:53:08 - INFO - the acc is :0.375
2025-04-22 10:53:18 - INFO - epoch:4/25 iteration:35/49 batch loss is :1.5901
2025-04-22 10:53:18 - INFO - the acc is :0.5
2025-04-22 10:54:03 - INFO - epoch:4/25 iteration:40/49 batch loss is :1.1874
2025-04-22 10:54:03 - INFO - the acc is :0.5625
2025-04-22 10:54:12 - INFO - epoch:4/25 iteration:45/49 batch loss is :0.9732
2025-04-22 10:54:12 - INFO - the acc is :0.75
2025-04-22 10:54:19 - INFO - Epoch:4/25 Loss is :1.2318
2025-04-22 10:56:40 - INFO - epoch:5/25 iteration:0/49 batch loss is :1.1668
2025-04-22 10:56:40 - INFO - the acc is :0.5
2025-04-22 10:56:51 - INFO - epoch:5/25 iteration:5/49 batch loss is :1.1049
2025-04-22 10:56:51 - INFO - the acc is :0.375
2025-04-22 10:57:03 - INFO - epoch:5/25 iteration:10/49 batch loss is :0.9068
2025-04-22 10:57:03 - INFO - the acc is :0.75
2025-04-22 10:57:51 - INFO - epoch:5/25 iteration:15/49 batch loss is :1.3204
2025-04-22 10:57:51 - INFO - the acc is :0.4375
2025-04-22 10:58:03 - INFO - epoch:5/25 iteration:20/49 batch loss is :1.0410
2025-04-22 10:58:03 - INFO - the acc is :0.5625
2025-04-22 10:58:48 - INFO - epoch:5/25 iteration:25/49 batch loss is :1.3038
2025-04-22 10:58:48 - INFO - the acc is :0.375
2025-04-22 10:58:59 - INFO - epoch:5/25 iteration:30/49 batch loss is :1.1418
2025-04-22 10:58:59 - INFO - the acc is :0.6875
2025-04-22 10:59:10 - INFO - epoch:5/25 iteration:35/49 batch loss is :1.3974
2025-04-22 10:59:10 - INFO - the acc is :0.4375
2025-04-22 10:59:33 - INFO - epoch:5/25 iteration:40/49 batch loss is :1.1956
2025-04-22 10:59:33 - INFO - the acc is :0.5625
2025-04-22 10:59:41 - INFO - epoch:5/25 iteration:45/49 batch loss is :0.9718
2025-04-22 10:59:41 - INFO - the acc is :0.5625
2025-04-22 10:59:48 - INFO - Epoch:5/25 Loss is :1.2167
2025-04-22 11:02:19 - INFO - val accuarcy is : 0.0156
2025-04-22 11:02:19 - INFO - VAL loss :9.0080
2025-04-22 11:04:48 - INFO - epoch:6/25 iteration:0/49 batch loss is :1.4455
2025-04-22 11:04:48 - INFO - the acc is :0.3125
2025-04-22 11:04:58 - INFO - epoch:6/25 iteration:5/49 batch loss is :1.2619
2025-04-22 11:04:58 - INFO - the acc is :0.25
2025-04-22 11:05:08 - INFO - epoch:6/25 iteration:10/49 batch loss is :1.4466
2025-04-22 11:05:08 - INFO - the acc is :0.3125
2025-04-22 11:05:58 - INFO - epoch:6/25 iteration:15/49 batch loss is :1.2137
2025-04-22 11:05:58 - INFO - the acc is :0.5
2025-04-22 11:06:08 - INFO - epoch:6/25 iteration:20/49 batch loss is :1.1126
2025-04-22 11:06:08 - INFO - the acc is :0.5625
2025-04-22 11:06:58 - INFO - epoch:6/25 iteration:25/49 batch loss is :0.9986
2025-04-22 11:06:58 - INFO - the acc is :0.5
2025-04-22 11:07:09 - INFO - epoch:6/25 iteration:30/49 batch loss is :1.1142
2025-04-22 11:07:09 - INFO - the acc is :0.5625
2025-04-22 11:07:19 - INFO - epoch:6/25 iteration:35/49 batch loss is :1.5922
2025-04-22 11:07:19 - INFO - the acc is :0.4375
2025-04-22 11:08:09 - INFO - epoch:6/25 iteration:40/49 batch loss is :1.2306
2025-04-22 11:08:09 - INFO - the acc is :0.375
2025-04-22 11:08:18 - INFO - epoch:6/25 iteration:45/49 batch loss is :1.3740
2025-04-22 11:08:18 - INFO - the acc is :0.375
2025-04-22 11:08:25 - INFO - Epoch:6/25 Loss is :1.1906
2025-04-22 11:10:27 - INFO - epoch:7/25 iteration:0/49 batch loss is :1.0508
2025-04-22 11:10:27 - INFO - the acc is :0.375
2025-04-22 11:10:38 - INFO - epoch:7/25 iteration:5/49 batch loss is :1.0907
2025-04-22 11:10:38 - INFO - the acc is :0.625
2025-04-22 11:10:50 - INFO - epoch:7/25 iteration:10/49 batch loss is :1.0774
2025-04-22 11:10:50 - INFO - the acc is :0.6875
2025-04-22 11:11:21 - INFO - epoch:7/25 iteration:15/49 batch loss is :1.1088
2025-04-22 11:11:21 - INFO - the acc is :0.625
2025-04-22 11:11:34 - INFO - epoch:7/25 iteration:20/49 batch loss is :0.9644
2025-04-22 11:11:34 - INFO - the acc is :0.5625
2025-04-22 11:12:05 - INFO - epoch:7/25 iteration:25/49 batch loss is :1.0177
2025-04-22 11:12:05 - INFO - the acc is :0.5625
2025-04-22 11:12:18 - INFO - epoch:7/25 iteration:30/49 batch loss is :1.2097
2025-04-22 11:12:18 - INFO - the acc is :0.375
2025-04-22 11:12:31 - INFO - epoch:7/25 iteration:35/49 batch loss is :1.1987
2025-04-22 11:12:31 - INFO - the acc is :0.625
2025-04-22 11:13:09 - INFO - epoch:7/25 iteration:40/49 batch loss is :0.9162
2025-04-22 11:13:09 - INFO - the acc is :0.5625
2025-04-22 11:13:17 - INFO - epoch:7/25 iteration:45/49 batch loss is :1.1345
2025-04-22 11:13:17 - INFO - the acc is :0.5
2025-04-22 11:13:24 - INFO - Epoch:7/25 Loss is :1.0978
2025-04-22 11:15:54 - INFO - epoch:8/25 iteration:0/49 batch loss is :0.8718
2025-04-22 11:15:54 - INFO - the acc is :0.75
2025-04-22 11:16:09 - INFO - epoch:8/25 iteration:5/49 batch loss is :0.9958
2025-04-22 11:16:09 - INFO - the acc is :0.5625
2025-04-22 11:16:22 - INFO - epoch:8/25 iteration:10/49 batch loss is :1.0201
2025-04-22 11:16:22 - INFO - the acc is :0.5625
2025-04-22 11:18:18 - INFO - epoch:8/25 iteration:15/49 batch loss is :0.7857
2025-04-22 11:18:18 - INFO - the acc is :0.8125
2025-04-22 11:18:31 - INFO - epoch:8/25 iteration:20/49 batch loss is :1.1223
2025-04-22 11:18:31 - INFO - the acc is :0.5625
2025-04-22 11:20:23 - INFO - epoch:8/25 iteration:25/49 batch loss is :1.1616
2025-04-22 11:20:23 - INFO - the acc is :0.4375
2025-04-22 11:20:36 - INFO - epoch:8/25 iteration:30/49 batch loss is :0.9563
2025-04-22 11:20:36 - INFO - the acc is :0.5
2025-04-22 11:20:49 - INFO - epoch:8/25 iteration:35/49 batch loss is :1.1524
2025-04-22 11:20:49 - INFO - the acc is :0.4375
2025-04-22 11:22:39 - INFO - epoch:8/25 iteration:40/49 batch loss is :0.9845
2025-04-22 11:22:39 - INFO - the acc is :0.6875
2025-04-22 11:22:49 - INFO - epoch:8/25 iteration:45/49 batch loss is :1.3971
2025-04-22 11:22:49 - INFO - the acc is :0.3125
2025-04-22 11:22:58 - INFO - Epoch:8/25 Loss is :1.1056
2025-04-22 11:27:13 - INFO - epoch:9/25 iteration:0/49 batch loss is :1.1966
2025-04-22 11:27:13 - INFO - the acc is :0.4375
2025-04-22 11:27:25 - INFO - epoch:9/25 iteration:5/49 batch loss is :1.4410
2025-04-22 11:27:25 - INFO - the acc is :0.625
2025-04-22 11:27:39 - INFO - epoch:9/25 iteration:10/49 batch loss is :0.9428
2025-04-22 11:27:39 - INFO - the acc is :0.5625
2025-04-22 11:29:02 - INFO - epoch:9/25 iteration:15/49 batch loss is :0.8804
2025-04-22 11:29:02 - INFO - the acc is :0.5625
2025-04-22 11:29:17 - INFO - epoch:9/25 iteration:20/49 batch loss is :0.7322
2025-04-22 11:29:17 - INFO - the acc is :0.5
2025-04-22 11:30:25 - INFO - epoch:9/25 iteration:25/49 batch loss is :0.7240
2025-04-22 11:30:25 - INFO - the acc is :0.8125
2025-04-22 11:30:40 - INFO - epoch:9/25 iteration:30/49 batch loss is :0.9179
2025-04-22 11:30:40 - INFO - the acc is :0.5
2025-04-22 11:30:53 - INFO - epoch:9/25 iteration:35/49 batch loss is :0.9124
2025-04-22 11:30:53 - INFO - the acc is :0.625
2025-04-22 11:31:50 - INFO - epoch:9/25 iteration:40/49 batch loss is :1.0423
2025-04-22 11:31:50 - INFO - the acc is :0.5625
2025-04-22 11:32:01 - INFO - epoch:9/25 iteration:45/49 batch loss is :0.6558
2025-04-22 11:32:01 - INFO - the acc is :0.9375
2025-04-22 11:32:09 - INFO - Epoch:9/25 Loss is :1.0324
2025-04-22 11:35:19 - INFO - epoch:10/25 iteration:0/49 batch loss is :1.1466
2025-04-22 11:35:19 - INFO - the acc is :0.5625
2025-04-22 11:35:32 - INFO - epoch:10/25 iteration:5/49 batch loss is :1.2274
2025-04-22 11:35:32 - INFO - the acc is :0.4375
2025-04-22 11:35:50 - INFO - epoch:10/25 iteration:10/49 batch loss is :1.2511
2025-04-22 11:35:50 - INFO - the acc is :0.5
2025-04-22 11:36:40 - INFO - epoch:10/25 iteration:15/49 batch loss is :1.0003
2025-04-22 11:36:40 - INFO - the acc is :0.625
2025-04-22 11:38:30 - INFO - epoch:10/25 iteration:20/49 batch loss is :0.9551
2025-04-22 11:38:30 - INFO - the acc is :0.5625
2025-04-22 11:38:45 - INFO - epoch:10/25 iteration:25/49 batch loss is :0.8788
2025-04-22 11:38:45 - INFO - the acc is :0.6875
2025-04-22 11:38:57 - INFO - epoch:10/25 iteration:30/49 batch loss is :0.9840
2025-04-22 11:38:57 - INFO - the acc is :0.75
2025-04-22 11:39:09 - INFO - epoch:10/25 iteration:35/49 batch loss is :1.1815
2025-04-22 11:39:09 - INFO - the acc is :0.4375
2025-04-22 11:39:21 - INFO - epoch:10/25 iteration:40/49 batch loss is :0.4886
2025-04-22 11:39:21 - INFO - the acc is :0.9375
2025-04-22 11:39:31 - INFO - epoch:10/25 iteration:45/49 batch loss is :0.7817
2025-04-22 11:39:31 - INFO - the acc is :0.75
2025-04-22 11:39:39 - INFO - Epoch:10/25 Loss is :0.9732
2025-04-22 11:44:16 - INFO - val accuarcy is : 0.0156
2025-04-22 11:44:16 - INFO - VAL loss :7.5734
2025-04-22 11:48:29 - INFO - epoch:11/25 iteration:0/49 batch loss is :0.7030
2025-04-22 11:48:29 - INFO - the acc is :0.75
2025-04-22 11:48:40 - INFO - epoch:11/25 iteration:5/49 batch loss is :0.9572
2025-04-22 11:48:40 - INFO - the acc is :0.5625
2025-04-22 11:48:51 - INFO - epoch:11/25 iteration:10/49 batch loss is :0.9019
2025-04-22 11:48:51 - INFO - the acc is :0.625
2025-04-22 11:49:44 - INFO - epoch:11/25 iteration:15/49 batch loss is :0.8494
2025-04-22 11:49:44 - INFO - the acc is :0.625
2025-04-22 11:49:54 - INFO - epoch:11/25 iteration:20/49 batch loss is :0.9024
2025-04-22 11:49:54 - INFO - the acc is :0.6875
2025-04-22 11:50:41 - INFO - epoch:11/25 iteration:25/49 batch loss is :0.7852
2025-04-22 11:50:41 - INFO - the acc is :0.6875
2025-04-22 11:50:52 - INFO - epoch:11/25 iteration:30/49 batch loss is :1.0730
2025-04-22 11:50:52 - INFO - the acc is :0.5625
2025-04-22 11:51:02 - INFO - epoch:11/25 iteration:35/49 batch loss is :0.7898
2025-04-22 11:51:02 - INFO - the acc is :0.75
2025-04-22 11:51:49 - INFO - epoch:11/25 iteration:40/49 batch loss is :1.0252
2025-04-22 11:51:49 - INFO - the acc is :0.5
2025-04-22 11:51:57 - INFO - epoch:11/25 iteration:45/49 batch loss is :0.9724
2025-04-22 11:51:57 - INFO - the acc is :0.4375
2025-04-22 11:52:04 - INFO - Epoch:11/25 Loss is :0.9182
2025-04-22 11:54:07 - INFO - epoch:12/25 iteration:0/49 batch loss is :1.0224
2025-04-22 11:54:07 - INFO - the acc is :0.5625
2025-04-22 11:54:17 - INFO - epoch:12/25 iteration:5/49 batch loss is :1.2745
2025-04-22 11:54:17 - INFO - the acc is :0.375
2025-04-22 11:54:30 - INFO - epoch:12/25 iteration:10/49 batch loss is :1.0028
2025-04-22 11:54:30 - INFO - the acc is :0.625
2025-04-22 11:55:00 - INFO - epoch:12/25 iteration:15/49 batch loss is :0.8531
2025-04-22 11:55:00 - INFO - the acc is :0.6875
2025-04-22 11:55:12 - INFO - epoch:12/25 iteration:20/49 batch loss is :0.6617
2025-04-22 11:55:12 - INFO - the acc is :0.8125
2025-04-22 11:55:43 - INFO - epoch:12/25 iteration:25/49 batch loss is :1.0588
2025-04-22 11:55:43 - INFO - the acc is :0.4375
2025-04-22 11:56:59 - INFO - epoch:12/25 iteration:30/49 batch loss is :1.3351
2025-04-22 11:56:59 - INFO - the acc is :0.5
2025-04-22 11:57:08 - INFO - epoch:12/25 iteration:35/49 batch loss is :1.0758
2025-04-22 11:57:08 - INFO - the acc is :0.5625
2025-04-22 11:57:16 - INFO - epoch:12/25 iteration:40/49 batch loss is :1.1144
2025-04-22 11:57:16 - INFO - the acc is :0.5625
2025-04-22 11:57:25 - INFO - epoch:12/25 iteration:45/49 batch loss is :0.8421
2025-04-22 11:57:25 - INFO - the acc is :0.6875
2025-04-22 11:57:32 - INFO - Epoch:12/25 Loss is :0.9340
2025-04-22 11:59:32 - INFO - epoch:13/25 iteration:0/49 batch loss is :0.7793
2025-04-22 11:59:32 - INFO - the acc is :0.5625
2025-04-22 11:59:44 - INFO - epoch:13/25 iteration:5/49 batch loss is :0.8974
2025-04-22 11:59:44 - INFO - the acc is :0.75
2025-04-22 11:59:57 - INFO - epoch:13/25 iteration:10/49 batch loss is :0.9640
2025-04-22 11:59:57 - INFO - the acc is :0.6875
2025-04-22 12:00:26 - INFO - epoch:13/25 iteration:15/49 batch loss is :0.8112
2025-04-22 12:00:26 - INFO - the acc is :0.6875
2025-04-22 12:00:37 - INFO - epoch:13/25 iteration:20/49 batch loss is :0.9922
2025-04-22 12:00:37 - INFO - the acc is :0.625
2025-04-22 12:01:04 - INFO - epoch:13/25 iteration:25/49 batch loss is :0.9332
2025-04-22 12:01:04 - INFO - the acc is :0.6875
2025-04-22 12:01:17 - INFO - epoch:13/25 iteration:30/49 batch loss is :0.7596
2025-04-22 12:01:17 - INFO - the acc is :0.6875
2025-04-22 12:01:27 - INFO - epoch:13/25 iteration:35/49 batch loss is :1.0579
2025-04-22 12:01:27 - INFO - the acc is :0.625
2025-04-22 12:02:12 - INFO - epoch:13/25 iteration:40/49 batch loss is :0.8014
2025-04-22 12:02:12 - INFO - the acc is :0.5625
2025-04-22 12:02:20 - INFO - epoch:13/25 iteration:45/49 batch loss is :0.8176
2025-04-22 12:02:20 - INFO - the acc is :0.8125
2025-04-22 12:02:28 - INFO - Epoch:13/25 Loss is :0.9025
2025-04-22 12:04:53 - INFO - epoch:14/25 iteration:0/49 batch loss is :0.6029
2025-04-22 12:04:53 - INFO - the acc is :0.75
2025-04-22 12:05:03 - INFO - epoch:14/25 iteration:5/49 batch loss is :1.0495
2025-04-22 12:05:03 - INFO - the acc is :0.75
2025-04-22 12:05:14 - INFO - epoch:14/25 iteration:10/49 batch loss is :0.7560
2025-04-22 12:05:14 - INFO - the acc is :0.75
2025-04-22 12:05:57 - INFO - epoch:14/25 iteration:15/49 batch loss is :0.8584
2025-04-22 12:05:57 - INFO - the acc is :0.75
2025-04-22 12:06:08 - INFO - epoch:14/25 iteration:20/49 batch loss is :0.9927
2025-04-22 12:06:08 - INFO - the acc is :0.625
2025-04-22 12:06:45 - INFO - epoch:14/25 iteration:25/49 batch loss is :0.5700
2025-04-22 12:06:45 - INFO - the acc is :0.875
2025-04-22 12:06:57 - INFO - epoch:14/25 iteration:30/49 batch loss is :0.6644
2025-04-22 12:06:57 - INFO - the acc is :0.6875
2025-04-22 12:07:07 - INFO - epoch:14/25 iteration:35/49 batch loss is :0.7297
2025-04-22 12:07:07 - INFO - the acc is :0.6875
2025-04-22 12:07:50 - INFO - epoch:14/25 iteration:40/49 batch loss is :0.8909
2025-04-22 12:07:50 - INFO - the acc is :0.5625
2025-04-22 12:07:58 - INFO - epoch:14/25 iteration:45/49 batch loss is :1.0529
2025-04-22 12:07:58 - INFO - the acc is :0.5625
2025-04-22 12:08:04 - INFO - Epoch:14/25 Loss is :0.8752
2025-04-22 12:10:08 - INFO - epoch:15/25 iteration:0/49 batch loss is :0.8825
2025-04-22 12:10:08 - INFO - the acc is :0.6875
2025-04-22 12:10:19 - INFO - epoch:15/25 iteration:5/49 batch loss is :0.7571
2025-04-22 12:10:19 - INFO - the acc is :0.6875
2025-04-22 12:10:32 - INFO - epoch:15/25 iteration:10/49 batch loss is :0.8535
2025-04-22 12:10:32 - INFO - the acc is :0.6875
2025-04-22 12:11:00 - INFO - epoch:15/25 iteration:15/49 batch loss is :0.4479
2025-04-22 12:11:00 - INFO - the acc is :0.875
2025-04-22 12:11:14 - INFO - epoch:15/25 iteration:20/49 batch loss is :0.7832
2025-04-22 12:11:14 - INFO - the acc is :0.5625
2025-04-22 12:11:38 - INFO - epoch:15/25 iteration:25/49 batch loss is :1.1285
2025-04-22 12:11:38 - INFO - the acc is :0.5625
2025-04-22 12:11:52 - INFO - epoch:15/25 iteration:30/49 batch loss is :0.6458
2025-04-22 12:11:52 - INFO - the acc is :0.8125
2025-04-22 12:12:04 - INFO - epoch:15/25 iteration:35/49 batch loss is :0.7998
2025-04-22 12:12:04 - INFO - the acc is :0.8125
2025-04-22 12:12:29 - INFO - epoch:15/25 iteration:40/49 batch loss is :0.6851
2025-04-22 12:12:29 - INFO - the acc is :0.5625
2025-04-22 12:12:37 - INFO - epoch:15/25 iteration:45/49 batch loss is :0.8436
2025-04-22 12:12:37 - INFO - the acc is :0.6875
2025-04-22 12:12:44 - INFO - Epoch:15/25 Loss is :0.8467
2025-04-22 12:15:17 - INFO - val accuarcy is : 0.0156
2025-04-22 12:15:17 - INFO - VAL loss :5.9838
2025-04-22 12:17:48 - INFO - epoch:16/25 iteration:0/49 batch loss is :0.8141
2025-04-22 12:17:48 - INFO - the acc is :0.625
2025-04-22 12:17:58 - INFO - epoch:16/25 iteration:5/49 batch loss is :0.6157
2025-04-22 12:17:58 - INFO - the acc is :0.75
2025-04-22 12:18:08 - INFO - epoch:16/25 iteration:10/49 batch loss is :0.7579
2025-04-22 12:18:08 - INFO - the acc is :0.5625
2025-04-22 12:18:57 - INFO - epoch:16/25 iteration:15/49 batch loss is :0.7853
2025-04-22 12:18:57 - INFO - the acc is :0.625
2025-04-22 12:19:08 - INFO - epoch:16/25 iteration:20/49 batch loss is :0.6654
2025-04-22 12:19:08 - INFO - the acc is :0.625
2025-04-22 12:19:57 - INFO - epoch:16/25 iteration:25/49 batch loss is :0.7437
2025-04-22 12:19:57 - INFO - the acc is :0.6875
2025-04-22 12:20:07 - INFO - epoch:16/25 iteration:30/49 batch loss is :0.8850
2025-04-22 12:20:07 - INFO - the acc is :0.625
2025-04-22 12:20:17 - INFO - epoch:16/25 iteration:35/49 batch loss is :0.7915
2025-04-22 12:20:17 - INFO - the acc is :0.625
2025-04-22 12:21:05 - INFO - epoch:16/25 iteration:40/49 batch loss is :1.1464
2025-04-22 12:21:05 - INFO - the acc is :0.625
2025-04-22 12:21:14 - INFO - epoch:16/25 iteration:45/49 batch loss is :0.8463
2025-04-22 12:21:14 - INFO - the acc is :0.75
2025-04-22 12:21:21 - INFO - Epoch:16/25 Loss is :0.8307
2025-04-22 12:23:26 - INFO - epoch:17/25 iteration:0/49 batch loss is :0.7479
2025-04-22 12:23:26 - INFO - the acc is :0.6875
2025-04-22 12:23:37 - INFO - epoch:17/25 iteration:5/49 batch loss is :0.5618
2025-04-22 12:23:37 - INFO - the acc is :0.6875
2025-04-22 12:23:49 - INFO - epoch:17/25 iteration:10/49 batch loss is :0.6303
2025-04-22 12:23:49 - INFO - the acc is :0.8125
2025-04-22 12:24:21 - INFO - epoch:17/25 iteration:15/49 batch loss is :0.8210
2025-04-22 12:24:21 - INFO - the acc is :0.6875
2025-04-22 12:24:33 - INFO - epoch:17/25 iteration:20/49 batch loss is :0.8759
2025-04-22 12:24:33 - INFO - the acc is :0.6875
2025-04-22 12:25:04 - INFO - epoch:17/25 iteration:25/49 batch loss is :0.5936
2025-04-22 12:25:04 - INFO - the acc is :0.875
2025-04-22 12:25:15 - INFO - epoch:17/25 iteration:30/49 batch loss is :0.5612
2025-04-22 12:25:15 - INFO - the acc is :0.8125
2025-04-22 12:25:27 - INFO - epoch:17/25 iteration:35/49 batch loss is :1.5401
2025-04-22 12:25:27 - INFO - the acc is :0.4375
2025-04-22 12:25:54 - INFO - epoch:17/25 iteration:40/49 batch loss is :0.8331
2025-04-22 12:25:54 - INFO - the acc is :0.75
2025-04-22 12:26:03 - INFO - epoch:17/25 iteration:45/49 batch loss is :0.9413
2025-04-22 12:26:03 - INFO - the acc is :0.6875
2025-04-22 12:26:10 - INFO - Epoch:17/25 Loss is :0.8419
2025-04-22 12:28:13 - INFO - epoch:18/25 iteration:0/49 batch loss is :0.9124
2025-04-22 12:28:13 - INFO - the acc is :0.6875
2025-04-22 12:28:26 - INFO - epoch:18/25 iteration:5/49 batch loss is :0.4978
2025-04-22 12:28:26 - INFO - the acc is :0.8125
2025-04-22 12:30:10 - INFO - epoch:18/25 iteration:10/49 batch loss is :0.7744
2025-04-22 12:30:10 - INFO - the acc is :0.5
2025-04-22 12:30:19 - INFO - epoch:18/25 iteration:15/49 batch loss is :0.8466
2025-04-22 12:30:19 - INFO - the acc is :0.6875
2025-04-22 12:30:32 - INFO - epoch:18/25 iteration:20/49 batch loss is :0.8070
2025-04-22 12:30:32 - INFO - the acc is :0.8125
2025-04-22 12:30:44 - INFO - epoch:18/25 iteration:25/49 batch loss is :0.8914
2025-04-22 12:30:44 - INFO - the acc is :0.5625
2025-04-22 12:30:56 - INFO - epoch:18/25 iteration:30/49 batch loss is :0.4832
2025-04-22 12:30:56 - INFO - the acc is :0.8125
2025-04-22 12:31:07 - INFO - epoch:18/25 iteration:35/49 batch loss is :0.6298
2025-04-22 12:31:07 - INFO - the acc is :0.8125
2025-04-22 12:31:17 - INFO - epoch:18/25 iteration:40/49 batch loss is :0.9904
2025-04-22 12:31:17 - INFO - the acc is :0.5625
2025-04-22 12:31:25 - INFO - epoch:18/25 iteration:45/49 batch loss is :0.7154
2025-04-22 12:31:25 - INFO - the acc is :0.6875
2025-04-22 12:31:33 - INFO - Epoch:18/25 Loss is :0.8234
2025-04-22 12:34:03 - INFO - epoch:19/25 iteration:0/49 batch loss is :0.9750
2025-04-22 12:34:03 - INFO - the acc is :0.625
2025-04-22 12:34:12 - INFO - epoch:19/25 iteration:5/49 batch loss is :1.3504
2025-04-22 12:34:12 - INFO - the acc is :0.6875
2025-04-22 12:34:23 - INFO - epoch:19/25 iteration:10/49 batch loss is :1.0314
2025-04-22 12:34:23 - INFO - the acc is :0.375
2025-04-22 12:35:13 - INFO - epoch:19/25 iteration:15/49 batch loss is :0.8965
2025-04-22 12:35:13 - INFO - the acc is :0.6875
2025-04-22 12:35:23 - INFO - epoch:19/25 iteration:20/49 batch loss is :0.5004
2025-04-22 12:35:23 - INFO - the acc is :1.0
2025-04-22 12:36:13 - INFO - epoch:19/25 iteration:25/49 batch loss is :0.7682
2025-04-22 12:36:13 - INFO - the acc is :0.625
2025-04-22 12:36:23 - INFO - epoch:19/25 iteration:30/49 batch loss is :0.7920
2025-04-22 12:36:23 - INFO - the acc is :0.8125
2025-04-22 12:36:34 - INFO - epoch:19/25 iteration:35/49 batch loss is :0.6832
2025-04-22 12:36:34 - INFO - the acc is :0.8125
2025-04-22 12:37:21 - INFO - epoch:19/25 iteration:40/49 batch loss is :0.5252
2025-04-22 12:37:21 - INFO - the acc is :0.8125
2025-04-22 12:37:30 - INFO - epoch:19/25 iteration:45/49 batch loss is :0.6036
2025-04-22 12:37:30 - INFO - the acc is :0.75
2025-04-22 12:37:37 - INFO - Epoch:19/25 Loss is :0.8091
2025-04-22 12:39:40 - INFO - epoch:20/25 iteration:0/49 batch loss is :0.7376
2025-04-22 12:39:40 - INFO - the acc is :0.6875
2025-04-22 12:39:51 - INFO - epoch:20/25 iteration:5/49 batch loss is :1.1152
2025-04-22 12:39:51 - INFO - the acc is :0.5625
2025-04-22 12:40:03 - INFO - epoch:20/25 iteration:10/49 batch loss is :0.7458
2025-04-22 12:40:03 - INFO - the acc is :0.5625
2025-04-22 12:40:34 - INFO - epoch:20/25 iteration:15/49 batch loss is :0.8941
2025-04-22 12:40:34 - INFO - the acc is :0.625
2025-04-22 12:40:46 - INFO - epoch:20/25 iteration:20/49 batch loss is :0.7345
2025-04-22 12:40:46 - INFO - the acc is :0.75
2025-04-22 12:41:14 - INFO - epoch:20/25 iteration:25/49 batch loss is :0.8628
2025-04-22 12:41:14 - INFO - the acc is :0.6875
2025-04-22 12:41:25 - INFO - epoch:20/25 iteration:30/49 batch loss is :0.5783
2025-04-22 12:41:25 - INFO - the acc is :0.8125
2025-04-22 12:41:37 - INFO - epoch:20/25 iteration:35/49 batch loss is :0.8816
2025-04-22 12:41:37 - INFO - the acc is :0.625
2025-04-22 12:42:05 - INFO - epoch:20/25 iteration:40/49 batch loss is :0.5789
2025-04-22 12:42:05 - INFO - the acc is :0.8125
2025-04-22 12:42:13 - INFO - epoch:20/25 iteration:45/49 batch loss is :1.1690
2025-04-22 12:42:13 - INFO - the acc is :0.5
2025-04-22 12:42:20 - INFO - Epoch:20/25 Loss is :0.8061
2025-04-22 12:44:52 - INFO - val accuarcy is : 0.0311
2025-04-22 12:44:52 - INFO - VAL loss :4.4626
2025-04-22 12:47:11 - INFO - epoch:21/25 iteration:0/49 batch loss is :0.6414
2025-04-22 12:47:11 - INFO - the acc is :0.625
2025-04-22 12:47:21 - INFO - epoch:21/25 iteration:5/49 batch loss is :0.4455
2025-04-22 12:47:21 - INFO - the acc is :1.0
2025-04-22 12:47:32 - INFO - epoch:21/25 iteration:10/49 batch loss is :0.9392
2025-04-22 12:47:32 - INFO - the acc is :0.625
2025-04-22 12:48:22 - INFO - epoch:21/25 iteration:15/49 batch loss is :0.7386
2025-04-22 12:48:22 - INFO - the acc is :0.6875
2025-04-22 12:48:33 - INFO - epoch:21/25 iteration:20/49 batch loss is :0.9138
2025-04-22 12:48:33 - INFO - the acc is :0.6875
2025-04-22 12:49:21 - INFO - epoch:21/25 iteration:25/49 batch loss is :0.8588
2025-04-22 12:49:21 - INFO - the acc is :0.625
2025-04-22 12:49:32 - INFO - epoch:21/25 iteration:30/49 batch loss is :0.6301
2025-04-22 12:49:32 - INFO - the acc is :0.8125
2025-04-22 12:49:42 - INFO - epoch:21/25 iteration:35/49 batch loss is :0.7622
2025-04-22 12:49:42 - INFO - the acc is :0.8125
2025-04-22 12:50:28 - INFO - epoch:21/25 iteration:40/49 batch loss is :0.6974
2025-04-22 12:50:28 - INFO - the acc is :0.8125
2025-04-22 12:50:37 - INFO - epoch:21/25 iteration:45/49 batch loss is :0.9247
2025-04-22 12:50:37 - INFO - the acc is :0.5625
2025-04-22 12:50:44 - INFO - Epoch:21/25 Loss is :0.7606
2025-04-22 12:52:58 - INFO - epoch:22/25 iteration:0/49 batch loss is :0.8904
2025-04-22 12:52:58 - INFO - the acc is :0.75
2025-04-22 12:53:10 - INFO - epoch:22/25 iteration:5/49 batch loss is :0.9225
2025-04-22 12:53:10 - INFO - the acc is :0.5625
2025-04-22 12:53:22 - INFO - epoch:22/25 iteration:10/49 batch loss is :0.8951
2025-04-22 12:53:22 - INFO - the acc is :0.6875
2025-04-22 12:53:53 - INFO - epoch:22/25 iteration:15/49 batch loss is :0.6197
2025-04-22 12:53:53 - INFO - the acc is :0.625
2025-04-22 12:54:04 - INFO - epoch:22/25 iteration:20/49 batch loss is :0.9349
2025-04-22 12:54:04 - INFO - the acc is :0.8125
2025-04-22 12:54:37 - INFO - epoch:22/25 iteration:25/49 batch loss is :1.1510
2025-04-22 12:54:37 - INFO - the acc is :0.5625
2025-04-22 12:54:59 - INFO - epoch:22/25 iteration:30/49 batch loss is :0.6133
2025-04-22 12:54:59 - INFO - the acc is :0.75
2025-04-22 12:55:11 - INFO - epoch:22/25 iteration:35/49 batch loss is :0.5700
2025-04-22 12:55:11 - INFO - the acc is :0.5625
2025-04-22 12:55:29 - INFO - epoch:22/25 iteration:40/49 batch loss is :0.8213
2025-04-22 12:55:29 - INFO - the acc is :0.625
2025-04-22 12:55:37 - INFO - epoch:22/25 iteration:45/49 batch loss is :0.7455
2025-04-22 12:55:37 - INFO - the acc is :0.8125
2025-04-22 12:55:44 - INFO - Epoch:22/25 Loss is :0.7749
2025-04-22 12:57:46 - INFO - epoch:23/25 iteration:0/49 batch loss is :0.5942
2025-04-22 12:57:46 - INFO - the acc is :0.875
2025-04-22 12:57:58 - INFO - epoch:23/25 iteration:5/49 batch loss is :0.5139
2025-04-22 12:57:58 - INFO - the acc is :0.75
2025-04-22 12:58:11 - INFO - epoch:23/25 iteration:10/49 batch loss is :0.8616
2025-04-22 12:58:11 - INFO - the acc is :0.75
2025-04-22 12:58:39 - INFO - epoch:23/25 iteration:15/49 batch loss is :0.6288
2025-04-22 12:58:39 - INFO - the acc is :0.6875
2025-04-22 12:58:51 - INFO - epoch:23/25 iteration:20/49 batch loss is :0.7357
2025-04-22 12:58:51 - INFO - the acc is :0.8125
2025-04-22 12:59:17 - INFO - epoch:23/25 iteration:25/49 batch loss is :0.7760
2025-04-22 12:59:17 - INFO - the acc is :0.6875
2025-04-22 12:59:30 - INFO - epoch:23/25 iteration:30/49 batch loss is :0.8554
2025-04-22 12:59:30 - INFO - the acc is :0.75
2025-04-22 12:59:43 - INFO - epoch:23/25 iteration:35/49 batch loss is :0.7796
2025-04-22 12:59:43 - INFO - the acc is :0.625
2025-04-22 13:00:03 - INFO - epoch:23/25 iteration:40/49 batch loss is :0.6965
2025-04-22 13:00:03 - INFO - the acc is :0.75
2025-04-22 13:00:12 - INFO - epoch:23/25 iteration:45/49 batch loss is :0.6307
2025-04-22 13:00:12 - INFO - the acc is :0.8125
2025-04-22 13:00:18 - INFO - Epoch:23/25 Loss is :0.7497
2025-04-22 13:02:47 - INFO - epoch:24/25 iteration:0/49 batch loss is :0.6493
2025-04-22 13:02:47 - INFO - the acc is :0.8125
2025-04-22 13:02:57 - INFO - epoch:24/25 iteration:5/49 batch loss is :0.5592
2025-04-22 13:02:57 - INFO - the acc is :0.75
2025-04-22 13:03:08 - INFO - epoch:24/25 iteration:10/49 batch loss is :0.9931
2025-04-22 13:03:08 - INFO - the acc is :0.6875
2025-04-22 13:03:58 - INFO - epoch:24/25 iteration:15/49 batch loss is :0.8659
2025-04-22 13:03:58 - INFO - the acc is :0.6875
2025-04-22 13:04:09 - INFO - epoch:24/25 iteration:20/49 batch loss is :0.4990
2025-04-22 13:04:09 - INFO - the acc is :0.875
2025-04-22 13:04:59 - INFO - epoch:24/25 iteration:25/49 batch loss is :0.9322
2025-04-22 13:04:59 - INFO - the acc is :0.5
2025-04-22 13:05:10 - INFO - epoch:24/25 iteration:30/49 batch loss is :0.8307
2025-04-22 13:05:10 - INFO - the acc is :0.625
2025-04-22 13:05:20 - INFO - epoch:24/25 iteration:35/49 batch loss is :1.0089
2025-04-22 13:05:20 - INFO - the acc is :0.8125
2025-04-22 13:06:08 - INFO - epoch:24/25 iteration:40/49 batch loss is :0.7618
2025-04-22 13:06:08 - INFO - the acc is :0.625
2025-04-22 13:06:17 - INFO - epoch:24/25 iteration:45/49 batch loss is :0.6581
2025-04-22 13:06:17 - INFO - the acc is :0.875
2025-04-22 13:06:24 - INFO - Epoch:24/25 Loss is :0.8000
2025-04-22 13:08:56 - INFO - val accuarcy is : 0.1815
2025-04-22 13:08:56 - INFO - VAL loss :3.1446
2025-04-22 13:08:56 - INFO - fold number:1
2025-04-22 13:10:56 - INFO - epoch:0/25 iteration:0/49 batch loss is :0.6669
2025-04-22 13:10:56 - INFO - the acc is :0.875
2025-04-22 13:11:08 - INFO - epoch:0/25 iteration:5/49 batch loss is :0.6512
2025-04-22 13:11:08 - INFO - the acc is :0.8125
2025-04-22 13:11:20 - INFO - epoch:0/25 iteration:10/49 batch loss is :0.8311
2025-04-22 13:11:20 - INFO - the acc is :0.5625
2025-04-22 13:11:50 - INFO - epoch:0/25 iteration:15/49 batch loss is :0.7792
2025-04-22 13:11:50 - INFO - the acc is :0.8125
2025-04-22 13:12:02 - INFO - epoch:0/25 iteration:20/49 batch loss is :0.7834
2025-04-22 13:12:02 - INFO - the acc is :0.625
2025-04-22 13:12:32 - INFO - epoch:0/25 iteration:25/49 batch loss is :0.7789
2025-04-22 13:12:32 - INFO - the acc is :0.6875
2025-04-22 13:12:45 - INFO - epoch:0/25 iteration:30/49 batch loss is :0.7100
2025-04-22 13:12:45 - INFO - the acc is :0.75
2025-04-22 13:12:57 - INFO - epoch:0/25 iteration:35/49 batch loss is :0.4805
2025-04-22 13:12:57 - INFO - the acc is :0.8125
2025-04-22 13:13:21 - INFO - epoch:0/25 iteration:40/49 batch loss is :0.6485
2025-04-22 13:13:21 - INFO - the acc is :0.8125
2025-04-22 13:13:29 - INFO - epoch:0/25 iteration:45/49 batch loss is :0.6453
2025-04-22 13:13:29 - INFO - the acc is :0.75
2025-04-22 13:13:36 - INFO - Epoch:0/25 Loss is :0.7881
2025-04-22 13:15:32 - INFO - val accuarcy is : 0.0259
2025-04-22 13:15:32 - INFO - VAL loss :4.2999
2025-04-22 13:18:01 - INFO - epoch:1/25 iteration:0/49 batch loss is :0.8682
2025-04-22 13:18:01 - INFO - the acc is :0.6875
2025-04-22 13:18:11 - INFO - epoch:1/25 iteration:5/49 batch loss is :1.3338
2025-04-22 13:18:11 - INFO - the acc is :0.3125
2025-04-22 13:18:22 - INFO - epoch:1/25 iteration:10/49 batch loss is :0.5044
2025-04-22 13:18:22 - INFO - the acc is :0.875
2025-04-22 13:19:10 - INFO - epoch:1/25 iteration:15/49 batch loss is :0.6762
2025-04-22 13:19:10 - INFO - the acc is :0.75
2025-04-22 13:19:21 - INFO - epoch:1/25 iteration:20/49 batch loss is :0.6732
2025-04-22 13:19:21 - INFO - the acc is :0.6875
2025-04-22 13:20:09 - INFO - epoch:1/25 iteration:25/49 batch loss is :0.7272
2025-04-22 13:20:09 - INFO - the acc is :0.625
2025-04-22 13:20:20 - INFO - epoch:1/25 iteration:30/49 batch loss is :0.8746
2025-04-22 13:20:20 - INFO - the acc is :0.8125
2025-04-22 13:20:30 - INFO - epoch:1/25 iteration:35/49 batch loss is :0.8173
2025-04-22 13:20:30 - INFO - the acc is :0.625
2025-04-22 13:21:16 - INFO - epoch:1/25 iteration:40/49 batch loss is :0.9481
2025-04-22 13:21:16 - INFO - the acc is :0.5625
2025-04-22 13:21:24 - INFO - epoch:1/25 iteration:45/49 batch loss is :0.8877
2025-04-22 13:21:24 - INFO - the acc is :0.5
2025-04-22 13:21:32 - INFO - Epoch:1/25 Loss is :0.8079
2025-04-22 13:23:35 - INFO - epoch:2/25 iteration:0/49 batch loss is :0.8152
2025-04-22 13:23:35 - INFO - the acc is :0.625
2025-04-22 13:23:46 - INFO - epoch:2/25 iteration:5/49 batch loss is :0.5986
2025-04-22 13:23:46 - INFO - the acc is :0.875
2025-04-22 13:23:58 - INFO - epoch:2/25 iteration:10/49 batch loss is :0.8016
2025-04-22 13:23:58 - INFO - the acc is :0.75
2025-04-22 13:24:28 - INFO - epoch:2/25 iteration:15/49 batch loss is :0.6708
2025-04-22 13:24:28 - INFO - the acc is :0.75
2025-04-22 13:24:40 - INFO - epoch:2/25 iteration:20/49 batch loss is :0.7623
2025-04-22 13:24:40 - INFO - the acc is :0.6875
2025-04-22 13:25:08 - INFO - epoch:2/25 iteration:25/49 batch loss is :0.8508
2025-04-22 13:25:08 - INFO - the acc is :0.75
2025-04-22 13:25:22 - INFO - epoch:2/25 iteration:30/49 batch loss is :0.5347
2025-04-22 13:25:22 - INFO - the acc is :0.75
2025-04-22 13:25:34 - INFO - epoch:2/25 iteration:35/49 batch loss is :0.6296
2025-04-22 13:25:34 - INFO - the acc is :0.8125
2025-04-22 13:26:00 - INFO - epoch:2/25 iteration:40/49 batch loss is :1.0821
2025-04-22 13:26:00 - INFO - the acc is :0.5
2025-04-22 13:26:08 - INFO - epoch:2/25 iteration:45/49 batch loss is :0.4668
2025-04-22 13:26:08 - INFO - the acc is :0.9375
2025-04-22 13:26:15 - INFO - Epoch:2/25 Loss is :0.7974
2025-04-22 13:28:17 - INFO - epoch:3/25 iteration:0/49 batch loss is :0.7454
2025-04-22 13:28:17 - INFO - the acc is :0.6875
2025-04-22 13:28:29 - INFO - epoch:3/25 iteration:5/49 batch loss is :1.0114
2025-04-22 13:28:29 - INFO - the acc is :0.5625
2025-04-22 13:28:42 - INFO - epoch:3/25 iteration:10/49 batch loss is :0.8972
2025-04-22 13:28:42 - INFO - the acc is :0.5
2025-04-22 13:29:12 - INFO - epoch:3/25 iteration:15/49 batch loss is :0.9386
2025-04-22 13:29:12 - INFO - the acc is :0.5625
2025-04-22 13:29:26 - INFO - epoch:3/25 iteration:20/49 batch loss is :1.4543
2025-04-22 13:29:26 - INFO - the acc is :0.625
2025-04-22 13:29:53 - INFO - epoch:3/25 iteration:25/49 batch loss is :0.8951
2025-04-22 13:29:53 - INFO - the acc is :0.8125
2025-04-22 13:30:07 - INFO - epoch:3/25 iteration:30/49 batch loss is :0.6477
2025-04-22 13:30:07 - INFO - the acc is :0.8125
2025-04-22 13:30:20 - INFO - epoch:3/25 iteration:35/49 batch loss is :0.8594
2025-04-22 13:30:20 - INFO - the acc is :0.75
2025-04-22 13:30:38 - INFO - epoch:3/25 iteration:40/49 batch loss is :0.6640
2025-04-22 13:30:38 - INFO - the acc is :0.9375
2025-04-22 13:30:47 - INFO - epoch:3/25 iteration:45/49 batch loss is :0.7687
2025-04-22 13:30:47 - INFO - the acc is :0.6875
2025-04-22 13:30:54 - INFO - Epoch:3/25 Loss is :0.8096
2025-04-22 13:33:21 - INFO - epoch:4/25 iteration:0/49 batch loss is :0.7945
2025-04-22 13:33:21 - INFO - the acc is :0.6875
2025-04-22 13:33:30 - INFO - epoch:4/25 iteration:5/49 batch loss is :0.7023
2025-04-22 13:33:30 - INFO - the acc is :0.8125
2025-04-22 13:33:41 - INFO - epoch:4/25 iteration:10/49 batch loss is :0.7769
2025-04-22 13:33:41 - INFO - the acc is :0.8125
2025-04-22 13:34:31 - INFO - epoch:4/25 iteration:15/49 batch loss is :0.7915
2025-04-22 13:34:31 - INFO - the acc is :0.8125
2025-04-22 13:34:41 - INFO - epoch:4/25 iteration:20/49 batch loss is :1.0156
2025-04-22 13:34:41 - INFO - the acc is :0.5
2025-04-22 13:35:30 - INFO - epoch:4/25 iteration:25/49 batch loss is :0.5384
2025-04-22 13:35:30 - INFO - the acc is :0.8125
2025-04-22 13:35:41 - INFO - epoch:4/25 iteration:30/49 batch loss is :0.9090
2025-04-22 13:35:41 - INFO - the acc is :0.75
2025-04-22 13:35:51 - INFO - epoch:4/25 iteration:35/49 batch loss is :0.7968
2025-04-22 13:35:51 - INFO - the acc is :0.6875
2025-04-22 13:36:38 - INFO - epoch:4/25 iteration:40/49 batch loss is :0.8751
2025-04-22 13:36:38 - INFO - the acc is :0.625
2025-04-22 13:36:47 - INFO - epoch:4/25 iteration:45/49 batch loss is :0.6805
2025-04-22 13:36:47 - INFO - the acc is :0.8125
2025-04-22 13:36:54 - INFO - Epoch:4/25 Loss is :0.7740
2025-04-22 13:38:57 - INFO - epoch:5/25 iteration:0/49 batch loss is :1.1064
2025-04-22 13:38:57 - INFO - the acc is :0.4375
2025-04-22 13:39:08 - INFO - epoch:5/25 iteration:5/49 batch loss is :0.9244
2025-04-22 13:39:08 - INFO - the acc is :0.75
2025-04-22 13:39:20 - INFO - epoch:5/25 iteration:10/49 batch loss is :0.9212
2025-04-22 13:39:20 - INFO - the acc is :0.5625
2025-04-22 13:39:52 - INFO - epoch:5/25 iteration:15/49 batch loss is :0.7486
2025-04-22 13:39:52 - INFO - the acc is :0.6875
2025-04-22 13:40:04 - INFO - epoch:5/25 iteration:20/49 batch loss is :0.7027
2025-04-22 13:40:04 - INFO - the acc is :0.6875
2025-04-22 13:40:32 - INFO - epoch:5/25 iteration:25/49 batch loss is :0.6344
2025-04-22 13:40:32 - INFO - the acc is :0.75
2025-04-22 13:40:44 - INFO - epoch:5/25 iteration:30/49 batch loss is :0.9606
2025-04-22 13:40:44 - INFO - the acc is :0.5
2025-04-22 13:40:55 - INFO - epoch:5/25 iteration:35/49 batch loss is :0.5305
2025-04-22 13:40:55 - INFO - the acc is :0.6875
2025-04-22 13:41:22 - INFO - epoch:5/25 iteration:40/49 batch loss is :0.7712
2025-04-22 13:41:22 - INFO - the acc is :0.75
2025-04-22 13:41:31 - INFO - epoch:5/25 iteration:45/49 batch loss is :0.7295
2025-04-22 13:41:31 - INFO - the acc is :0.5
2025-04-22 13:41:37 - INFO - Epoch:5/25 Loss is :0.7993
2025-04-22 13:44:06 - INFO - val accuarcy is : 0.0259
2025-04-22 13:44:06 - INFO - VAL loss :4.6240
2025-04-22 13:46:08 - INFO - epoch:6/25 iteration:0/49 batch loss is :0.7799
2025-04-22 13:46:08 - INFO - the acc is :0.6875
2025-04-22 13:46:22 - INFO - epoch:6/25 iteration:5/49 batch loss is :0.9871
2025-04-22 13:46:22 - INFO - the acc is :0.5625
2025-04-22 13:46:35 - INFO - epoch:6/25 iteration:10/49 batch loss is :0.7580
2025-04-22 13:46:35 - INFO - the acc is :0.75
2025-04-22 13:47:04 - INFO - epoch:6/25 iteration:15/49 batch loss is :0.9247
2025-04-22 13:47:04 - INFO - the acc is :0.625
2025-04-22 13:47:14 - INFO - epoch:6/25 iteration:20/49 batch loss is :0.6287
2025-04-22 13:47:14 - INFO - the acc is :0.8125
2025-04-22 13:48:02 - INFO - epoch:6/25 iteration:25/49 batch loss is :0.5342
2025-04-22 13:48:02 - INFO - the acc is :0.75
2025-04-22 13:48:12 - INFO - epoch:6/25 iteration:30/49 batch loss is :0.8746
2025-04-22 13:48:12 - INFO - the acc is :0.5625
2025-04-22 13:48:23 - INFO - epoch:6/25 iteration:35/49 batch loss is :0.5791
2025-04-22 13:48:23 - INFO - the acc is :0.875
2025-04-22 13:49:07 - INFO - epoch:6/25 iteration:40/49 batch loss is :0.7817
2025-04-22 13:49:07 - INFO - the acc is :0.75
2025-04-22 13:49:16 - INFO - epoch:6/25 iteration:45/49 batch loss is :0.8233
2025-04-22 13:49:16 - INFO - the acc is :0.5625
2025-04-22 13:49:23 - INFO - Epoch:6/25 Loss is :0.7850
2025-04-22 13:51:43 - INFO - epoch:7/25 iteration:0/49 batch loss is :0.6484
2025-04-22 13:51:43 - INFO - the acc is :0.9375
2025-04-22 13:51:56 - INFO - epoch:7/25 iteration:5/49 batch loss is :0.9391
2025-04-22 13:51:56 - INFO - the acc is :0.5625
2025-04-22 13:52:07 - INFO - epoch:7/25 iteration:10/49 batch loss is :0.8872
2025-04-22 13:52:07 - INFO - the acc is :0.5625
2025-04-22 13:52:44 - INFO - epoch:7/25 iteration:15/49 batch loss is :0.8743
2025-04-22 13:52:44 - INFO - the acc is :0.75
2025-04-22 13:52:55 - INFO - epoch:7/25 iteration:20/49 batch loss is :0.6000
2025-04-22 13:52:55 - INFO - the acc is :0.75
2025-04-22 13:53:34 - INFO - epoch:7/25 iteration:25/49 batch loss is :0.6744
2025-04-22 13:53:34 - INFO - the acc is :0.875
2025-04-22 13:53:45 - INFO - epoch:7/25 iteration:30/49 batch loss is :0.8350
2025-04-22 13:53:45 - INFO - the acc is :0.6875
2025-04-22 13:53:55 - INFO - epoch:7/25 iteration:35/49 batch loss is :0.7485
2025-04-22 13:53:55 - INFO - the acc is :0.8125
2025-04-22 13:54:32 - INFO - epoch:7/25 iteration:40/49 batch loss is :0.9945
2025-04-22 13:54:32 - INFO - the acc is :0.625
2025-04-22 13:54:41 - INFO - epoch:7/25 iteration:45/49 batch loss is :0.9906
2025-04-22 13:54:41 - INFO - the acc is :0.5
2025-04-22 13:54:47 - INFO - Epoch:7/25 Loss is :0.7986
2025-04-22 13:56:49 - INFO - epoch:8/25 iteration:0/49 batch loss is :0.4925
2025-04-22 13:56:49 - INFO - the acc is :0.8125
2025-04-22 13:57:01 - INFO - epoch:8/25 iteration:5/49 batch loss is :0.5957
2025-04-22 13:57:01 - INFO - the acc is :0.75
2025-04-22 13:57:14 - INFO - epoch:8/25 iteration:10/49 batch loss is :0.6382
2025-04-22 13:57:14 - INFO - the acc is :0.875
2025-04-22 13:57:42 - INFO - epoch:8/25 iteration:15/49 batch loss is :0.8122
2025-04-22 13:57:42 - INFO - the acc is :0.75
2025-04-22 13:57:55 - INFO - epoch:8/25 iteration:20/49 batch loss is :0.7515
2025-04-22 13:57:55 - INFO - the acc is :0.75
2025-04-22 13:58:21 - INFO - epoch:8/25 iteration:25/49 batch loss is :0.8091
2025-04-22 13:58:21 - INFO - the acc is :0.625
2025-04-22 13:58:33 - INFO - epoch:8/25 iteration:30/49 batch loss is :0.4827
2025-04-22 13:58:33 - INFO - the acc is :0.875
2025-04-22 13:58:44 - INFO - epoch:8/25 iteration:35/49 batch loss is :1.0361
2025-04-22 13:58:44 - INFO - the acc is :0.625
2025-04-22 13:59:10 - INFO - epoch:8/25 iteration:40/49 batch loss is :0.6797
2025-04-22 13:59:10 - INFO - the acc is :0.6875
2025-04-22 13:59:19 - INFO - epoch:8/25 iteration:45/49 batch loss is :0.6839
2025-04-22 13:59:19 - INFO - the acc is :0.5625
2025-04-22 13:59:26 - INFO - Epoch:8/25 Loss is :0.7882
2025-04-22 14:01:31 - INFO - epoch:9/25 iteration:0/49 batch loss is :0.9386
2025-04-22 14:01:31 - INFO - the acc is :0.625
2025-04-22 14:03:04 - INFO - epoch:9/25 iteration:5/49 batch loss is :0.9030
2025-04-22 14:03:04 - INFO - the acc is :0.5625
2025-04-22 14:03:14 - INFO - epoch:9/25 iteration:10/49 batch loss is :0.6160
2025-04-22 14:03:14 - INFO - the acc is :0.6875
2025-04-22 14:03:24 - INFO - epoch:9/25 iteration:15/49 batch loss is :0.7285
2025-04-22 14:03:24 - INFO - the acc is :0.75
2025-04-22 14:03:36 - INFO - epoch:9/25 iteration:20/49 batch loss is :0.6039
2025-04-22 14:03:36 - INFO - the acc is :0.5625
2025-04-22 14:03:46 - INFO - epoch:9/25 iteration:25/49 batch loss is :0.6463
2025-04-22 14:03:46 - INFO - the acc is :0.8125
2025-04-22 14:04:07 - INFO - epoch:9/25 iteration:30/49 batch loss is :0.4978
2025-04-22 14:04:07 - INFO - the acc is :0.8125
2025-04-22 14:04:21 - INFO - epoch:9/25 iteration:35/49 batch loss is :0.5089
2025-04-22 14:04:21 - INFO - the acc is :0.875
2025-04-22 14:05:01 - INFO - epoch:9/25 iteration:40/49 batch loss is :0.7511
2025-04-22 14:05:01 - INFO - the acc is :0.6875
2025-04-22 14:05:10 - INFO - epoch:9/25 iteration:45/49 batch loss is :0.9350
2025-04-22 14:05:10 - INFO - the acc is :0.6875
2025-04-22 14:05:17 - INFO - Epoch:9/25 Loss is :0.7886
2025-04-22 14:07:39 - INFO - epoch:10/25 iteration:0/49 batch loss is :0.9166
2025-04-22 14:07:39 - INFO - the acc is :0.625
2025-04-22 14:07:50 - INFO - epoch:10/25 iteration:5/49 batch loss is :0.9536
2025-04-22 14:07:50 - INFO - the acc is :0.75
2025-04-22 14:08:02 - INFO - epoch:10/25 iteration:10/49 batch loss is :0.7730
2025-04-22 14:08:02 - INFO - the acc is :0.8125
2025-04-22 14:08:46 - INFO - epoch:10/25 iteration:15/49 batch loss is :0.5949
2025-04-22 14:08:46 - INFO - the acc is :0.75
2025-04-22 14:09:15 - INFO - epoch:10/25 iteration:20/49 batch loss is :0.5835
2025-04-22 14:09:15 - INFO - the acc is :0.6875
2025-04-22 14:10:14 - INFO - epoch:10/25 iteration:25/49 batch loss is :0.7943
2025-04-22 14:10:14 - INFO - the acc is :0.8125
2025-04-22 14:10:37 - INFO - epoch:10/25 iteration:30/49 batch loss is :0.7179
2025-04-22 14:10:37 - INFO - the acc is :0.875
2025-04-22 14:10:50 - INFO - epoch:10/25 iteration:35/49 batch loss is :0.6295
2025-04-22 14:10:50 - INFO - the acc is :0.8125
2025-04-22 14:11:42 - INFO - epoch:10/25 iteration:40/49 batch loss is :0.7603
2025-04-22 14:11:42 - INFO - the acc is :0.75
2025-04-22 14:11:51 - INFO - epoch:10/25 iteration:45/49 batch loss is :0.7948
2025-04-22 14:11:51 - INFO - the acc is :0.6875
2025-04-22 14:11:59 - INFO - Epoch:10/25 Loss is :0.7553
2025-04-22 14:15:26 - INFO - val accuarcy is : 0.0156
2025-04-22 14:15:26 - INFO - VAL loss :5.6369
2025-04-22 14:18:59 - INFO - epoch:11/25 iteration:0/49 batch loss is :0.7884
2025-04-22 14:18:59 - INFO - the acc is :0.75
2025-04-22 14:19:09 - INFO - epoch:11/25 iteration:5/49 batch loss is :0.7722
2025-04-22 14:19:09 - INFO - the acc is :0.6875
2025-04-22 14:19:22 - INFO - epoch:11/25 iteration:10/49 batch loss is :0.6987
2025-04-22 14:19:22 - INFO - the acc is :0.6875
2025-04-22 14:20:49 - INFO - epoch:11/25 iteration:15/49 batch loss is :0.4711
2025-04-22 14:20:49 - INFO - the acc is :0.8125
2025-04-22 14:21:02 - INFO - epoch:11/25 iteration:20/49 batch loss is :0.9566
2025-04-22 14:21:02 - INFO - the acc is :0.625
2025-04-22 14:22:35 - INFO - epoch:11/25 iteration:25/49 batch loss is :0.9551
2025-04-22 14:22:35 - INFO - the acc is :0.625
2025-04-22 14:22:46 - INFO - epoch:11/25 iteration:30/49 batch loss is :0.6848
2025-04-22 14:22:46 - INFO - the acc is :0.6875
2025-04-22 14:22:58 - INFO - epoch:11/25 iteration:35/49 batch loss is :0.7531
2025-04-22 14:22:58 - INFO - the acc is :0.6875
2025-04-22 14:24:28 - INFO - epoch:11/25 iteration:40/49 batch loss is :0.6690
2025-04-22 14:24:28 - INFO - the acc is :0.75
2025-04-22 14:24:37 - INFO - epoch:11/25 iteration:45/49 batch loss is :0.6077
2025-04-22 14:24:37 - INFO - the acc is :0.75
2025-04-22 14:24:46 - INFO - Epoch:11/25 Loss is :0.8045
2025-04-22 14:27:40 - INFO - epoch:12/25 iteration:0/49 batch loss is :0.8433
2025-04-22 14:27:40 - INFO - the acc is :0.8125
2025-04-22 14:27:52 - INFO - epoch:12/25 iteration:5/49 batch loss is :0.9187
2025-04-22 14:27:52 - INFO - the acc is :0.5625
2025-04-22 14:28:06 - INFO - epoch:12/25 iteration:10/49 batch loss is :0.7055
2025-04-22 14:28:06 - INFO - the acc is :0.6875
2025-04-22 14:29:01 - INFO - epoch:12/25 iteration:15/49 batch loss is :0.5796
2025-04-22 14:29:01 - INFO - the acc is :0.75
2025-04-22 14:29:16 - INFO - epoch:12/25 iteration:20/49 batch loss is :0.6020
2025-04-22 14:29:16 - INFO - the acc is :0.875
2025-04-22 14:30:09 - INFO - epoch:12/25 iteration:25/49 batch loss is :0.5742
2025-04-22 14:30:09 - INFO - the acc is :0.875
2025-04-22 14:30:22 - INFO - epoch:12/25 iteration:30/49 batch loss is :0.9197
2025-04-22 14:30:22 - INFO - the acc is :0.75
2025-04-22 14:30:35 - INFO - epoch:12/25 iteration:35/49 batch loss is :0.7038
2025-04-22 14:30:35 - INFO - the acc is :0.8125
2025-04-22 14:31:16 - INFO - epoch:12/25 iteration:40/49 batch loss is :0.9930
2025-04-22 14:31:16 - INFO - the acc is :0.5
2025-04-22 14:31:25 - INFO - epoch:12/25 iteration:45/49 batch loss is :0.7350
2025-04-22 14:31:25 - INFO - the acc is :0.75
2025-04-22 14:31:31 - INFO - Epoch:12/25 Loss is :0.7490
2025-04-22 14:34:04 - INFO - epoch:13/25 iteration:0/49 batch loss is :1.0352
2025-04-22 14:34:04 - INFO - the acc is :0.625
2025-04-22 14:34:14 - INFO - epoch:13/25 iteration:5/49 batch loss is :0.8923
2025-04-22 14:34:14 - INFO - the acc is :0.5625
2025-04-22 14:34:24 - INFO - epoch:13/25 iteration:10/49 batch loss is :0.7756
2025-04-22 14:34:24 - INFO - the acc is :0.875
2025-04-22 14:35:14 - INFO - epoch:13/25 iteration:15/49 batch loss is :0.7064
2025-04-22 14:35:14 - INFO - the acc is :0.5625
2025-04-22 14:35:24 - INFO - epoch:13/25 iteration:20/49 batch loss is :0.6430
2025-04-22 14:35:24 - INFO - the acc is :0.5625
2025-04-22 14:36:13 - INFO - epoch:13/25 iteration:25/49 batch loss is :0.9145
2025-04-22 14:36:13 - INFO - the acc is :0.625
2025-04-22 14:36:24 - INFO - epoch:13/25 iteration:30/49 batch loss is :0.5311
2025-04-22 14:36:24 - INFO - the acc is :0.875
2025-04-22 14:36:34 - INFO - epoch:13/25 iteration:35/49 batch loss is :0.9314
2025-04-22 14:36:34 - INFO - the acc is :0.5625
2025-04-22 14:37:23 - INFO - epoch:13/25 iteration:40/49 batch loss is :0.9041
2025-04-22 14:37:23 - INFO - the acc is :0.6875
2025-04-22 14:37:32 - INFO - epoch:13/25 iteration:45/49 batch loss is :0.9706
2025-04-22 14:37:32 - INFO - the acc is :0.5
2025-04-22 14:37:39 - INFO - Epoch:13/25 Loss is :0.7884
2025-04-22 14:39:44 - INFO - epoch:14/25 iteration:0/49 batch loss is :0.5839
2025-04-22 14:39:44 - INFO - the acc is :0.875
2025-04-22 14:39:56 - INFO - epoch:14/25 iteration:5/49 batch loss is :0.6413
2025-04-22 14:39:56 - INFO - the acc is :0.8125
2025-04-22 14:40:09 - INFO - epoch:14/25 iteration:10/49 batch loss is :0.8951
2025-04-22 14:40:09 - INFO - the acc is :0.6875
2025-04-22 14:40:40 - INFO - epoch:14/25 iteration:15/49 batch loss is :0.7900
2025-04-22 14:40:40 - INFO - the acc is :0.5625
2025-04-22 14:40:53 - INFO - epoch:14/25 iteration:20/49 batch loss is :1.1381
2025-04-22 14:40:53 - INFO - the acc is :0.375
2025-04-22 14:41:25 - INFO - epoch:14/25 iteration:25/49 batch loss is :0.7178
2025-04-22 14:41:25 - INFO - the acc is :0.8125
2025-04-22 14:41:39 - INFO - epoch:14/25 iteration:30/49 batch loss is :0.7956
2025-04-22 14:41:39 - INFO - the acc is :0.75
2025-04-22 14:41:52 - INFO - epoch:14/25 iteration:35/49 batch loss is :0.7902
2025-04-22 14:41:52 - INFO - the acc is :0.75
2025-04-22 14:42:17 - INFO - epoch:14/25 iteration:40/49 batch loss is :0.7477
2025-04-22 14:42:17 - INFO - the acc is :0.75
2025-04-22 14:42:26 - INFO - epoch:14/25 iteration:45/49 batch loss is :0.6236
2025-04-22 14:42:26 - INFO - the acc is :0.8125
2025-04-22 14:42:33 - INFO - Epoch:14/25 Loss is :0.7811
2025-04-22 14:44:40 - INFO - epoch:15/25 iteration:0/49 batch loss is :0.9124
2025-04-22 14:44:40 - INFO - the acc is :0.5
2025-04-22 14:44:53 - INFO - epoch:15/25 iteration:5/49 batch loss is :0.9319
2025-04-22 14:44:53 - INFO - the acc is :0.5625
2025-04-22 14:45:07 - INFO - epoch:15/25 iteration:10/49 batch loss is :0.6233
2025-04-22 14:45:07 - INFO - the acc is :0.8125
2025-04-22 14:45:36 - INFO - epoch:15/25 iteration:15/49 batch loss is :0.6985
2025-04-22 14:45:36 - INFO - the acc is :0.75
2025-04-22 14:45:48 - INFO - epoch:15/25 iteration:20/49 batch loss is :0.7623
2025-04-22 14:45:48 - INFO - the acc is :0.75
2025-04-22 14:46:19 - INFO - epoch:15/25 iteration:25/49 batch loss is :0.7764
2025-04-22 14:46:19 - INFO - the acc is :0.8125
2025-04-22 14:46:32 - INFO - epoch:15/25 iteration:30/49 batch loss is :0.6774
2025-04-22 14:46:32 - INFO - the acc is :0.8125
2025-04-22 14:46:44 - INFO - epoch:15/25 iteration:35/49 batch loss is :1.0491
2025-04-22 14:46:44 - INFO - the acc is :0.8125
2025-04-22 14:47:09 - INFO - epoch:15/25 iteration:40/49 batch loss is :0.8284
2025-04-22 14:47:09 - INFO - the acc is :0.6875
2025-04-22 14:47:18 - INFO - epoch:15/25 iteration:45/49 batch loss is :0.4523
2025-04-22 14:47:18 - INFO - the acc is :0.8125
2025-04-22 14:47:25 - INFO - Epoch:15/25 Loss is :0.8293
2025-04-22 14:50:06 - INFO - val accuarcy is : 0.0156
2025-04-22 14:50:06 - INFO - VAL loss :4.8699
2025-04-22 14:52:39 - INFO - epoch:16/25 iteration:0/49 batch loss is :0.7427
2025-04-22 14:52:39 - INFO - the acc is :0.75
2025-04-22 14:52:49 - INFO - epoch:16/25 iteration:5/49 batch loss is :0.9374
2025-04-22 14:52:49 - INFO - the acc is :0.6875
2025-04-22 14:53:00 - INFO - epoch:16/25 iteration:10/49 batch loss is :0.7535
2025-04-22 14:53:00 - INFO - the acc is :0.8125
2025-04-22 14:53:50 - INFO - epoch:16/25 iteration:15/49 batch loss is :0.7814
2025-04-22 14:53:50 - INFO - the acc is :0.6875
2025-04-22 14:54:01 - INFO - epoch:16/25 iteration:20/49 batch loss is :0.7270
2025-04-22 14:54:01 - INFO - the acc is :0.6875
2025-04-22 14:54:52 - INFO - epoch:16/25 iteration:25/49 batch loss is :0.9646
2025-04-22 14:54:52 - INFO - the acc is :0.6875
2025-04-22 14:55:02 - INFO - epoch:16/25 iteration:30/49 batch loss is :0.7738
2025-04-22 14:55:02 - INFO - the acc is :0.875
2025-04-22 14:55:12 - INFO - epoch:16/25 iteration:35/49 batch loss is :0.8044
2025-04-22 14:55:12 - INFO - the acc is :0.6875
2025-04-22 14:56:03 - INFO - epoch:16/25 iteration:40/49 batch loss is :0.9095
2025-04-22 14:56:03 - INFO - the acc is :0.5
2025-04-22 14:56:12 - INFO - epoch:16/25 iteration:45/49 batch loss is :0.9077
2025-04-22 14:56:12 - INFO - the acc is :0.375
2025-04-22 14:56:19 - INFO - Epoch:16/25 Loss is :0.8263
2025-04-22 14:58:25 - INFO - epoch:17/25 iteration:0/49 batch loss is :0.7189
2025-04-22 14:58:25 - INFO - the acc is :0.75
2025-04-22 14:58:37 - INFO - epoch:17/25 iteration:5/49 batch loss is :0.7540
2025-04-22 14:58:37 - INFO - the acc is :0.8125
2025-04-22 14:58:49 - INFO - epoch:17/25 iteration:10/49 batch loss is :0.8920
2025-04-22 14:58:49 - INFO - the acc is :0.625
2025-04-22 14:59:22 - INFO - epoch:17/25 iteration:15/49 batch loss is :0.6225
2025-04-22 14:59:22 - INFO - the acc is :0.6875
2025-04-22 14:59:36 - INFO - epoch:17/25 iteration:20/49 batch loss is :0.5699
2025-04-22 14:59:36 - INFO - the acc is :0.875
2025-04-22 15:00:05 - INFO - epoch:17/25 iteration:25/49 batch loss is :0.5891
2025-04-22 15:00:05 - INFO - the acc is :0.875
2025-04-22 15:00:16 - INFO - epoch:17/25 iteration:30/49 batch loss is :1.2420
2025-04-22 15:00:16 - INFO - the acc is :0.4375
2025-04-22 15:00:28 - INFO - epoch:17/25 iteration:35/49 batch loss is :0.8322
2025-04-22 15:00:28 - INFO - the acc is :0.5625
2025-04-22 15:00:55 - INFO - epoch:17/25 iteration:40/49 batch loss is :0.6454
2025-04-22 15:00:55 - INFO - the acc is :0.8125
2025-04-22 15:01:03 - INFO - epoch:17/25 iteration:45/49 batch loss is :0.6667
2025-04-22 15:01:03 - INFO - the acc is :0.875
2025-04-22 15:01:10 - INFO - Epoch:17/25 Loss is :0.7727
2025-04-22 15:03:42 - INFO - epoch:18/25 iteration:0/49 batch loss is :0.7929
2025-04-22 15:03:42 - INFO - the acc is :0.6875
2025-04-22 15:03:51 - INFO - epoch:18/25 iteration:5/49 batch loss is :0.6766
2025-04-22 15:03:51 - INFO - the acc is :0.75
2025-04-22 15:04:02 - INFO - epoch:18/25 iteration:10/49 batch loss is :0.8516
2025-04-22 15:04:02 - INFO - the acc is :0.625
2025-04-22 15:04:52 - INFO - epoch:18/25 iteration:15/49 batch loss is :0.8431
2025-04-22 15:04:52 - INFO - the acc is :0.875
2025-04-22 15:05:03 - INFO - epoch:18/25 iteration:20/49 batch loss is :0.7082
2025-04-22 15:05:03 - INFO - the acc is :0.75
2025-04-22 15:05:53 - INFO - epoch:18/25 iteration:25/49 batch loss is :0.8051
2025-04-22 15:05:53 - INFO - the acc is :0.5625
2025-04-22 15:06:03 - INFO - epoch:18/25 iteration:30/49 batch loss is :0.6309
2025-04-22 15:06:03 - INFO - the acc is :0.8125
2025-04-22 15:06:13 - INFO - epoch:18/25 iteration:35/49 batch loss is :0.7254
2025-04-22 15:06:13 - INFO - the acc is :0.8125
2025-04-22 15:07:05 - INFO - epoch:18/25 iteration:40/49 batch loss is :0.7229
2025-04-22 15:07:05 - INFO - the acc is :0.8125
2025-04-22 15:07:13 - INFO - epoch:18/25 iteration:45/49 batch loss is :1.0833
2025-04-22 15:07:13 - INFO - the acc is :0.5625
2025-04-22 15:07:20 - INFO - Epoch:18/25 Loss is :0.7999
2025-04-22 15:09:26 - INFO - epoch:19/25 iteration:0/49 batch loss is :0.8646
2025-04-22 15:09:26 - INFO - the acc is :0.6875
2025-04-22 15:09:38 - INFO - epoch:19/25 iteration:5/49 batch loss is :0.8836
2025-04-22 15:09:38 - INFO - the acc is :0.6875
2025-04-22 15:09:49 - INFO - epoch:19/25 iteration:10/49 batch loss is :0.7199
2025-04-22 15:09:49 - INFO - the acc is :0.875
2025-04-22 15:10:22 - INFO - epoch:19/25 iteration:15/49 batch loss is :0.8528
2025-04-22 15:10:22 - INFO - the acc is :0.6875
2025-04-22 15:10:34 - INFO - epoch:19/25 iteration:20/49 batch loss is :0.8553
2025-04-22 15:10:34 - INFO - the acc is :0.6875
2025-04-22 15:11:06 - INFO - epoch:19/25 iteration:25/49 batch loss is :0.9725
2025-04-22 15:11:06 - INFO - the acc is :0.5
2025-04-22 15:11:17 - INFO - epoch:19/25 iteration:30/49 batch loss is :0.6073
2025-04-22 15:11:17 - INFO - the acc is :0.75
2025-04-22 15:11:29 - INFO - epoch:19/25 iteration:35/49 batch loss is :0.7345
2025-04-22 15:11:29 - INFO - the acc is :0.6875
2025-04-22 15:11:57 - INFO - epoch:19/25 iteration:40/49 batch loss is :1.0316
2025-04-22 15:11:57 - INFO - the acc is :0.5625
2025-04-22 15:12:05 - INFO - epoch:19/25 iteration:45/49 batch loss is :0.6698
2025-04-22 15:12:05 - INFO - the acc is :0.6875
2025-04-22 15:12:12 - INFO - Epoch:19/25 Loss is :0.7915
2025-04-22 15:14:17 - INFO - epoch:20/25 iteration:0/49 batch loss is :0.5192
2025-04-22 15:14:17 - INFO - the acc is :0.875
2025-04-22 15:14:30 - INFO - epoch:20/25 iteration:5/49 batch loss is :1.0105
2025-04-22 15:14:30 - INFO - the acc is :0.8125
2025-04-22 15:14:45 - INFO - epoch:20/25 iteration:10/49 batch loss is :0.7047
2025-04-22 15:14:45 - INFO - the acc is :0.625
2025-04-22 15:15:15 - INFO - epoch:20/25 iteration:15/49 batch loss is :0.5500
2025-04-22 15:15:15 - INFO - the acc is :0.8125
2025-04-22 15:15:30 - INFO - epoch:20/25 iteration:20/49 batch loss is :0.7994
2025-04-22 15:15:30 - INFO - the acc is :0.8125
2025-04-22 15:16:08 - INFO - epoch:20/25 iteration:25/49 batch loss is :0.7737
2025-04-22 15:16:08 - INFO - the acc is :0.8125
2025-04-22 15:16:22 - INFO - epoch:20/25 iteration:30/49 batch loss is :0.7467
2025-04-22 15:16:22 - INFO - the acc is :0.75
2025-04-22 15:16:36 - INFO - epoch:20/25 iteration:35/49 batch loss is :0.5856
2025-04-22 15:16:36 - INFO - the acc is :0.8125
2025-04-22 15:16:59 - INFO - epoch:20/25 iteration:40/49 batch loss is :0.8733
2025-04-22 15:16:59 - INFO - the acc is :0.625
2025-04-22 15:17:08 - INFO - epoch:20/25 iteration:45/49 batch loss is :0.7963
2025-04-22 15:17:08 - INFO - the acc is :0.75
2025-04-22 15:17:15 - INFO - Epoch:20/25 Loss is :0.7508
2025-04-22 15:19:58 - INFO - val accuarcy is : 0.0207
2025-04-22 15:19:58 - INFO - VAL loss :4.7682
2025-04-22 15:22:21 - INFO - epoch:21/25 iteration:0/49 batch loss is :0.8345
2025-04-22 15:22:21 - INFO - the acc is :0.6875
2025-04-22 15:22:31 - INFO - epoch:21/25 iteration:5/49 batch loss is :0.8054
2025-04-22 15:22:31 - INFO - the acc is :0.75
2025-04-22 15:22:41 - INFO - epoch:21/25 iteration:10/49 batch loss is :0.8888
2025-04-22 15:22:41 - INFO - the acc is :0.6875
2025-04-22 15:23:32 - INFO - epoch:21/25 iteration:15/49 batch loss is :0.5097
2025-04-22 15:23:32 - INFO - the acc is :0.875
2025-04-22 15:23:42 - INFO - epoch:21/25 iteration:20/49 batch loss is :0.8690
2025-04-22 15:23:42 - INFO - the acc is :0.75
2025-04-22 15:24:32 - INFO - epoch:21/25 iteration:25/49 batch loss is :0.6993
2025-04-22 15:24:32 - INFO - the acc is :0.625
2025-04-22 15:24:43 - INFO - epoch:21/25 iteration:30/49 batch loss is :0.8656
2025-04-22 15:24:43 - INFO - the acc is :0.6875
2025-04-22 15:24:53 - INFO - epoch:21/25 iteration:35/49 batch loss is :1.3589
2025-04-22 15:24:53 - INFO - the acc is :0.4375
2025-04-22 15:25:42 - INFO - epoch:21/25 iteration:40/49 batch loss is :0.5995
2025-04-22 15:25:42 - INFO - the acc is :0.75
2025-04-22 15:25:50 - INFO - epoch:21/25 iteration:45/49 batch loss is :0.7044
2025-04-22 15:25:50 - INFO - the acc is :0.5625
2025-04-22 15:25:57 - INFO - Epoch:21/25 Loss is :0.7982
2025-04-22 15:28:03 - INFO - epoch:22/25 iteration:0/49 batch loss is :0.7495
2025-04-22 15:28:03 - INFO - the acc is :0.75
2025-04-22 15:28:16 - INFO - epoch:22/25 iteration:5/49 batch loss is :0.7911
2025-04-22 15:28:16 - INFO - the acc is :0.6875
2025-04-22 15:28:28 - INFO - epoch:22/25 iteration:10/49 batch loss is :0.8875
2025-04-22 15:28:28 - INFO - the acc is :0.6875
2025-04-22 15:29:02 - INFO - epoch:22/25 iteration:15/49 batch loss is :0.7709
2025-04-22 15:29:02 - INFO - the acc is :0.75
2025-04-22 15:29:15 - INFO - epoch:22/25 iteration:20/49 batch loss is :0.6860
2025-04-22 15:29:15 - INFO - the acc is :0.625
2025-04-22 15:29:45 - INFO - epoch:22/25 iteration:25/49 batch loss is :0.6635
2025-04-22 15:29:45 - INFO - the acc is :0.875
2025-04-22 15:29:57 - INFO - epoch:22/25 iteration:30/49 batch loss is :0.7128
2025-04-22 15:29:57 - INFO - the acc is :0.75
2025-04-22 15:30:10 - INFO - epoch:22/25 iteration:35/49 batch loss is :0.7854
2025-04-22 15:30:10 - INFO - the acc is :0.75
2025-04-22 15:30:37 - INFO - epoch:22/25 iteration:40/49 batch loss is :0.9152
2025-04-22 15:30:37 - INFO - the acc is :0.6875
2025-04-22 15:30:46 - INFO - epoch:22/25 iteration:45/49 batch loss is :0.7256
2025-04-22 15:30:46 - INFO - the acc is :0.6875
2025-04-22 15:30:53 - INFO - Epoch:22/25 Loss is :0.7693
2025-04-22 15:33:24 - INFO - epoch:23/25 iteration:0/49 batch loss is :1.0453
2025-04-22 15:33:24 - INFO - the acc is :0.625
2025-04-22 15:33:35 - INFO - epoch:23/25 iteration:5/49 batch loss is :0.8811
2025-04-22 15:33:35 - INFO - the acc is :0.6875
2025-04-22 15:33:46 - INFO - epoch:23/25 iteration:10/49 batch loss is :1.0781
2025-04-22 15:33:46 - INFO - the acc is :0.4375
2025-04-22 15:34:38 - INFO - epoch:23/25 iteration:15/49 batch loss is :0.9660
2025-04-22 15:34:38 - INFO - the acc is :0.75
2025-04-22 15:34:49 - INFO - epoch:23/25 iteration:20/49 batch loss is :0.8097
2025-04-22 15:34:49 - INFO - the acc is :0.6875
2025-04-22 15:35:39 - INFO - epoch:23/25 iteration:25/49 batch loss is :0.5391
2025-04-22 15:35:39 - INFO - the acc is :0.875
2025-04-22 15:35:50 - INFO - epoch:23/25 iteration:30/49 batch loss is :0.7101
2025-04-22 15:35:50 - INFO - the acc is :0.8125
2025-04-22 15:36:00 - INFO - epoch:23/25 iteration:35/49 batch loss is :0.6994
2025-04-22 15:36:00 - INFO - the acc is :0.75
2025-04-22 15:36:51 - INFO - epoch:23/25 iteration:40/49 batch loss is :0.7667
2025-04-22 15:36:51 - INFO - the acc is :0.6875
2025-04-22 15:36:59 - INFO - epoch:23/25 iteration:45/49 batch loss is :0.7865
2025-04-22 15:36:59 - INFO - the acc is :0.875
2025-04-22 15:37:07 - INFO - Epoch:23/25 Loss is :0.8332
2025-04-22 15:39:17 - INFO - epoch:24/25 iteration:0/49 batch loss is :0.5372
2025-04-22 15:39:17 - INFO - the acc is :0.8125
2025-04-22 15:39:28 - INFO - epoch:24/25 iteration:5/49 batch loss is :1.0285
2025-04-22 15:39:28 - INFO - the acc is :0.625
2025-04-22 15:39:41 - INFO - epoch:24/25 iteration:10/49 batch loss is :0.7407
2025-04-22 15:39:41 - INFO - the acc is :0.8125
2025-04-22 15:40:11 - INFO - epoch:24/25 iteration:15/49 batch loss is :0.8930
2025-04-22 15:40:11 - INFO - the acc is :0.6875
2025-04-22 15:40:23 - INFO - epoch:24/25 iteration:20/49 batch loss is :0.9385
2025-04-22 15:40:23 - INFO - the acc is :0.6875
2025-04-22 15:40:53 - INFO - epoch:24/25 iteration:25/49 batch loss is :1.2597
2025-04-22 15:40:53 - INFO - the acc is :0.5
2025-04-22 15:41:06 - INFO - epoch:24/25 iteration:30/49 batch loss is :0.7219
2025-04-22 15:41:06 - INFO - the acc is :0.8125
2025-04-22 15:41:17 - INFO - epoch:24/25 iteration:35/49 batch loss is :0.6449
2025-04-22 15:41:17 - INFO - the acc is :0.8125
2025-04-22 15:41:47 - INFO - epoch:24/25 iteration:40/49 batch loss is :0.7153
2025-04-22 15:41:47 - INFO - the acc is :0.75
2025-04-22 15:41:55 - INFO - epoch:24/25 iteration:45/49 batch loss is :0.6493
2025-04-22 15:41:55 - INFO - the acc is :0.875
2025-04-22 15:42:02 - INFO - Epoch:24/25 Loss is :0.7964
2025-04-22 15:44:38 - INFO - val accuarcy is : 0.0156
2025-04-22 15:44:38 - INFO - VAL loss :5.4329
2025-04-22 15:44:38 - INFO - fold number:2
2025-04-22 15:46:39 - INFO - epoch:0/25 iteration:0/49 batch loss is :0.9565
2025-04-22 15:46:39 - INFO - the acc is :0.625
2025-04-22 15:46:51 - INFO - epoch:0/25 iteration:5/49 batch loss is :0.5962
2025-04-22 15:46:51 - INFO - the acc is :0.75
2025-04-22 15:47:06 - INFO - epoch:0/25 iteration:10/49 batch loss is :0.9843
2025-04-22 15:47:06 - INFO - the acc is :0.625
2025-04-22 15:47:37 - INFO - epoch:0/25 iteration:15/49 batch loss is :0.7028
2025-04-22 15:47:37 - INFO - the acc is :0.875
2025-04-22 15:47:48 - INFO - epoch:0/25 iteration:20/49 batch loss is :1.3658
2025-04-22 15:47:48 - INFO - the acc is :0.5
2025-04-22 15:48:36 - INFO - epoch:0/25 iteration:25/49 batch loss is :0.7975
2025-04-22 15:48:36 - INFO - the acc is :0.6875
2025-04-22 15:48:47 - INFO - epoch:0/25 iteration:30/49 batch loss is :0.7355
2025-04-22 15:48:47 - INFO - the acc is :0.625
2025-04-22 15:48:57 - INFO - epoch:0/25 iteration:35/49 batch loss is :0.7320
2025-04-22 15:48:57 - INFO - the acc is :0.8125
2025-04-22 15:49:47 - INFO - epoch:0/25 iteration:40/49 batch loss is :0.7402
2025-04-22 15:49:47 - INFO - the acc is :0.8125
2025-04-22 15:49:56 - INFO - epoch:0/25 iteration:45/49 batch loss is :0.7565
2025-04-22 15:49:56 - INFO - the acc is :0.6875
2025-04-22 15:50:03 - INFO - Epoch:0/25 Loss is :0.8152
2025-04-22 15:52:48 - INFO - val accuarcy is : 0.0934
2025-04-22 15:52:48 - INFO - VAL loss :4.4714
2025-04-22 15:54:57 - INFO - epoch:1/25 iteration:0/49 batch loss is :0.9411
2025-04-22 15:54:57 - INFO - the acc is :0.75
2025-04-22 15:55:10 - INFO - epoch:1/25 iteration:5/49 batch loss is :0.8751
2025-04-22 15:55:10 - INFO - the acc is :0.6875
2025-04-22 15:55:21 - INFO - epoch:1/25 iteration:10/49 batch loss is :0.8071
2025-04-22 15:55:21 - INFO - the acc is :0.75
2025-04-22 15:56:07 - INFO - epoch:1/25 iteration:15/49 batch loss is :0.6602
2025-04-22 15:56:07 - INFO - the acc is :0.875
2025-04-22 15:56:18 - INFO - epoch:1/25 iteration:20/49 batch loss is :0.7887
2025-04-22 15:56:18 - INFO - the acc is :0.625
2025-04-22 15:56:58 - INFO - epoch:1/25 iteration:25/49 batch loss is :1.1214
2025-04-22 15:56:58 - INFO - the acc is :0.4375
2025-04-22 15:57:09 - INFO - epoch:1/25 iteration:30/49 batch loss is :0.8909
2025-04-22 15:57:09 - INFO - the acc is :0.75
2025-04-22 15:57:20 - INFO - epoch:1/25 iteration:35/49 batch loss is :0.8975
2025-04-22 15:57:20 - INFO - the acc is :0.5625
2025-04-22 15:58:00 - INFO - epoch:1/25 iteration:40/49 batch loss is :0.5230
2025-04-22 15:58:00 - INFO - the acc is :0.75
2025-04-22 15:58:08 - INFO - epoch:1/25 iteration:45/49 batch loss is :0.7889
2025-04-22 15:58:08 - INFO - the acc is :0.625
2025-04-22 15:58:15 - INFO - Epoch:1/25 Loss is :0.8041
2025-04-22 16:00:17 - INFO - epoch:2/25 iteration:0/49 batch loss is :0.8852
2025-04-22 16:00:17 - INFO - the acc is :0.625
2025-04-22 16:00:32 - INFO - epoch:2/25 iteration:5/49 batch loss is :0.6768
2025-04-22 16:00:32 - INFO - the acc is :0.75
2025-04-22 16:00:47 - INFO - epoch:2/25 iteration:10/49 batch loss is :0.7463
2025-04-22 16:00:47 - INFO - the acc is :0.8125
2025-04-22 16:01:14 - INFO - epoch:2/25 iteration:15/49 batch loss is :0.8857
2025-04-22 16:01:14 - INFO - the acc is :0.6875
2025-04-22 16:01:26 - INFO - epoch:2/25 iteration:20/49 batch loss is :0.8428
2025-04-22 16:01:26 - INFO - the acc is :0.6875
2025-04-22 16:01:56 - INFO - epoch:2/25 iteration:25/49 batch loss is :0.6798
2025-04-22 16:01:56 - INFO - the acc is :0.9375
2025-04-22 16:02:12 - INFO - epoch:2/25 iteration:30/49 batch loss is :0.9136
2025-04-22 16:02:12 - INFO - the acc is :0.625
2025-04-22 16:02:26 - INFO - epoch:2/25 iteration:35/49 batch loss is :0.6893
2025-04-22 16:02:26 - INFO - the acc is :0.625
2025-04-22 16:03:03 - INFO - epoch:2/25 iteration:40/49 batch loss is :0.6057
2025-04-22 16:03:03 - INFO - the acc is :0.6875
2025-04-22 16:03:11 - INFO - epoch:2/25 iteration:45/49 batch loss is :0.5531
2025-04-22 16:03:11 - INFO - the acc is :0.75
2025-04-22 16:03:19 - INFO - Epoch:2/25 Loss is :0.7997
2025-04-22 16:06:29 - INFO - epoch:3/25 iteration:0/49 batch loss is :0.6908
2025-04-22 16:06:29 - INFO - the acc is :0.8125
2025-04-22 16:06:41 - INFO - epoch:3/25 iteration:5/49 batch loss is :0.5914
2025-04-22 16:06:41 - INFO - the acc is :0.875
2025-04-22 16:06:53 - INFO - epoch:3/25 iteration:10/49 batch loss is :0.7926
2025-04-22 16:06:53 - INFO - the acc is :0.5625
2025-04-22 16:08:31 - INFO - epoch:3/25 iteration:15/49 batch loss is :1.0540
2025-04-22 16:08:31 - INFO - the acc is :0.625
2025-04-22 16:08:45 - INFO - epoch:3/25 iteration:20/49 batch loss is :1.0760
2025-04-22 16:08:45 - INFO - the acc is :0.5
2025-04-22 16:10:15 - INFO - epoch:3/25 iteration:25/49 batch loss is :0.7434
2025-04-22 16:10:15 - INFO - the acc is :0.75
2025-04-22 16:10:28 - INFO - epoch:3/25 iteration:30/49 batch loss is :0.8680
2025-04-22 16:10:28 - INFO - the acc is :0.625
2025-04-22 16:10:41 - INFO - epoch:3/25 iteration:35/49 batch loss is :0.6797
2025-04-22 16:10:41 - INFO - the acc is :0.6875
2025-04-22 16:12:01 - INFO - epoch:3/25 iteration:40/49 batch loss is :0.7497
2025-04-22 16:12:01 - INFO - the acc is :0.6875
2025-04-22 16:12:10 - INFO - epoch:3/25 iteration:45/49 batch loss is :1.0116
2025-04-22 16:12:10 - INFO - the acc is :0.6875
2025-04-22 16:12:17 - INFO - Epoch:3/25 Loss is :0.7893
2025-04-22 16:14:47 - INFO - epoch:4/25 iteration:0/49 batch loss is :0.6597
2025-04-22 16:14:47 - INFO - the acc is :0.8125
2025-04-22 16:15:01 - INFO - epoch:4/25 iteration:5/49 batch loss is :0.7898
2025-04-22 16:15:01 - INFO - the acc is :0.6875
2025-04-22 16:15:14 - INFO - epoch:4/25 iteration:10/49 batch loss is :0.7030
2025-04-22 16:15:14 - INFO - the acc is :0.6875
2025-04-22 16:16:00 - INFO - epoch:4/25 iteration:15/49 batch loss is :0.6384
2025-04-22 16:16:00 - INFO - the acc is :0.875
2025-04-22 16:16:13 - INFO - epoch:4/25 iteration:20/49 batch loss is :0.7124
2025-04-22 16:16:13 - INFO - the acc is :0.625
2025-04-22 16:18:06 - INFO - epoch:4/25 iteration:25/49 batch loss is :0.9622
2025-04-22 16:18:06 - INFO - the acc is :0.6875
2025-04-22 16:18:17 - INFO - epoch:4/25 iteration:30/49 batch loss is :0.6982
2025-04-22 16:18:17 - INFO - the acc is :0.6875
2025-04-22 16:18:28 - INFO - epoch:4/25 iteration:35/49 batch loss is :0.9209
2025-04-22 16:18:28 - INFO - the acc is :0.5625
2025-04-22 16:18:37 - INFO - epoch:4/25 iteration:40/49 batch loss is :0.5133
2025-04-22 16:18:37 - INFO - the acc is :1.0
2025-04-22 16:18:46 - INFO - epoch:4/25 iteration:45/49 batch loss is :0.5868
2025-04-22 16:18:46 - INFO - the acc is :0.8125
2025-04-22 16:18:54 - INFO - Epoch:4/25 Loss is :0.7650
2025-04-22 16:22:00 - INFO - epoch:5/25 iteration:0/49 batch loss is :0.7763
2025-04-22 16:22:00 - INFO - the acc is :0.6875
2025-04-22 16:22:10 - INFO - epoch:5/25 iteration:5/49 batch loss is :0.6778
2025-04-22 16:22:10 - INFO - the acc is :0.625
2025-04-22 16:22:21 - INFO - epoch:5/25 iteration:10/49 batch loss is :0.6457
2025-04-22 16:22:21 - INFO - the acc is :0.6875
2025-04-22 16:23:30 - INFO - epoch:5/25 iteration:15/49 batch loss is :0.8556
2025-04-22 16:23:30 - INFO - the acc is :0.75
2025-04-22 16:23:44 - INFO - epoch:5/25 iteration:20/49 batch loss is :0.8696
2025-04-22 16:23:44 - INFO - the acc is :0.5
2025-04-22 16:24:53 - INFO - epoch:5/25 iteration:25/49 batch loss is :0.7549
2025-04-22 16:24:53 - INFO - the acc is :0.625
2025-04-22 16:25:14 - INFO - epoch:5/25 iteration:30/49 batch loss is :0.8933
2025-04-22 16:25:14 - INFO - the acc is :0.625
2025-04-22 16:25:25 - INFO - epoch:5/25 iteration:35/49 batch loss is :0.7558
2025-04-22 16:25:25 - INFO - the acc is :0.625
2025-04-22 16:26:29 - INFO - epoch:5/25 iteration:40/49 batch loss is :0.5946
2025-04-22 16:26:29 - INFO - the acc is :0.9375
2025-04-22 16:26:38 - INFO - epoch:5/25 iteration:45/49 batch loss is :0.7312
2025-04-22 16:26:38 - INFO - the acc is :0.875
2025-04-22 16:26:45 - INFO - Epoch:5/25 Loss is :0.8003
2025-04-22 16:29:47 - INFO - val accuarcy is : 0.0726
2025-04-22 16:29:47 - INFO - VAL loss :4.9538
2025-04-22 16:32:29 - INFO - epoch:6/25 iteration:0/49 batch loss is :0.5098
2025-04-22 16:32:29 - INFO - the acc is :0.9375
2025-04-22 16:32:40 - INFO - epoch:6/25 iteration:5/49 batch loss is :0.8785
2025-04-22 16:32:40 - INFO - the acc is :0.75
2025-04-22 16:32:52 - INFO - epoch:6/25 iteration:10/49 batch loss is :1.0693
2025-04-22 16:32:52 - INFO - the acc is :0.4375
2025-04-22 16:34:07 - INFO - epoch:6/25 iteration:15/49 batch loss is :0.8427
2025-04-22 16:34:07 - INFO - the acc is :0.8125
2025-04-22 16:34:17 - INFO - epoch:6/25 iteration:20/49 batch loss is :0.8927
2025-04-22 16:34:17 - INFO - the acc is :0.5625
2025-04-22 16:35:22 - INFO - epoch:6/25 iteration:25/49 batch loss is :0.8067
2025-04-22 16:35:22 - INFO - the acc is :0.6875
2025-04-22 16:35:33 - INFO - epoch:6/25 iteration:30/49 batch loss is :0.8293
2025-04-22 16:35:33 - INFO - the acc is :0.625
2025-04-22 16:35:44 - INFO - epoch:6/25 iteration:35/49 batch loss is :0.5487
2025-04-22 16:35:44 - INFO - the acc is :0.875
2025-04-22 16:36:58 - INFO - epoch:6/25 iteration:40/49 batch loss is :0.5742
2025-04-22 16:36:58 - INFO - the acc is :0.8125
2025-04-22 16:37:07 - INFO - epoch:6/25 iteration:45/49 batch loss is :0.6847
2025-04-22 16:37:07 - INFO - the acc is :0.8125
2025-04-22 16:37:15 - INFO - Epoch:6/25 Loss is :0.8207
2025-04-22 16:40:12 - INFO - epoch:7/25 iteration:0/49 batch loss is :0.6579
2025-04-22 16:40:12 - INFO - the acc is :0.6875
2025-04-22 16:40:24 - INFO - epoch:7/25 iteration:5/49 batch loss is :0.6672
2025-04-22 16:40:24 - INFO - the acc is :0.8125
2025-04-22 16:40:35 - INFO - epoch:7/25 iteration:10/49 batch loss is :0.8566
2025-04-22 16:40:35 - INFO - the acc is :0.625
2025-04-22 16:41:28 - INFO - epoch:7/25 iteration:15/49 batch loss is :0.9506
2025-04-22 16:41:28 - INFO - the acc is :0.5625
2025-04-22 16:41:45 - INFO - epoch:7/25 iteration:20/49 batch loss is :0.6485
2025-04-22 16:41:45 - INFO - the acc is :0.8125
2025-04-22 16:42:47 - INFO - epoch:7/25 iteration:25/49 batch loss is :0.7954
2025-04-22 16:42:47 - INFO - the acc is :0.375
2025-04-22 16:43:03 - INFO - epoch:7/25 iteration:30/49 batch loss is :0.6450
2025-04-22 16:43:03 - INFO - the acc is :0.8125
2025-04-22 16:43:13 - INFO - epoch:7/25 iteration:35/49 batch loss is :0.9491
2025-04-22 16:43:13 - INFO - the acc is :0.5
2025-04-22 16:43:44 - INFO - epoch:7/25 iteration:40/49 batch loss is :0.7511
2025-04-22 16:43:44 - INFO - the acc is :0.875
2025-04-22 16:43:52 - INFO - epoch:7/25 iteration:45/49 batch loss is :0.5293
2025-04-22 16:43:52 - INFO - the acc is :0.8125
2025-04-22 16:43:59 - INFO - Epoch:7/25 Loss is :0.7774
2025-04-22 16:46:19 - INFO - epoch:8/25 iteration:0/49 batch loss is :0.5592
2025-04-22 16:46:19 - INFO - the acc is :0.875
2025-04-22 16:46:33 - INFO - epoch:8/25 iteration:5/49 batch loss is :0.8994
2025-04-22 16:46:33 - INFO - the acc is :0.5625
2025-04-22 16:46:46 - INFO - epoch:8/25 iteration:10/49 batch loss is :0.8510
2025-04-22 16:46:46 - INFO - the acc is :0.625
2025-04-22 16:47:30 - INFO - epoch:8/25 iteration:15/49 batch loss is :0.9080
2025-04-22 16:47:30 - INFO - the acc is :0.6875
2025-04-22 16:47:43 - INFO - epoch:8/25 iteration:20/49 batch loss is :0.5210
2025-04-22 16:47:43 - INFO - the acc is :0.875
2025-04-22 16:48:53 - INFO - epoch:8/25 iteration:25/49 batch loss is :1.0753
2025-04-22 16:48:53 - INFO - the acc is :0.6875
2025-04-22 16:49:04 - INFO - epoch:8/25 iteration:30/49 batch loss is :0.7414
2025-04-22 16:49:04 - INFO - the acc is :0.8125
2025-04-22 16:49:15 - INFO - epoch:8/25 iteration:35/49 batch loss is :0.5146
2025-04-22 16:49:15 - INFO - the acc is :0.875
2025-04-22 16:50:25 - INFO - epoch:8/25 iteration:40/49 batch loss is :0.7902
2025-04-22 16:50:25 - INFO - the acc is :0.75
2025-04-22 16:50:34 - INFO - epoch:8/25 iteration:45/49 batch loss is :0.5967
2025-04-22 16:50:34 - INFO - the acc is :0.875
2025-04-22 16:50:41 - INFO - Epoch:8/25 Loss is :0.7909
2025-04-22 16:53:43 - INFO - epoch:9/25 iteration:0/49 batch loss is :0.7256
2025-04-22 16:53:43 - INFO - the acc is :0.8125
2025-04-22 16:53:54 - INFO - epoch:9/25 iteration:5/49 batch loss is :0.8723
2025-04-22 16:53:54 - INFO - the acc is :0.5
2025-04-22 16:55:16 - INFO - epoch:9/25 iteration:10/49 batch loss is :1.2120
2025-04-22 16:55:16 - INFO - the acc is :0.375
2025-04-22 16:55:27 - INFO - epoch:9/25 iteration:15/49 batch loss is :0.8357
2025-04-22 16:55:27 - INFO - the acc is :0.6875
2025-04-22 16:55:38 - INFO - epoch:9/25 iteration:20/49 batch loss is :0.7510
2025-04-22 16:55:38 - INFO - the acc is :0.5
2025-04-22 16:56:38 - INFO - epoch:9/25 iteration:25/49 batch loss is :0.8772
2025-04-22 16:56:38 - INFO - the acc is :0.625
2025-04-22 16:56:49 - INFO - epoch:9/25 iteration:30/49 batch loss is :1.1351
2025-04-22 16:56:49 - INFO - the acc is :0.5625
2025-04-22 16:56:59 - INFO - epoch:9/25 iteration:35/49 batch loss is :0.6905
2025-04-22 16:56:59 - INFO - the acc is :0.6875
2025-04-22 16:57:50 - INFO - epoch:9/25 iteration:40/49 batch loss is :0.7712
2025-04-22 16:57:50 - INFO - the acc is :0.8125
2025-04-22 16:57:59 - INFO - epoch:9/25 iteration:45/49 batch loss is :0.6835
2025-04-22 16:57:59 - INFO - the acc is :0.75
2025-04-22 16:58:06 - INFO - Epoch:9/25 Loss is :0.7986
2025-04-22 17:00:29 - INFO - epoch:10/25 iteration:0/49 batch loss is :0.7817
2025-04-22 17:00:29 - INFO - the acc is :0.625
2025-04-22 17:00:43 - INFO - epoch:10/25 iteration:5/49 batch loss is :0.6377
2025-04-22 17:00:43 - INFO - the acc is :0.875
2025-04-22 17:00:55 - INFO - epoch:10/25 iteration:10/49 batch loss is :0.9115
2025-04-22 17:00:55 - INFO - the acc is :0.6875
2025-04-22 17:01:39 - INFO - epoch:10/25 iteration:15/49 batch loss is :0.7864
2025-04-22 17:01:39 - INFO - the acc is :0.6875
2025-04-22 17:01:52 - INFO - epoch:10/25 iteration:20/49 batch loss is :0.8651
2025-04-22 17:01:52 - INFO - the acc is :0.75
2025-04-22 17:02:36 - INFO - epoch:10/25 iteration:25/49 batch loss is :0.7771
2025-04-22 17:02:36 - INFO - the acc is :0.75
2025-04-22 17:02:48 - INFO - epoch:10/25 iteration:30/49 batch loss is :0.9317
2025-04-22 17:02:48 - INFO - the acc is :0.4375
2025-04-22 17:02:59 - INFO - epoch:10/25 iteration:35/49 batch loss is :0.5362
2025-04-22 17:02:59 - INFO - the acc is :0.9375
2025-04-22 17:04:04 - INFO - epoch:10/25 iteration:40/49 batch loss is :1.0306
2025-04-22 17:04:04 - INFO - the acc is :0.5
2025-04-22 17:04:13 - INFO - epoch:10/25 iteration:45/49 batch loss is :1.3214
2025-04-22 17:04:13 - INFO - the acc is :0.5
2025-04-22 17:04:21 - INFO - Epoch:10/25 Loss is :0.7989
2025-04-22 17:07:39 - INFO - val accuarcy is : 0.2490
2025-04-22 17:07:39 - INFO - VAL loss :2.9419
2025-04-22 17:10:33 - INFO - epoch:11/25 iteration:0/49 batch loss is :0.6309
2025-04-22 17:10:33 - INFO - the acc is :0.8125
2025-04-22 17:10:49 - INFO - epoch:11/25 iteration:5/49 batch loss is :1.0063
2025-04-22 17:10:49 - INFO - the acc is :0.625
2025-04-22 17:11:01 - INFO - epoch:11/25 iteration:10/49 batch loss is :0.7920
2025-04-22 17:11:01 - INFO - the acc is :0.625
2025-04-22 17:12:16 - INFO - epoch:11/25 iteration:15/49 batch loss is :0.7034
2025-04-22 17:12:16 - INFO - the acc is :0.75
2025-04-22 17:12:28 - INFO - epoch:11/25 iteration:20/49 batch loss is :0.9332
2025-04-22 17:12:28 - INFO - the acc is :0.75
2025-04-22 17:13:38 - INFO - epoch:11/25 iteration:25/49 batch loss is :0.7885
2025-04-22 17:13:38 - INFO - the acc is :0.75
2025-04-22 17:13:52 - INFO - epoch:11/25 iteration:30/49 batch loss is :0.8509
2025-04-22 17:13:52 - INFO - the acc is :0.6875
2025-04-22 17:14:03 - INFO - epoch:11/25 iteration:35/49 batch loss is :0.7734
2025-04-22 17:14:03 - INFO - the acc is :0.6875
2025-04-22 17:16:06 - INFO - epoch:11/25 iteration:40/49 batch loss is :0.7917
2025-04-22 17:16:06 - INFO - the acc is :0.625
2025-04-22 17:16:15 - INFO - epoch:11/25 iteration:45/49 batch loss is :0.8041
2025-04-22 17:16:15 - INFO - the acc is :0.625
2025-04-22 17:16:23 - INFO - Epoch:11/25 Loss is :0.7777
2025-04-22 17:19:30 - INFO - epoch:12/25 iteration:0/49 batch loss is :0.4881
2025-04-22 17:19:30 - INFO - the acc is :0.9375
2025-04-22 17:19:41 - INFO - epoch:12/25 iteration:5/49 batch loss is :0.7385
2025-04-22 17:19:41 - INFO - the acc is :0.625
2025-04-22 17:19:52 - INFO - epoch:12/25 iteration:10/49 batch loss is :0.8294
2025-04-22 17:19:52 - INFO - the acc is :0.6875
2025-04-22 17:21:11 - INFO - epoch:12/25 iteration:15/49 batch loss is :0.5627
2025-04-22 17:21:11 - INFO - the acc is :0.8125
2025-04-22 17:21:22 - INFO - epoch:12/25 iteration:20/49 batch loss is :0.5783
2025-04-22 17:21:22 - INFO - the acc is :0.75
2025-04-22 17:22:39 - INFO - epoch:12/25 iteration:25/49 batch loss is :0.6278
2025-04-22 17:22:39 - INFO - the acc is :0.75
2025-04-22 17:22:50 - INFO - epoch:12/25 iteration:30/49 batch loss is :0.7466
2025-04-22 17:22:50 - INFO - the acc is :0.8125
2025-04-22 17:23:00 - INFO - epoch:12/25 iteration:35/49 batch loss is :0.8362
2025-04-22 17:23:00 - INFO - the acc is :0.6875
2025-04-22 17:24:13 - INFO - epoch:12/25 iteration:40/49 batch loss is :0.5935
2025-04-22 17:24:13 - INFO - the acc is :0.875
2025-04-22 17:24:22 - INFO - epoch:12/25 iteration:45/49 batch loss is :0.8946
2025-04-22 17:24:22 - INFO - the acc is :0.5625
2025-04-22 17:24:30 - INFO - Epoch:12/25 Loss is :0.7901
2025-04-22 17:27:19 - INFO - epoch:13/25 iteration:0/49 batch loss is :0.8989
2025-04-22 17:27:19 - INFO - the acc is :0.6875
2025-04-22 17:27:32 - INFO - epoch:13/25 iteration:5/49 batch loss is :0.7486
2025-04-22 17:27:32 - INFO - the acc is :0.6875
2025-04-22 17:27:44 - INFO - epoch:13/25 iteration:10/49 batch loss is :0.5621
2025-04-22 17:27:44 - INFO - the acc is :0.8125
2025-04-22 17:28:29 - INFO - epoch:13/25 iteration:15/49 batch loss is :0.8090
2025-04-22 17:28:29 - INFO - the acc is :0.6875
2025-04-22 17:28:44 - INFO - epoch:13/25 iteration:20/49 batch loss is :1.0428
2025-04-22 17:28:44 - INFO - the acc is :0.5625
2025-04-22 17:29:27 - INFO - epoch:13/25 iteration:25/49 batch loss is :0.7031
2025-04-22 17:29:27 - INFO - the acc is :0.6875
2025-04-22 17:29:40 - INFO - epoch:13/25 iteration:30/49 batch loss is :0.8253
2025-04-22 17:29:40 - INFO - the acc is :0.6875
2025-04-22 17:29:52 - INFO - epoch:13/25 iteration:35/49 batch loss is :0.4476
2025-04-22 17:29:52 - INFO - the acc is :0.8125
2025-04-22 17:30:29 - INFO - epoch:13/25 iteration:40/49 batch loss is :0.8043
2025-04-22 17:30:29 - INFO - the acc is :0.6875
2025-04-22 17:30:38 - INFO - epoch:13/25 iteration:45/49 batch loss is :0.5945
2025-04-22 17:30:38 - INFO - the acc is :0.8125
2025-04-22 17:30:45 - INFO - Epoch:13/25 Loss is :0.8070
2025-04-22 17:33:23 - INFO - epoch:14/25 iteration:0/49 batch loss is :0.8570
2025-04-22 17:33:23 - INFO - the acc is :0.5625
2025-04-22 17:33:33 - INFO - epoch:14/25 iteration:5/49 batch loss is :0.6535
2025-04-22 17:33:33 - INFO - the acc is :0.9375
2025-04-22 17:33:45 - INFO - epoch:14/25 iteration:10/49 batch loss is :0.7640
2025-04-22 17:33:45 - INFO - the acc is :0.8125
2025-04-22 17:35:04 - INFO - epoch:14/25 iteration:15/49 batch loss is :0.5568
2025-04-22 17:35:04 - INFO - the acc is :0.8125
2025-04-22 17:36:21 - INFO - epoch:14/25 iteration:20/49 batch loss is :0.6472
2025-04-22 17:36:21 - INFO - the acc is :0.6875
2025-04-22 17:36:32 - INFO - epoch:14/25 iteration:25/49 batch loss is :0.6722
2025-04-22 17:36:32 - INFO - the acc is :0.8125
2025-04-22 17:36:43 - INFO - epoch:14/25 iteration:30/49 batch loss is :0.5018
2025-04-22 17:36:43 - INFO - the acc is :0.8125
2025-04-22 17:36:53 - INFO - epoch:14/25 iteration:35/49 batch loss is :0.7431
2025-04-22 17:36:53 - INFO - the acc is :0.75
2025-04-22 17:38:09 - INFO - epoch:14/25 iteration:40/49 batch loss is :0.6979
2025-04-22 17:38:09 - INFO - the acc is :0.75
2025-04-22 17:38:17 - INFO - epoch:14/25 iteration:45/49 batch loss is :0.8976
2025-04-22 17:38:17 - INFO - the acc is :0.625
2025-04-22 17:38:25 - INFO - Epoch:14/25 Loss is :0.7646
2025-04-22 17:41:13 - INFO - epoch:15/25 iteration:0/49 batch loss is :0.6244
2025-04-22 17:41:13 - INFO - the acc is :0.8125
2025-04-22 17:41:36 - INFO - epoch:15/25 iteration:5/49 batch loss is :0.6295
2025-04-22 17:41:36 - INFO - the acc is :0.8125
2025-04-22 17:41:50 - INFO - epoch:15/25 iteration:10/49 batch loss is :0.7852
2025-04-22 17:41:50 - INFO - the acc is :0.6875
2025-04-22 17:42:50 - INFO - epoch:15/25 iteration:15/49 batch loss is :0.8035
2025-04-22 17:42:50 - INFO - the acc is :0.5
2025-04-22 17:43:01 - INFO - epoch:15/25 iteration:20/49 batch loss is :0.9606
2025-04-22 17:43:01 - INFO - the acc is :0.6875
2025-04-22 17:43:52 - INFO - epoch:15/25 iteration:25/49 batch loss is :0.7743
2025-04-22 17:43:52 - INFO - the acc is :0.5625
2025-04-22 17:44:07 - INFO - epoch:15/25 iteration:30/49 batch loss is :0.6443
2025-04-22 17:44:07 - INFO - the acc is :0.875
2025-04-22 17:44:17 - INFO - epoch:15/25 iteration:35/49 batch loss is :1.0228
2025-04-22 17:44:17 - INFO - the acc is :0.625
2025-04-22 17:44:50 - INFO - epoch:15/25 iteration:40/49 batch loss is :0.8740
2025-04-22 17:44:50 - INFO - the acc is :0.5625
2025-04-22 17:44:59 - INFO - epoch:15/25 iteration:45/49 batch loss is :0.7353
2025-04-22 17:44:59 - INFO - the acc is :0.75
2025-04-22 17:45:06 - INFO - Epoch:15/25 Loss is :0.8072
2025-04-22 17:48:12 - INFO - val accuarcy is : 0.1556
2025-04-22 17:48:12 - INFO - VAL loss :3.6680
2025-04-22 17:51:20 - INFO - epoch:16/25 iteration:0/49 batch loss is :0.5292
2025-04-22 17:51:20 - INFO - the acc is :0.875
2025-04-22 17:51:30 - INFO - epoch:16/25 iteration:5/49 batch loss is :0.5422
2025-04-22 17:51:30 - INFO - the acc is :0.75
2025-04-22 17:51:41 - INFO - epoch:16/25 iteration:10/49 batch loss is :0.5880
2025-04-22 17:51:41 - INFO - the acc is :0.9375
2025-04-22 17:53:03 - INFO - epoch:16/25 iteration:15/49 batch loss is :0.9627
2025-04-22 17:53:03 - INFO - the acc is :0.5625
2025-04-22 17:53:14 - INFO - epoch:16/25 iteration:20/49 batch loss is :0.9124
2025-04-22 17:53:14 - INFO - the acc is :0.625
2025-04-22 17:54:32 - INFO - epoch:16/25 iteration:25/49 batch loss is :0.7729
2025-04-22 17:54:32 - INFO - the acc is :0.5625
2025-04-22 17:54:43 - INFO - epoch:16/25 iteration:30/49 batch loss is :0.6060
2025-04-22 17:54:43 - INFO - the acc is :0.875
2025-04-22 17:54:54 - INFO - epoch:16/25 iteration:35/49 batch loss is :0.8590
2025-04-22 17:54:54 - INFO - the acc is :0.75
2025-04-22 17:56:12 - INFO - epoch:16/25 iteration:40/49 batch loss is :0.6360
2025-04-22 17:56:12 - INFO - the acc is :0.6875
2025-04-22 17:56:21 - INFO - epoch:16/25 iteration:45/49 batch loss is :0.6755
2025-04-22 17:56:21 - INFO - the acc is :0.6875
2025-04-22 17:56:28 - INFO - Epoch:16/25 Loss is :0.7888
2025-04-22 17:58:58 - INFO - epoch:17/25 iteration:0/49 batch loss is :0.7236
2025-04-22 17:58:58 - INFO - the acc is :0.8125
2025-04-22 17:59:10 - INFO - epoch:17/25 iteration:5/49 batch loss is :0.8560
2025-04-22 17:59:10 - INFO - the acc is :0.8125
2025-04-22 17:59:23 - INFO - epoch:17/25 iteration:10/49 batch loss is :0.8561
2025-04-22 17:59:23 - INFO - the acc is :0.6875
2025-04-22 18:00:08 - INFO - epoch:17/25 iteration:15/49 batch loss is :0.8827
2025-04-22 18:00:08 - INFO - the acc is :0.6875
2025-04-22 18:00:22 - INFO - epoch:17/25 iteration:20/49 batch loss is :1.0293
2025-04-22 18:00:22 - INFO - the acc is :0.5625
2025-04-22 18:01:00 - INFO - epoch:17/25 iteration:25/49 batch loss is :0.9748
2025-04-22 18:01:00 - INFO - the acc is :0.625
2025-04-22 18:01:13 - INFO - epoch:17/25 iteration:30/49 batch loss is :0.9028
2025-04-22 18:01:13 - INFO - the acc is :0.625
2025-04-22 18:01:26 - INFO - epoch:17/25 iteration:35/49 batch loss is :0.8102
2025-04-22 18:01:26 - INFO - the acc is :0.6875
2025-04-22 18:02:04 - INFO - epoch:17/25 iteration:40/49 batch loss is :1.0461
2025-04-22 18:02:04 - INFO - the acc is :0.5625
2025-04-22 18:02:13 - INFO - epoch:17/25 iteration:45/49 batch loss is :0.9884
2025-04-22 18:02:13 - INFO - the acc is :0.5625
2025-04-22 18:02:20 - INFO - Epoch:17/25 Loss is :0.7996
2025-04-22 18:05:30 - INFO - epoch:18/25 iteration:0/49 batch loss is :0.8733
2025-04-22 18:05:30 - INFO - the acc is :0.75
2025-04-22 18:05:41 - INFO - epoch:18/25 iteration:5/49 batch loss is :0.6812
2025-04-22 18:05:41 - INFO - the acc is :0.5625
2025-04-22 18:05:53 - INFO - epoch:18/25 iteration:10/49 batch loss is :0.7584
2025-04-22 18:05:53 - INFO - the acc is :0.6875
2025-04-22 18:07:12 - INFO - epoch:18/25 iteration:15/49 batch loss is :0.8187
2025-04-22 18:07:12 - INFO - the acc is :0.75
2025-04-22 18:07:23 - INFO - epoch:18/25 iteration:20/49 batch loss is :0.7681
2025-04-22 18:07:23 - INFO - the acc is :0.8125
2025-04-22 18:08:43 - INFO - epoch:18/25 iteration:25/49 batch loss is :0.6366
2025-04-22 18:08:43 - INFO - the acc is :0.8125
2025-04-22 18:08:54 - INFO - epoch:18/25 iteration:30/49 batch loss is :0.6397
2025-04-22 18:08:54 - INFO - the acc is :0.6875
2025-04-22 18:09:05 - INFO - epoch:18/25 iteration:35/49 batch loss is :0.8830
2025-04-22 18:09:05 - INFO - the acc is :0.6875
2025-04-22 18:10:19 - INFO - epoch:18/25 iteration:40/49 batch loss is :0.6052
2025-04-22 18:10:19 - INFO - the acc is :0.75
2025-04-22 18:10:28 - INFO - epoch:18/25 iteration:45/49 batch loss is :0.9131
2025-04-22 18:10:28 - INFO - the acc is :0.6875
2025-04-22 18:10:35 - INFO - Epoch:18/25 Loss is :0.8163
2025-04-22 18:13:01 - INFO - epoch:19/25 iteration:0/49 batch loss is :0.8967
2025-04-22 18:13:01 - INFO - the acc is :0.75
2025-04-22 18:13:14 - INFO - epoch:19/25 iteration:5/49 batch loss is :0.7760
2025-04-22 18:13:14 - INFO - the acc is :0.875
2025-04-22 18:13:28 - INFO - epoch:19/25 iteration:10/49 batch loss is :0.8786
2025-04-22 18:13:28 - INFO - the acc is :0.625
2025-04-22 18:14:14 - INFO - epoch:19/25 iteration:15/49 batch loss is :0.9899
2025-04-22 18:14:14 - INFO - the acc is :0.75
2025-04-22 18:14:27 - INFO - epoch:19/25 iteration:20/49 batch loss is :0.7567
2025-04-22 18:14:27 - INFO - the acc is :0.75
2025-04-22 18:15:20 - INFO - epoch:19/25 iteration:25/49 batch loss is :0.7289
2025-04-22 18:15:20 - INFO - the acc is :0.6875
2025-04-22 18:15:33 - INFO - epoch:19/25 iteration:30/49 batch loss is :0.9145
2025-04-22 18:15:33 - INFO - the acc is :0.625
2025-04-22 18:15:47 - INFO - epoch:19/25 iteration:35/49 batch loss is :0.7308
2025-04-22 18:15:47 - INFO - the acc is :0.875
2025-04-22 18:16:31 - INFO - epoch:19/25 iteration:40/49 batch loss is :0.6437
2025-04-22 18:16:31 - INFO - the acc is :0.75
2025-04-22 18:16:40 - INFO - epoch:19/25 iteration:45/49 batch loss is :0.7069
2025-04-22 18:16:40 - INFO - the acc is :0.6875
2025-04-22 18:16:47 - INFO - Epoch:19/25 Loss is :0.8087
2025-04-22 18:19:50 - INFO - epoch:20/25 iteration:0/49 batch loss is :0.9102
2025-04-22 18:19:50 - INFO - the acc is :0.625
2025-04-22 18:20:00 - INFO - epoch:20/25 iteration:5/49 batch loss is :0.7666
2025-04-22 18:20:00 - INFO - the acc is :0.8125
2025-04-22 18:20:11 - INFO - epoch:20/25 iteration:10/49 batch loss is :0.8291
2025-04-22 18:20:11 - INFO - the acc is :0.6875
2025-04-22 18:21:24 - INFO - epoch:20/25 iteration:15/49 batch loss is :0.6549
2025-04-22 18:21:24 - INFO - the acc is :0.75
2025-04-22 18:21:34 - INFO - epoch:20/25 iteration:20/49 batch loss is :0.6730
2025-04-22 18:21:34 - INFO - the acc is :0.9375
2025-04-22 18:22:40 - INFO - epoch:20/25 iteration:25/49 batch loss is :1.0173
2025-04-22 18:22:40 - INFO - the acc is :0.5625
2025-04-22 18:22:51 - INFO - epoch:20/25 iteration:30/49 batch loss is :0.7003
2025-04-22 18:22:51 - INFO - the acc is :0.8125
2025-04-22 18:23:02 - INFO - epoch:20/25 iteration:35/49 batch loss is :0.7488
2025-04-22 18:23:02 - INFO - the acc is :0.8125
2025-04-22 18:24:14 - INFO - epoch:20/25 iteration:40/49 batch loss is :0.7807
2025-04-22 18:24:14 - INFO - the acc is :0.6875
2025-04-22 18:24:23 - INFO - epoch:20/25 iteration:45/49 batch loss is :0.7611
2025-04-22 18:24:23 - INFO - the acc is :0.75
2025-04-22 18:24:31 - INFO - Epoch:20/25 Loss is :0.7697
2025-04-22 18:27:31 - INFO - val accuarcy is : 0.0519
2025-04-22 18:27:31 - INFO - VAL loss :4.4760
2025-04-22 18:29:48 - INFO - epoch:21/25 iteration:0/49 batch loss is :0.7313
2025-04-22 18:29:48 - INFO - the acc is :0.625
2025-04-22 18:30:01 - INFO - epoch:21/25 iteration:5/49 batch loss is :0.7010
2025-04-22 18:30:01 - INFO - the acc is :0.75
2025-04-22 18:30:13 - INFO - epoch:21/25 iteration:10/49 batch loss is :0.9094
2025-04-22 18:30:13 - INFO - the acc is :0.625
2025-04-22 18:30:53 - INFO - epoch:21/25 iteration:15/49 batch loss is :0.9718
2025-04-22 18:30:53 - INFO - the acc is :0.5
2025-04-22 18:31:06 - INFO - epoch:21/25 iteration:20/49 batch loss is :0.5321
2025-04-22 18:31:06 - INFO - the acc is :0.8125
2025-04-22 18:31:47 - INFO - epoch:21/25 iteration:25/49 batch loss is :0.8267
2025-04-22 18:31:47 - INFO - the acc is :0.625
2025-04-22 18:32:00 - INFO - epoch:21/25 iteration:30/49 batch loss is :0.7779
2025-04-22 18:32:00 - INFO - the acc is :0.6875
2025-04-22 18:32:13 - INFO - epoch:21/25 iteration:35/49 batch loss is :0.6237
2025-04-22 18:32:13 - INFO - the acc is :0.75
2025-04-22 18:32:49 - INFO - epoch:21/25 iteration:40/49 batch loss is :0.8431
2025-04-22 18:32:49 - INFO - the acc is :0.6875
2025-04-22 18:32:57 - INFO - epoch:21/25 iteration:45/49 batch loss is :0.6944
2025-04-22 18:32:57 - INFO - the acc is :0.6875
2025-04-22 18:33:04 - INFO - Epoch:21/25 Loss is :0.8014
2025-04-22 18:36:18 - INFO - epoch:22/25 iteration:0/49 batch loss is :0.5080
2025-04-22 18:36:18 - INFO - the acc is :0.9375
2025-04-22 18:36:29 - INFO - epoch:22/25 iteration:5/49 batch loss is :0.6065
2025-04-22 18:36:29 - INFO - the acc is :0.8125
2025-04-22 18:36:40 - INFO - epoch:22/25 iteration:10/49 batch loss is :0.8155
2025-04-22 18:36:40 - INFO - the acc is :0.6875
2025-04-22 18:37:57 - INFO - epoch:22/25 iteration:15/49 batch loss is :0.6128
2025-04-22 18:37:57 - INFO - the acc is :0.875
2025-04-22 18:38:08 - INFO - epoch:22/25 iteration:20/49 batch loss is :0.7751
2025-04-22 18:38:08 - INFO - the acc is :0.875
2025-04-22 18:39:21 - INFO - epoch:22/25 iteration:25/49 batch loss is :0.7338
2025-04-22 18:39:21 - INFO - the acc is :0.8125
2025-04-22 18:39:32 - INFO - epoch:22/25 iteration:30/49 batch loss is :0.8047
2025-04-22 18:39:32 - INFO - the acc is :0.875
2025-04-22 18:39:43 - INFO - epoch:22/25 iteration:35/49 batch loss is :0.7178
2025-04-22 18:39:43 - INFO - the acc is :0.75
2025-04-22 18:40:54 - INFO - epoch:22/25 iteration:40/49 batch loss is :0.7142
2025-04-22 18:40:54 - INFO - the acc is :0.625
2025-04-22 18:41:03 - INFO - epoch:22/25 iteration:45/49 batch loss is :0.7048
2025-04-22 18:41:03 - INFO - the acc is :0.6875
2025-04-22 18:41:10 - INFO - Epoch:22/25 Loss is :0.7847
2025-04-22 18:43:32 - INFO - epoch:23/25 iteration:0/49 batch loss is :0.7687
2025-04-22 18:43:32 - INFO - the acc is :0.625
2025-04-22 18:43:45 - INFO - epoch:23/25 iteration:5/49 batch loss is :0.5318
2025-04-22 18:43:45 - INFO - the acc is :0.8125
2025-04-22 18:43:58 - INFO - epoch:23/25 iteration:10/49 batch loss is :0.4752
2025-04-22 18:43:58 - INFO - the acc is :0.875
2025-04-22 18:44:41 - INFO - epoch:23/25 iteration:15/49 batch loss is :0.8891
2025-04-22 18:44:41 - INFO - the acc is :0.6875
2025-04-22 18:44:55 - INFO - epoch:23/25 iteration:20/49 batch loss is :0.7774
2025-04-22 18:44:55 - INFO - the acc is :0.6875
2025-04-22 18:45:36 - INFO - epoch:23/25 iteration:25/49 batch loss is :0.5209
2025-04-22 18:45:36 - INFO - the acc is :0.875
2025-04-22 18:45:49 - INFO - epoch:23/25 iteration:30/49 batch loss is :1.0425
2025-04-22 18:45:49 - INFO - the acc is :0.375
2025-04-22 18:46:03 - INFO - epoch:23/25 iteration:35/49 batch loss is :0.6126
2025-04-22 18:46:03 - INFO - the acc is :0.75
2025-04-22 18:46:40 - INFO - epoch:23/25 iteration:40/49 batch loss is :0.4731
2025-04-22 18:46:40 - INFO - the acc is :0.875
2025-04-22 18:46:49 - INFO - epoch:23/25 iteration:45/49 batch loss is :0.5586
2025-04-22 18:46:49 - INFO - the acc is :0.8125
2025-04-22 18:46:56 - INFO - Epoch:23/25 Loss is :0.7683
2025-04-22 18:49:56 - INFO - epoch:24/25 iteration:0/49 batch loss is :0.8359
2025-04-22 18:49:56 - INFO - the acc is :0.5
2025-04-22 18:50:06 - INFO - epoch:24/25 iteration:5/49 batch loss is :0.8027
2025-04-22 18:50:06 - INFO - the acc is :0.75
2025-04-22 18:50:18 - INFO - epoch:24/25 iteration:10/49 batch loss is :0.5950
2025-04-22 18:50:18 - INFO - the acc is :0.6875
2025-04-22 18:51:35 - INFO - epoch:24/25 iteration:15/49 batch loss is :0.8198
2025-04-22 18:51:35 - INFO - the acc is :0.625
2025-04-22 18:51:46 - INFO - epoch:24/25 iteration:20/49 batch loss is :0.7386
2025-04-22 18:51:46 - INFO - the acc is :0.8125
2025-04-22 18:53:04 - INFO - epoch:24/25 iteration:25/49 batch loss is :1.0151
2025-04-22 18:53:04 - INFO - the acc is :0.5625
2025-04-22 18:53:16 - INFO - epoch:24/25 iteration:30/49 batch loss is :0.7524
2025-04-22 18:53:16 - INFO - the acc is :0.625
2025-04-22 18:53:27 - INFO - epoch:24/25 iteration:35/49 batch loss is :0.8276
2025-04-22 18:53:27 - INFO - the acc is :0.6875
2025-04-22 18:54:39 - INFO - epoch:24/25 iteration:40/49 batch loss is :0.7387
2025-04-22 18:54:39 - INFO - the acc is :0.8125
2025-04-22 18:54:47 - INFO - epoch:24/25 iteration:45/49 batch loss is :0.6771
2025-04-22 18:54:47 - INFO - the acc is :0.875
2025-04-22 18:54:55 - INFO - Epoch:24/25 Loss is :0.7752
2025-04-22 18:57:59 - INFO - val accuarcy is : 0.0519
2025-04-22 18:57:59 - INFO - VAL loss :4.7382
2025-04-22 18:58:00 - INFO - fold number:3
2025-04-22 19:00:26 - INFO - epoch:0/25 iteration:0/49 batch loss is :0.7670
2025-04-22 19:00:26 - INFO - the acc is :0.75
2025-04-22 19:00:45 - INFO - epoch:0/25 iteration:5/49 batch loss is :0.7281
2025-04-22 19:00:45 - INFO - the acc is :0.5
2025-04-22 19:01:00 - INFO - epoch:0/25 iteration:10/49 batch loss is :0.7536
2025-04-22 19:01:00 - INFO - the acc is :0.6875
2025-04-22 19:01:51 - INFO - epoch:0/25 iteration:15/49 batch loss is :0.7425
2025-04-22 19:01:51 - INFO - the acc is :0.75
2025-04-22 19:02:05 - INFO - epoch:0/25 iteration:20/49 batch loss is :0.7730
2025-04-22 19:02:05 - INFO - the acc is :0.625
2025-04-22 19:02:52 - INFO - epoch:0/25 iteration:25/49 batch loss is :0.6160
2025-04-22 19:02:52 - INFO - the acc is :0.75
2025-04-22 19:03:06 - INFO - epoch:0/25 iteration:30/49 batch loss is :0.7992
2025-04-22 19:03:06 - INFO - the acc is :0.625
2025-04-22 19:03:18 - INFO - epoch:0/25 iteration:35/49 batch loss is :0.7503
2025-04-22 19:03:18 - INFO - the acc is :0.75
2025-04-22 19:04:15 - INFO - epoch:0/25 iteration:40/49 batch loss is :0.8662
2025-04-22 19:04:15 - INFO - the acc is :0.625
2025-04-22 19:04:24 - INFO - epoch:0/25 iteration:45/49 batch loss is :0.6938
2025-04-22 19:04:24 - INFO - the acc is :0.75
2025-04-22 19:04:32 - INFO - Epoch:0/25 Loss is :0.7704
2025-04-22 19:07:49 - INFO - val accuarcy is : 0.0571
2025-04-22 19:07:49 - INFO - VAL loss :4.0417
2025-04-22 19:10:44 - INFO - epoch:1/25 iteration:0/49 batch loss is :0.8416
2025-04-22 19:10:44 - INFO - the acc is :0.5625
2025-04-22 19:10:55 - INFO - epoch:1/25 iteration:5/49 batch loss is :0.6421
2025-04-22 19:10:55 - INFO - the acc is :1.0
2025-04-22 19:11:07 - INFO - epoch:1/25 iteration:10/49 batch loss is :0.6190
2025-04-22 19:11:07 - INFO - the acc is :0.5
2025-04-22 19:12:22 - INFO - epoch:1/25 iteration:15/49 batch loss is :0.8434
2025-04-22 19:12:22 - INFO - the acc is :0.75
2025-04-22 19:12:34 - INFO - epoch:1/25 iteration:20/49 batch loss is :0.6835
2025-04-22 19:12:34 - INFO - the acc is :0.75
2025-04-22 19:13:52 - INFO - epoch:1/25 iteration:25/49 batch loss is :0.8604
2025-04-22 19:13:52 - INFO - the acc is :0.625
2025-04-22 19:14:04 - INFO - epoch:1/25 iteration:30/49 batch loss is :0.7960
2025-04-22 19:14:04 - INFO - the acc is :0.75
2025-04-22 19:14:15 - INFO - epoch:1/25 iteration:35/49 batch loss is :0.6234
2025-04-22 19:14:15 - INFO - the acc is :0.75
2025-04-22 19:15:26 - INFO - epoch:1/25 iteration:40/49 batch loss is :0.7375
2025-04-22 19:15:26 - INFO - the acc is :0.6875
2025-04-22 19:15:35 - INFO - epoch:1/25 iteration:45/49 batch loss is :0.6501
2025-04-22 19:15:35 - INFO - the acc is :0.8125
2025-04-22 19:15:43 - INFO - Epoch:1/25 Loss is :0.7884
2025-04-22 19:18:01 - INFO - epoch:2/25 iteration:0/49 batch loss is :0.6083
2025-04-22 19:18:01 - INFO - the acc is :0.8125
2025-04-22 19:18:15 - INFO - epoch:2/25 iteration:5/49 batch loss is :1.0407
2025-04-22 19:18:15 - INFO - the acc is :0.6875
2025-04-22 19:18:28 - INFO - epoch:2/25 iteration:10/49 batch loss is :1.1362
2025-04-22 19:18:28 - INFO - the acc is :0.3125
2025-04-22 19:19:21 - INFO - epoch:2/25 iteration:15/49 batch loss is :0.8414
2025-04-22 19:19:21 - INFO - the acc is :0.8125
2025-04-22 19:19:32 - INFO - epoch:2/25 iteration:20/49 batch loss is :0.7825
2025-04-22 19:19:32 - INFO - the acc is :0.875
2025-04-22 19:20:47 - INFO - epoch:2/25 iteration:25/49 batch loss is :0.8860
2025-04-22 19:20:47 - INFO - the acc is :0.625
2025-04-22 19:20:58 - INFO - epoch:2/25 iteration:30/49 batch loss is :0.7380
2025-04-22 19:20:58 - INFO - the acc is :0.625
2025-04-22 19:21:09 - INFO - epoch:2/25 iteration:35/49 batch loss is :1.0062
2025-04-22 19:21:09 - INFO - the acc is :0.75
2025-04-22 19:22:18 - INFO - epoch:2/25 iteration:40/49 batch loss is :0.6490
2025-04-22 19:22:18 - INFO - the acc is :0.625
2025-04-22 19:22:27 - INFO - epoch:2/25 iteration:45/49 batch loss is :0.7897
2025-04-22 19:22:27 - INFO - the acc is :0.75
2025-04-22 19:22:34 - INFO - Epoch:2/25 Loss is :0.8136
2025-04-22 19:25:20 - INFO - epoch:3/25 iteration:0/49 batch loss is :0.9417
2025-04-22 19:25:20 - INFO - the acc is :0.625
2025-04-22 19:25:44 - INFO - epoch:3/25 iteration:5/49 batch loss is :0.8870
2025-04-22 19:25:44 - INFO - the acc is :0.5
2025-04-22 19:25:56 - INFO - epoch:3/25 iteration:10/49 batch loss is :0.9748
2025-04-22 19:25:56 - INFO - the acc is :0.625
2025-04-22 19:26:53 - INFO - epoch:3/25 iteration:15/49 batch loss is :0.6685
2025-04-22 19:26:53 - INFO - the acc is :0.75
2025-04-22 19:27:05 - INFO - epoch:3/25 iteration:20/49 batch loss is :0.7797
2025-04-22 19:27:05 - INFO - the acc is :0.8125
2025-04-22 19:28:02 - INFO - epoch:3/25 iteration:25/49 batch loss is :0.7829
2025-04-22 19:28:02 - INFO - the acc is :0.8125
2025-04-22 19:28:14 - INFO - epoch:3/25 iteration:30/49 batch loss is :0.9098
2025-04-22 19:28:14 - INFO - the acc is :0.75
2025-04-22 19:28:25 - INFO - epoch:3/25 iteration:35/49 batch loss is :0.8456
2025-04-22 19:28:25 - INFO - the acc is :0.625
2025-04-22 19:29:13 - INFO - epoch:3/25 iteration:40/49 batch loss is :0.9569
2025-04-22 19:29:13 - INFO - the acc is :0.5
2025-04-22 19:29:22 - INFO - epoch:3/25 iteration:45/49 batch loss is :0.6451
2025-04-22 19:29:22 - INFO - the acc is :0.625
2025-04-22 19:29:30 - INFO - Epoch:3/25 Loss is :0.7972
2025-04-22 19:31:48 - INFO - epoch:4/25 iteration:0/49 batch loss is :0.6523
2025-04-22 19:31:48 - INFO - the acc is :0.75
2025-04-22 19:32:05 - INFO - epoch:4/25 iteration:5/49 batch loss is :0.9421
2025-04-22 19:32:05 - INFO - the acc is :0.5625
2025-04-22 19:32:20 - INFO - epoch:4/25 iteration:10/49 batch loss is :0.6443
2025-04-22 19:32:20 - INFO - the acc is :0.75
2025-04-22 19:33:04 - INFO - epoch:4/25 iteration:15/49 batch loss is :1.0596
2025-04-22 19:33:04 - INFO - the acc is :0.5625
2025-04-22 19:33:18 - INFO - epoch:4/25 iteration:20/49 batch loss is :0.7991
2025-04-22 19:33:18 - INFO - the acc is :0.75
2025-04-22 19:34:10 - INFO - epoch:4/25 iteration:25/49 batch loss is :0.5767
2025-04-22 19:34:10 - INFO - the acc is :0.9375
2025-04-22 19:34:21 - INFO - epoch:4/25 iteration:30/49 batch loss is :0.8945
2025-04-22 19:34:21 - INFO - the acc is :0.625
2025-04-22 19:34:32 - INFO - epoch:4/25 iteration:35/49 batch loss is :0.8463
2025-04-22 19:34:32 - INFO - the acc is :0.6875
2025-04-22 19:35:36 - INFO - epoch:4/25 iteration:40/49 batch loss is :0.6447
2025-04-22 19:35:36 - INFO - the acc is :0.75
2025-04-22 19:35:45 - INFO - epoch:4/25 iteration:45/49 batch loss is :0.7341
2025-04-22 19:35:45 - INFO - the acc is :0.6875
2025-04-22 19:35:53 - INFO - Epoch:4/25 Loss is :0.8192
2025-04-22 19:38:44 - INFO - epoch:5/25 iteration:0/49 batch loss is :0.6893
2025-04-22 19:38:44 - INFO - the acc is :0.8125
2025-04-22 19:38:55 - INFO - epoch:5/25 iteration:5/49 batch loss is :1.0632
2025-04-22 19:38:55 - INFO - the acc is :0.5625
2025-04-22 19:39:07 - INFO - epoch:5/25 iteration:10/49 batch loss is :0.7425
2025-04-22 19:39:07 - INFO - the acc is :0.75
2025-04-22 19:40:24 - INFO - epoch:5/25 iteration:15/49 batch loss is :0.9067
2025-04-22 19:40:24 - INFO - the acc is :0.75
2025-04-22 19:40:35 - INFO - epoch:5/25 iteration:20/49 batch loss is :0.9111
2025-04-22 19:40:35 - INFO - the acc is :0.5625
2025-04-22 19:41:50 - INFO - epoch:5/25 iteration:25/49 batch loss is :1.0766
2025-04-22 19:41:50 - INFO - the acc is :0.5625
2025-04-22 19:42:01 - INFO - epoch:5/25 iteration:30/49 batch loss is :0.8198
2025-04-22 19:42:01 - INFO - the acc is :0.6875
2025-04-22 19:42:13 - INFO - epoch:5/25 iteration:35/49 batch loss is :0.8045
2025-04-22 19:42:13 - INFO - the acc is :0.6875
2025-04-22 19:43:08 - INFO - epoch:5/25 iteration:40/49 batch loss is :0.7015
2025-04-22 19:43:08 - INFO - the acc is :0.9375
2025-04-22 19:43:17 - INFO - epoch:5/25 iteration:45/49 batch loss is :0.7844
2025-04-22 19:43:17 - INFO - the acc is :0.625
2025-04-22 19:43:24 - INFO - Epoch:5/25 Loss is :0.7878
2025-04-22 19:46:31 - INFO - val accuarcy is : 0.0571
2025-04-22 19:46:31 - INFO - VAL loss :4.1203
2025-04-22 19:49:00 - INFO - epoch:6/25 iteration:0/49 batch loss is :0.9114
2025-04-22 19:49:00 - INFO - the acc is :0.5625
2025-04-22 19:49:15 - INFO - epoch:6/25 iteration:5/49 batch loss is :1.1214
2025-04-22 19:49:15 - INFO - the acc is :0.5
2025-04-22 19:49:26 - INFO - epoch:6/25 iteration:10/49 batch loss is :0.8785
2025-04-22 19:49:26 - INFO - the acc is :0.625
2025-04-22 19:50:42 - INFO - epoch:6/25 iteration:15/49 batch loss is :0.5195
2025-04-22 19:50:42 - INFO - the acc is :0.875
2025-04-22 19:50:53 - INFO - epoch:6/25 iteration:20/49 batch loss is :0.8564
2025-04-22 19:50:53 - INFO - the acc is :0.6875
2025-04-22 19:52:13 - INFO - epoch:6/25 iteration:25/49 batch loss is :1.2285
2025-04-22 19:52:13 - INFO - the acc is :0.3125
2025-04-22 19:52:23 - INFO - epoch:6/25 iteration:30/49 batch loss is :0.9537
2025-04-22 19:52:23 - INFO - the acc is :0.6875
2025-04-22 19:52:34 - INFO - epoch:6/25 iteration:35/49 batch loss is :0.8422
2025-04-22 19:52:34 - INFO - the acc is :0.6875
2025-04-22 19:53:48 - INFO - epoch:6/25 iteration:40/49 batch loss is :0.8438
2025-04-22 19:53:48 - INFO - the acc is :0.5625
2025-04-22 19:53:56 - INFO - epoch:6/25 iteration:45/49 batch loss is :0.7032
2025-04-22 19:53:56 - INFO - the acc is :0.75
2025-04-22 19:54:04 - INFO - Epoch:6/25 Loss is :0.8058
2025-04-22 19:56:22 - INFO - epoch:7/25 iteration:0/49 batch loss is :0.9465
2025-04-22 19:56:22 - INFO - the acc is :0.625
2025-04-22 19:56:45 - INFO - epoch:7/25 iteration:5/49 batch loss is :0.8389
2025-04-22 19:56:45 - INFO - the acc is :0.875
2025-04-22 19:56:56 - INFO - epoch:7/25 iteration:10/49 batch loss is :0.4857
2025-04-22 19:56:56 - INFO - the acc is :0.875
2025-04-22 19:57:59 - INFO - epoch:7/25 iteration:15/49 batch loss is :0.8799
2025-04-22 19:57:59 - INFO - the acc is :0.6875
2025-04-22 19:58:13 - INFO - epoch:7/25 iteration:20/49 batch loss is :0.6886
2025-04-22 19:58:13 - INFO - the acc is :0.6875
2025-04-22 19:59:01 - INFO - epoch:7/25 iteration:25/49 batch loss is :0.8965
2025-04-22 19:59:01 - INFO - the acc is :0.75
2025-04-22 19:59:15 - INFO - epoch:7/25 iteration:30/49 batch loss is :0.6828
2025-04-22 19:59:15 - INFO - the acc is :0.8125
2025-04-22 19:59:26 - INFO - epoch:7/25 iteration:35/49 batch loss is :0.7932
2025-04-22 19:59:26 - INFO - the acc is :0.75
2025-04-22 20:00:09 - INFO - epoch:7/25 iteration:40/49 batch loss is :0.8430
2025-04-22 20:00:09 - INFO - the acc is :0.625
2025-04-22 20:00:17 - INFO - epoch:7/25 iteration:45/49 batch loss is :0.6713
2025-04-22 20:00:17 - INFO - the acc is :0.875
2025-04-22 20:00:24 - INFO - Epoch:7/25 Loss is :0.8116
2025-04-22 20:02:39 - INFO - epoch:8/25 iteration:0/49 batch loss is :1.0497
2025-04-22 20:02:39 - INFO - the acc is :0.4375
2025-04-22 20:02:52 - INFO - epoch:8/25 iteration:5/49 batch loss is :0.8847
2025-04-22 20:02:52 - INFO - the acc is :0.75
2025-04-22 20:03:07 - INFO - epoch:8/25 iteration:10/49 batch loss is :0.9997
2025-04-22 20:03:07 - INFO - the acc is :0.4375
2025-04-22 20:03:44 - INFO - epoch:8/25 iteration:15/49 batch loss is :0.7376
2025-04-22 20:03:44 - INFO - the acc is :0.8125
2025-04-22 20:03:55 - INFO - epoch:8/25 iteration:20/49 batch loss is :0.7751
2025-04-22 20:03:55 - INFO - the acc is :0.75
2025-04-22 20:05:05 - INFO - epoch:8/25 iteration:25/49 batch loss is :0.6219
2025-04-22 20:05:05 - INFO - the acc is :0.75
2025-04-22 20:05:16 - INFO - epoch:8/25 iteration:30/49 batch loss is :0.6791
2025-04-22 20:05:16 - INFO - the acc is :0.75
2025-04-22 20:05:27 - INFO - epoch:8/25 iteration:35/49 batch loss is :0.6553
2025-04-22 20:05:27 - INFO - the acc is :0.4375
2025-04-22 20:06:41 - INFO - epoch:8/25 iteration:40/49 batch loss is :1.2062
2025-04-22 20:06:41 - INFO - the acc is :0.375
2025-04-22 20:06:50 - INFO - epoch:8/25 iteration:45/49 batch loss is :0.8245
2025-04-22 20:06:50 - INFO - the acc is :0.5
2025-04-22 20:06:57 - INFO - Epoch:8/25 Loss is :0.7950
2025-04-22 20:09:44 - INFO - epoch:9/25 iteration:0/49 batch loss is :0.4838
2025-04-22 20:09:44 - INFO - the acc is :0.8125
2025-04-22 20:10:10 - INFO - epoch:9/25 iteration:5/49 batch loss is :0.7075
2025-04-22 20:10:10 - INFO - the acc is :0.6875
2025-04-22 20:10:22 - INFO - epoch:9/25 iteration:10/49 batch loss is :0.6738
2025-04-22 20:10:22 - INFO - the acc is :0.75
2025-04-22 20:11:32 - INFO - epoch:9/25 iteration:15/49 batch loss is :0.6032
2025-04-22 20:11:32 - INFO - the acc is :0.75
2025-04-22 20:11:44 - INFO - epoch:9/25 iteration:20/49 batch loss is :0.7182
2025-04-22 20:11:44 - INFO - the acc is :0.75
2025-04-22 20:12:29 - INFO - epoch:9/25 iteration:25/49 batch loss is :0.8692
2025-04-22 20:12:29 - INFO - the acc is :0.8125
2025-04-22 20:13:03 - INFO - epoch:9/25 iteration:30/49 batch loss is :0.9709
2025-04-22 20:13:03 - INFO - the acc is :0.625
2025-04-22 20:13:13 - INFO - epoch:9/25 iteration:35/49 batch loss is :0.7179
2025-04-22 20:13:14 - INFO - the acc is :0.75
2025-04-22 20:13:58 - INFO - epoch:9/25 iteration:40/49 batch loss is :0.7486
2025-04-22 20:13:58 - INFO - the acc is :0.6875
2025-04-22 20:14:07 - INFO - epoch:9/25 iteration:45/49 batch loss is :0.5392
2025-04-22 20:14:07 - INFO - the acc is :0.8125
2025-04-22 20:14:14 - INFO - Epoch:9/25 Loss is :0.7920
2025-04-22 20:16:28 - INFO - epoch:10/25 iteration:0/49 batch loss is :0.7472
2025-04-22 20:16:28 - INFO - the acc is :0.75
2025-04-22 20:16:43 - INFO - epoch:10/25 iteration:5/49 batch loss is :1.0844
2025-04-22 20:16:43 - INFO - the acc is :0.6875
2025-04-22 20:16:57 - INFO - epoch:10/25 iteration:10/49 batch loss is :0.7504
2025-04-22 20:16:57 - INFO - the acc is :0.6875
2025-04-22 20:17:33 - INFO - epoch:10/25 iteration:15/49 batch loss is :0.8911
2025-04-22 20:17:33 - INFO - the acc is :0.75
2025-04-22 20:17:47 - INFO - epoch:10/25 iteration:20/49 batch loss is :0.7254
2025-04-22 20:17:47 - INFO - the acc is :0.625
2025-04-22 20:18:26 - INFO - epoch:10/25 iteration:25/49 batch loss is :0.6153
2025-04-22 20:18:26 - INFO - the acc is :1.0
2025-04-22 20:18:40 - INFO - epoch:10/25 iteration:30/49 batch loss is :0.9499
2025-04-22 20:18:40 - INFO - the acc is :0.6875
2025-04-22 20:18:52 - INFO - epoch:10/25 iteration:35/49 batch loss is :0.7747
2025-04-22 20:18:52 - INFO - the acc is :0.6875
2025-04-22 20:19:45 - INFO - epoch:10/25 iteration:40/49 batch loss is :0.8949
2025-04-22 20:19:45 - INFO - the acc is :0.625
2025-04-22 20:19:54 - INFO - epoch:10/25 iteration:45/49 batch loss is :0.7474
2025-04-22 20:19:54 - INFO - the acc is :0.75
2025-04-22 20:20:02 - INFO - Epoch:10/25 Loss is :0.8145
2025-04-22 20:23:06 - INFO - val accuarcy is : 0.0467
2025-04-22 20:23:06 - INFO - VAL loss :5.0701
2025-04-22 20:25:51 - INFO - epoch:11/25 iteration:0/49 batch loss is :0.6815
2025-04-22 20:25:51 - INFO - the acc is :0.8125
2025-04-22 20:26:01 - INFO - epoch:11/25 iteration:5/49 batch loss is :1.2954
2025-04-22 20:26:01 - INFO - the acc is :0.4375
2025-04-22 20:26:12 - INFO - epoch:11/25 iteration:10/49 batch loss is :0.8532
2025-04-22 20:26:12 - INFO - the acc is :0.6875
2025-04-22 20:27:29 - INFO - epoch:11/25 iteration:15/49 batch loss is :0.6023
2025-04-22 20:27:29 - INFO - the acc is :0.875
2025-04-22 20:27:40 - INFO - epoch:11/25 iteration:20/49 batch loss is :0.6454
2025-04-22 20:27:40 - INFO - the acc is :0.75
2025-04-22 20:28:43 - INFO - epoch:11/25 iteration:25/49 batch loss is :0.5641
2025-04-22 20:28:43 - INFO - the acc is :0.875
2025-04-22 20:28:54 - INFO - epoch:11/25 iteration:30/49 batch loss is :0.9861
2025-04-22 20:28:54 - INFO - the acc is :0.625
2025-04-22 20:29:04 - INFO - epoch:11/25 iteration:35/49 batch loss is :0.8854
2025-04-22 20:29:04 - INFO - the acc is :0.5625
2025-04-22 20:30:08 - INFO - epoch:11/25 iteration:40/49 batch loss is :0.5466
2025-04-22 20:30:08 - INFO - the acc is :0.8125
2025-04-22 20:30:17 - INFO - epoch:11/25 iteration:45/49 batch loss is :0.5482
2025-04-22 20:30:17 - INFO - the acc is :0.9375
2025-04-22 20:30:24 - INFO - Epoch:11/25 Loss is :0.8159
2025-04-22 20:32:44 - INFO - epoch:12/25 iteration:0/49 batch loss is :0.9830
2025-04-22 20:32:44 - INFO - the acc is :0.625
2025-04-22 20:32:57 - INFO - epoch:12/25 iteration:5/49 batch loss is :0.6776
2025-04-22 20:32:57 - INFO - the acc is :0.75
2025-04-22 20:33:10 - INFO - epoch:12/25 iteration:10/49 batch loss is :0.9315
2025-04-22 20:33:10 - INFO - the acc is :0.5625
2025-04-22 20:33:49 - INFO - epoch:12/25 iteration:15/49 batch loss is :0.6288
2025-04-22 20:33:49 - INFO - the acc is :0.4375
2025-04-22 20:34:02 - INFO - epoch:12/25 iteration:20/49 batch loss is :0.9528
2025-04-22 20:34:02 - INFO - the acc is :0.6875
2025-04-22 20:34:48 - INFO - epoch:12/25 iteration:25/49 batch loss is :0.7117
2025-04-22 20:34:48 - INFO - the acc is :0.625
2025-04-22 20:35:00 - INFO - epoch:12/25 iteration:30/49 batch loss is :0.6585
2025-04-22 20:35:00 - INFO - the acc is :0.8125
2025-04-22 20:35:13 - INFO - epoch:12/25 iteration:35/49 batch loss is :0.5633
2025-04-22 20:35:13 - INFO - the acc is :0.75
2025-04-22 20:35:49 - INFO - epoch:12/25 iteration:40/49 batch loss is :1.0380
2025-04-22 20:35:49 - INFO - the acc is :0.625
2025-04-22 20:35:58 - INFO - epoch:12/25 iteration:45/49 batch loss is :0.7813
2025-04-22 20:35:58 - INFO - the acc is :0.875
2025-04-22 20:36:05 - INFO - Epoch:12/25 Loss is :0.7997
2025-04-22 20:38:19 - INFO - epoch:13/25 iteration:0/49 batch loss is :0.8521
2025-04-22 20:38:19 - INFO - the acc is :0.5625
2025-04-22 20:38:32 - INFO - epoch:13/25 iteration:5/49 batch loss is :0.5418
2025-04-22 20:38:32 - INFO - the acc is :0.875
2025-04-22 20:38:48 - INFO - epoch:13/25 iteration:10/49 batch loss is :0.6324
2025-04-22 20:38:48 - INFO - the acc is :0.8125
2025-04-22 20:39:15 - INFO - epoch:13/25 iteration:15/49 batch loss is :0.6326
2025-04-22 20:39:15 - INFO - the acc is :0.8125
2025-04-22 20:39:28 - INFO - epoch:13/25 iteration:20/49 batch loss is :1.0166
2025-04-22 20:39:28 - INFO - the acc is :0.5625
2025-04-22 20:40:04 - INFO - epoch:13/25 iteration:25/49 batch loss is :0.8381
2025-04-22 20:40:04 - INFO - the acc is :0.75
2025-04-22 20:40:19 - INFO - epoch:13/25 iteration:30/49 batch loss is :0.5724
2025-04-22 20:40:19 - INFO - the acc is :0.75
2025-04-22 20:40:31 - INFO - epoch:13/25 iteration:35/49 batch loss is :0.9390
2025-04-22 20:40:31 - INFO - the acc is :0.625
2025-04-22 20:41:09 - INFO - epoch:13/25 iteration:40/49 batch loss is :0.7609
2025-04-22 20:41:09 - INFO - the acc is :0.75
2025-04-22 20:41:18 - INFO - epoch:13/25 iteration:45/49 batch loss is :0.5888
2025-04-22 20:41:18 - INFO - the acc is :0.75
2025-04-22 20:41:25 - INFO - Epoch:13/25 Loss is :0.7957
2025-04-22 20:43:38 - INFO - epoch:14/25 iteration:0/49 batch loss is :0.7796
2025-04-22 20:43:38 - INFO - the acc is :0.6875
2025-04-22 20:43:52 - INFO - epoch:14/25 iteration:5/49 batch loss is :0.6545
2025-04-22 20:43:52 - INFO - the acc is :0.6875
2025-04-22 20:44:08 - INFO - epoch:14/25 iteration:10/49 batch loss is :0.7757
2025-04-22 20:44:08 - INFO - the acc is :0.875
2025-04-22 20:44:39 - INFO - epoch:14/25 iteration:15/49 batch loss is :0.6932
2025-04-22 20:44:39 - INFO - the acc is :0.5
2025-04-22 20:44:55 - INFO - epoch:14/25 iteration:20/49 batch loss is :0.6831
2025-04-22 20:44:55 - INFO - the acc is :0.75
2025-04-22 20:45:29 - INFO - epoch:14/25 iteration:25/49 batch loss is :0.7899
2025-04-22 20:45:29 - INFO - the acc is :0.875
2025-04-22 20:45:47 - INFO - epoch:14/25 iteration:30/49 batch loss is :0.8190
2025-04-22 20:45:47 - INFO - the acc is :0.625
2025-04-22 20:46:02 - INFO - epoch:14/25 iteration:35/49 batch loss is :0.7645
2025-04-22 20:46:02 - INFO - the acc is :0.8125
2025-04-22 20:46:22 - INFO - epoch:14/25 iteration:40/49 batch loss is :0.6514
2025-04-22 20:46:22 - INFO - the acc is :0.8125
2025-04-22 20:46:31 - INFO - epoch:14/25 iteration:45/49 batch loss is :0.7511
2025-04-22 20:46:31 - INFO - the acc is :0.75
2025-04-22 20:46:38 - INFO - Epoch:14/25 Loss is :0.7899
2025-04-22 20:48:49 - INFO - epoch:15/25 iteration:0/49 batch loss is :0.6281
2025-04-22 20:48:49 - INFO - the acc is :0.875
2025-04-22 20:49:00 - INFO - epoch:15/25 iteration:5/49 batch loss is :1.0037
2025-04-22 20:49:00 - INFO - the acc is :0.5
2025-04-22 20:49:11 - INFO - epoch:15/25 iteration:10/49 batch loss is :0.8821
2025-04-22 20:49:11 - INFO - the acc is :0.6875
2025-04-22 20:50:22 - INFO - epoch:15/25 iteration:15/49 batch loss is :0.7471
2025-04-22 20:50:22 - INFO - the acc is :0.875
2025-04-22 20:50:33 - INFO - epoch:15/25 iteration:20/49 batch loss is :0.6584
2025-04-22 20:50:33 - INFO - the acc is :0.8125
2025-04-22 20:51:43 - INFO - epoch:15/25 iteration:25/49 batch loss is :0.6790
2025-04-22 20:51:43 - INFO - the acc is :0.6875
2025-04-22 20:51:57 - INFO - epoch:15/25 iteration:30/49 batch loss is :0.8719
2025-04-22 20:51:57 - INFO - the acc is :0.625
2025-04-22 20:52:07 - INFO - epoch:15/25 iteration:35/49 batch loss is :0.7769
2025-04-22 20:52:07 - INFO - the acc is :0.75
2025-04-22 20:53:14 - INFO - epoch:15/25 iteration:40/49 batch loss is :0.8496
2025-04-22 20:53:14 - INFO - the acc is :0.8125
2025-04-22 20:53:23 - INFO - epoch:15/25 iteration:45/49 batch loss is :0.4838
2025-04-22 20:53:23 - INFO - the acc is :0.875
2025-04-22 20:53:31 - INFO - Epoch:15/25 Loss is :0.8042
2025-04-22 20:56:36 - INFO - val accuarcy is : 0.0519
2025-04-22 20:56:36 - INFO - VAL loss :4.5500
2025-04-22 20:59:13 - INFO - epoch:16/25 iteration:0/49 batch loss is :0.7036
2025-04-22 20:59:13 - INFO - the acc is :0.8125
2025-04-22 20:59:25 - INFO - epoch:16/25 iteration:5/49 batch loss is :0.6095
2025-04-22 20:59:25 - INFO - the acc is :0.6875
2025-04-22 20:59:37 - INFO - epoch:16/25 iteration:10/49 batch loss is :0.9333
2025-04-22 20:59:37 - INFO - the acc is :0.625
2025-04-22 21:00:42 - INFO - epoch:16/25 iteration:15/49 batch loss is :0.7687
2025-04-22 21:00:42 - INFO - the acc is :0.75
2025-04-22 21:00:54 - INFO - epoch:16/25 iteration:20/49 batch loss is :0.7684
2025-04-22 21:00:54 - INFO - the acc is :0.625
2025-04-22 21:01:31 - INFO - epoch:16/25 iteration:25/49 batch loss is :0.6690
2025-04-22 21:01:31 - INFO - the acc is :0.6875
2025-04-22 21:01:54 - INFO - epoch:16/25 iteration:30/49 batch loss is :0.8456
2025-04-22 21:01:54 - INFO - the acc is :0.5625
2025-04-22 21:02:05 - INFO - epoch:16/25 iteration:35/49 batch loss is :1.0789
2025-04-22 21:02:05 - INFO - the acc is :0.5625
2025-04-22 21:02:39 - INFO - epoch:16/25 iteration:40/49 batch loss is :0.4323
2025-04-22 21:02:39 - INFO - the acc is :0.75
2025-04-22 21:02:48 - INFO - epoch:16/25 iteration:45/49 batch loss is :0.6262
2025-04-22 21:02:48 - INFO - the acc is :0.75
2025-04-22 21:02:55 - INFO - Epoch:16/25 Loss is :0.7997
2025-04-22 21:05:59 - INFO - epoch:17/25 iteration:0/49 batch loss is :0.5491
2025-04-22 21:05:59 - INFO - the acc is :0.8125
2025-04-22 21:06:10 - INFO - epoch:17/25 iteration:5/49 batch loss is :0.5854
2025-04-22 21:06:10 - INFO - the acc is :0.875
2025-04-22 21:06:21 - INFO - epoch:17/25 iteration:10/49 batch loss is :0.6931
2025-04-22 21:06:21 - INFO - the acc is :0.75
2025-04-22 21:07:46 - INFO - epoch:17/25 iteration:15/49 batch loss is :0.7387
2025-04-22 21:07:46 - INFO - the acc is :0.75
2025-04-22 21:07:58 - INFO - epoch:17/25 iteration:20/49 batch loss is :0.6565
2025-04-22 21:07:58 - INFO - the acc is :0.8125
2025-04-22 21:09:14 - INFO - epoch:17/25 iteration:25/49 batch loss is :0.8601
2025-04-22 21:09:14 - INFO - the acc is :0.625
2025-04-22 21:09:26 - INFO - epoch:17/25 iteration:30/49 batch loss is :0.8100
2025-04-22 21:09:26 - INFO - the acc is :0.6875
2025-04-22 21:09:36 - INFO - epoch:17/25 iteration:35/49 batch loss is :0.6806
2025-04-22 21:09:36 - INFO - the acc is :0.8125
2025-04-22 21:10:50 - INFO - epoch:17/25 iteration:40/49 batch loss is :0.7583
2025-04-22 21:10:50 - INFO - the acc is :0.75
2025-04-22 21:10:58 - INFO - epoch:17/25 iteration:45/49 batch loss is :0.7861
2025-04-22 21:10:58 - INFO - the acc is :0.5625
2025-04-22 21:11:06 - INFO - Epoch:17/25 Loss is :0.7856
2025-04-22 21:13:25 - INFO - epoch:18/25 iteration:0/49 batch loss is :0.8011
2025-04-22 21:13:25 - INFO - the acc is :0.75
2025-04-22 21:13:39 - INFO - epoch:18/25 iteration:5/49 batch loss is :0.7260
2025-04-22 21:13:39 - INFO - the acc is :0.6875
2025-04-22 21:13:51 - INFO - epoch:18/25 iteration:10/49 batch loss is :0.7447
2025-04-22 21:13:51 - INFO - the acc is :0.625
2025-04-22 21:14:36 - INFO - epoch:18/25 iteration:15/49 batch loss is :0.6474
2025-04-22 21:14:36 - INFO - the acc is :0.75
2025-04-22 21:14:49 - INFO - epoch:18/25 iteration:20/49 batch loss is :0.8766
2025-04-22 21:14:49 - INFO - the acc is :0.5625
2025-04-22 21:15:35 - INFO - epoch:18/25 iteration:25/49 batch loss is :0.5820
2025-04-22 21:15:35 - INFO - the acc is :0.9375
2025-04-22 21:15:48 - INFO - epoch:18/25 iteration:30/49 batch loss is :0.7120
2025-04-22 21:15:48 - INFO - the acc is :0.75
2025-04-22 21:16:00 - INFO - epoch:18/25 iteration:35/49 batch loss is :0.7374
2025-04-22 21:16:00 - INFO - the acc is :0.6875
2025-04-22 21:16:43 - INFO - epoch:18/25 iteration:40/49 batch loss is :0.8480
2025-04-22 21:16:43 - INFO - the acc is :0.75
2025-04-22 21:16:51 - INFO - epoch:18/25 iteration:45/49 batch loss is :0.6964
2025-04-22 21:16:51 - INFO - the acc is :0.5625
2025-04-22 21:16:58 - INFO - Epoch:18/25 Loss is :0.7764
2025-04-22 21:19:18 - INFO - epoch:19/25 iteration:0/49 batch loss is :0.8659
2025-04-22 21:19:18 - INFO - the acc is :0.625
2025-04-22 21:19:28 - INFO - epoch:19/25 iteration:5/49 batch loss is :0.7756
2025-04-22 21:19:28 - INFO - the acc is :0.5
2025-04-22 21:19:38 - INFO - epoch:19/25 iteration:10/49 batch loss is :0.8565
2025-04-22 21:19:38 - INFO - the acc is :0.6875
2025-04-22 21:20:51 - INFO - epoch:19/25 iteration:15/49 batch loss is :0.7847
2025-04-22 21:20:51 - INFO - the acc is :0.6875
2025-04-22 21:21:02 - INFO - epoch:19/25 iteration:20/49 batch loss is :0.6981
2025-04-22 21:21:02 - INFO - the acc is :0.8125
2025-04-22 21:22:16 - INFO - epoch:19/25 iteration:25/49 batch loss is :0.6323
2025-04-22 21:22:16 - INFO - the acc is :0.8125
2025-04-22 21:22:27 - INFO - epoch:19/25 iteration:30/49 batch loss is :0.8345
2025-04-22 21:22:27 - INFO - the acc is :0.6875
2025-04-22 21:22:38 - INFO - epoch:19/25 iteration:35/49 batch loss is :0.8116
2025-04-22 21:22:38 - INFO - the acc is :0.75
2025-04-22 21:23:51 - INFO - epoch:19/25 iteration:40/49 batch loss is :0.8723
2025-04-22 21:23:51 - INFO - the acc is :0.75
2025-04-22 21:24:00 - INFO - epoch:19/25 iteration:45/49 batch loss is :0.6387
2025-04-22 21:24:00 - INFO - the acc is :0.875
2025-04-22 21:24:08 - INFO - Epoch:19/25 Loss is :0.8149
2025-04-22 21:26:55 - INFO - epoch:20/25 iteration:0/49 batch loss is :0.7354
2025-04-22 21:26:55 - INFO - the acc is :0.875
2025-04-22 21:27:06 - INFO - epoch:20/25 iteration:5/49 batch loss is :0.9282
2025-04-22 21:27:06 - INFO - the acc is :0.75
2025-04-22 21:27:19 - INFO - epoch:20/25 iteration:10/49 batch loss is :0.9710
2025-04-22 21:27:19 - INFO - the acc is :0.5
2025-04-22 21:28:03 - INFO - epoch:20/25 iteration:15/49 batch loss is :0.8487
2025-04-22 21:28:03 - INFO - the acc is :0.5
2025-04-22 21:28:16 - INFO - epoch:20/25 iteration:20/49 batch loss is :0.7493
2025-04-22 21:28:16 - INFO - the acc is :0.75
2025-04-22 21:29:17 - INFO - epoch:20/25 iteration:25/49 batch loss is :0.6346
2025-04-22 21:29:17 - INFO - the acc is :0.875
2025-04-22 21:29:28 - INFO - epoch:20/25 iteration:30/49 batch loss is :0.6337
2025-04-22 21:29:28 - INFO - the acc is :0.8125
2025-04-22 21:29:40 - INFO - epoch:20/25 iteration:35/49 batch loss is :0.7929
2025-04-22 21:29:40 - INFO - the acc is :0.6875
2025-04-22 21:30:20 - INFO - epoch:20/25 iteration:40/49 batch loss is :0.5889
2025-04-22 21:30:20 - INFO - the acc is :0.75
2025-04-22 21:30:29 - INFO - epoch:20/25 iteration:45/49 batch loss is :1.1609
2025-04-22 21:30:29 - INFO - the acc is :0.5
2025-04-22 21:30:36 - INFO - Epoch:20/25 Loss is :0.7720
2025-04-22 21:33:32 - INFO - val accuarcy is : 0.1452
2025-04-22 21:33:32 - INFO - VAL loss :3.3486
2025-04-22 21:36:34 - INFO - epoch:21/25 iteration:0/49 batch loss is :0.8674
2025-04-22 21:36:34 - INFO - the acc is :0.75
2025-04-22 21:36:44 - INFO - epoch:21/25 iteration:5/49 batch loss is :0.6539
2025-04-22 21:36:44 - INFO - the acc is :0.75
2025-04-22 21:36:55 - INFO - epoch:21/25 iteration:10/49 batch loss is :0.7195
2025-04-22 21:36:55 - INFO - the acc is :0.75
2025-04-22 21:38:12 - INFO - epoch:21/25 iteration:15/49 batch loss is :0.8578
2025-04-22 21:38:12 - INFO - the acc is :0.6875
2025-04-22 21:38:22 - INFO - epoch:21/25 iteration:20/49 batch loss is :0.5174
2025-04-22 21:38:22 - INFO - the acc is :0.8125
2025-04-22 21:39:39 - INFO - epoch:21/25 iteration:25/49 batch loss is :0.8354
2025-04-22 21:39:39 - INFO - the acc is :0.6875
2025-04-22 21:39:50 - INFO - epoch:21/25 iteration:30/49 batch loss is :0.8011
2025-04-22 21:39:50 - INFO - the acc is :0.8125
2025-04-22 21:40:01 - INFO - epoch:21/25 iteration:35/49 batch loss is :0.7928
2025-04-22 21:40:01 - INFO - the acc is :0.625
2025-04-22 21:41:14 - INFO - epoch:21/25 iteration:40/49 batch loss is :0.5691
2025-04-22 21:41:14 - INFO - the acc is :0.9375
2025-04-22 21:41:23 - INFO - epoch:21/25 iteration:45/49 batch loss is :0.7788
2025-04-22 21:41:23 - INFO - the acc is :0.75
2025-04-22 21:41:30 - INFO - Epoch:21/25 Loss is :0.7599
2025-04-22 21:43:50 - INFO - epoch:22/25 iteration:0/49 batch loss is :0.4319
2025-04-22 21:43:50 - INFO - the acc is :0.875
2025-04-22 21:44:03 - INFO - epoch:22/25 iteration:5/49 batch loss is :1.0183
2025-04-22 21:44:03 - INFO - the acc is :0.5625
2025-04-22 21:44:17 - INFO - epoch:22/25 iteration:10/49 batch loss is :0.6263
2025-04-22 21:44:17 - INFO - the acc is :0.75
2025-04-22 21:44:56 - INFO - epoch:22/25 iteration:15/49 batch loss is :0.7174
2025-04-22 21:44:56 - INFO - the acc is :0.6875
2025-04-22 21:45:10 - INFO - epoch:22/25 iteration:20/49 batch loss is :0.7341
2025-04-22 21:45:10 - INFO - the acc is :0.75
2025-04-22 21:45:48 - INFO - epoch:22/25 iteration:25/49 batch loss is :0.8841
2025-04-22 21:45:48 - INFO - the acc is :0.5625
2025-04-22 21:46:00 - INFO - epoch:22/25 iteration:30/49 batch loss is :0.8818
2025-04-22 21:46:00 - INFO - the acc is :0.6875
2025-04-22 21:46:12 - INFO - epoch:22/25 iteration:35/49 batch loss is :0.5560
2025-04-22 21:46:12 - INFO - the acc is :0.9375
2025-04-22 21:46:42 - INFO - epoch:22/25 iteration:40/49 batch loss is :1.1538
2025-04-22 21:46:42 - INFO - the acc is :0.4375
2025-04-22 21:46:51 - INFO - epoch:22/25 iteration:45/49 batch loss is :0.6052
2025-04-22 21:46:51 - INFO - the acc is :0.8125
2025-04-22 21:46:58 - INFO - Epoch:22/25 Loss is :0.8249
2025-04-22 21:49:11 - INFO - epoch:23/25 iteration:0/49 batch loss is :0.9958
2025-04-22 21:49:11 - INFO - the acc is :0.5
2025-04-22 21:49:22 - INFO - epoch:23/25 iteration:5/49 batch loss is :1.0064
2025-04-22 21:49:22 - INFO - the acc is :0.625
2025-04-22 21:49:33 - INFO - epoch:23/25 iteration:10/49 batch loss is :0.8219
2025-04-22 21:49:33 - INFO - the acc is :0.75
2025-04-22 21:50:45 - INFO - epoch:23/25 iteration:15/49 batch loss is :1.0277
2025-04-22 21:50:45 - INFO - the acc is :0.625
2025-04-22 21:50:56 - INFO - epoch:23/25 iteration:20/49 batch loss is :0.7812
2025-04-22 21:50:56 - INFO - the acc is :0.5625
2025-04-22 21:52:07 - INFO - epoch:23/25 iteration:25/49 batch loss is :0.7059
2025-04-22 21:52:07 - INFO - the acc is :0.6875
2025-04-22 21:52:18 - INFO - epoch:23/25 iteration:30/49 batch loss is :0.7563
2025-04-22 21:52:18 - INFO - the acc is :0.5625
2025-04-22 21:52:29 - INFO - epoch:23/25 iteration:35/49 batch loss is :1.0952
2025-04-22 21:52:29 - INFO - the acc is :0.375
2025-04-22 21:53:39 - INFO - epoch:23/25 iteration:40/49 batch loss is :0.8940
2025-04-22 21:53:39 - INFO - the acc is :0.6875
2025-04-22 21:53:48 - INFO - epoch:23/25 iteration:45/49 batch loss is :0.7325
2025-04-22 21:53:48 - INFO - the acc is :0.6875
2025-04-22 21:53:55 - INFO - Epoch:23/25 Loss is :0.7975
2025-04-22 21:56:46 - INFO - epoch:24/25 iteration:0/49 batch loss is :0.6707
2025-04-22 21:56:46 - INFO - the acc is :0.8125
2025-04-22 21:56:58 - INFO - epoch:24/25 iteration:5/49 batch loss is :0.8533
2025-04-22 21:56:58 - INFO - the acc is :0.75
2025-04-22 21:57:10 - INFO - epoch:24/25 iteration:10/49 batch loss is :0.9666
2025-04-22 21:57:10 - INFO - the acc is :0.6875
2025-04-22 21:58:02 - INFO - epoch:24/25 iteration:15/49 batch loss is :0.8084
2025-04-22 21:58:02 - INFO - the acc is :0.6875
2025-04-22 21:58:13 - INFO - epoch:24/25 iteration:20/49 batch loss is :0.8167
2025-04-22 21:58:13 - INFO - the acc is :0.6875
2025-04-22 21:59:05 - INFO - epoch:24/25 iteration:25/49 batch loss is :1.4039
2025-04-22 21:59:05 - INFO - the acc is :0.3125
2025-04-22 21:59:16 - INFO - epoch:24/25 iteration:30/49 batch loss is :0.8394
2025-04-22 21:59:16 - INFO - the acc is :0.6875
2025-04-22 21:59:28 - INFO - epoch:24/25 iteration:35/49 batch loss is :0.7106
2025-04-22 21:59:28 - INFO - the acc is :0.875
2025-04-22 22:00:10 - INFO - epoch:24/25 iteration:40/49 batch loss is :0.9923
2025-04-22 22:00:10 - INFO - the acc is :0.5625
2025-04-22 22:00:18 - INFO - epoch:24/25 iteration:45/49 batch loss is :0.7488
2025-04-22 22:00:18 - INFO - the acc is :0.75
2025-04-22 22:00:26 - INFO - Epoch:24/25 Loss is :0.8022
2025-04-22 22:03:20 - INFO - val accuarcy is : 0.0830
2025-04-22 22:03:20 - INFO - VAL loss :3.6528
2025-04-22 22:03:21 - INFO - fold number:4
2025-04-22 22:06:17 - INFO - epoch:0/25 iteration:0/49 batch loss is :0.9436
2025-04-22 22:06:17 - INFO - the acc is :0.625
2025-04-22 22:06:28 - INFO - epoch:0/25 iteration:5/49 batch loss is :0.7797
2025-04-22 22:06:28 - INFO - the acc is :0.5
2025-04-22 22:06:39 - INFO - epoch:0/25 iteration:10/49 batch loss is :0.6668
2025-04-22 22:06:39 - INFO - the acc is :0.6875
2025-04-22 22:07:54 - INFO - epoch:0/25 iteration:15/49 batch loss is :0.5537
2025-04-22 22:07:54 - INFO - the acc is :0.8125
2025-04-22 22:08:04 - INFO - epoch:0/25 iteration:20/49 batch loss is :0.7038
2025-04-22 22:08:04 - INFO - the acc is :0.75
2025-04-22 22:09:10 - INFO - epoch:0/25 iteration:25/49 batch loss is :0.9980
2025-04-22 22:09:10 - INFO - the acc is :0.5625
2025-04-22 22:09:21 - INFO - epoch:0/25 iteration:30/49 batch loss is :0.6163
2025-04-22 22:09:21 - INFO - the acc is :0.8125
2025-04-22 22:09:32 - INFO - epoch:0/25 iteration:35/49 batch loss is :0.8609
2025-04-22 22:09:32 - INFO - the acc is :0.75
2025-04-22 22:10:43 - INFO - epoch:0/25 iteration:40/49 batch loss is :0.6007
2025-04-22 22:10:43 - INFO - the acc is :0.8125
2025-04-22 22:10:51 - INFO - epoch:0/25 iteration:45/49 batch loss is :0.7795
2025-04-22 22:10:51 - INFO - the acc is :0.8125
2025-04-22 22:10:59 - INFO - Epoch:0/25 Loss is :0.7959
2025-04-22 22:13:51 - INFO - val accuarcy is : 0.0778
2025-04-22 22:13:51 - INFO - VAL loss :4.1533
2025-04-22 22:16:13 - INFO - epoch:1/25 iteration:0/49 batch loss is :0.6636
2025-04-22 22:16:13 - INFO - the acc is :0.6875
2025-04-22 22:16:26 - INFO - epoch:1/25 iteration:5/49 batch loss is :0.8352
2025-04-22 22:16:26 - INFO - the acc is :0.5
2025-04-22 22:16:40 - INFO - epoch:1/25 iteration:10/49 batch loss is :0.6687
2025-04-22 22:16:40 - INFO - the acc is :0.75
2025-04-22 22:17:24 - INFO - epoch:1/25 iteration:15/49 batch loss is :0.9067
2025-04-22 22:17:24 - INFO - the acc is :0.5625
2025-04-22 22:17:38 - INFO - epoch:1/25 iteration:20/49 batch loss is :0.7188
2025-04-22 22:17:38 - INFO - the acc is :0.8125
2025-04-22 22:18:18 - INFO - epoch:1/25 iteration:25/49 batch loss is :0.6470
2025-04-22 22:18:18 - INFO - the acc is :0.75
2025-04-22 22:18:32 - INFO - epoch:1/25 iteration:30/49 batch loss is :0.6090
2025-04-22 22:18:32 - INFO - the acc is :0.875
2025-04-22 22:18:44 - INFO - epoch:1/25 iteration:35/49 batch loss is :0.7152
2025-04-22 22:18:44 - INFO - the acc is :0.75
2025-04-22 22:19:20 - INFO - epoch:1/25 iteration:40/49 batch loss is :0.6642
2025-04-22 22:19:20 - INFO - the acc is :0.8125
2025-04-22 22:19:28 - INFO - epoch:1/25 iteration:45/49 batch loss is :0.6318
2025-04-22 22:19:28 - INFO - the acc is :0.875
2025-04-22 22:19:36 - INFO - Epoch:1/25 Loss is :0.7850
2025-04-22 22:22:37 - INFO - epoch:2/25 iteration:0/49 batch loss is :0.5618
2025-04-22 22:22:37 - INFO - the acc is :0.8125
2025-04-22 22:22:47 - INFO - epoch:2/25 iteration:5/49 batch loss is :0.8659
2025-04-22 22:22:47 - INFO - the acc is :0.625
2025-04-22 22:22:58 - INFO - epoch:2/25 iteration:10/49 batch loss is :0.5703
2025-04-22 22:22:58 - INFO - the acc is :0.6875
2025-04-22 22:24:13 - INFO - epoch:2/25 iteration:15/49 batch loss is :0.9457
2025-04-22 22:24:13 - INFO - the acc is :0.625
2025-04-22 22:24:23 - INFO - epoch:2/25 iteration:20/49 batch loss is :0.6549
2025-04-22 22:24:23 - INFO - the acc is :0.75
2025-04-22 22:25:37 - INFO - epoch:2/25 iteration:25/49 batch loss is :0.6734
2025-04-22 22:25:37 - INFO - the acc is :0.75
2025-04-22 22:25:48 - INFO - epoch:2/25 iteration:30/49 batch loss is :0.8374
2025-04-22 22:25:48 - INFO - the acc is :0.6875
2025-04-22 22:25:59 - INFO - epoch:2/25 iteration:35/49 batch loss is :0.7575
2025-04-22 22:25:59 - INFO - the acc is :0.875
2025-04-22 22:27:12 - INFO - epoch:2/25 iteration:40/49 batch loss is :0.8682
2025-04-22 22:27:12 - INFO - the acc is :0.5625
2025-04-22 22:27:21 - INFO - epoch:2/25 iteration:45/49 batch loss is :0.8953
2025-04-22 22:27:21 - INFO - the acc is :0.5625
2025-04-22 22:27:28 - INFO - Epoch:2/25 Loss is :0.8248
2025-04-22 22:29:48 - INFO - epoch:3/25 iteration:0/49 batch loss is :0.6619
2025-04-22 22:29:48 - INFO - the acc is :0.75
2025-04-22 22:30:00 - INFO - epoch:3/25 iteration:5/49 batch loss is :1.1147
2025-04-22 22:30:00 - INFO - the acc is :0.5625
2025-04-22 22:30:13 - INFO - epoch:3/25 iteration:10/49 batch loss is :0.9347
2025-04-22 22:30:13 - INFO - the acc is :0.625
2025-04-22 22:30:50 - INFO - epoch:3/25 iteration:15/49 batch loss is :0.4686
2025-04-22 22:30:50 - INFO - the acc is :0.9375
2025-04-22 22:31:02 - INFO - epoch:3/25 iteration:20/49 batch loss is :1.0245
2025-04-22 22:31:02 - INFO - the acc is :0.625
2025-04-22 22:31:46 - INFO - epoch:3/25 iteration:25/49 batch loss is :1.0244
2025-04-22 22:31:46 - INFO - the acc is :0.5625
2025-04-22 22:31:59 - INFO - epoch:3/25 iteration:30/49 batch loss is :0.7754
2025-04-22 22:31:59 - INFO - the acc is :0.6875
2025-04-22 22:32:11 - INFO - epoch:3/25 iteration:35/49 batch loss is :0.8719
2025-04-22 22:32:11 - INFO - the acc is :0.6875
2025-04-22 22:32:48 - INFO - epoch:3/25 iteration:40/49 batch loss is :0.6424
2025-04-22 22:32:48 - INFO - the acc is :0.75
2025-04-22 22:32:57 - INFO - epoch:3/25 iteration:45/49 batch loss is :0.6921
2025-04-22 22:32:57 - INFO - the acc is :0.625
2025-04-22 22:33:04 - INFO - Epoch:3/25 Loss is :0.8180
2025-04-22 22:35:49 - INFO - epoch:4/25 iteration:0/49 batch loss is :0.8531
2025-04-22 22:35:49 - INFO - the acc is :0.75
2025-04-22 22:36:02 - INFO - epoch:4/25 iteration:5/49 batch loss is :1.0221
2025-04-22 22:36:02 - INFO - the acc is :0.625
2025-04-22 22:36:13 - INFO - epoch:4/25 iteration:10/49 batch loss is :0.8296
2025-04-22 22:36:13 - INFO - the acc is :0.625
2025-04-22 22:37:28 - INFO - epoch:4/25 iteration:15/49 batch loss is :0.5818
2025-04-22 22:37:28 - INFO - the acc is :0.8125
2025-04-22 22:37:39 - INFO - epoch:4/25 iteration:20/49 batch loss is :0.7640
2025-04-22 22:37:39 - INFO - the acc is :0.75
2025-04-22 22:38:53 - INFO - epoch:4/25 iteration:25/49 batch loss is :0.6646
2025-04-22 22:38:53 - INFO - the acc is :0.5625
2025-04-22 22:39:04 - INFO - epoch:4/25 iteration:30/49 batch loss is :0.8645
2025-04-22 22:39:04 - INFO - the acc is :0.625
2025-04-22 22:39:14 - INFO - epoch:4/25 iteration:35/49 batch loss is :0.8555
2025-04-22 22:39:14 - INFO - the acc is :0.625
2025-04-22 22:40:25 - INFO - epoch:4/25 iteration:40/49 batch loss is :0.7401
2025-04-22 22:40:25 - INFO - the acc is :0.75
2025-04-22 22:40:34 - INFO - epoch:4/25 iteration:45/49 batch loss is :0.6570
2025-04-22 22:40:34 - INFO - the acc is :0.8125
2025-04-22 22:40:41 - INFO - Epoch:4/25 Loss is :0.8005
2025-04-22 22:43:09 - INFO - epoch:5/25 iteration:0/49 batch loss is :0.8905
2025-04-22 22:43:09 - INFO - the acc is :0.5
2025-04-22 22:43:21 - INFO - epoch:5/25 iteration:5/49 batch loss is :0.6410
2025-04-22 22:43:21 - INFO - the acc is :0.6875
2025-04-22 22:43:32 - INFO - epoch:5/25 iteration:10/49 batch loss is :0.5969
2025-04-22 22:43:32 - INFO - the acc is :0.8125
2025-04-22 22:44:25 - INFO - epoch:5/25 iteration:15/49 batch loss is :0.8306
2025-04-22 22:44:25 - INFO - the acc is :0.75
2025-04-22 22:44:38 - INFO - epoch:5/25 iteration:20/49 batch loss is :0.8046
2025-04-22 22:44:38 - INFO - the acc is :0.6875
2025-04-22 22:45:24 - INFO - epoch:5/25 iteration:25/49 batch loss is :0.8764
2025-04-22 22:45:24 - INFO - the acc is :0.625
2025-04-22 22:45:37 - INFO - epoch:5/25 iteration:30/49 batch loss is :0.6051
2025-04-22 22:45:37 - INFO - the acc is :0.75
2025-04-22 22:45:49 - INFO - epoch:5/25 iteration:35/49 batch loss is :0.7229
2025-04-22 22:45:49 - INFO - the acc is :0.75
2025-04-22 22:46:32 - INFO - epoch:5/25 iteration:40/49 batch loss is :0.5731
2025-04-22 22:46:32 - INFO - the acc is :0.9375
2025-04-22 22:46:41 - INFO - epoch:5/25 iteration:45/49 batch loss is :0.7577
2025-04-22 22:46:41 - INFO - the acc is :0.75
2025-04-22 22:46:48 - INFO - Epoch:5/25 Loss is :0.7843
2025-04-22 22:49:42 - INFO - val accuarcy is : 0.0571
2025-04-22 22:49:42 - INFO - VAL loss :4.1959
2025-04-22 22:52:34 - INFO - epoch:6/25 iteration:0/49 batch loss is :0.9424
2025-04-22 22:52:34 - INFO - the acc is :0.625
2025-04-22 22:52:44 - INFO - epoch:6/25 iteration:5/49 batch loss is :1.1751
2025-04-22 22:52:44 - INFO - the acc is :0.4375
2025-04-22 22:52:55 - INFO - epoch:6/25 iteration:10/49 batch loss is :0.6182
2025-04-22 22:52:55 - INFO - the acc is :0.875
2025-04-22 22:54:09 - INFO - epoch:6/25 iteration:15/49 batch loss is :0.7048
2025-04-22 22:54:09 - INFO - the acc is :0.9375
2025-04-22 22:54:19 - INFO - epoch:6/25 iteration:20/49 batch loss is :0.9111
2025-04-22 22:54:19 - INFO - the acc is :0.625
2025-04-22 22:55:33 - INFO - epoch:6/25 iteration:25/49 batch loss is :0.9074
2025-04-22 22:55:33 - INFO - the acc is :0.5625
2025-04-22 22:55:44 - INFO - epoch:6/25 iteration:30/49 batch loss is :0.7603
2025-04-22 22:55:44 - INFO - the acc is :0.75
2025-04-22 22:55:54 - INFO - epoch:6/25 iteration:35/49 batch loss is :0.9578
2025-04-22 22:55:54 - INFO - the acc is :0.5
2025-04-22 22:57:07 - INFO - epoch:6/25 iteration:40/49 batch loss is :0.6675
2025-04-22 22:57:07 - INFO - the acc is :0.625
2025-04-22 22:57:15 - INFO - epoch:6/25 iteration:45/49 batch loss is :0.6883
2025-04-22 22:57:15 - INFO - the acc is :0.625
2025-04-22 22:57:23 - INFO - Epoch:6/25 Loss is :0.8009
2025-04-22 22:59:41 - INFO - epoch:7/25 iteration:0/49 batch loss is :0.8581
2025-04-22 22:59:41 - INFO - the acc is :0.625
2025-04-22 22:59:54 - INFO - epoch:7/25 iteration:5/49 batch loss is :0.5967
2025-04-22 22:59:54 - INFO - the acc is :0.8125
2025-04-22 23:00:08 - INFO - epoch:7/25 iteration:10/49 batch loss is :0.8392
2025-04-22 23:00:08 - INFO - the acc is :0.625
2025-04-22 23:00:47 - INFO - epoch:7/25 iteration:15/49 batch loss is :1.2283
2025-04-22 23:00:47 - INFO - the acc is :0.5
2025-04-22 23:01:01 - INFO - epoch:7/25 iteration:20/49 batch loss is :0.7464
2025-04-22 23:01:01 - INFO - the acc is :0.5625
2025-04-22 23:01:39 - INFO - epoch:7/25 iteration:25/49 batch loss is :0.7934
2025-04-22 23:01:39 - INFO - the acc is :0.8125
2025-04-22 23:01:51 - INFO - epoch:7/25 iteration:30/49 batch loss is :0.8689
2025-04-22 23:01:51 - INFO - the acc is :0.6875
2025-04-22 23:02:02 - INFO - epoch:7/25 iteration:35/49 batch loss is :0.7809
2025-04-22 23:02:02 - INFO - the acc is :0.75
2025-04-22 23:02:44 - INFO - epoch:7/25 iteration:40/49 batch loss is :0.8528
2025-04-22 23:02:44 - INFO - the acc is :0.6875
2025-04-22 23:02:53 - INFO - epoch:7/25 iteration:45/49 batch loss is :0.6831
2025-04-22 23:02:53 - INFO - the acc is :0.875
2025-04-22 23:03:00 - INFO - Epoch:7/25 Loss is :0.8478
2025-04-22 23:05:34 - INFO - epoch:8/25 iteration:0/49 batch loss is :0.7217
2025-04-22 23:05:34 - INFO - the acc is :0.6875
2025-04-22 23:05:46 - INFO - epoch:8/25 iteration:5/49 batch loss is :0.5703
2025-04-22 23:05:46 - INFO - the acc is :0.8125
2025-04-22 23:05:58 - INFO - epoch:8/25 iteration:10/49 batch loss is :0.6241
2025-04-22 23:05:58 - INFO - the acc is :0.75
2025-04-22 23:07:22 - INFO - epoch:8/25 iteration:15/49 batch loss is :0.7920
2025-04-22 23:07:22 - INFO - the acc is :0.75
2025-04-22 23:07:33 - INFO - epoch:8/25 iteration:20/49 batch loss is :0.7561
2025-04-22 23:07:33 - INFO - the acc is :0.9375
2025-04-22 23:08:50 - INFO - epoch:8/25 iteration:25/49 batch loss is :0.8736
2025-04-22 23:08:50 - INFO - the acc is :0.75
2025-04-22 23:09:00 - INFO - epoch:8/25 iteration:30/49 batch loss is :0.8845
2025-04-22 23:09:00 - INFO - the acc is :0.6875
2025-04-22 23:09:10 - INFO - epoch:8/25 iteration:35/49 batch loss is :0.9601
2025-04-22 23:09:10 - INFO - the acc is :0.4375
2025-04-22 23:10:25 - INFO - epoch:8/25 iteration:40/49 batch loss is :0.8840
2025-04-22 23:10:25 - INFO - the acc is :0.625
2025-04-22 23:10:34 - INFO - epoch:8/25 iteration:45/49 batch loss is :0.7868
2025-04-22 23:10:34 - INFO - the acc is :0.6875
2025-04-22 23:10:41 - INFO - Epoch:8/25 Loss is :0.8151
2025-04-22 23:13:06 - INFO - epoch:9/25 iteration:0/49 batch loss is :0.6659
2025-04-22 23:13:06 - INFO - the acc is :0.6875
2025-04-22 23:13:41 - INFO - epoch:9/25 iteration:5/49 batch loss is :1.3603
2025-04-22 23:13:41 - INFO - the acc is :0.5
2025-04-22 23:13:53 - INFO - epoch:9/25 iteration:10/49 batch loss is :0.6377
2025-04-22 23:13:53 - INFO - the acc is :0.8125
2025-04-22 23:15:36 - INFO - epoch:9/25 iteration:15/49 batch loss is :0.8166
2025-04-22 23:15:36 - INFO - the acc is :0.625
2025-04-22 23:15:47 - INFO - epoch:9/25 iteration:20/49 batch loss is :0.7838
2025-04-22 23:15:47 - INFO - the acc is :0.625
2025-04-22 23:15:58 - INFO - epoch:9/25 iteration:25/49 batch loss is :0.5346
2025-04-22 23:15:58 - INFO - the acc is :0.8125
2025-04-22 23:16:11 - INFO - epoch:9/25 iteration:30/49 batch loss is :0.7000
2025-04-22 23:16:11 - INFO - the acc is :0.875
2025-04-22 23:16:21 - INFO - epoch:9/25 iteration:35/49 batch loss is :0.7636
2025-04-22 23:16:21 - INFO - the acc is :0.75
2025-04-22 23:16:30 - INFO - epoch:9/25 iteration:40/49 batch loss is :0.4939
2025-04-22 23:16:30 - INFO - the acc is :0.75
2025-04-22 23:16:39 - INFO - epoch:9/25 iteration:45/49 batch loss is :0.5967
2025-04-22 23:16:39 - INFO - the acc is :0.9375
2025-04-22 23:16:46 - INFO - Epoch:9/25 Loss is :0.8209
2025-04-22 23:18:47 - INFO - epoch:10/25 iteration:0/49 batch loss is :0.7270
2025-04-22 23:18:47 - INFO - the acc is :0.625
2025-04-22 23:19:00 - INFO - epoch:10/25 iteration:5/49 batch loss is :0.8915
2025-04-22 23:19:00 - INFO - the acc is :0.5
2025-04-22 23:19:13 - INFO - epoch:10/25 iteration:10/49 batch loss is :0.6033
2025-04-22 23:19:13 - INFO - the acc is :1.0
2025-04-22 23:19:38 - INFO - epoch:10/25 iteration:15/49 batch loss is :0.9791
2025-04-22 23:19:38 - INFO - the acc is :0.6875
2025-04-22 23:19:49 - INFO - epoch:10/25 iteration:20/49 batch loss is :0.6875
2025-04-22 23:19:49 - INFO - the acc is :0.6875
2025-04-22 23:20:32 - INFO - epoch:10/25 iteration:25/49 batch loss is :0.6525
2025-04-22 23:20:32 - INFO - the acc is :0.75
2025-04-22 23:20:42 - INFO - epoch:10/25 iteration:30/49 batch loss is :0.7718
2025-04-22 23:20:42 - INFO - the acc is :0.5625
2025-04-22 23:20:52 - INFO - epoch:10/25 iteration:35/49 batch loss is :0.4503
2025-04-22 23:20:52 - INFO - the acc is :0.9375
2025-04-22 23:21:38 - INFO - epoch:10/25 iteration:40/49 batch loss is :0.8528
2025-04-22 23:21:38 - INFO - the acc is :0.6875
2025-04-22 23:21:46 - INFO - epoch:10/25 iteration:45/49 batch loss is :0.8527
2025-04-22 23:21:46 - INFO - the acc is :0.5625
2025-04-22 23:21:54 - INFO - Epoch:10/25 Loss is :0.8179
2025-04-22 23:24:33 - INFO - val accuarcy is : 0.1193
2025-04-22 23:24:33 - INFO - VAL loss :4.3977
2025-04-22 23:26:48 - INFO - epoch:11/25 iteration:0/49 batch loss is :0.9094
2025-04-22 23:26:48 - INFO - the acc is :0.5625
2025-04-22 23:26:59 - INFO - epoch:11/25 iteration:5/49 batch loss is :0.7998
2025-04-22 23:26:59 - INFO - the acc is :0.8125
2025-04-22 23:27:11 - INFO - epoch:11/25 iteration:10/49 batch loss is :0.9758
2025-04-22 23:27:11 - INFO - the acc is :0.5
2025-04-22 23:27:53 - INFO - epoch:11/25 iteration:15/49 batch loss is :0.5960
2025-04-22 23:27:53 - INFO - the acc is :0.8125
2025-04-22 23:28:04 - INFO - epoch:11/25 iteration:20/49 batch loss is :1.0656
2025-04-22 23:28:04 - INFO - the acc is :0.4375
2025-04-22 23:28:51 - INFO - epoch:11/25 iteration:25/49 batch loss is :0.9809
2025-04-22 23:28:51 - INFO - the acc is :0.625
2025-04-22 23:29:02 - INFO - epoch:11/25 iteration:30/49 batch loss is :0.7976
2025-04-22 23:29:02 - INFO - the acc is :0.625
2025-04-22 23:29:12 - INFO - epoch:11/25 iteration:35/49 batch loss is :0.4873
2025-04-22 23:29:12 - INFO - the acc is :0.75
2025-04-22 23:29:45 - INFO - epoch:11/25 iteration:40/49 batch loss is :0.6884
2025-04-22 23:29:45 - INFO - the acc is :0.75
2025-04-22 23:29:54 - INFO - epoch:11/25 iteration:45/49 batch loss is :0.8213
2025-04-22 23:29:54 - INFO - the acc is :0.8125
2025-04-22 23:30:01 - INFO - Epoch:11/25 Loss is :0.7916
2025-04-22 23:32:02 - INFO - epoch:12/25 iteration:0/49 batch loss is :0.7029
2025-04-22 23:32:02 - INFO - the acc is :0.6875
2025-04-22 23:32:14 - INFO - epoch:12/25 iteration:5/49 batch loss is :0.7603
2025-04-22 23:32:14 - INFO - the acc is :0.75
2025-04-22 23:32:26 - INFO - epoch:12/25 iteration:10/49 batch loss is :0.9357
2025-04-22 23:32:26 - INFO - the acc is :0.625
2025-04-22 23:32:56 - INFO - epoch:12/25 iteration:15/49 batch loss is :0.5976
2025-04-22 23:32:56 - INFO - the acc is :1.0
2025-04-22 23:33:08 - INFO - epoch:12/25 iteration:20/49 batch loss is :0.5551
2025-04-22 23:33:08 - INFO - the acc is :0.8125
2025-04-22 23:33:40 - INFO - epoch:12/25 iteration:25/49 batch loss is :0.9225
2025-04-22 23:33:40 - INFO - the acc is :0.625
2025-04-22 23:33:52 - INFO - epoch:12/25 iteration:30/49 batch loss is :0.6211
2025-04-22 23:33:52 - INFO - the acc is :0.75
2025-04-22 23:34:04 - INFO - epoch:12/25 iteration:35/49 batch loss is :0.6093
2025-04-22 23:34:04 - INFO - the acc is :0.75
2025-04-22 23:34:26 - INFO - epoch:12/25 iteration:40/49 batch loss is :0.9495
2025-04-22 23:34:26 - INFO - the acc is :0.5625
2025-04-22 23:34:35 - INFO - epoch:12/25 iteration:45/49 batch loss is :0.6541
2025-04-22 23:34:35 - INFO - the acc is :0.625
2025-04-22 23:34:42 - INFO - Epoch:12/25 Loss is :0.7936
2025-04-22 23:37:13 - INFO - epoch:13/25 iteration:0/49 batch loss is :0.7300
2025-04-22 23:37:13 - INFO - the acc is :0.5625
2025-04-22 23:37:23 - INFO - epoch:13/25 iteration:5/49 batch loss is :0.8497
2025-04-22 23:37:23 - INFO - the acc is :0.5625
2025-04-22 23:37:34 - INFO - epoch:13/25 iteration:10/49 batch loss is :1.1817
2025-04-22 23:37:34 - INFO - the acc is :0.5
2025-04-22 23:38:22 - INFO - epoch:13/25 iteration:15/49 batch loss is :0.6452
2025-04-22 23:38:22 - INFO - the acc is :0.8125
2025-04-22 23:38:33 - INFO - epoch:13/25 iteration:20/49 batch loss is :0.8145
2025-04-22 23:38:33 - INFO - the acc is :0.625
2025-04-22 23:39:21 - INFO - epoch:13/25 iteration:25/49 batch loss is :0.6415
2025-04-22 23:39:21 - INFO - the acc is :0.75
2025-04-22 23:39:31 - INFO - epoch:13/25 iteration:30/49 batch loss is :0.7551
2025-04-22 23:39:31 - INFO - the acc is :0.6875
2025-04-22 23:39:42 - INFO - epoch:13/25 iteration:35/49 batch loss is :0.9489
2025-04-22 23:39:42 - INFO - the acc is :0.6875
2025-04-22 23:40:30 - INFO - epoch:13/25 iteration:40/49 batch loss is :0.9290
2025-04-22 23:40:30 - INFO - the acc is :0.5625
2025-04-22 23:40:39 - INFO - epoch:13/25 iteration:45/49 batch loss is :0.6437
2025-04-22 23:40:39 - INFO - the acc is :0.6875
2025-04-22 23:40:46 - INFO - Epoch:13/25 Loss is :0.8022
2025-04-22 23:42:47 - INFO - epoch:14/25 iteration:0/49 batch loss is :0.5199
2025-04-22 23:42:47 - INFO - the acc is :0.6875
2025-04-22 23:42:58 - INFO - epoch:14/25 iteration:5/49 batch loss is :0.8877
2025-04-22 23:42:58 - INFO - the acc is :0.625
2025-04-22 23:43:10 - INFO - epoch:14/25 iteration:10/49 batch loss is :0.7796
2025-04-22 23:43:10 - INFO - the acc is :0.8125
2025-04-22 23:43:39 - INFO - epoch:14/25 iteration:15/49 batch loss is :0.4722
2025-04-22 23:43:39 - INFO - the acc is :1.0
2025-04-22 23:43:51 - INFO - epoch:14/25 iteration:20/49 batch loss is :0.6131
2025-04-22 23:43:51 - INFO - the acc is :0.75
2025-04-22 23:44:22 - INFO - epoch:14/25 iteration:25/49 batch loss is :0.7648
2025-04-22 23:44:22 - INFO - the acc is :0.625
2025-04-22 23:44:33 - INFO - epoch:14/25 iteration:30/49 batch loss is :0.8478
2025-04-22 23:44:33 - INFO - the acc is :0.625
2025-04-22 23:44:44 - INFO - epoch:14/25 iteration:35/49 batch loss is :0.9451
2025-04-22 23:44:44 - INFO - the acc is :0.6875
2025-04-22 23:45:12 - INFO - epoch:14/25 iteration:40/49 batch loss is :1.0191
2025-04-22 23:45:12 - INFO - the acc is :0.75
2025-04-22 23:45:21 - INFO - epoch:14/25 iteration:45/49 batch loss is :0.8351
2025-04-22 23:45:21 - INFO - the acc is :0.625
2025-04-22 23:45:27 - INFO - Epoch:14/25 Loss is :0.8276
2025-04-22 23:47:29 - INFO - epoch:15/25 iteration:0/49 batch loss is :0.9543
2025-04-22 23:47:30 - INFO - the acc is :0.6875
2025-04-22 23:47:41 - INFO - epoch:15/25 iteration:5/49 batch loss is :0.6511
2025-04-22 23:47:41 - INFO - the acc is :0.8125
2025-04-22 23:47:54 - INFO - epoch:15/25 iteration:10/49 batch loss is :0.6897
2025-04-22 23:47:54 - INFO - the acc is :0.8125
2025-04-22 23:48:21 - INFO - epoch:15/25 iteration:15/49 batch loss is :0.8992
2025-04-22 23:48:21 - INFO - the acc is :0.5625
2025-04-22 23:48:34 - INFO - epoch:15/25 iteration:20/49 batch loss is :0.7202
2025-04-22 23:48:34 - INFO - the acc is :0.8125
2025-04-22 23:49:06 - INFO - epoch:15/25 iteration:25/49 batch loss is :0.8732
2025-04-22 23:49:06 - INFO - the acc is :0.6875
2025-04-22 23:49:18 - INFO - epoch:15/25 iteration:30/49 batch loss is :1.1538
2025-04-22 23:49:18 - INFO - the acc is :0.4375
2025-04-22 23:49:31 - INFO - epoch:15/25 iteration:35/49 batch loss is :0.8150
2025-04-22 23:49:31 - INFO - the acc is :0.6875
2025-04-22 23:49:53 - INFO - epoch:15/25 iteration:40/49 batch loss is :0.6301
2025-04-22 23:49:53 - INFO - the acc is :0.875
2025-04-22 23:50:02 - INFO - epoch:15/25 iteration:45/49 batch loss is :0.6658
2025-04-22 23:50:02 - INFO - the acc is :0.625
2025-04-22 23:50:09 - INFO - Epoch:15/25 Loss is :0.7535
2025-04-22 23:52:51 - INFO - val accuarcy is : 0.0519
2025-04-22 23:52:51 - INFO - VAL loss :4.6603
2025-04-22 23:55:12 - INFO - epoch:16/25 iteration:0/49 batch loss is :0.7722
2025-04-22 23:55:12 - INFO - the acc is :0.625
2025-04-22 23:55:22 - INFO - epoch:16/25 iteration:5/49 batch loss is :0.9268
2025-04-22 23:55:22 - INFO - the acc is :0.75
2025-04-22 23:55:33 - INFO - epoch:16/25 iteration:10/49 batch loss is :0.8543
2025-04-22 23:55:33 - INFO - the acc is :0.75
2025-04-22 23:56:26 - INFO - epoch:16/25 iteration:15/49 batch loss is :0.8330
2025-04-22 23:56:26 - INFO - the acc is :0.6875
2025-04-22 23:56:37 - INFO - epoch:16/25 iteration:20/49 batch loss is :0.6080
2025-04-22 23:56:37 - INFO - the acc is :0.875
2025-04-22 23:57:26 - INFO - epoch:16/25 iteration:25/49 batch loss is :0.9555
2025-04-22 23:57:26 - INFO - the acc is :0.5
2025-04-22 23:57:36 - INFO - epoch:16/25 iteration:30/49 batch loss is :0.6681
2025-04-22 23:57:36 - INFO - the acc is :0.6875
2025-04-22 23:57:46 - INFO - epoch:16/25 iteration:35/49 batch loss is :0.8641
2025-04-22 23:57:46 - INFO - the acc is :0.625
2025-04-22 23:58:37 - INFO - epoch:16/25 iteration:40/49 batch loss is :0.5409
2025-04-22 23:58:37 - INFO - the acc is :0.75
2025-04-22 23:58:46 - INFO - epoch:16/25 iteration:45/49 batch loss is :0.5305
2025-04-22 23:58:46 - INFO - the acc is :0.875
2025-04-22 23:58:53 - INFO - Epoch:16/25 Loss is :0.8068
2025-04-23 00:01:00 - INFO - epoch:17/25 iteration:0/49 batch loss is :0.5979
2025-04-23 00:01:00 - INFO - the acc is :0.8125
2025-04-23 00:01:12 - INFO - epoch:17/25 iteration:5/49 batch loss is :0.7760
2025-04-23 00:01:12 - INFO - the acc is :0.625
2025-04-23 00:01:24 - INFO - epoch:17/25 iteration:10/49 batch loss is :0.6097
2025-04-23 00:01:24 - INFO - the acc is :0.875
2025-04-23 00:01:54 - INFO - epoch:17/25 iteration:15/49 batch loss is :0.5267
2025-04-23 00:01:54 - INFO - the acc is :0.9375
2025-04-23 00:02:06 - INFO - epoch:17/25 iteration:20/49 batch loss is :0.8640
2025-04-23 00:02:06 - INFO - the acc is :0.8125
2025-04-23 00:02:37 - INFO - epoch:17/25 iteration:25/49 batch loss is :0.5409
2025-04-23 00:02:37 - INFO - the acc is :0.875
2025-04-23 00:02:49 - INFO - epoch:17/25 iteration:30/49 batch loss is :0.6318
2025-04-23 00:02:49 - INFO - the acc is :0.75
2025-04-23 00:03:02 - INFO - epoch:17/25 iteration:35/49 batch loss is :0.5749
2025-04-23 00:03:02 - INFO - the acc is :0.75
2025-04-23 00:03:29 - INFO - epoch:17/25 iteration:40/49 batch loss is :0.7384
2025-04-23 00:03:29 - INFO - the acc is :0.8125
2025-04-23 00:03:38 - INFO - epoch:17/25 iteration:45/49 batch loss is :0.8261
2025-04-23 00:03:38 - INFO - the acc is :0.6875
2025-04-23 00:03:45 - INFO - Epoch:17/25 Loss is :0.8025
2025-04-23 00:06:14 - INFO - epoch:18/25 iteration:0/49 batch loss is :0.8321
2025-04-23 00:06:14 - INFO - the acc is :0.6875
2025-04-23 00:06:24 - INFO - epoch:18/25 iteration:5/49 batch loss is :0.8980
2025-04-23 00:06:24 - INFO - the acc is :0.75
2025-04-23 00:06:36 - INFO - epoch:18/25 iteration:10/49 batch loss is :0.6923
2025-04-23 00:06:36 - INFO - the acc is :0.8125
2025-04-23 00:07:25 - INFO - epoch:18/25 iteration:15/49 batch loss is :0.6921
2025-04-23 00:07:25 - INFO - the acc is :0.5
2025-04-23 00:07:36 - INFO - epoch:18/25 iteration:20/49 batch loss is :0.8731
2025-04-23 00:07:36 - INFO - the acc is :0.6875
2025-04-23 00:08:26 - INFO - epoch:18/25 iteration:25/49 batch loss is :0.5446
2025-04-23 00:08:26 - INFO - the acc is :0.875
2025-04-23 00:08:37 - INFO - epoch:18/25 iteration:30/49 batch loss is :0.7005
2025-04-23 00:08:37 - INFO - the acc is :0.6875
2025-04-23 00:08:47 - INFO - epoch:18/25 iteration:35/49 batch loss is :0.4707
2025-04-23 00:08:47 - INFO - the acc is :0.875
2025-04-23 00:09:35 - INFO - epoch:18/25 iteration:40/49 batch loss is :0.8441
2025-04-23 00:09:35 - INFO - the acc is :0.625
2025-04-23 00:09:44 - INFO - epoch:18/25 iteration:45/49 batch loss is :0.7872
2025-04-23 00:09:44 - INFO - the acc is :0.6875
2025-04-23 00:09:51 - INFO - Epoch:18/25 Loss is :0.7734
2025-04-23 00:11:59 - INFO - epoch:19/25 iteration:0/49 batch loss is :0.9597
2025-04-23 00:11:59 - INFO - the acc is :0.625
2025-04-23 00:12:11 - INFO - epoch:19/25 iteration:5/49 batch loss is :0.7674
2025-04-23 00:12:11 - INFO - the acc is :0.75
2025-04-23 00:12:24 - INFO - epoch:19/25 iteration:10/49 batch loss is :0.6424
2025-04-23 00:12:24 - INFO - the acc is :0.75
2025-04-23 00:12:55 - INFO - epoch:19/25 iteration:15/49 batch loss is :0.5703
2025-04-23 00:12:55 - INFO - the acc is :0.75
2025-04-23 00:13:07 - INFO - epoch:19/25 iteration:20/49 batch loss is :0.8590
2025-04-23 00:13:07 - INFO - the acc is :0.625
2025-04-23 00:13:37 - INFO - epoch:19/25 iteration:25/49 batch loss is :0.7863
2025-04-23 00:13:37 - INFO - the acc is :0.75
2025-04-23 00:13:50 - INFO - epoch:19/25 iteration:30/49 batch loss is :0.7571
2025-04-23 00:13:50 - INFO - the acc is :0.625
2025-04-23 00:14:02 - INFO - epoch:19/25 iteration:35/49 batch loss is :1.0125
2025-04-23 00:14:02 - INFO - the acc is :0.8125
2025-04-23 00:14:28 - INFO - epoch:19/25 iteration:40/49 batch loss is :0.8776
2025-04-23 00:14:28 - INFO - the acc is :0.75
2025-04-23 00:14:36 - INFO - epoch:19/25 iteration:45/49 batch loss is :0.7695
2025-04-23 00:14:36 - INFO - the acc is :0.6875
2025-04-23 00:14:43 - INFO - Epoch:19/25 Loss is :0.7927
2025-04-23 00:16:49 - INFO - epoch:20/25 iteration:0/49 batch loss is :0.5436
2025-04-23 00:16:49 - INFO - the acc is :0.625
2025-04-23 00:17:00 - INFO - epoch:20/25 iteration:5/49 batch loss is :0.8433
2025-04-23 00:17:00 - INFO - the acc is :0.625
2025-04-23 00:17:13 - INFO - epoch:20/25 iteration:10/49 batch loss is :0.9302
2025-04-23 00:17:13 - INFO - the acc is :0.625
2025-04-23 00:17:42 - INFO - epoch:20/25 iteration:15/49 batch loss is :0.8207
2025-04-23 00:17:42 - INFO - the acc is :0.6875
2025-04-23 00:17:54 - INFO - epoch:20/25 iteration:20/49 batch loss is :0.8509
2025-04-23 00:17:54 - INFO - the acc is :0.75
2025-04-23 00:18:26 - INFO - epoch:20/25 iteration:25/49 batch loss is :0.8893
2025-04-23 00:18:26 - INFO - the acc is :0.625
2025-04-23 00:18:40 - INFO - epoch:20/25 iteration:30/49 batch loss is :0.9496
2025-04-23 00:18:40 - INFO - the acc is :0.6875
2025-04-23 00:18:54 - INFO - epoch:20/25 iteration:35/49 batch loss is :0.7125
2025-04-23 00:18:54 - INFO - the acc is :0.8125
2025-04-23 00:19:13 - INFO - epoch:20/25 iteration:40/49 batch loss is :0.9252
2025-04-23 00:19:13 - INFO - the acc is :0.625
2025-04-23 00:19:22 - INFO - epoch:20/25 iteration:45/49 batch loss is :0.7013
2025-04-23 00:19:22 - INFO - the acc is :0.6875
2025-04-23 00:19:28 - INFO - Epoch:20/25 Loss is :0.7901
2025-04-23 00:22:13 - INFO - val accuarcy is : 0.0415
2025-04-23 00:22:13 - INFO - VAL loss :4.5581
2025-04-23 00:24:36 - INFO - epoch:21/25 iteration:0/49 batch loss is :0.6976
2025-04-23 00:24:36 - INFO - the acc is :0.6875
2025-04-23 00:24:46 - INFO - epoch:21/25 iteration:5/49 batch loss is :0.6338
2025-04-23 00:24:46 - INFO - the acc is :0.8125
2025-04-23 00:24:57 - INFO - epoch:21/25 iteration:10/49 batch loss is :1.0151
2025-04-23 00:24:57 - INFO - the acc is :0.625
2025-04-23 00:25:48 - INFO - epoch:21/25 iteration:15/49 batch loss is :1.1129
2025-04-23 00:25:48 - INFO - the acc is :0.5625
2025-04-23 00:25:59 - INFO - epoch:21/25 iteration:20/49 batch loss is :0.9615
2025-04-23 00:25:59 - INFO - the acc is :0.625
2025-04-23 00:26:48 - INFO - epoch:21/25 iteration:25/49 batch loss is :0.8053
2025-04-23 00:26:48 - INFO - the acc is :0.625
2025-04-23 00:26:59 - INFO - epoch:21/25 iteration:30/49 batch loss is :0.6016
2025-04-23 00:26:59 - INFO - the acc is :0.6875
2025-04-23 00:27:09 - INFO - epoch:21/25 iteration:35/49 batch loss is :0.7260
2025-04-23 00:27:09 - INFO - the acc is :0.625
2025-04-23 00:27:58 - INFO - epoch:21/25 iteration:40/49 batch loss is :0.6908
2025-04-23 00:27:58 - INFO - the acc is :0.75
2025-04-23 00:28:07 - INFO - epoch:21/25 iteration:45/49 batch loss is :0.9298
2025-04-23 00:28:07 - INFO - the acc is :0.6875
2025-04-23 00:28:14 - INFO - Epoch:21/25 Loss is :0.8044
2025-04-23 00:30:21 - INFO - epoch:22/25 iteration:0/49 batch loss is :0.8213
2025-04-23 00:30:21 - INFO - the acc is :0.75
2025-04-23 00:30:31 - INFO - epoch:22/25 iteration:5/49 batch loss is :0.6268
2025-04-23 00:30:31 - INFO - the acc is :0.8125
2025-04-23 00:30:43 - INFO - epoch:22/25 iteration:10/49 batch loss is :0.6883
2025-04-23 00:30:43 - INFO - the acc is :0.625
2025-04-23 00:31:17 - INFO - epoch:22/25 iteration:15/49 batch loss is :0.5190
2025-04-23 00:31:17 - INFO - the acc is :0.875
2025-04-23 00:31:30 - INFO - epoch:22/25 iteration:20/49 batch loss is :0.7079
2025-04-23 00:31:30 - INFO - the acc is :0.5
2025-04-23 00:31:58 - INFO - epoch:22/25 iteration:25/49 batch loss is :0.6864
2025-04-23 00:31:58 - INFO - the acc is :0.6875
2025-04-23 00:32:11 - INFO - epoch:22/25 iteration:30/49 batch loss is :0.7950
2025-04-23 00:32:11 - INFO - the acc is :0.625
2025-04-23 00:32:23 - INFO - epoch:22/25 iteration:35/49 batch loss is :0.9298
2025-04-23 00:32:23 - INFO - the acc is :0.6875
2025-04-23 00:32:49 - INFO - epoch:22/25 iteration:40/49 batch loss is :0.8275
2025-04-23 00:32:49 - INFO - the acc is :0.625
2025-04-23 00:32:58 - INFO - epoch:22/25 iteration:45/49 batch loss is :0.6989
2025-04-23 00:32:58 - INFO - the acc is :0.6875
2025-04-23 00:33:05 - INFO - Epoch:22/25 Loss is :0.7922
2025-04-23 00:35:11 - INFO - epoch:23/25 iteration:0/49 batch loss is :0.7716
2025-04-23 00:35:11 - INFO - the acc is :0.6875
2025-04-23 00:35:21 - INFO - epoch:23/25 iteration:5/49 batch loss is :0.7863
2025-04-23 00:35:21 - INFO - the acc is :0.6875
2025-04-23 00:35:32 - INFO - epoch:23/25 iteration:10/49 batch loss is :0.6272
2025-04-23 00:35:32 - INFO - the acc is :0.6875
2025-04-23 00:36:24 - INFO - epoch:23/25 iteration:15/49 batch loss is :0.6352
2025-04-23 00:36:24 - INFO - the acc is :0.875
2025-04-23 00:36:34 - INFO - epoch:23/25 iteration:20/49 batch loss is :0.7047
2025-04-23 00:36:34 - INFO - the acc is :0.75
2025-04-23 00:37:25 - INFO - epoch:23/25 iteration:25/49 batch loss is :0.8796
2025-04-23 00:37:25 - INFO - the acc is :0.75
2025-04-23 00:37:36 - INFO - epoch:23/25 iteration:30/49 batch loss is :0.6637
2025-04-23 00:37:36 - INFO - the acc is :0.875
2025-04-23 00:37:46 - INFO - epoch:23/25 iteration:35/49 batch loss is :0.7696
2025-04-23 00:37:46 - INFO - the acc is :0.8125
2025-04-23 00:38:33 - INFO - epoch:23/25 iteration:40/49 batch loss is :0.8111
2025-04-23 00:38:33 - INFO - the acc is :0.625
2025-04-23 00:40:03 - INFO - epoch:23/25 iteration:45/49 batch loss is :0.5041
2025-04-23 00:40:03 - INFO - the acc is :1.0
2025-04-23 00:40:10 - INFO - Epoch:23/25 Loss is :0.8060
2025-04-23 00:42:33 - INFO - epoch:24/25 iteration:0/49 batch loss is :1.0105
2025-04-23 00:42:33 - INFO - the acc is :0.75
2025-04-23 00:42:44 - INFO - epoch:24/25 iteration:5/49 batch loss is :1.2342
2025-04-23 00:42:44 - INFO - the acc is :0.5
2025-04-23 00:42:55 - INFO - epoch:24/25 iteration:10/49 batch loss is :0.5130
2025-04-23 00:42:55 - INFO - the acc is :0.875
2025-04-23 00:43:43 - INFO - epoch:24/25 iteration:15/49 batch loss is :0.7809
2025-04-23 00:43:43 - INFO - the acc is :0.6875
2025-04-23 00:43:54 - INFO - epoch:24/25 iteration:20/49 batch loss is :0.9208
2025-04-23 00:43:54 - INFO - the acc is :0.6875
2025-04-23 00:44:15 - INFO - epoch:24/25 iteration:25/49 batch loss is :0.6696
2025-04-23 00:44:15 - INFO - the acc is :0.8125
2025-04-23 00:44:41 - INFO - epoch:24/25 iteration:30/49 batch loss is :0.6599
2025-04-23 00:44:41 - INFO - the acc is :0.8125
2025-04-23 00:44:52 - INFO - epoch:24/25 iteration:35/49 batch loss is :0.7685
2025-04-23 00:44:52 - INFO - the acc is :0.6875
2025-04-23 00:45:17 - INFO - epoch:24/25 iteration:40/49 batch loss is :0.9986
2025-04-23 00:45:17 - INFO - the acc is :0.5625
2025-04-23 00:45:26 - INFO - epoch:24/25 iteration:45/49 batch loss is :0.6080
2025-04-23 00:45:26 - INFO - the acc is :0.8125
2025-04-23 00:45:32 - INFO - Epoch:24/25 Loss is :0.8198
2025-04-23 00:48:03 - INFO - val accuarcy is : 0.0519
2025-04-23 00:48:03 - INFO - VAL loss :4.3817
2025-04-23 00:48:04 - INFO - training complete!!!
