2025-05-17 16:28:04 - INFO - ------------------------------------------------------------------------------------------------
2025-05-17 16:28:04 - INFO - starting new training !!!!
2025-05-17 16:28:04 - INFO - ------------------------------------------------------------------------------------------------
2025-05-17 16:28:04 - INFO - Namespace(batch=16, class_dict={'early': 0, 'inter': 1, 'ga': 2, 'wet': 3, 'scar': 4, 'notAMD': 5}, device=device(type='cuda'), epoch=45, excel_path='d:\\cleaning_GUI_annotated_data\\tab_data_annotated_pats.xlsx', gamma=0.1, json='jsons/train_test_val_split.json', log_dir='logs/Resnet', lr=0.0001, model_ch=[64, 128, 256, 512], model_path=None, num_classes=6, save_dir='model_parameter_Resnet', save_freq=5, step_size=10, weight_matrix=tensor([0.2500, 0.2500, 0.1250, 0.1670, 0.1430, 1.0000]))
2025-05-17 16:28:04 - INFO - parameters are being saved at :model_parameter_Resnet\88
2025-05-17 16:28:04 - INFO - found 4 gpus!
2025-05-17 16:28:04 - INFO - DataParallel(
  (module): Resnet18_3D(
    (conv1): Sequential(
      (0): Conv3d(1, 64, kernel_size=(7, 7, 7), stride=(2, 2, 2), padding=(3, 3, 3))
      (1): BatchNorm3d(64, eps=1e-05, momentum=0.1, affine=True, track_running_stats=True)
      (2): ReLU()
    )
    (maxpool): MaxPool3d(kernel_size=3, stride=2, padding=1, dilation=1, ceil_mode=False)
    (conv2): BasicConvBlock(
      (layers): Sequential(
        (0): Sequential(
          (0): Conv3d(64, 64, kernel_size=(3, 3, 3), stride=(1, 1, 1), padding=(1, 1, 1))
          (1): BatchNorm3d(64, eps=1e-05, momentum=0.1, affine=True, track_running_stats=True)
          (2): ReLU()
        )
        (1): Sequential(
          (0): Conv3d(64, 64, kernel_size=(3, 3, 3), stride=(1, 1, 1), padding=(1, 1, 1))
          (1): BatchNorm3d(64, eps=1e-05, momentum=0.1, affine=True, track_running_stats=True)
          (2): ReLU()
        )
        (2): Sequential(
          (0): Conv3d(64, 64, kernel_size=(3, 3, 3), stride=(1, 1, 1), padding=(1, 1, 1))
          (1): BatchNorm3d(64, eps=1e-05, momentum=0.1, affine=True, track_running_stats=True)
          (2): ReLU()
        )
        (3): Sequential(
          (0): Conv3d(64, 64, kernel_size=(3, 3, 3), stride=(1, 1, 1), padding=(1, 1, 1))
          (1): BatchNorm3d(64, eps=1e-05, momentum=0.1, affine=True, track_running_stats=True)
          (2): ReLU()
        )
      )
    )
    (conv3): BasicConvBlock(
      (conv1x1): Conv3d(64, 128, kernel_size=(1, 1, 1), stride=(2, 2, 2))
      (layers): Sequential(
        (0): Sequential(
          (0): Conv3d(64, 128, kernel_size=(3, 3, 3), stride=(2, 2, 2), padding=(1, 1, 1))
          (1): BatchNorm3d(128, eps=1e-05, momentum=0.1, affine=True, track_running_stats=True)
          (2): ReLU()
        )
        (1): Sequential(
          (0): Conv3d(128, 128, kernel_size=(3, 3, 3), stride=(1, 1, 1), padding=(1, 1, 1))
          (1): BatchNorm3d(128, eps=1e-05, momentum=0.1, affine=True, track_running_stats=True)
          (2): ReLU()
        )
        (2): Sequential(
          (0): Conv3d(128, 128, kernel_size=(3, 3, 3), stride=(1, 1, 1), padding=(1, 1, 1))
          (1): BatchNorm3d(128, eps=1e-05, momentum=0.1, affine=True, track_running_stats=True)
          (2): ReLU()
        )
        (3): Sequential(
          (0): Conv3d(128, 128, kernel_size=(3, 3, 3), stride=(1, 1, 1), padding=(1, 1, 1))
          (1): BatchNorm3d(128, eps=1e-05, momentum=0.1, affine=True, track_running_stats=True)
          (2): ReLU()
        )
      )
    )
    (conv4): BasicConvBlock(
      (conv1x1): Conv3d(128, 256, kernel_size=(1, 1, 1), stride=(2, 2, 2))
      (layers): Sequential(
        (0): Sequential(
          (0): Conv3d(128, 256, kernel_size=(3, 3, 3), stride=(2, 2, 2), padding=(1, 1, 1))
          (1): BatchNorm3d(256, eps=1e-05, momentum=0.1, affine=True, track_running_stats=True)
          (2): ReLU()
        )
        (1): Sequential(
          (0): Conv3d(256, 256, kernel_size=(3, 3, 3), stride=(1, 1, 1), padding=(1, 1, 1))
          (1): BatchNorm3d(256, eps=1e-05, momentum=0.1, affine=True, track_running_stats=True)
          (2): ReLU()
        )
        (2): Sequential(
          (0): Conv3d(256, 256, kernel_size=(3, 3, 3), stride=(1, 1, 1), padding=(1, 1, 1))
          (1): BatchNorm3d(256, eps=1e-05, momentum=0.1, affine=True, track_running_stats=True)
          (2): ReLU()
        )
        (3): Sequential(
          (0): Conv3d(256, 256, kernel_size=(3, 3, 3), stride=(1, 1, 1), padding=(1, 1, 1))
          (1): BatchNorm3d(256, eps=1e-05, momentum=0.1, affine=True, track_running_stats=True)
          (2): ReLU()
        )
      )
    )
    (conv5): BasicConvBlock(
      (conv1x1): Conv3d(256, 512, kernel_size=(1, 1, 1), stride=(2, 2, 2))
      (layers): Sequential(
        (0): Sequential(
          (0): Conv3d(256, 512, kernel_size=(3, 3, 3), stride=(2, 2, 2), padding=(1, 1, 1))
          (1): BatchNorm3d(512, eps=1e-05, momentum=0.1, affine=True, track_running_stats=True)
          (2): ReLU()
        )
        (1): Sequential(
          (0): Conv3d(512, 512, kernel_size=(3, 3, 3), stride=(1, 1, 1), padding=(1, 1, 1))
          (1): BatchNorm3d(512, eps=1e-05, momentum=0.1, affine=True, track_running_stats=True)
          (2): ReLU()
        )
        (2): Sequential(
          (0): Conv3d(512, 512, kernel_size=(3, 3, 3), stride=(1, 1, 1), padding=(1, 1, 1))
          (1): BatchNorm3d(512, eps=1e-05, momentum=0.1, affine=True, track_running_stats=True)
          (2): ReLU()
        )
        (3): Sequential(
          (0): Conv3d(512, 512, kernel_size=(3, 3, 3), stride=(1, 1, 1), padding=(1, 1, 1))
          (1): BatchNorm3d(512, eps=1e-05, momentum=0.1, affine=True, track_running_stats=True)
          (2): ReLU()
        )
      )
    )
    (avgPool): AdaptiveAvgPool3d(output_size=1)
    (linear): Linear(in_features=512, out_features=6, bias=True)
  )
)
2025-05-17 16:28:05 - INFO - fold number:0
2025-05-17 16:30:49 - INFO - epoch:0/45 iteration:0/38 batch loss is :1.7897
2025-05-17 16:30:49 - INFO - the acc is :0.125
2025-05-17 16:30:57 - INFO - epoch:0/45 iteration:5/38 batch loss is :1.8151
2025-05-17 16:30:57 - INFO - the acc is :0.1875
2025-05-17 16:31:05 - INFO - epoch:0/45 iteration:10/38 batch loss is :1.6471
2025-05-17 16:31:05 - INFO - the acc is :0.375
2025-05-17 16:31:13 - INFO - epoch:0/45 iteration:15/38 batch loss is :1.7368
2025-05-17 16:31:13 - INFO - the acc is :0.25
2025-05-17 16:31:42 - INFO - epoch:0/45 iteration:20/38 batch loss is :1.5654
2025-05-17 16:31:42 - INFO - the acc is :0.3125
2025-05-17 16:31:48 - INFO - epoch:0/45 iteration:25/38 batch loss is :2.0470
2025-05-17 16:31:48 - INFO - the acc is :0.3125
2025-05-17 16:31:55 - INFO - epoch:0/45 iteration:30/38 batch loss is :1.6228
2025-05-17 16:31:55 - INFO - the acc is :0.375
2025-05-17 16:32:14 - INFO - epoch:0/45 iteration:35/38 batch loss is :1.5994
2025-05-17 16:32:14 - INFO - the acc is :0.4375
2025-05-17 16:32:18 - INFO - Epoch:0/45 Loss is :1.6761
2025-05-17 16:34:45 - INFO - val accuarcy is : 0.2454
2025-05-17 16:34:45 - INFO - VAL loss :1.9490
2025-05-17 16:37:43 - INFO - epoch:1/45 iteration:0/38 batch loss is :1.5696
2025-05-17 16:37:43 - INFO - the acc is :0.4375
2025-05-17 16:37:50 - INFO - epoch:1/45 iteration:5/38 batch loss is :1.6188
2025-05-17 16:37:50 - INFO - the acc is :0.3125
2025-05-17 16:37:58 - INFO - epoch:1/45 iteration:10/38 batch loss is :1.4080
2025-05-17 16:37:58 - INFO - the acc is :0.1875
2025-05-17 16:38:05 - INFO - epoch:1/45 iteration:15/38 batch loss is :1.1247
2025-05-17 16:38:05 - INFO - the acc is :0.4375
2025-05-17 16:38:47 - INFO - epoch:1/45 iteration:20/38 batch loss is :1.1460
2025-05-17 16:38:47 - INFO - the acc is :0.6875
2025-05-17 16:38:53 - INFO - epoch:1/45 iteration:25/38 batch loss is :1.3707
2025-05-17 16:38:53 - INFO - the acc is :0.5
2025-05-17 16:38:59 - INFO - epoch:1/45 iteration:30/38 batch loss is :1.2524
2025-05-17 16:38:59 - INFO - the acc is :0.4375
2025-05-17 16:39:22 - INFO - epoch:1/45 iteration:35/38 batch loss is :1.2482
2025-05-17 16:39:22 - INFO - the acc is :0.625
2025-05-17 16:39:26 - INFO - Epoch:1/45 Loss is :1.4363
2025-05-17 16:41:49 - INFO - epoch:2/45 iteration:0/38 batch loss is :1.4117
2025-05-17 16:41:49 - INFO - the acc is :0.375
2025-05-17 16:42:02 - INFO - epoch:2/45 iteration:5/38 batch loss is :1.1384
2025-05-17 16:42:02 - INFO - the acc is :0.5
2025-05-17 16:42:15 - INFO - epoch:2/45 iteration:10/38 batch loss is :1.1727
2025-05-17 16:42:15 - INFO - the acc is :0.3125
2025-05-17 16:42:28 - INFO - epoch:2/45 iteration:15/38 batch loss is :1.5490
2025-05-17 16:42:28 - INFO - the acc is :0.4375
2025-05-17 16:42:35 - INFO - epoch:2/45 iteration:20/38 batch loss is :1.2001
2025-05-17 16:42:35 - INFO - the acc is :0.375
2025-05-17 16:42:42 - INFO - epoch:2/45 iteration:25/38 batch loss is :1.1963
2025-05-17 16:42:42 - INFO - the acc is :0.625
2025-05-17 16:42:48 - INFO - epoch:2/45 iteration:30/38 batch loss is :1.3908
2025-05-17 16:42:48 - INFO - the acc is :0.25
2025-05-17 16:42:54 - INFO - epoch:2/45 iteration:35/38 batch loss is :1.2809
2025-05-17 16:42:54 - INFO - the acc is :0.25
2025-05-17 16:42:58 - INFO - Epoch:2/45 Loss is :1.3738
2025-05-17 16:45:21 - INFO - epoch:3/45 iteration:0/38 batch loss is :1.1918
2025-05-17 16:45:21 - INFO - the acc is :0.375
2025-05-17 16:45:34 - INFO - epoch:3/45 iteration:5/38 batch loss is :1.5920
2025-05-17 16:45:34 - INFO - the acc is :0.4375
2025-05-17 16:45:45 - INFO - epoch:3/45 iteration:10/38 batch loss is :1.0085
2025-05-17 16:45:45 - INFO - the acc is :0.5625
2025-05-17 16:45:57 - INFO - epoch:3/45 iteration:15/38 batch loss is :1.1215
2025-05-17 16:45:57 - INFO - the acc is :0.4375
2025-05-17 16:46:07 - INFO - epoch:3/45 iteration:20/38 batch loss is :0.9321
2025-05-17 16:46:07 - INFO - the acc is :0.625
2025-05-17 16:46:13 - INFO - epoch:3/45 iteration:25/38 batch loss is :1.4361
2025-05-17 16:46:13 - INFO - the acc is :0.25
2025-05-17 16:46:20 - INFO - epoch:3/45 iteration:30/38 batch loss is :1.8549
2025-05-17 16:46:20 - INFO - the acc is :0.0625
2025-05-17 16:46:25 - INFO - epoch:3/45 iteration:35/38 batch loss is :1.5632
2025-05-17 16:46:25 - INFO - the acc is :0.3125
2025-05-17 16:46:29 - INFO - Epoch:3/45 Loss is :1.2870
2025-05-17 16:48:53 - INFO - epoch:4/45 iteration:0/38 batch loss is :1.3449
2025-05-17 16:48:53 - INFO - the acc is :0.5625
2025-05-17 16:49:06 - INFO - epoch:4/45 iteration:5/38 batch loss is :0.8813
2025-05-17 16:49:06 - INFO - the acc is :0.6875
2025-05-17 16:49:20 - INFO - epoch:4/45 iteration:10/38 batch loss is :1.2259
2025-05-17 16:49:20 - INFO - the acc is :0.625
2025-05-17 16:49:30 - INFO - epoch:4/45 iteration:15/38 batch loss is :1.4848
2025-05-17 16:49:30 - INFO - the acc is :0.5625
2025-05-17 16:49:37 - INFO - epoch:4/45 iteration:20/38 batch loss is :1.2904
2025-05-17 16:49:37 - INFO - the acc is :0.5
2025-05-17 16:49:43 - INFO - epoch:4/45 iteration:25/38 batch loss is :1.0777
2025-05-17 16:49:43 - INFO - the acc is :0.5
2025-05-17 16:49:50 - INFO - epoch:4/45 iteration:30/38 batch loss is :1.3693
2025-05-17 16:49:50 - INFO - the acc is :0.5
2025-05-17 16:49:55 - INFO - epoch:4/45 iteration:35/38 batch loss is :1.3100
2025-05-17 16:49:55 - INFO - the acc is :0.4375
2025-05-17 16:50:00 - INFO - Epoch:4/45 Loss is :1.1533
2025-05-17 16:52:47 - INFO - epoch:5/45 iteration:0/38 batch loss is :1.0817
2025-05-17 16:52:47 - INFO - the acc is :0.5625
2025-05-17 16:52:54 - INFO - epoch:5/45 iteration:5/38 batch loss is :1.0844
2025-05-17 16:52:54 - INFO - the acc is :0.625
2025-05-17 16:53:01 - INFO - epoch:5/45 iteration:10/38 batch loss is :1.3506
2025-05-17 16:53:01 - INFO - the acc is :0.375
2025-05-17 16:53:09 - INFO - epoch:5/45 iteration:15/38 batch loss is :0.6451
2025-05-17 16:53:09 - INFO - the acc is :0.75
2025-05-17 16:53:52 - INFO - epoch:5/45 iteration:20/38 batch loss is :1.2406
2025-05-17 16:53:52 - INFO - the acc is :0.4375
2025-05-17 16:53:58 - INFO - epoch:5/45 iteration:25/38 batch loss is :1.3225
2025-05-17 16:53:58 - INFO - the acc is :0.375
2025-05-17 16:54:05 - INFO - epoch:5/45 iteration:30/38 batch loss is :1.1986
2025-05-17 16:54:05 - INFO - the acc is :0.5625
2025-05-17 16:54:27 - INFO - epoch:5/45 iteration:35/38 batch loss is :1.3412
2025-05-17 16:54:27 - INFO - the acc is :0.5
2025-05-17 16:54:31 - INFO - Epoch:5/45 Loss is :1.0531
2025-05-17 16:57:07 - INFO - val accuarcy is : 0.0265
2025-05-17 16:57:07 - INFO - VAL loss :9.0784
2025-05-17 16:59:37 - INFO - epoch:6/45 iteration:0/38 batch loss is :1.1098
2025-05-17 16:59:37 - INFO - the acc is :0.5
2025-05-17 16:59:49 - INFO - epoch:6/45 iteration:5/38 batch loss is :1.0995
2025-05-17 16:59:49 - INFO - the acc is :0.5625
2025-05-17 17:00:03 - INFO - epoch:6/45 iteration:10/38 batch loss is :0.8198
2025-05-17 17:00:03 - INFO - the acc is :0.8125
2025-05-17 17:00:15 - INFO - epoch:6/45 iteration:15/38 batch loss is :0.7541
2025-05-17 17:00:15 - INFO - the acc is :0.75
2025-05-17 17:00:22 - INFO - epoch:6/45 iteration:20/38 batch loss is :0.4192
2025-05-17 17:00:22 - INFO - the acc is :0.8125
2025-05-17 17:00:29 - INFO - epoch:6/45 iteration:25/38 batch loss is :0.7891
2025-05-17 17:00:29 - INFO - the acc is :0.6875
2025-05-17 17:00:36 - INFO - epoch:6/45 iteration:30/38 batch loss is :1.1834
2025-05-17 17:00:36 - INFO - the acc is :0.5625
2025-05-17 17:00:41 - INFO - epoch:6/45 iteration:35/38 batch loss is :1.0249
2025-05-17 17:00:41 - INFO - the acc is :0.5
2025-05-17 17:00:46 - INFO - Epoch:6/45 Loss is :0.9290
2025-05-17 17:03:07 - INFO - epoch:7/45 iteration:0/38 batch loss is :0.8150
2025-05-17 17:03:07 - INFO - the acc is :0.75
2025-05-17 17:03:20 - INFO - epoch:7/45 iteration:5/38 batch loss is :1.1862
2025-05-17 17:03:20 - INFO - the acc is :0.4375
2025-05-17 17:03:32 - INFO - epoch:7/45 iteration:10/38 batch loss is :1.0983
2025-05-17 17:03:32 - INFO - the acc is :0.625
2025-05-17 17:03:42 - INFO - epoch:7/45 iteration:15/38 batch loss is :1.2935
2025-05-17 17:03:42 - INFO - the acc is :0.5625
2025-05-17 17:03:53 - INFO - epoch:7/45 iteration:20/38 batch loss is :0.9335
2025-05-17 17:03:53 - INFO - the acc is :0.625
2025-05-17 17:04:00 - INFO - epoch:7/45 iteration:25/38 batch loss is :0.7033
2025-05-17 17:04:00 - INFO - the acc is :0.6875
2025-05-17 17:04:06 - INFO - epoch:7/45 iteration:30/38 batch loss is :0.8470
2025-05-17 17:04:06 - INFO - the acc is :0.625
2025-05-17 17:04:12 - INFO - epoch:7/45 iteration:35/38 batch loss is :1.2631
2025-05-17 17:04:12 - INFO - the acc is :0.4375
2025-05-17 17:04:16 - INFO - Epoch:7/45 Loss is :0.9514
2025-05-17 17:06:38 - INFO - epoch:8/45 iteration:0/38 batch loss is :0.6120
2025-05-17 17:06:38 - INFO - the acc is :0.6875
2025-05-17 17:06:48 - INFO - epoch:8/45 iteration:5/38 batch loss is :1.2164
2025-05-17 17:06:48 - INFO - the acc is :0.75
2025-05-17 17:06:56 - INFO - epoch:8/45 iteration:10/38 batch loss is :0.8515
2025-05-17 17:06:56 - INFO - the acc is :0.5625
2025-05-17 17:07:03 - INFO - epoch:8/45 iteration:15/38 batch loss is :0.5788
2025-05-17 17:07:03 - INFO - the acc is :0.8125
2025-05-17 17:07:41 - INFO - epoch:8/45 iteration:20/38 batch loss is :0.9550
2025-05-17 17:07:41 - INFO - the acc is :0.5625
2025-05-17 17:07:47 - INFO - epoch:8/45 iteration:25/38 batch loss is :0.5187
2025-05-17 17:07:47 - INFO - the acc is :0.8125
2025-05-17 17:07:54 - INFO - epoch:8/45 iteration:30/38 batch loss is :0.8445
2025-05-17 17:07:54 - INFO - the acc is :0.75
2025-05-17 17:08:16 - INFO - epoch:8/45 iteration:35/38 batch loss is :0.5065
2025-05-17 17:08:16 - INFO - the acc is :0.75
2025-05-17 17:08:20 - INFO - Epoch:8/45 Loss is :0.8298
2025-05-17 17:11:11 - INFO - epoch:9/45 iteration:0/38 batch loss is :0.5475
2025-05-17 17:11:11 - INFO - the acc is :0.75
2025-05-17 17:11:19 - INFO - epoch:9/45 iteration:5/38 batch loss is :0.3804
2025-05-17 17:11:19 - INFO - the acc is :0.9375
2025-05-17 17:11:27 - INFO - epoch:9/45 iteration:10/38 batch loss is :0.6032
2025-05-17 17:11:27 - INFO - the acc is :0.625
2025-05-17 17:11:35 - INFO - epoch:9/45 iteration:15/38 batch loss is :0.7607
2025-05-17 17:11:35 - INFO - the acc is :0.6875
2025-05-17 17:12:01 - INFO - epoch:9/45 iteration:20/38 batch loss is :1.0330
2025-05-17 17:12:01 - INFO - the acc is :0.75
2025-05-17 17:12:08 - INFO - epoch:9/45 iteration:25/38 batch loss is :1.0882
2025-05-17 17:12:08 - INFO - the acc is :0.5625
2025-05-17 17:12:14 - INFO - epoch:9/45 iteration:30/38 batch loss is :1.0963
2025-05-17 17:12:14 - INFO - the acc is :0.5625
2025-05-17 17:12:29 - INFO - epoch:9/45 iteration:35/38 batch loss is :1.2981
2025-05-17 17:12:29 - INFO - the acc is :0.625
2025-05-17 17:12:33 - INFO - Epoch:9/45 Loss is :0.7951
2025-05-17 17:14:55 - INFO - epoch:10/45 iteration:0/38 batch loss is :0.4041
2025-05-17 17:14:55 - INFO - the acc is :0.6875
2025-05-17 17:15:06 - INFO - epoch:10/45 iteration:5/38 batch loss is :0.5298
2025-05-17 17:15:06 - INFO - the acc is :0.8125
2025-05-17 17:15:19 - INFO - epoch:10/45 iteration:10/38 batch loss is :0.7442
2025-05-17 17:15:19 - INFO - the acc is :0.75
2025-05-17 17:15:32 - INFO - epoch:10/45 iteration:15/38 batch loss is :0.3286
2025-05-17 17:15:32 - INFO - the acc is :0.8125
2025-05-17 17:15:39 - INFO - epoch:10/45 iteration:20/38 batch loss is :0.3911
2025-05-17 17:15:39 - INFO - the acc is :0.8125
2025-05-17 17:15:46 - INFO - epoch:10/45 iteration:25/38 batch loss is :0.7370
2025-05-17 17:15:46 - INFO - the acc is :0.8125
2025-05-17 17:15:52 - INFO - epoch:10/45 iteration:30/38 batch loss is :0.2699
2025-05-17 17:15:52 - INFO - the acc is :0.875
2025-05-17 17:15:58 - INFO - epoch:10/45 iteration:35/38 batch loss is :0.5074
2025-05-17 17:15:58 - INFO - the acc is :0.9375
2025-05-17 17:16:02 - INFO - Epoch:10/45 Loss is :0.6167
2025-05-17 17:18:34 - INFO - val accuarcy is : 0.4178
2025-05-17 17:18:34 - INFO - VAL loss :2.4214
2025-05-17 17:21:07 - INFO - epoch:11/45 iteration:0/38 batch loss is :0.6029
2025-05-17 17:21:07 - INFO - the acc is :0.8125
2025-05-17 17:21:20 - INFO - epoch:11/45 iteration:5/38 batch loss is :0.4033
2025-05-17 17:21:20 - INFO - the acc is :0.9375
2025-05-17 17:21:32 - INFO - epoch:11/45 iteration:10/38 batch loss is :0.4055
2025-05-17 17:21:32 - INFO - the acc is :0.75
2025-05-17 17:21:43 - INFO - epoch:11/45 iteration:15/38 batch loss is :0.3946
2025-05-17 17:21:43 - INFO - the acc is :0.9375
2025-05-17 17:21:51 - INFO - epoch:11/45 iteration:20/38 batch loss is :0.4887
2025-05-17 17:21:51 - INFO - the acc is :0.75
2025-05-17 17:21:57 - INFO - epoch:11/45 iteration:25/38 batch loss is :0.3089
2025-05-17 17:21:57 - INFO - the acc is :0.875
2025-05-17 17:22:04 - INFO - epoch:11/45 iteration:30/38 batch loss is :0.7155
2025-05-17 17:22:04 - INFO - the acc is :0.75
2025-05-17 17:22:24 - INFO - epoch:11/45 iteration:35/38 batch loss is :0.8559
2025-05-17 17:22:24 - INFO - the acc is :0.75
2025-05-17 17:22:28 - INFO - Epoch:11/45 Loss is :0.5027
2025-05-17 17:25:15 - INFO - epoch:12/45 iteration:0/38 batch loss is :0.2174
2025-05-17 17:25:15 - INFO - the acc is :0.9375
2025-05-17 17:25:23 - INFO - epoch:12/45 iteration:5/38 batch loss is :0.2442
2025-05-17 17:25:23 - INFO - the acc is :0.9375
2025-05-17 17:25:30 - INFO - epoch:12/45 iteration:10/38 batch loss is :0.5068
2025-05-17 17:25:30 - INFO - the acc is :0.875
2025-05-17 17:25:38 - INFO - epoch:12/45 iteration:15/38 batch loss is :0.4203
2025-05-17 17:25:38 - INFO - the acc is :0.8125
2025-05-17 17:26:16 - INFO - epoch:12/45 iteration:20/38 batch loss is :0.4233
2025-05-17 17:26:16 - INFO - the acc is :0.8125
2025-05-17 17:26:22 - INFO - epoch:12/45 iteration:25/38 batch loss is :0.3006
2025-05-17 17:26:22 - INFO - the acc is :0.9375
2025-05-17 17:26:29 - INFO - epoch:12/45 iteration:30/38 batch loss is :0.4606
2025-05-17 17:26:29 - INFO - the acc is :0.75
2025-05-17 17:26:50 - INFO - epoch:12/45 iteration:35/38 batch loss is :0.6475
2025-05-17 17:26:50 - INFO - the acc is :0.75
2025-05-17 17:26:54 - INFO - Epoch:12/45 Loss is :0.4115
2025-05-17 17:29:13 - INFO - epoch:13/45 iteration:0/38 batch loss is :0.3145
2025-05-17 17:29:13 - INFO - the acc is :0.9375
2025-05-17 17:29:25 - INFO - epoch:13/45 iteration:5/38 batch loss is :0.3868
2025-05-17 17:29:25 - INFO - the acc is :0.9375
2025-05-17 17:29:38 - INFO - epoch:13/45 iteration:10/38 batch loss is :0.2598
2025-05-17 17:29:38 - INFO - the acc is :0.8125
2025-05-17 17:29:50 - INFO - epoch:13/45 iteration:15/38 batch loss is :0.4566
2025-05-17 17:29:50 - INFO - the acc is :0.9375
2025-05-17 17:29:58 - INFO - epoch:13/45 iteration:20/38 batch loss is :0.2764
2025-05-17 17:29:58 - INFO - the acc is :0.875
2025-05-17 17:30:04 - INFO - epoch:13/45 iteration:25/38 batch loss is :0.6786
2025-05-17 17:30:04 - INFO - the acc is :0.6875
2025-05-17 17:30:11 - INFO - epoch:13/45 iteration:30/38 batch loss is :0.2568
2025-05-17 17:30:11 - INFO - the acc is :0.875
2025-05-17 17:30:17 - INFO - epoch:13/45 iteration:35/38 batch loss is :0.4822
2025-05-17 17:30:17 - INFO - the acc is :0.6875
2025-05-17 17:30:21 - INFO - Epoch:13/45 Loss is :0.4246
2025-05-17 17:32:42 - INFO - epoch:14/45 iteration:0/38 batch loss is :0.3781
2025-05-17 17:32:42 - INFO - the acc is :0.8125
2025-05-17 17:32:55 - INFO - epoch:14/45 iteration:5/38 batch loss is :0.4622
2025-05-17 17:32:55 - INFO - the acc is :0.9375
2025-05-17 17:33:09 - INFO - epoch:14/45 iteration:10/38 batch loss is :0.5422
2025-05-17 17:33:09 - INFO - the acc is :0.8125
2025-05-17 17:33:19 - INFO - epoch:14/45 iteration:15/38 batch loss is :0.2615
2025-05-17 17:33:19 - INFO - the acc is :0.9375
2025-05-17 17:33:26 - INFO - epoch:14/45 iteration:20/38 batch loss is :0.3072
2025-05-17 17:33:26 - INFO - the acc is :0.9375
2025-05-17 17:33:33 - INFO - epoch:14/45 iteration:25/38 batch loss is :0.3550
2025-05-17 17:33:33 - INFO - the acc is :0.875
2025-05-17 17:33:39 - INFO - epoch:14/45 iteration:30/38 batch loss is :0.4862
2025-05-17 17:33:39 - INFO - the acc is :0.8125
2025-05-17 17:33:45 - INFO - epoch:14/45 iteration:35/38 batch loss is :0.2747
2025-05-17 17:33:45 - INFO - the acc is :0.875
2025-05-17 17:33:49 - INFO - Epoch:14/45 Loss is :0.3690
2025-05-17 17:36:10 - INFO - epoch:15/45 iteration:0/38 batch loss is :0.3366
2025-05-17 17:36:10 - INFO - the acc is :0.8125
2025-05-17 17:36:22 - INFO - epoch:15/45 iteration:5/38 batch loss is :0.4211
2025-05-17 17:36:22 - INFO - the acc is :0.875
2025-05-17 17:36:33 - INFO - epoch:15/45 iteration:10/38 batch loss is :0.3105
2025-05-17 17:36:33 - INFO - the acc is :1.0
2025-05-17 17:36:43 - INFO - epoch:15/45 iteration:15/38 batch loss is :0.5173
2025-05-17 17:36:43 - INFO - the acc is :0.9375
2025-05-17 17:36:55 - INFO - epoch:15/45 iteration:20/38 batch loss is :0.6680
2025-05-17 17:36:55 - INFO - the acc is :0.75
2025-05-17 17:37:01 - INFO - epoch:15/45 iteration:25/38 batch loss is :0.4283
2025-05-17 17:37:01 - INFO - the acc is :0.8125
2025-05-17 17:37:08 - INFO - epoch:15/45 iteration:30/38 batch loss is :0.4414
2025-05-17 17:37:08 - INFO - the acc is :0.8125
2025-05-17 17:37:26 - INFO - epoch:15/45 iteration:35/38 batch loss is :0.3394
2025-05-17 17:37:26 - INFO - the acc is :0.875
2025-05-17 17:37:31 - INFO - Epoch:15/45 Loss is :0.3372
2025-05-17 17:40:10 - INFO - val accuarcy is : 0.4111
2025-05-17 17:40:10 - INFO - VAL loss :2.6519
2025-05-17 17:43:02 - INFO - epoch:16/45 iteration:0/38 batch loss is :0.4928
2025-05-17 17:43:02 - INFO - the acc is :0.75
2025-05-17 17:43:10 - INFO - epoch:16/45 iteration:5/38 batch loss is :0.1988
2025-05-17 17:43:10 - INFO - the acc is :1.0
2025-05-17 17:43:17 - INFO - epoch:16/45 iteration:10/38 batch loss is :0.4442
2025-05-17 17:43:17 - INFO - the acc is :0.8125
2025-05-17 17:43:24 - INFO - epoch:16/45 iteration:15/38 batch loss is :0.1710
2025-05-17 17:43:24 - INFO - the acc is :1.0
2025-05-17 17:44:07 - INFO - epoch:16/45 iteration:20/38 batch loss is :0.4982
2025-05-17 17:44:07 - INFO - the acc is :0.8125
2025-05-17 17:44:14 - INFO - epoch:16/45 iteration:25/38 batch loss is :0.2698
2025-05-17 17:44:14 - INFO - the acc is :0.9375
2025-05-17 17:44:20 - INFO - epoch:16/45 iteration:30/38 batch loss is :0.4899
2025-05-17 17:44:20 - INFO - the acc is :0.875
2025-05-17 17:44:39 - INFO - epoch:16/45 iteration:35/38 batch loss is :0.1408
2025-05-17 17:44:39 - INFO - the acc is :1.0
2025-05-17 17:44:43 - INFO - Epoch:16/45 Loss is :0.2951
2025-05-17 17:47:00 - INFO - epoch:17/45 iteration:0/38 batch loss is :0.1930
2025-05-17 17:47:00 - INFO - the acc is :1.0
2025-05-17 17:47:14 - INFO - epoch:17/45 iteration:5/38 batch loss is :0.2682
2025-05-17 17:47:14 - INFO - the acc is :0.9375
2025-05-17 17:47:29 - INFO - epoch:17/45 iteration:10/38 batch loss is :0.3514
2025-05-17 17:47:29 - INFO - the acc is :0.9375
2025-05-17 17:47:41 - INFO - epoch:17/45 iteration:15/38 batch loss is :0.2317
2025-05-17 17:47:41 - INFO - the acc is :0.9375
2025-05-17 17:47:48 - INFO - epoch:17/45 iteration:20/38 batch loss is :0.2092
2025-05-17 17:47:48 - INFO - the acc is :0.9375
2025-05-17 17:47:54 - INFO - epoch:17/45 iteration:25/38 batch loss is :0.3505
2025-05-17 17:47:54 - INFO - the acc is :0.875
2025-05-17 17:48:01 - INFO - epoch:17/45 iteration:30/38 batch loss is :0.1968
2025-05-17 17:48:01 - INFO - the acc is :0.9375
2025-05-17 17:48:07 - INFO - epoch:17/45 iteration:35/38 batch loss is :0.2233
2025-05-17 17:48:07 - INFO - the acc is :0.9375
2025-05-17 17:48:11 - INFO - Epoch:17/45 Loss is :0.3117
2025-05-17 17:50:30 - INFO - epoch:18/45 iteration:0/38 batch loss is :0.1326
2025-05-17 17:50:30 - INFO - the acc is :1.0
2025-05-17 17:50:41 - INFO - epoch:18/45 iteration:5/38 batch loss is :0.1705
2025-05-17 17:50:41 - INFO - the acc is :1.0
2025-05-17 17:50:55 - INFO - epoch:18/45 iteration:10/38 batch loss is :0.1149
2025-05-17 17:50:55 - INFO - the acc is :1.0
2025-05-17 17:51:06 - INFO - epoch:18/45 iteration:15/38 batch loss is :0.2961
2025-05-17 17:51:06 - INFO - the acc is :0.9375
2025-05-17 17:51:14 - INFO - epoch:18/45 iteration:20/38 batch loss is :0.4215
2025-05-17 17:51:14 - INFO - the acc is :0.875
2025-05-17 17:51:21 - INFO - epoch:18/45 iteration:25/38 batch loss is :0.4190
2025-05-17 17:51:21 - INFO - the acc is :0.9375
2025-05-17 17:51:27 - INFO - epoch:18/45 iteration:30/38 batch loss is :0.0882
2025-05-17 17:51:27 - INFO - the acc is :1.0
2025-05-17 17:51:33 - INFO - epoch:18/45 iteration:35/38 batch loss is :0.1590
2025-05-17 17:51:33 - INFO - the acc is :1.0
2025-05-17 17:51:37 - INFO - Epoch:18/45 Loss is :0.2887
2025-05-17 17:54:27 - INFO - epoch:19/45 iteration:0/38 batch loss is :0.1119
2025-05-17 17:54:27 - INFO - the acc is :1.0
2025-05-17 17:54:34 - INFO - epoch:19/45 iteration:5/38 batch loss is :0.2179
2025-05-17 17:54:34 - INFO - the acc is :0.9375
2025-05-17 17:54:41 - INFO - epoch:19/45 iteration:10/38 batch loss is :0.2941
2025-05-17 17:54:41 - INFO - the acc is :1.0
2025-05-17 17:54:49 - INFO - epoch:19/45 iteration:15/38 batch loss is :0.3220
2025-05-17 17:54:49 - INFO - the acc is :0.9375
2025-05-17 17:55:31 - INFO - epoch:19/45 iteration:20/38 batch loss is :0.2026
2025-05-17 17:55:31 - INFO - the acc is :1.0
2025-05-17 17:55:37 - INFO - epoch:19/45 iteration:25/38 batch loss is :0.1532
2025-05-17 17:55:37 - INFO - the acc is :1.0
2025-05-17 17:55:43 - INFO - epoch:19/45 iteration:30/38 batch loss is :0.1047
2025-05-17 17:55:43 - INFO - the acc is :1.0
2025-05-17 17:56:06 - INFO - epoch:19/45 iteration:35/38 batch loss is :0.1168
2025-05-17 17:56:06 - INFO - the acc is :1.0
2025-05-17 17:56:10 - INFO - Epoch:19/45 Loss is :0.2560
2025-05-17 17:58:31 - INFO - epoch:20/45 iteration:0/38 batch loss is :0.2657
2025-05-17 17:58:31 - INFO - the acc is :0.9375
2025-05-17 17:58:44 - INFO - epoch:20/45 iteration:5/38 batch loss is :0.2297
2025-05-17 17:58:44 - INFO - the acc is :1.0
2025-05-17 17:58:56 - INFO - epoch:20/45 iteration:10/38 batch loss is :0.1893
2025-05-17 17:58:56 - INFO - the acc is :1.0
2025-05-17 17:59:07 - INFO - epoch:20/45 iteration:15/38 batch loss is :0.2222
2025-05-17 17:59:07 - INFO - the acc is :1.0
2025-05-17 17:59:14 - INFO - epoch:20/45 iteration:20/38 batch loss is :0.1469
2025-05-17 17:59:14 - INFO - the acc is :1.0
2025-05-17 17:59:21 - INFO - epoch:20/45 iteration:25/38 batch loss is :0.2022
2025-05-17 17:59:21 - INFO - the acc is :0.9375
2025-05-17 17:59:27 - INFO - epoch:20/45 iteration:30/38 batch loss is :0.4082
2025-05-17 17:59:27 - INFO - the acc is :0.875
2025-05-17 17:59:33 - INFO - epoch:20/45 iteration:35/38 batch loss is :0.1048
2025-05-17 17:59:33 - INFO - the acc is :1.0
2025-05-17 17:59:37 - INFO - Epoch:20/45 Loss is :0.2207
2025-05-17 18:02:07 - INFO - val accuarcy is : 0.3714
2025-05-17 18:02:07 - INFO - VAL loss :3.5653
2025-05-17 18:04:43 - INFO - epoch:21/45 iteration:0/38 batch loss is :0.1311
2025-05-17 18:04:43 - INFO - the acc is :1.0
2025-05-17 18:04:55 - INFO - epoch:21/45 iteration:5/38 batch loss is :0.1180
2025-05-17 18:04:55 - INFO - the acc is :0.9375
2025-05-17 18:05:10 - INFO - epoch:21/45 iteration:10/38 batch loss is :0.1759
2025-05-17 18:05:10 - INFO - the acc is :0.9375
2025-05-17 18:05:22 - INFO - epoch:21/45 iteration:15/38 batch loss is :0.2382
2025-05-17 18:05:22 - INFO - the acc is :1.0
2025-05-17 18:05:29 - INFO - epoch:21/45 iteration:20/38 batch loss is :0.3058
2025-05-17 18:05:29 - INFO - the acc is :0.875
2025-05-17 18:05:35 - INFO - epoch:21/45 iteration:25/38 batch loss is :0.1678
2025-05-17 18:05:35 - INFO - the acc is :1.0
2025-05-17 18:05:42 - INFO - epoch:21/45 iteration:30/38 batch loss is :0.2863
2025-05-17 18:05:42 - INFO - the acc is :1.0
2025-05-17 18:05:47 - INFO - epoch:21/45 iteration:35/38 batch loss is :0.2131
2025-05-17 18:05:47 - INFO - the acc is :1.0
2025-05-17 18:05:52 - INFO - Epoch:21/45 Loss is :0.2236
2025-05-17 18:08:39 - INFO - epoch:22/45 iteration:0/38 batch loss is :0.2042
2025-05-17 18:08:39 - INFO - the acc is :1.0
2025-05-17 18:08:47 - INFO - epoch:22/45 iteration:5/38 batch loss is :0.1708
2025-05-17 18:08:47 - INFO - the acc is :1.0
2025-05-17 18:08:55 - INFO - epoch:22/45 iteration:10/38 batch loss is :0.2362
2025-05-17 18:08:55 - INFO - the acc is :0.9375
2025-05-17 18:09:02 - INFO - epoch:22/45 iteration:15/38 batch loss is :0.3934
2025-05-17 18:09:02 - INFO - the acc is :0.8125
2025-05-17 18:09:44 - INFO - epoch:22/45 iteration:20/38 batch loss is :0.3051
2025-05-17 18:09:44 - INFO - the acc is :0.9375
2025-05-17 18:09:50 - INFO - epoch:22/45 iteration:25/38 batch loss is :0.1155
2025-05-17 18:09:50 - INFO - the acc is :1.0
2025-05-17 18:09:56 - INFO - epoch:22/45 iteration:30/38 batch loss is :0.0915
2025-05-17 18:09:56 - INFO - the acc is :1.0
2025-05-17 18:10:19 - INFO - epoch:22/45 iteration:35/38 batch loss is :0.2586
2025-05-17 18:10:19 - INFO - the acc is :0.9375
2025-05-17 18:10:23 - INFO - Epoch:22/45 Loss is :0.2243
2025-05-17 18:12:40 - INFO - epoch:23/45 iteration:0/38 batch loss is :0.1598
2025-05-17 18:12:40 - INFO - the acc is :1.0
2025-05-17 18:12:53 - INFO - epoch:23/45 iteration:5/38 batch loss is :0.1647
2025-05-17 18:12:53 - INFO - the acc is :0.9375
2025-05-17 18:13:07 - INFO - epoch:23/45 iteration:10/38 batch loss is :0.1187
2025-05-17 18:13:07 - INFO - the acc is :1.0
2025-05-17 18:13:20 - INFO - epoch:23/45 iteration:15/38 batch loss is :0.2537
2025-05-17 18:13:20 - INFO - the acc is :0.9375
2025-05-17 18:13:27 - INFO - epoch:23/45 iteration:20/38 batch loss is :0.2592
2025-05-17 18:13:27 - INFO - the acc is :0.875
2025-05-17 18:13:33 - INFO - epoch:23/45 iteration:25/38 batch loss is :0.1345
2025-05-17 18:13:33 - INFO - the acc is :1.0
2025-05-17 18:13:40 - INFO - epoch:23/45 iteration:30/38 batch loss is :0.1265
2025-05-17 18:13:40 - INFO - the acc is :1.0
2025-05-17 18:13:46 - INFO - epoch:23/45 iteration:35/38 batch loss is :0.0958
2025-05-17 18:13:46 - INFO - the acc is :1.0
2025-05-17 18:13:50 - INFO - Epoch:23/45 Loss is :0.2374
2025-05-17 18:16:11 - INFO - epoch:24/45 iteration:0/38 batch loss is :0.1145
2025-05-17 18:16:11 - INFO - the acc is :1.0
2025-05-17 18:16:24 - INFO - epoch:24/45 iteration:5/38 batch loss is :0.2134
2025-05-17 18:16:24 - INFO - the acc is :1.0
2025-05-17 18:16:38 - INFO - epoch:24/45 iteration:10/38 batch loss is :0.2151
2025-05-17 18:16:38 - INFO - the acc is :1.0
2025-05-17 18:16:50 - INFO - epoch:24/45 iteration:15/38 batch loss is :0.4961
2025-05-17 18:16:50 - INFO - the acc is :0.75
2025-05-17 18:16:57 - INFO - epoch:24/45 iteration:20/38 batch loss is :0.1577
2025-05-17 18:16:57 - INFO - the acc is :1.0
2025-05-17 18:17:03 - INFO - epoch:24/45 iteration:25/38 batch loss is :0.4720
2025-05-17 18:17:03 - INFO - the acc is :0.75
2025-05-17 18:17:10 - INFO - epoch:24/45 iteration:30/38 batch loss is :0.1507
2025-05-17 18:17:10 - INFO - the acc is :1.0
2025-05-17 18:17:15 - INFO - epoch:24/45 iteration:35/38 batch loss is :0.1419
2025-05-17 18:17:15 - INFO - the acc is :1.0
2025-05-17 18:17:20 - INFO - Epoch:24/45 Loss is :0.2367
2025-05-17 18:19:37 - INFO - epoch:25/45 iteration:0/38 batch loss is :0.1179
2025-05-17 18:19:37 - INFO - the acc is :1.0
2025-05-17 18:19:48 - INFO - epoch:25/45 iteration:5/38 batch loss is :0.1090
2025-05-17 18:19:48 - INFO - the acc is :1.0
2025-05-17 18:20:00 - INFO - epoch:25/45 iteration:10/38 batch loss is :0.0980
2025-05-17 18:20:00 - INFO - the acc is :1.0
2025-05-17 18:20:10 - INFO - epoch:25/45 iteration:15/38 batch loss is :0.0833
2025-05-17 18:20:10 - INFO - the acc is :1.0
2025-05-17 18:20:24 - INFO - epoch:25/45 iteration:20/38 batch loss is :0.1674
2025-05-17 18:20:24 - INFO - the acc is :1.0
2025-05-17 18:20:30 - INFO - epoch:25/45 iteration:25/38 batch loss is :0.3032
2025-05-17 18:20:30 - INFO - the acc is :0.875
2025-05-17 18:20:37 - INFO - epoch:25/45 iteration:30/38 batch loss is :0.1465
2025-05-17 18:20:37 - INFO - the acc is :1.0
2025-05-17 18:20:43 - INFO - epoch:25/45 iteration:35/38 batch loss is :0.0771
2025-05-17 18:20:43 - INFO - the acc is :1.0
2025-05-17 18:20:47 - INFO - Epoch:25/45 Loss is :0.1972
2025-05-17 18:23:26 - INFO - val accuarcy is : 0.3846
2025-05-17 18:23:26 - INFO - VAL loss :3.2215
2025-05-17 18:26:18 - INFO - epoch:26/45 iteration:0/38 batch loss is :0.2130
2025-05-17 18:26:18 - INFO - the acc is :1.0
2025-05-17 18:26:26 - INFO - epoch:26/45 iteration:5/38 batch loss is :0.1369
2025-05-17 18:26:26 - INFO - the acc is :1.0
2025-05-17 18:26:34 - INFO - epoch:26/45 iteration:10/38 batch loss is :0.1835
2025-05-17 18:26:34 - INFO - the acc is :0.9375
2025-05-17 18:26:41 - INFO - epoch:26/45 iteration:15/38 batch loss is :0.1941
2025-05-17 18:26:41 - INFO - the acc is :1.0
2025-05-17 18:27:25 - INFO - epoch:26/45 iteration:20/38 batch loss is :0.1713
2025-05-17 18:27:25 - INFO - the acc is :1.0
2025-05-17 18:27:31 - INFO - epoch:26/45 iteration:25/38 batch loss is :0.4940
2025-05-17 18:27:31 - INFO - the acc is :0.9375
2025-05-17 18:27:38 - INFO - epoch:26/45 iteration:30/38 batch loss is :0.1820
2025-05-17 18:27:38 - INFO - the acc is :1.0
2025-05-17 18:28:01 - INFO - epoch:26/45 iteration:35/38 batch loss is :0.1563
2025-05-17 18:28:01 - INFO - the acc is :1.0
2025-05-17 18:28:05 - INFO - Epoch:26/45 Loss is :0.2361
2025-05-17 18:30:25 - INFO - epoch:27/45 iteration:0/38 batch loss is :0.2729
2025-05-17 18:30:25 - INFO - the acc is :0.9375
2025-05-17 18:30:38 - INFO - epoch:27/45 iteration:5/38 batch loss is :0.3682
2025-05-17 18:30:38 - INFO - the acc is :0.9375
2025-05-17 18:30:52 - INFO - epoch:27/45 iteration:10/38 batch loss is :0.2753
2025-05-17 18:30:52 - INFO - the acc is :1.0
2025-05-17 18:31:02 - INFO - epoch:27/45 iteration:15/38 batch loss is :0.2712
2025-05-17 18:31:02 - INFO - the acc is :0.875
2025-05-17 18:31:09 - INFO - epoch:27/45 iteration:20/38 batch loss is :0.1844
2025-05-17 18:31:09 - INFO - the acc is :1.0
2025-05-17 18:31:16 - INFO - epoch:27/45 iteration:25/38 batch loss is :0.2336
2025-05-17 18:31:16 - INFO - the acc is :0.9375
2025-05-17 18:31:23 - INFO - epoch:27/45 iteration:30/38 batch loss is :0.1494
2025-05-17 18:31:23 - INFO - the acc is :1.0
2025-05-17 18:31:28 - INFO - epoch:27/45 iteration:35/38 batch loss is :0.1188
2025-05-17 18:31:28 - INFO - the acc is :1.0
2025-05-17 18:31:32 - INFO - Epoch:27/45 Loss is :0.2635
2025-05-17 18:33:58 - INFO - epoch:28/45 iteration:0/38 batch loss is :0.1716
2025-05-17 18:33:58 - INFO - the acc is :1.0
2025-05-17 18:34:08 - INFO - epoch:28/45 iteration:5/38 batch loss is :0.2221
2025-05-17 18:34:08 - INFO - the acc is :1.0
2025-05-17 18:34:20 - INFO - epoch:28/45 iteration:10/38 batch loss is :0.1902
2025-05-17 18:34:20 - INFO - the acc is :1.0
2025-05-17 18:34:32 - INFO - epoch:28/45 iteration:15/38 batch loss is :0.4597
2025-05-17 18:34:32 - INFO - the acc is :0.8125
2025-05-17 18:34:41 - INFO - epoch:28/45 iteration:20/38 batch loss is :0.2543
2025-05-17 18:34:41 - INFO - the acc is :0.75
2025-05-17 18:34:48 - INFO - epoch:28/45 iteration:25/38 batch loss is :0.2043
2025-05-17 18:34:48 - INFO - the acc is :1.0
2025-05-17 18:34:55 - INFO - epoch:28/45 iteration:30/38 batch loss is :0.4177
2025-05-17 18:34:55 - INFO - the acc is :0.875
2025-05-17 18:35:00 - INFO - epoch:28/45 iteration:35/38 batch loss is :0.1681
2025-05-17 18:35:00 - INFO - the acc is :0.9375
2025-05-17 18:35:04 - INFO - Epoch:28/45 Loss is :0.2251
2025-05-17 18:37:26 - INFO - epoch:29/45 iteration:0/38 batch loss is :0.1346
2025-05-17 18:37:26 - INFO - the acc is :1.0
2025-05-17 18:37:40 - INFO - epoch:29/45 iteration:5/38 batch loss is :0.2107
2025-05-17 18:37:40 - INFO - the acc is :1.0
2025-05-17 18:37:48 - INFO - epoch:29/45 iteration:10/38 batch loss is :0.3489
2025-05-17 18:37:48 - INFO - the acc is :0.75
2025-05-17 18:37:55 - INFO - epoch:29/45 iteration:15/38 batch loss is :0.0788
2025-05-17 18:37:55 - INFO - the acc is :1.0
2025-05-17 18:38:34 - INFO - epoch:29/45 iteration:20/38 batch loss is :0.2233
2025-05-17 18:38:34 - INFO - the acc is :0.9375
2025-05-17 18:38:40 - INFO - epoch:29/45 iteration:25/38 batch loss is :0.2618
2025-05-17 18:38:40 - INFO - the acc is :0.9375
2025-05-17 18:38:47 - INFO - epoch:29/45 iteration:30/38 batch loss is :0.0987
2025-05-17 18:38:47 - INFO - the acc is :1.0
2025-05-17 18:39:09 - INFO - epoch:29/45 iteration:35/38 batch loss is :0.1480
2025-05-17 18:39:09 - INFO - the acc is :1.0
2025-05-17 18:39:13 - INFO - Epoch:29/45 Loss is :0.2115
2025-05-17 18:41:42 - INFO - epoch:30/45 iteration:0/38 batch loss is :0.2328
2025-05-17 18:41:42 - INFO - the acc is :0.8125
2025-05-17 18:42:06 - INFO - epoch:30/45 iteration:5/38 batch loss is :0.2697
2025-05-17 18:42:06 - INFO - the acc is :0.9375
2025-05-17 18:42:15 - INFO - epoch:30/45 iteration:10/38 batch loss is :0.1305
2025-05-17 18:42:15 - INFO - the acc is :1.0
2025-05-17 18:42:22 - INFO - epoch:30/45 iteration:15/38 batch loss is :0.4641
2025-05-17 18:42:22 - INFO - the acc is :0.8125
2025-05-17 18:42:47 - INFO - epoch:30/45 iteration:20/38 batch loss is :0.1270
2025-05-17 18:42:47 - INFO - the acc is :1.0
2025-05-17 18:42:53 - INFO - epoch:30/45 iteration:25/38 batch loss is :0.1447
2025-05-17 18:42:53 - INFO - the acc is :1.0
2025-05-17 18:42:59 - INFO - epoch:30/45 iteration:30/38 batch loss is :0.2609
2025-05-17 18:42:59 - INFO - the acc is :1.0
2025-05-17 18:43:05 - INFO - epoch:30/45 iteration:35/38 batch loss is :0.1486
2025-05-17 18:43:05 - INFO - the acc is :1.0
2025-05-17 18:43:09 - INFO - Epoch:30/45 Loss is :0.2321
2025-05-17 18:45:38 - INFO - val accuarcy is : 0.3581
2025-05-17 18:45:38 - INFO - VAL loss :3.1537
2025-05-17 18:48:10 - INFO - epoch:31/45 iteration:0/38 batch loss is :0.1648
2025-05-17 18:48:10 - INFO - the acc is :1.0
2025-05-17 18:48:25 - INFO - epoch:31/45 iteration:5/38 batch loss is :0.2033
2025-05-17 18:48:25 - INFO - the acc is :1.0
2025-05-17 18:48:39 - INFO - epoch:31/45 iteration:10/38 batch loss is :0.2103
2025-05-17 18:48:39 - INFO - the acc is :0.875
2025-05-17 18:48:49 - INFO - epoch:31/45 iteration:15/38 batch loss is :0.1556
2025-05-17 18:48:49 - INFO - the acc is :1.0
2025-05-17 18:48:56 - INFO - epoch:31/45 iteration:20/38 batch loss is :0.2341
2025-05-17 18:48:56 - INFO - the acc is :0.9375
2025-05-17 18:49:03 - INFO - epoch:31/45 iteration:25/38 batch loss is :0.1362
2025-05-17 18:49:03 - INFO - the acc is :1.0
2025-05-17 18:49:09 - INFO - epoch:31/45 iteration:30/38 batch loss is :0.3094
2025-05-17 18:49:09 - INFO - the acc is :1.0
2025-05-17 18:49:15 - INFO - epoch:31/45 iteration:35/38 batch loss is :0.2112
2025-05-17 18:49:15 - INFO - the acc is :0.9375
2025-05-17 18:49:19 - INFO - Epoch:31/45 Loss is :0.2020
2025-05-17 18:51:39 - INFO - epoch:32/45 iteration:0/38 batch loss is :0.1146
2025-05-17 18:51:39 - INFO - the acc is :1.0
2025-05-17 18:51:51 - INFO - epoch:32/45 iteration:5/38 batch loss is :0.2210
2025-05-17 18:51:51 - INFO - the acc is :0.9375
2025-05-17 18:52:02 - INFO - epoch:32/45 iteration:10/38 batch loss is :0.2413
2025-05-17 18:52:02 - INFO - the acc is :0.9375
2025-05-17 18:52:13 - INFO - epoch:32/45 iteration:15/38 batch loss is :0.2175
2025-05-17 18:52:13 - INFO - the acc is :1.0
2025-05-17 18:52:24 - INFO - epoch:32/45 iteration:20/38 batch loss is :0.1220
2025-05-17 18:52:24 - INFO - the acc is :1.0
2025-05-17 18:52:30 - INFO - epoch:32/45 iteration:25/38 batch loss is :0.1192
2025-05-17 18:52:30 - INFO - the acc is :1.0
2025-05-17 18:52:36 - INFO - epoch:32/45 iteration:30/38 batch loss is :0.1230
2025-05-17 18:52:36 - INFO - the acc is :0.9375
2025-05-17 18:52:57 - INFO - epoch:32/45 iteration:35/38 batch loss is :0.2215
2025-05-17 18:52:57 - INFO - the acc is :0.875
2025-05-17 18:53:01 - INFO - Epoch:32/45 Loss is :0.1915
2025-05-17 18:55:37 - INFO - epoch:33/45 iteration:0/38 batch loss is :0.1482
2025-05-17 18:55:37 - INFO - the acc is :1.0
2025-05-17 18:55:53 - INFO - epoch:33/45 iteration:5/38 batch loss is :0.0829
2025-05-17 18:55:53 - INFO - the acc is :1.0
2025-05-17 18:56:01 - INFO - epoch:33/45 iteration:10/38 batch loss is :0.1497
2025-05-17 18:56:01 - INFO - the acc is :1.0
2025-05-17 18:56:09 - INFO - epoch:33/45 iteration:15/38 batch loss is :0.1687
2025-05-17 18:56:09 - INFO - the acc is :1.0
2025-05-17 18:56:45 - INFO - epoch:33/45 iteration:20/38 batch loss is :0.1748
2025-05-17 18:56:45 - INFO - the acc is :0.9375
2025-05-17 18:56:51 - INFO - epoch:33/45 iteration:25/38 batch loss is :0.2426
2025-05-17 18:56:51 - INFO - the acc is :1.0
2025-05-17 18:56:57 - INFO - epoch:33/45 iteration:30/38 batch loss is :0.1081
2025-05-17 18:56:57 - INFO - the acc is :1.0
2025-05-17 18:57:17 - INFO - epoch:33/45 iteration:35/38 batch loss is :0.2402
2025-05-17 18:57:17 - INFO - the acc is :1.0
2025-05-17 18:57:21 - INFO - Epoch:33/45 Loss is :0.1860
2025-05-17 18:59:39 - INFO - epoch:34/45 iteration:0/38 batch loss is :0.0919
2025-05-17 18:59:39 - INFO - the acc is :1.0
2025-05-17 18:59:48 - INFO - epoch:34/45 iteration:5/38 batch loss is :0.2416
2025-05-17 18:59:48 - INFO - the acc is :1.0
2025-05-17 18:59:59 - INFO - epoch:34/45 iteration:10/38 batch loss is :0.1913
2025-05-17 18:59:59 - INFO - the acc is :1.0
2025-05-17 19:00:10 - INFO - epoch:34/45 iteration:15/38 batch loss is :0.1118
2025-05-17 19:00:10 - INFO - the acc is :1.0
2025-05-17 19:00:23 - INFO - epoch:34/45 iteration:20/38 batch loss is :0.2595
2025-05-17 19:00:23 - INFO - the acc is :0.9375
2025-05-17 19:00:30 - INFO - epoch:34/45 iteration:25/38 batch loss is :0.1255
2025-05-17 19:00:30 - INFO - the acc is :1.0
2025-05-17 19:00:36 - INFO - epoch:34/45 iteration:30/38 batch loss is :0.1710
2025-05-17 19:00:36 - INFO - the acc is :1.0
2025-05-17 19:00:42 - INFO - epoch:34/45 iteration:35/38 batch loss is :0.3514
2025-05-17 19:00:42 - INFO - the acc is :0.9375
2025-05-17 19:00:46 - INFO - Epoch:34/45 Loss is :0.1999
2025-05-17 19:03:05 - INFO - epoch:35/45 iteration:0/38 batch loss is :0.1418
2025-05-17 19:03:05 - INFO - the acc is :1.0
2025-05-17 19:03:14 - INFO - epoch:35/45 iteration:5/38 batch loss is :0.2187
2025-05-17 19:03:14 - INFO - the acc is :0.9375
2025-05-17 19:03:25 - INFO - epoch:35/45 iteration:10/38 batch loss is :0.1721
2025-05-17 19:03:25 - INFO - the acc is :1.0
2025-05-17 19:03:36 - INFO - epoch:35/45 iteration:15/38 batch loss is :0.2576
2025-05-17 19:03:36 - INFO - the acc is :1.0
2025-05-17 19:03:47 - INFO - epoch:35/45 iteration:20/38 batch loss is :0.2931
2025-05-17 19:03:47 - INFO - the acc is :1.0
2025-05-17 19:03:54 - INFO - epoch:35/45 iteration:25/38 batch loss is :0.0947
2025-05-17 19:03:54 - INFO - the acc is :1.0
2025-05-17 19:04:00 - INFO - epoch:35/45 iteration:30/38 batch loss is :0.1290
2025-05-17 19:04:00 - INFO - the acc is :1.0
2025-05-17 19:04:06 - INFO - epoch:35/45 iteration:35/38 batch loss is :0.1170
2025-05-17 19:04:06 - INFO - the acc is :1.0
2025-05-17 19:04:10 - INFO - Epoch:35/45 Loss is :0.1978
2025-05-17 19:06:37 - INFO - val accuarcy is : 0.3714
2025-05-17 19:06:37 - INFO - VAL loss :2.8853
2025-05-17 19:09:36 - INFO - epoch:36/45 iteration:0/38 batch loss is :0.1087
2025-05-17 19:09:36 - INFO - the acc is :1.0
2025-05-17 19:09:43 - INFO - epoch:36/45 iteration:5/38 batch loss is :0.1915
2025-05-17 19:09:43 - INFO - the acc is :1.0
2025-05-17 19:09:51 - INFO - epoch:36/45 iteration:10/38 batch loss is :0.2453
2025-05-17 19:09:51 - INFO - the acc is :0.9375
2025-05-17 19:09:58 - INFO - epoch:36/45 iteration:15/38 batch loss is :0.2330
2025-05-17 19:09:58 - INFO - the acc is :0.875
2025-05-17 19:10:38 - INFO - epoch:36/45 iteration:20/38 batch loss is :0.2122
2025-05-17 19:10:38 - INFO - the acc is :0.9375
2025-05-17 19:10:44 - INFO - epoch:36/45 iteration:25/38 batch loss is :0.1520
2025-05-17 19:10:44 - INFO - the acc is :0.9375
2025-05-17 19:10:50 - INFO - epoch:36/45 iteration:30/38 batch loss is :0.1329
2025-05-17 19:10:50 - INFO - the acc is :1.0
2025-05-17 19:11:12 - INFO - epoch:36/45 iteration:35/38 batch loss is :0.2536
2025-05-17 19:11:12 - INFO - the acc is :0.9375
2025-05-17 19:11:16 - INFO - Epoch:36/45 Loss is :0.2027
2025-05-17 19:13:32 - INFO - epoch:37/45 iteration:0/38 batch loss is :0.1228
2025-05-17 19:13:32 - INFO - the acc is :1.0
2025-05-17 19:13:46 - INFO - epoch:37/45 iteration:5/38 batch loss is :0.2555
2025-05-17 19:13:46 - INFO - the acc is :1.0
2025-05-17 19:14:00 - INFO - epoch:37/45 iteration:10/38 batch loss is :0.1301
2025-05-17 19:14:00 - INFO - the acc is :1.0
2025-05-17 19:14:11 - INFO - epoch:37/45 iteration:15/38 batch loss is :0.1814
2025-05-17 19:14:11 - INFO - the acc is :1.0
2025-05-17 19:14:18 - INFO - epoch:37/45 iteration:20/38 batch loss is :0.0846
2025-05-17 19:14:18 - INFO - the acc is :1.0
2025-05-17 19:14:25 - INFO - epoch:37/45 iteration:25/38 batch loss is :0.2792
2025-05-17 19:14:25 - INFO - the acc is :0.9375
2025-05-17 19:14:31 - INFO - epoch:37/45 iteration:30/38 batch loss is :0.2850
2025-05-17 19:14:31 - INFO - the acc is :0.9375
2025-05-17 19:14:36 - INFO - epoch:37/45 iteration:35/38 batch loss is :0.1803
2025-05-17 19:14:36 - INFO - the acc is :1.0
2025-05-17 19:14:41 - INFO - Epoch:37/45 Loss is :0.1924
2025-05-17 19:16:54 - INFO - epoch:38/45 iteration:0/38 batch loss is :0.2207
2025-05-17 19:16:54 - INFO - the acc is :1.0
2025-05-17 19:17:06 - INFO - epoch:38/45 iteration:5/38 batch loss is :0.1297
2025-05-17 19:17:06 - INFO - the acc is :1.0
2025-05-17 19:17:17 - INFO - epoch:38/45 iteration:10/38 batch loss is :0.1357
2025-05-17 19:17:17 - INFO - the acc is :0.9375
2025-05-17 19:17:30 - INFO - epoch:38/45 iteration:15/38 batch loss is :0.2526
2025-05-17 19:17:30 - INFO - the acc is :1.0
2025-05-17 19:17:40 - INFO - epoch:38/45 iteration:20/38 batch loss is :0.1416
2025-05-17 19:17:40 - INFO - the acc is :1.0
2025-05-17 19:17:47 - INFO - epoch:38/45 iteration:25/38 batch loss is :0.1848
2025-05-17 19:17:47 - INFO - the acc is :1.0
2025-05-17 19:17:53 - INFO - epoch:38/45 iteration:30/38 batch loss is :0.1012
2025-05-17 19:17:53 - INFO - the acc is :1.0
2025-05-17 19:17:59 - INFO - epoch:38/45 iteration:35/38 batch loss is :0.3291
2025-05-17 19:17:59 - INFO - the acc is :0.9375
2025-05-17 19:18:03 - INFO - Epoch:38/45 Loss is :0.1816
2025-05-17 19:20:20 - INFO - epoch:39/45 iteration:0/38 batch loss is :0.2212
2025-05-17 19:20:20 - INFO - the acc is :1.0
2025-05-17 19:20:32 - INFO - epoch:39/45 iteration:5/38 batch loss is :0.1749
2025-05-17 19:20:32 - INFO - the acc is :1.0
2025-05-17 19:20:46 - INFO - epoch:39/45 iteration:10/38 batch loss is :0.4185
2025-05-17 19:20:46 - INFO - the acc is :0.75
2025-05-17 19:20:57 - INFO - epoch:39/45 iteration:15/38 batch loss is :0.3936
2025-05-17 19:20:57 - INFO - the acc is :0.9375
2025-05-17 19:21:04 - INFO - epoch:39/45 iteration:20/38 batch loss is :0.1033
2025-05-17 19:21:04 - INFO - the acc is :1.0
2025-05-17 19:21:10 - INFO - epoch:39/45 iteration:25/38 batch loss is :0.1782
2025-05-17 19:21:10 - INFO - the acc is :0.875
2025-05-17 19:21:17 - INFO - epoch:39/45 iteration:30/38 batch loss is :0.1956
2025-05-17 19:21:17 - INFO - the acc is :0.9375
2025-05-17 19:21:22 - INFO - epoch:39/45 iteration:35/38 batch loss is :0.2105
2025-05-17 19:21:22 - INFO - the acc is :0.9375
2025-05-17 19:21:27 - INFO - Epoch:39/45 Loss is :0.2004
2025-05-17 19:24:11 - INFO - epoch:40/45 iteration:0/38 batch loss is :0.0647
2025-05-17 19:24:11 - INFO - the acc is :1.0
2025-05-17 19:24:19 - INFO - epoch:40/45 iteration:5/38 batch loss is :0.1346
2025-05-17 19:24:19 - INFO - the acc is :1.0
2025-05-17 19:24:26 - INFO - epoch:40/45 iteration:10/38 batch loss is :0.1016
2025-05-17 19:24:26 - INFO - the acc is :1.0
2025-05-17 19:24:33 - INFO - epoch:40/45 iteration:15/38 batch loss is :0.1132
2025-05-17 19:24:33 - INFO - the acc is :0.9375
2025-05-17 19:25:13 - INFO - epoch:40/45 iteration:20/38 batch loss is :0.2013
2025-05-17 19:25:13 - INFO - the acc is :0.9375
2025-05-17 19:25:19 - INFO - epoch:40/45 iteration:25/38 batch loss is :0.2732
2025-05-17 19:25:19 - INFO - the acc is :0.9375
2025-05-17 19:25:26 - INFO - epoch:40/45 iteration:30/38 batch loss is :0.1501
2025-05-17 19:25:26 - INFO - the acc is :1.0
2025-05-17 19:25:47 - INFO - epoch:40/45 iteration:35/38 batch loss is :0.1668
2025-05-17 19:25:47 - INFO - the acc is :1.0
2025-05-17 19:25:51 - INFO - Epoch:40/45 Loss is :0.1905
2025-05-17 19:28:18 - INFO - val accuarcy is : 0.3780
2025-05-17 19:28:18 - INFO - VAL loss :3.1938
2025-05-17 19:30:51 - INFO - epoch:41/45 iteration:0/38 batch loss is :0.2743
2025-05-17 19:30:51 - INFO - the acc is :0.9375
2025-05-17 19:31:03 - INFO - epoch:41/45 iteration:5/38 batch loss is :0.2386
2025-05-17 19:31:03 - INFO - the acc is :0.9375
2025-05-17 19:31:18 - INFO - epoch:41/45 iteration:10/38 batch loss is :0.1636
2025-05-17 19:31:18 - INFO - the acc is :1.0
2025-05-17 19:31:28 - INFO - epoch:41/45 iteration:15/38 batch loss is :0.2657
2025-05-17 19:31:28 - INFO - the acc is :0.9375
2025-05-17 19:31:35 - INFO - epoch:41/45 iteration:20/38 batch loss is :0.2521
2025-05-17 19:31:35 - INFO - the acc is :1.0
2025-05-17 19:31:42 - INFO - epoch:41/45 iteration:25/38 batch loss is :0.1639
2025-05-17 19:31:42 - INFO - the acc is :1.0
2025-05-17 19:31:49 - INFO - epoch:41/45 iteration:30/38 batch loss is :0.0978
2025-05-17 19:31:49 - INFO - the acc is :1.0
2025-05-17 19:31:55 - INFO - epoch:41/45 iteration:35/38 batch loss is :0.3048
2025-05-17 19:31:55 - INFO - the acc is :0.9375
2025-05-17 19:31:59 - INFO - Epoch:41/45 Loss is :0.2214
2025-05-17 19:34:17 - INFO - epoch:42/45 iteration:0/38 batch loss is :0.1566
2025-05-17 19:34:17 - INFO - the acc is :0.9375
2025-05-17 19:34:27 - INFO - epoch:42/45 iteration:5/38 batch loss is :0.1958
2025-05-17 19:34:27 - INFO - the acc is :0.9375
2025-05-17 19:34:39 - INFO - epoch:42/45 iteration:10/38 batch loss is :0.1403
2025-05-17 19:34:39 - INFO - the acc is :1.0
2025-05-17 19:34:48 - INFO - epoch:42/45 iteration:15/38 batch loss is :0.1060
2025-05-17 19:34:48 - INFO - the acc is :1.0
2025-05-17 19:35:03 - INFO - epoch:42/45 iteration:20/38 batch loss is :0.1582
2025-05-17 19:35:03 - INFO - the acc is :0.9375
2025-05-17 19:35:10 - INFO - epoch:42/45 iteration:25/38 batch loss is :0.1761
2025-05-17 19:35:10 - INFO - the acc is :1.0
2025-05-17 19:35:17 - INFO - epoch:42/45 iteration:30/38 batch loss is :0.0937
2025-05-17 19:35:17 - INFO - the acc is :1.0
2025-05-17 19:35:22 - INFO - epoch:42/45 iteration:35/38 batch loss is :0.2584
2025-05-17 19:35:22 - INFO - the acc is :0.875
2025-05-17 19:35:26 - INFO - Epoch:42/45 Loss is :0.1909
2025-05-17 19:37:50 - INFO - epoch:43/45 iteration:0/38 batch loss is :0.9169
2025-05-17 19:37:50 - INFO - the acc is :0.875
2025-05-17 19:37:57 - INFO - epoch:43/45 iteration:5/38 batch loss is :0.1374
2025-05-17 19:37:57 - INFO - the acc is :1.0
2025-05-17 19:38:04 - INFO - epoch:43/45 iteration:10/38 batch loss is :0.1329
2025-05-17 19:38:04 - INFO - the acc is :1.0
2025-05-17 19:38:12 - INFO - epoch:43/45 iteration:15/38 batch loss is :0.1773
2025-05-17 19:38:12 - INFO - the acc is :1.0
2025-05-17 19:38:53 - INFO - epoch:43/45 iteration:20/38 batch loss is :0.5315
2025-05-17 19:38:53 - INFO - the acc is :0.8125
2025-05-17 19:38:59 - INFO - epoch:43/45 iteration:25/38 batch loss is :0.2737
2025-05-17 19:38:59 - INFO - the acc is :0.9375
2025-05-17 19:39:06 - INFO - epoch:43/45 iteration:30/38 batch loss is :0.1820
2025-05-17 19:39:06 - INFO - the acc is :0.9375
2025-05-17 19:39:34 - INFO - epoch:43/45 iteration:35/38 batch loss is :0.3103
2025-05-17 19:39:34 - INFO - the acc is :0.875
2025-05-17 19:39:39 - INFO - Epoch:43/45 Loss is :0.2341
2025-05-17 19:42:30 - INFO - epoch:44/45 iteration:0/38 batch loss is :0.1202
2025-05-17 19:42:30 - INFO - the acc is :1.0
2025-05-17 19:42:44 - INFO - epoch:44/45 iteration:5/38 batch loss is :0.1126
2025-05-17 19:42:44 - INFO - the acc is :1.0
2025-05-17 19:42:53 - INFO - epoch:44/45 iteration:10/38 batch loss is :0.2677
2025-05-17 19:42:53 - INFO - the acc is :1.0
2025-05-17 19:43:02 - INFO - epoch:44/45 iteration:15/38 batch loss is :0.1002
2025-05-17 19:43:02 - INFO - the acc is :1.0
2025-05-17 19:43:28 - INFO - epoch:44/45 iteration:20/38 batch loss is :0.1838
2025-05-17 19:43:28 - INFO - the acc is :1.0
2025-05-17 19:43:34 - INFO - epoch:44/45 iteration:25/38 batch loss is :0.0572
2025-05-17 19:43:34 - INFO - the acc is :1.0
2025-05-17 19:43:40 - INFO - epoch:44/45 iteration:30/38 batch loss is :0.1289
2025-05-17 19:43:40 - INFO - the acc is :1.0
2025-05-17 19:43:49 - INFO - epoch:44/45 iteration:35/38 batch loss is :0.1608
2025-05-17 19:43:49 - INFO - the acc is :1.0
2025-05-17 19:43:56 - INFO - Epoch:44/45 Loss is :0.1726
2025-05-17 19:46:25 - INFO - val accuarcy is : 0.3647
2025-05-17 19:46:25 - INFO - VAL loss :3.2350
2025-05-17 19:46:41 - INFO - fold number:1
2025-05-17 19:49:03 - INFO - epoch:0/45 iteration:0/38 batch loss is :0.1645
2025-05-17 19:49:03 - INFO - the acc is :1.0
2025-05-17 19:49:14 - INFO - epoch:0/45 iteration:5/38 batch loss is :0.6107
2025-05-17 19:49:14 - INFO - the acc is :0.875
2025-05-17 19:49:26 - INFO - epoch:0/45 iteration:10/38 batch loss is :0.5166
2025-05-17 19:49:26 - INFO - the acc is :0.9375
2025-05-17 19:49:37 - INFO - epoch:0/45 iteration:15/38 batch loss is :0.1835
2025-05-17 19:49:37 - INFO - the acc is :1.0
2025-05-17 19:49:52 - INFO - epoch:0/45 iteration:20/38 batch loss is :0.5471
2025-05-17 19:49:52 - INFO - the acc is :0.8125
2025-05-17 19:49:58 - INFO - epoch:0/45 iteration:25/38 batch loss is :0.1870
2025-05-17 19:49:58 - INFO - the acc is :1.0
2025-05-17 19:50:05 - INFO - epoch:0/45 iteration:30/38 batch loss is :0.4990
2025-05-17 19:50:05 - INFO - the acc is :0.8125
2025-05-17 19:50:10 - INFO - epoch:0/45 iteration:35/38 batch loss is :0.3909
2025-05-17 19:50:10 - INFO - the acc is :0.9375
2025-05-17 19:50:14 - INFO - Epoch:0/45 Loss is :0.3632
2025-05-17 19:52:28 - INFO - val accuarcy is : 0.4841
2025-05-17 19:52:28 - INFO - VAL loss :2.6033
2025-05-17 19:55:04 - INFO - epoch:1/45 iteration:0/38 batch loss is :0.7095
2025-05-17 19:55:04 - INFO - the acc is :0.6875
2025-05-17 19:55:15 - INFO - epoch:1/45 iteration:5/38 batch loss is :0.4565
2025-05-17 19:55:15 - INFO - the acc is :0.9375
2025-05-17 19:55:28 - INFO - epoch:1/45 iteration:10/38 batch loss is :0.2919
2025-05-17 19:55:28 - INFO - the acc is :0.9375
2025-05-17 19:55:40 - INFO - epoch:1/45 iteration:15/38 batch loss is :0.3968
2025-05-17 19:55:40 - INFO - the acc is :0.875
2025-05-17 19:55:48 - INFO - epoch:1/45 iteration:20/38 batch loss is :0.1685
2025-05-17 19:55:48 - INFO - the acc is :1.0
2025-05-17 19:55:54 - INFO - epoch:1/45 iteration:25/38 batch loss is :0.0747
2025-05-17 19:55:54 - INFO - the acc is :1.0
2025-05-17 19:56:01 - INFO - epoch:1/45 iteration:30/38 batch loss is :0.2292
2025-05-17 19:56:01 - INFO - the acc is :1.0
2025-05-17 19:56:07 - INFO - epoch:1/45 iteration:35/38 batch loss is :0.3832
2025-05-17 19:56:07 - INFO - the acc is :0.875
2025-05-17 19:56:11 - INFO - Epoch:1/45 Loss is :0.3645
2025-05-17 19:58:33 - INFO - epoch:2/45 iteration:0/38 batch loss is :0.1825
2025-05-17 19:58:33 - INFO - the acc is :0.9375
2025-05-17 19:58:46 - INFO - epoch:2/45 iteration:5/38 batch loss is :0.2876
2025-05-17 19:58:46 - INFO - the acc is :0.9375
2025-05-17 19:59:00 - INFO - epoch:2/45 iteration:10/38 batch loss is :0.0669
2025-05-17 19:59:00 - INFO - the acc is :1.0
2025-05-17 19:59:09 - INFO - epoch:2/45 iteration:15/38 batch loss is :0.4215
2025-05-17 19:59:09 - INFO - the acc is :0.875
2025-05-17 19:59:16 - INFO - epoch:2/45 iteration:20/38 batch loss is :0.3068
2025-05-17 19:59:16 - INFO - the acc is :0.9375
2025-05-17 19:59:23 - INFO - epoch:2/45 iteration:25/38 batch loss is :0.9425
2025-05-17 19:59:23 - INFO - the acc is :0.875
2025-05-17 19:59:29 - INFO - epoch:2/45 iteration:30/38 batch loss is :0.3931
2025-05-17 19:59:29 - INFO - the acc is :0.9375
2025-05-17 19:59:35 - INFO - epoch:2/45 iteration:35/38 batch loss is :0.3784
2025-05-17 19:59:35 - INFO - the acc is :0.75
2025-05-17 19:59:39 - INFO - Epoch:2/45 Loss is :0.3220
2025-05-17 20:01:59 - INFO - epoch:3/45 iteration:0/38 batch loss is :1.6203
2025-05-17 20:01:59 - INFO - the acc is :0.8125
2025-05-17 20:02:12 - INFO - epoch:3/45 iteration:5/38 batch loss is :0.4557
2025-05-17 20:02:12 - INFO - the acc is :0.9375
2025-05-17 20:02:25 - INFO - epoch:3/45 iteration:10/38 batch loss is :0.2168
2025-05-17 20:02:25 - INFO - the acc is :0.9375
2025-05-17 20:02:36 - INFO - epoch:3/45 iteration:15/38 batch loss is :0.3012
2025-05-17 20:02:36 - INFO - the acc is :0.9375
2025-05-17 20:02:43 - INFO - epoch:3/45 iteration:20/38 batch loss is :0.2151
2025-05-17 20:02:43 - INFO - the acc is :1.0
2025-05-17 20:02:50 - INFO - epoch:3/45 iteration:25/38 batch loss is :0.2192
2025-05-17 20:02:50 - INFO - the acc is :1.0
2025-05-17 20:02:57 - INFO - epoch:3/45 iteration:30/38 batch loss is :0.2787
2025-05-17 20:02:57 - INFO - the acc is :0.9375
2025-05-17 20:03:02 - INFO - epoch:3/45 iteration:35/38 batch loss is :0.1119
2025-05-17 20:03:02 - INFO - the acc is :1.0
2025-05-17 20:03:06 - INFO - Epoch:3/45 Loss is :0.3879
2025-05-17 20:05:28 - INFO - epoch:4/45 iteration:0/38 batch loss is :0.4896
2025-05-17 20:05:28 - INFO - the acc is :0.9375
2025-05-17 20:05:43 - INFO - epoch:4/45 iteration:5/38 batch loss is :0.3925
2025-05-17 20:05:43 - INFO - the acc is :0.875
2025-05-17 20:05:57 - INFO - epoch:4/45 iteration:10/38 batch loss is :0.7938
2025-05-17 20:05:57 - INFO - the acc is :0.875
2025-05-17 20:06:06 - INFO - epoch:4/45 iteration:15/38 batch loss is :0.2658
2025-05-17 20:06:06 - INFO - the acc is :0.875
2025-05-17 20:06:13 - INFO - epoch:4/45 iteration:20/38 batch loss is :0.4986
2025-05-17 20:06:13 - INFO - the acc is :0.875
2025-05-17 20:06:20 - INFO - epoch:4/45 iteration:25/38 batch loss is :0.1901
2025-05-17 20:06:20 - INFO - the acc is :0.9375
2025-05-17 20:06:26 - INFO - epoch:4/45 iteration:30/38 batch loss is :0.5989
2025-05-17 20:06:26 - INFO - the acc is :0.75
2025-05-17 20:06:32 - INFO - epoch:4/45 iteration:35/38 batch loss is :0.2934
2025-05-17 20:06:32 - INFO - the acc is :0.9375
2025-05-17 20:06:36 - INFO - Epoch:4/45 Loss is :0.3833
2025-05-17 20:09:23 - INFO - epoch:5/45 iteration:0/38 batch loss is :0.7718
2025-05-17 20:09:23 - INFO - the acc is :0.9375
2025-05-17 20:09:30 - INFO - epoch:5/45 iteration:5/38 batch loss is :0.3630
2025-05-17 20:09:30 - INFO - the acc is :0.9375
2025-05-17 20:09:37 - INFO - epoch:5/45 iteration:10/38 batch loss is :0.3634
2025-05-17 20:09:37 - INFO - the acc is :0.9375
2025-05-17 20:09:44 - INFO - epoch:5/45 iteration:15/38 batch loss is :0.1798
2025-05-17 20:09:44 - INFO - the acc is :0.9375
2025-05-17 20:10:26 - INFO - epoch:5/45 iteration:20/38 batch loss is :0.1414
2025-05-17 20:10:26 - INFO - the acc is :1.0
2025-05-17 20:10:32 - INFO - epoch:5/45 iteration:25/38 batch loss is :0.3515
2025-05-17 20:10:32 - INFO - the acc is :0.9375
2025-05-17 20:10:39 - INFO - epoch:5/45 iteration:30/38 batch loss is :0.8803
2025-05-17 20:10:39 - INFO - the acc is :0.6875
2025-05-17 20:11:01 - INFO - epoch:5/45 iteration:35/38 batch loss is :0.1983
2025-05-17 20:11:01 - INFO - the acc is :0.875
2025-05-17 20:11:05 - INFO - Epoch:5/45 Loss is :0.3859
2025-05-17 20:13:35 - INFO - val accuarcy is : 0.4708
2025-05-17 20:13:35 - INFO - VAL loss :2.6346
2025-05-17 20:16:11 - INFO - epoch:6/45 iteration:0/38 batch loss is :0.2509
2025-05-17 20:16:11 - INFO - the acc is :0.875
2025-05-17 20:16:25 - INFO - epoch:6/45 iteration:5/38 batch loss is :0.4155
2025-05-17 20:16:25 - INFO - the acc is :0.8125
2025-05-17 20:16:39 - INFO - epoch:6/45 iteration:10/38 batch loss is :0.7811
2025-05-17 20:16:39 - INFO - the acc is :0.9375
2025-05-17 20:16:50 - INFO - epoch:6/45 iteration:15/38 batch loss is :0.4185
2025-05-17 20:16:50 - INFO - the acc is :0.9375
2025-05-17 20:16:57 - INFO - epoch:6/45 iteration:20/38 batch loss is :0.2083
2025-05-17 20:16:57 - INFO - the acc is :1.0
2025-05-17 20:17:03 - INFO - epoch:6/45 iteration:25/38 batch loss is :0.2535
2025-05-17 20:17:03 - INFO - the acc is :1.0
2025-05-17 20:17:10 - INFO - epoch:6/45 iteration:30/38 batch loss is :0.2937
2025-05-17 20:17:10 - INFO - the acc is :0.9375
2025-05-17 20:17:15 - INFO - epoch:6/45 iteration:35/38 batch loss is :0.4124
2025-05-17 20:17:15 - INFO - the acc is :0.875
2025-05-17 20:17:19 - INFO - Epoch:6/45 Loss is :0.4106
2025-05-17 20:19:39 - INFO - epoch:7/45 iteration:0/38 batch loss is :0.2314
2025-05-17 20:19:39 - INFO - the acc is :1.0
2025-05-17 20:19:50 - INFO - epoch:7/45 iteration:5/38 batch loss is :0.3071
2025-05-17 20:19:50 - INFO - the acc is :0.875
2025-05-17 20:20:02 - INFO - epoch:7/45 iteration:10/38 batch loss is :0.3636
2025-05-17 20:20:02 - INFO - the acc is :0.75
2025-05-17 20:20:13 - INFO - epoch:7/45 iteration:15/38 batch loss is :0.3565
2025-05-17 20:20:13 - INFO - the acc is :0.875
2025-05-17 20:20:26 - INFO - epoch:7/45 iteration:20/38 batch loss is :0.1453
2025-05-17 20:20:26 - INFO - the acc is :0.9375
2025-05-17 20:20:32 - INFO - epoch:7/45 iteration:25/38 batch loss is :0.4747
2025-05-17 20:20:32 - INFO - the acc is :0.875
2025-05-17 20:20:39 - INFO - epoch:7/45 iteration:30/38 batch loss is :0.0860
2025-05-17 20:20:39 - INFO - the acc is :1.0
2025-05-17 20:20:44 - INFO - epoch:7/45 iteration:35/38 batch loss is :0.3723
2025-05-17 20:20:44 - INFO - the acc is :0.9375
2025-05-17 20:20:48 - INFO - Epoch:7/45 Loss is :0.3461
2025-05-17 20:23:15 - INFO - epoch:8/45 iteration:0/38 batch loss is :0.2905
2025-05-17 20:23:15 - INFO - the acc is :0.875
2025-05-17 20:23:22 - INFO - epoch:8/45 iteration:5/38 batch loss is :0.3079
2025-05-17 20:23:22 - INFO - the acc is :0.9375
2025-05-17 20:23:30 - INFO - epoch:8/45 iteration:10/38 batch loss is :0.1338
2025-05-17 20:23:30 - INFO - the acc is :1.0
2025-05-17 20:23:37 - INFO - epoch:8/45 iteration:15/38 batch loss is :0.2087
2025-05-17 20:23:37 - INFO - the acc is :0.9375
2025-05-17 20:24:19 - INFO - epoch:8/45 iteration:20/38 batch loss is :0.2831
2025-05-17 20:24:19 - INFO - the acc is :0.9375
2025-05-17 20:24:25 - INFO - epoch:8/45 iteration:25/38 batch loss is :0.3115
2025-05-17 20:24:25 - INFO - the acc is :0.9375
2025-05-17 20:24:31 - INFO - epoch:8/45 iteration:30/38 batch loss is :0.3116
2025-05-17 20:24:31 - INFO - the acc is :0.875
2025-05-17 20:24:54 - INFO - epoch:8/45 iteration:35/38 batch loss is :0.1693
2025-05-17 20:24:54 - INFO - the acc is :1.0
2025-05-17 20:24:58 - INFO - Epoch:8/45 Loss is :0.3469
2025-05-17 20:27:42 - INFO - epoch:9/45 iteration:0/38 batch loss is :0.1437
2025-05-17 20:27:42 - INFO - the acc is :1.0
2025-05-17 20:27:49 - INFO - epoch:9/45 iteration:5/38 batch loss is :0.2435
2025-05-17 20:27:49 - INFO - the acc is :0.9375
2025-05-17 20:27:58 - INFO - epoch:9/45 iteration:10/38 batch loss is :0.3642
2025-05-17 20:27:58 - INFO - the acc is :0.875
2025-05-17 20:28:06 - INFO - epoch:9/45 iteration:15/38 batch loss is :0.9974
2025-05-17 20:28:06 - INFO - the acc is :0.8125
2025-05-17 20:28:26 - INFO - epoch:9/45 iteration:20/38 batch loss is :0.3553
2025-05-17 20:28:26 - INFO - the acc is :0.875
2025-05-17 20:28:32 - INFO - epoch:9/45 iteration:25/38 batch loss is :0.1459
2025-05-17 20:28:32 - INFO - the acc is :0.9375
2025-05-17 20:28:39 - INFO - epoch:9/45 iteration:30/38 batch loss is :0.2155
2025-05-17 20:28:39 - INFO - the acc is :1.0
2025-05-17 20:28:48 - INFO - epoch:9/45 iteration:35/38 batch loss is :0.6986
2025-05-17 20:28:48 - INFO - the acc is :0.8125
2025-05-17 20:28:52 - INFO - Epoch:9/45 Loss is :0.3873
2025-05-17 20:31:11 - INFO - epoch:10/45 iteration:0/38 batch loss is :0.5214
2025-05-17 20:31:11 - INFO - the acc is :0.9375
2025-05-17 20:31:26 - INFO - epoch:10/45 iteration:5/38 batch loss is :0.3331
2025-05-17 20:31:26 - INFO - the acc is :0.875
2025-05-17 20:31:40 - INFO - epoch:10/45 iteration:10/38 batch loss is :0.1255
2025-05-17 20:31:40 - INFO - the acc is :1.0
2025-05-17 20:31:50 - INFO - epoch:10/45 iteration:15/38 batch loss is :0.3391
2025-05-17 20:31:50 - INFO - the acc is :0.875
2025-05-17 20:31:57 - INFO - epoch:10/45 iteration:20/38 batch loss is :0.0953
2025-05-17 20:31:57 - INFO - the acc is :1.0
2025-05-17 20:32:04 - INFO - epoch:10/45 iteration:25/38 batch loss is :0.1815
2025-05-17 20:32:04 - INFO - the acc is :0.9375
2025-05-17 20:32:10 - INFO - epoch:10/45 iteration:30/38 batch loss is :0.3424
2025-05-17 20:32:10 - INFO - the acc is :0.9375
2025-05-17 20:32:16 - INFO - epoch:10/45 iteration:35/38 batch loss is :0.6055
2025-05-17 20:32:16 - INFO - the acc is :0.875
2025-05-17 20:32:20 - INFO - Epoch:10/45 Loss is :0.3671
2025-05-17 20:34:50 - INFO - val accuarcy is : 0.4775
2025-05-17 20:34:50 - INFO - VAL loss :2.3938
2025-05-17 20:37:24 - INFO - epoch:11/45 iteration:0/38 batch loss is :0.2970
2025-05-17 20:37:24 - INFO - the acc is :0.875
2025-05-17 20:37:34 - INFO - epoch:11/45 iteration:5/38 batch loss is :0.3564
2025-05-17 20:37:34 - INFO - the acc is :0.875
2025-05-17 20:37:45 - INFO - epoch:11/45 iteration:10/38 batch loss is :0.2073
2025-05-17 20:37:45 - INFO - the acc is :0.9375
2025-05-17 20:37:55 - INFO - epoch:11/45 iteration:15/38 batch loss is :0.2960
2025-05-17 20:37:55 - INFO - the acc is :0.9375
2025-05-17 20:38:13 - INFO - epoch:11/45 iteration:20/38 batch loss is :0.1178
2025-05-17 20:38:13 - INFO - the acc is :1.0
2025-05-17 20:38:19 - INFO - epoch:11/45 iteration:25/38 batch loss is :0.6706
2025-05-17 20:38:19 - INFO - the acc is :0.875
2025-05-17 20:38:25 - INFO - epoch:11/45 iteration:30/38 batch loss is :0.6542
2025-05-17 20:38:25 - INFO - the acc is :0.8125
2025-05-17 20:38:48 - INFO - epoch:11/45 iteration:35/38 batch loss is :0.2212
2025-05-17 20:38:48 - INFO - the acc is :0.9375
2025-05-17 20:38:52 - INFO - Epoch:11/45 Loss is :0.3798
2025-05-17 20:41:30 - INFO - epoch:12/45 iteration:0/38 batch loss is :0.1526
2025-05-17 20:41:30 - INFO - the acc is :0.9375
2025-05-17 20:41:44 - INFO - epoch:12/45 iteration:5/38 batch loss is :0.2543
2025-05-17 20:41:44 - INFO - the acc is :0.8125
2025-05-17 20:41:52 - INFO - epoch:12/45 iteration:10/38 batch loss is :0.2284
2025-05-17 20:41:52 - INFO - the acc is :0.9375
2025-05-17 20:42:00 - INFO - epoch:12/45 iteration:15/38 batch loss is :0.1628
2025-05-17 20:42:00 - INFO - the acc is :1.0
2025-05-17 20:42:34 - INFO - epoch:12/45 iteration:20/38 batch loss is :0.2603
2025-05-17 20:42:34 - INFO - the acc is :0.875
2025-05-17 20:42:40 - INFO - epoch:12/45 iteration:25/38 batch loss is :0.3257
2025-05-17 20:42:40 - INFO - the acc is :0.875
2025-05-17 20:42:46 - INFO - epoch:12/45 iteration:30/38 batch loss is :0.3880
2025-05-17 20:42:46 - INFO - the acc is :0.9375
2025-05-17 20:43:06 - INFO - epoch:12/45 iteration:35/38 batch loss is :0.4084
2025-05-17 20:43:06 - INFO - the acc is :0.875
2025-05-17 20:43:10 - INFO - Epoch:12/45 Loss is :0.3515
2025-05-17 20:45:30 - INFO - epoch:13/45 iteration:0/38 batch loss is :0.4658
2025-05-17 20:45:30 - INFO - the acc is :0.8125
2025-05-17 20:45:40 - INFO - epoch:13/45 iteration:5/38 batch loss is :0.2315
2025-05-17 20:45:40 - INFO - the acc is :0.9375
2025-05-17 20:45:50 - INFO - epoch:13/45 iteration:10/38 batch loss is :0.2169
2025-05-17 20:45:50 - INFO - the acc is :0.9375
2025-05-17 20:46:02 - INFO - epoch:13/45 iteration:15/38 batch loss is :0.5395
2025-05-17 20:46:02 - INFO - the acc is :0.8125
2025-05-17 20:46:16 - INFO - epoch:13/45 iteration:20/38 batch loss is :0.9078
2025-05-17 20:46:16 - INFO - the acc is :0.6875
2025-05-17 20:46:22 - INFO - epoch:13/45 iteration:25/38 batch loss is :0.5205
2025-05-17 20:46:22 - INFO - the acc is :0.9375
2025-05-17 20:46:29 - INFO - epoch:13/45 iteration:30/38 batch loss is :0.3773
2025-05-17 20:46:29 - INFO - the acc is :0.8125
2025-05-17 20:46:34 - INFO - epoch:13/45 iteration:35/38 batch loss is :0.4588
2025-05-17 20:46:34 - INFO - the acc is :0.875
2025-05-17 20:46:39 - INFO - Epoch:13/45 Loss is :0.3494
2025-05-17 20:49:00 - INFO - epoch:14/45 iteration:0/38 batch loss is :0.2435
2025-05-17 20:49:00 - INFO - the acc is :0.9375
2025-05-17 20:49:12 - INFO - epoch:14/45 iteration:5/38 batch loss is :0.0830
2025-05-17 20:49:12 - INFO - the acc is :1.0
2025-05-17 20:49:26 - INFO - epoch:14/45 iteration:10/38 batch loss is :0.3780
2025-05-17 20:49:26 - INFO - the acc is :0.875
2025-05-17 20:49:37 - INFO - epoch:14/45 iteration:15/38 batch loss is :0.1769
2025-05-17 20:49:37 - INFO - the acc is :1.0
2025-05-17 20:49:44 - INFO - epoch:14/45 iteration:20/38 batch loss is :0.0960
2025-05-17 20:49:44 - INFO - the acc is :1.0
2025-05-17 20:49:51 - INFO - epoch:14/45 iteration:25/38 batch loss is :1.0257
2025-05-17 20:49:51 - INFO - the acc is :0.875
2025-05-17 20:49:58 - INFO - epoch:14/45 iteration:30/38 batch loss is :0.2457
2025-05-17 20:49:58 - INFO - the acc is :0.875
2025-05-17 20:50:03 - INFO - epoch:14/45 iteration:35/38 batch loss is :0.4213
2025-05-17 20:50:03 - INFO - the acc is :0.9375
2025-05-17 20:50:07 - INFO - Epoch:14/45 Loss is :0.3565
2025-05-17 20:52:29 - INFO - epoch:15/45 iteration:0/38 batch loss is :0.1476
2025-05-17 20:52:29 - INFO - the acc is :1.0
2025-05-17 20:52:42 - INFO - epoch:15/45 iteration:5/38 batch loss is :0.1103
2025-05-17 20:52:42 - INFO - the acc is :1.0
2025-05-17 20:52:55 - INFO - epoch:15/45 iteration:10/38 batch loss is :0.3917
2025-05-17 20:52:55 - INFO - the acc is :0.8125
2025-05-17 20:53:04 - INFO - epoch:15/45 iteration:15/38 batch loss is :0.1460
2025-05-17 20:53:04 - INFO - the acc is :0.9375
2025-05-17 20:53:17 - INFO - epoch:15/45 iteration:20/38 batch loss is :0.3400
2025-05-17 20:53:17 - INFO - the acc is :0.875
2025-05-17 20:53:24 - INFO - epoch:15/45 iteration:25/38 batch loss is :0.8146
2025-05-17 20:53:24 - INFO - the acc is :0.9375
2025-05-17 20:53:30 - INFO - epoch:15/45 iteration:30/38 batch loss is :0.1907
2025-05-17 20:53:30 - INFO - the acc is :0.9375
2025-05-17 20:53:51 - INFO - epoch:15/45 iteration:35/38 batch loss is :0.2313
2025-05-17 20:53:51 - INFO - the acc is :0.9375
2025-05-17 20:53:55 - INFO - Epoch:15/45 Loss is :0.3546
2025-05-17 20:56:35 - INFO - val accuarcy is : 0.4708
2025-05-17 20:56:35 - INFO - VAL loss :2.6743
2025-05-17 20:59:28 - INFO - epoch:16/45 iteration:0/38 batch loss is :0.3354
2025-05-17 20:59:28 - INFO - the acc is :0.875
2025-05-17 20:59:35 - INFO - epoch:16/45 iteration:5/38 batch loss is :0.2182
2025-05-17 20:59:35 - INFO - the acc is :1.0
2025-05-17 20:59:42 - INFO - epoch:16/45 iteration:10/38 batch loss is :0.2517
2025-05-17 20:59:42 - INFO - the acc is :0.9375
2025-05-17 20:59:50 - INFO - epoch:16/45 iteration:15/38 batch loss is :0.2645
2025-05-17 20:59:50 - INFO - the acc is :0.9375
2025-05-17 21:00:26 - INFO - epoch:16/45 iteration:20/38 batch loss is :0.1203
2025-05-17 21:00:26 - INFO - the acc is :1.0
2025-05-17 21:00:32 - INFO - epoch:16/45 iteration:25/38 batch loss is :0.3158
2025-05-17 21:00:32 - INFO - the acc is :0.8125
2025-05-17 21:00:39 - INFO - epoch:16/45 iteration:30/38 batch loss is :0.9648
2025-05-17 21:00:39 - INFO - the acc is :0.9375
2025-05-17 21:00:59 - INFO - epoch:16/45 iteration:35/38 batch loss is :0.1992
2025-05-17 21:00:59 - INFO - the acc is :1.0
2025-05-17 21:01:03 - INFO - Epoch:16/45 Loss is :0.3595
2025-05-17 21:03:24 - INFO - epoch:17/45 iteration:0/38 batch loss is :0.8796
2025-05-17 21:03:24 - INFO - the acc is :0.8125
2025-05-17 21:03:35 - INFO - epoch:17/45 iteration:5/38 batch loss is :0.1662
2025-05-17 21:03:35 - INFO - the acc is :1.0
2025-05-17 21:03:50 - INFO - epoch:17/45 iteration:10/38 batch loss is :0.2625
2025-05-17 21:03:50 - INFO - the acc is :0.9375
2025-05-17 21:04:02 - INFO - epoch:17/45 iteration:15/38 batch loss is :0.2106
2025-05-17 21:04:02 - INFO - the acc is :0.9375
2025-05-17 21:04:09 - INFO - epoch:17/45 iteration:20/38 batch loss is :0.1785
2025-05-17 21:04:09 - INFO - the acc is :1.0
2025-05-17 21:04:16 - INFO - epoch:17/45 iteration:25/38 batch loss is :0.3447
2025-05-17 21:04:16 - INFO - the acc is :0.9375
2025-05-17 21:04:22 - INFO - epoch:17/45 iteration:30/38 batch loss is :0.2466
2025-05-17 21:04:22 - INFO - the acc is :0.8125
2025-05-17 21:04:28 - INFO - epoch:17/45 iteration:35/38 batch loss is :0.3339
2025-05-17 21:04:28 - INFO - the acc is :0.8125
2025-05-17 21:04:32 - INFO - Epoch:17/45 Loss is :0.3548
2025-05-17 21:06:58 - INFO - epoch:18/45 iteration:0/38 batch loss is :0.1652
2025-05-17 21:06:58 - INFO - the acc is :0.9375
2025-05-17 21:07:12 - INFO - epoch:18/45 iteration:5/38 batch loss is :0.1916
2025-05-17 21:07:12 - INFO - the acc is :1.0
2025-05-17 21:07:25 - INFO - epoch:18/45 iteration:10/38 batch loss is :0.4868
2025-05-17 21:07:25 - INFO - the acc is :0.875
2025-05-17 21:07:37 - INFO - epoch:18/45 iteration:15/38 batch loss is :0.2302
2025-05-17 21:07:37 - INFO - the acc is :0.9375
2025-05-17 21:07:45 - INFO - epoch:18/45 iteration:20/38 batch loss is :0.5412
2025-05-17 21:07:45 - INFO - the acc is :0.8125
2025-05-17 21:07:52 - INFO - epoch:18/45 iteration:25/38 batch loss is :0.1162
2025-05-17 21:07:52 - INFO - the acc is :0.9375
2025-05-17 21:07:59 - INFO - epoch:18/45 iteration:30/38 batch loss is :0.3672
2025-05-17 21:07:59 - INFO - the acc is :0.875
2025-05-17 21:08:05 - INFO - epoch:18/45 iteration:35/38 batch loss is :0.2181
2025-05-17 21:08:05 - INFO - the acc is :0.9375
2025-05-17 21:08:09 - INFO - Epoch:18/45 Loss is :0.3771
2025-05-17 21:10:57 - INFO - epoch:19/45 iteration:0/38 batch loss is :0.1481
2025-05-17 21:10:57 - INFO - the acc is :0.9375
2025-05-17 21:11:04 - INFO - epoch:19/45 iteration:5/38 batch loss is :0.3875
2025-05-17 21:11:04 - INFO - the acc is :0.8125
2025-05-17 21:11:12 - INFO - epoch:19/45 iteration:10/38 batch loss is :0.4559
2025-05-17 21:11:12 - INFO - the acc is :0.8125
2025-05-17 21:11:19 - INFO - epoch:19/45 iteration:15/38 batch loss is :0.2090
2025-05-17 21:11:19 - INFO - the acc is :1.0
2025-05-17 21:12:00 - INFO - epoch:19/45 iteration:20/38 batch loss is :0.2077
2025-05-17 21:12:00 - INFO - the acc is :0.9375
2025-05-17 21:12:06 - INFO - epoch:19/45 iteration:25/38 batch loss is :0.1365
2025-05-17 21:12:06 - INFO - the acc is :1.0
2025-05-17 21:12:12 - INFO - epoch:19/45 iteration:30/38 batch loss is :0.3669
2025-05-17 21:12:12 - INFO - the acc is :0.875
2025-05-17 21:12:35 - INFO - epoch:19/45 iteration:35/38 batch loss is :0.6522
2025-05-17 21:12:35 - INFO - the acc is :0.875
2025-05-17 21:12:39 - INFO - Epoch:19/45 Loss is :0.3604
2025-05-17 21:15:00 - INFO - epoch:20/45 iteration:0/38 batch loss is :0.1769
2025-05-17 21:15:00 - INFO - the acc is :0.9375
2025-05-17 21:15:14 - INFO - epoch:20/45 iteration:5/38 batch loss is :0.2433
2025-05-17 21:15:14 - INFO - the acc is :1.0
2025-05-17 21:15:27 - INFO - epoch:20/45 iteration:10/38 batch loss is :0.3832
2025-05-17 21:15:27 - INFO - the acc is :0.875
2025-05-17 21:15:39 - INFO - epoch:20/45 iteration:15/38 batch loss is :0.3951
2025-05-17 21:15:39 - INFO - the acc is :0.8125
2025-05-17 21:15:47 - INFO - epoch:20/45 iteration:20/38 batch loss is :0.1385
2025-05-17 21:15:47 - INFO - the acc is :0.9375
2025-05-17 21:15:53 - INFO - epoch:20/45 iteration:25/38 batch loss is :0.4008
2025-05-17 21:15:53 - INFO - the acc is :0.9375
2025-05-17 21:16:00 - INFO - epoch:20/45 iteration:30/38 batch loss is :0.2922
2025-05-17 21:16:00 - INFO - the acc is :0.875
2025-05-17 21:16:05 - INFO - epoch:20/45 iteration:35/38 batch loss is :0.2632
2025-05-17 21:16:05 - INFO - the acc is :0.875
2025-05-17 21:16:09 - INFO - Epoch:20/45 Loss is :0.3714
2025-05-17 21:18:40 - INFO - val accuarcy is : 0.4841
2025-05-17 21:18:40 - INFO - VAL loss :2.3674
2025-05-17 21:21:18 - INFO - epoch:21/45 iteration:0/38 batch loss is :0.3054
2025-05-17 21:21:18 - INFO - the acc is :0.9375
2025-05-17 21:21:29 - INFO - epoch:21/45 iteration:5/38 batch loss is :0.5138
2025-05-17 21:21:29 - INFO - the acc is :0.875
2025-05-17 21:21:41 - INFO - epoch:21/45 iteration:10/38 batch loss is :0.5721
2025-05-17 21:21:41 - INFO - the acc is :0.875
2025-05-17 21:21:52 - INFO - epoch:21/45 iteration:15/38 batch loss is :0.2719
2025-05-17 21:21:52 - INFO - the acc is :0.9375
2025-05-17 21:22:01 - INFO - epoch:21/45 iteration:20/38 batch loss is :0.3426
2025-05-17 21:22:01 - INFO - the acc is :0.875
2025-05-17 21:22:08 - INFO - epoch:21/45 iteration:25/38 batch loss is :0.1262
2025-05-17 21:22:08 - INFO - the acc is :1.0
2025-05-17 21:22:15 - INFO - epoch:21/45 iteration:30/38 batch loss is :0.2057
2025-05-17 21:22:15 - INFO - the acc is :0.9375
2025-05-17 21:22:20 - INFO - epoch:21/45 iteration:35/38 batch loss is :0.7163
2025-05-17 21:22:20 - INFO - the acc is :0.8125
2025-05-17 21:22:24 - INFO - Epoch:21/45 Loss is :0.3397
2025-05-17 21:25:13 - INFO - epoch:22/45 iteration:0/38 batch loss is :0.0934
2025-05-17 21:25:13 - INFO - the acc is :1.0
2025-05-17 21:25:20 - INFO - epoch:22/45 iteration:5/38 batch loss is :0.5314
2025-05-17 21:25:20 - INFO - the acc is :0.875
2025-05-17 21:25:28 - INFO - epoch:22/45 iteration:10/38 batch loss is :0.0990
2025-05-17 21:25:28 - INFO - the acc is :1.0
2025-05-17 21:25:35 - INFO - epoch:22/45 iteration:15/38 batch loss is :0.5737
2025-05-17 21:25:35 - INFO - the acc is :0.875
2025-05-17 21:26:17 - INFO - epoch:22/45 iteration:20/38 batch loss is :0.1237
2025-05-17 21:26:17 - INFO - the acc is :1.0
2025-05-17 21:26:24 - INFO - epoch:22/45 iteration:25/38 batch loss is :0.5339
2025-05-17 21:26:24 - INFO - the acc is :0.875
2025-05-17 21:26:30 - INFO - epoch:22/45 iteration:30/38 batch loss is :0.1932
2025-05-17 21:26:30 - INFO - the acc is :0.9375
2025-05-17 21:26:53 - INFO - epoch:22/45 iteration:35/38 batch loss is :1.0674
2025-05-17 21:26:53 - INFO - the acc is :0.75
2025-05-17 21:26:57 - INFO - Epoch:22/45 Loss is :0.3438
2025-05-17 21:29:18 - INFO - epoch:23/45 iteration:0/38 batch loss is :0.1657
2025-05-17 21:29:18 - INFO - the acc is :0.9375
2025-05-17 21:29:31 - INFO - epoch:23/45 iteration:5/38 batch loss is :0.2325
2025-05-17 21:29:31 - INFO - the acc is :0.9375
2025-05-17 21:29:46 - INFO - epoch:23/45 iteration:10/38 batch loss is :0.1193
2025-05-17 21:29:46 - INFO - the acc is :1.0
2025-05-17 21:29:56 - INFO - epoch:23/45 iteration:15/38 batch loss is :0.3772
2025-05-17 21:29:56 - INFO - the acc is :0.9375
2025-05-17 21:30:03 - INFO - epoch:23/45 iteration:20/38 batch loss is :1.3260
2025-05-17 21:30:03 - INFO - the acc is :0.9375
2025-05-17 21:30:10 - INFO - epoch:23/45 iteration:25/38 batch loss is :0.0971
2025-05-17 21:30:10 - INFO - the acc is :1.0
2025-05-17 21:30:16 - INFO - epoch:23/45 iteration:30/38 batch loss is :0.3457
2025-05-17 21:30:16 - INFO - the acc is :0.875
2025-05-17 21:30:22 - INFO - epoch:23/45 iteration:35/38 batch loss is :0.3460
2025-05-17 21:30:22 - INFO - the acc is :0.9375
2025-05-17 21:30:26 - INFO - Epoch:23/45 Loss is :0.3519
2025-05-17 21:32:47 - INFO - epoch:24/45 iteration:0/38 batch loss is :0.1718
2025-05-17 21:32:47 - INFO - the acc is :1.0
2025-05-17 21:33:01 - INFO - epoch:24/45 iteration:5/38 batch loss is :0.2162
2025-05-17 21:33:01 - INFO - the acc is :0.9375
2025-05-17 21:33:17 - INFO - epoch:24/45 iteration:10/38 batch loss is :0.2677
2025-05-17 21:33:17 - INFO - the acc is :0.9375
2025-05-17 21:33:27 - INFO - epoch:24/45 iteration:15/38 batch loss is :0.2039
2025-05-17 21:33:27 - INFO - the acc is :1.0
2025-05-17 21:33:34 - INFO - epoch:24/45 iteration:20/38 batch loss is :0.3551
2025-05-17 21:33:34 - INFO - the acc is :0.9375
2025-05-17 21:33:41 - INFO - epoch:24/45 iteration:25/38 batch loss is :0.1737
2025-05-17 21:33:41 - INFO - the acc is :1.0
2025-05-17 21:33:47 - INFO - epoch:24/45 iteration:30/38 batch loss is :0.1331
2025-05-17 21:33:47 - INFO - the acc is :1.0
2025-05-17 21:33:53 - INFO - epoch:24/45 iteration:35/38 batch loss is :0.4405
2025-05-17 21:33:53 - INFO - the acc is :0.8125
2025-05-17 21:33:57 - INFO - Epoch:24/45 Loss is :0.3427
2025-05-17 21:36:20 - INFO - epoch:25/45 iteration:0/38 batch loss is :0.1992
2025-05-17 21:36:20 - INFO - the acc is :0.9375
2025-05-17 21:36:37 - INFO - epoch:25/45 iteration:5/38 batch loss is :0.4734
2025-05-17 21:36:37 - INFO - the acc is :0.8125
2025-05-17 21:36:50 - INFO - epoch:25/45 iteration:10/38 batch loss is :0.2532
2025-05-17 21:36:50 - INFO - the acc is :1.0
2025-05-17 21:36:59 - INFO - epoch:25/45 iteration:15/38 batch loss is :0.4129
2025-05-17 21:36:59 - INFO - the acc is :0.875
2025-05-17 21:37:06 - INFO - epoch:25/45 iteration:20/38 batch loss is :0.2379
2025-05-17 21:37:06 - INFO - the acc is :0.9375
2025-05-17 21:37:12 - INFO - epoch:25/45 iteration:25/38 batch loss is :0.2526
2025-05-17 21:37:12 - INFO - the acc is :0.9375
2025-05-17 21:37:19 - INFO - epoch:25/45 iteration:30/38 batch loss is :0.1634
2025-05-17 21:37:19 - INFO - the acc is :0.9375
2025-05-17 21:37:24 - INFO - epoch:25/45 iteration:35/38 batch loss is :0.1704
2025-05-17 21:37:24 - INFO - the acc is :1.0
2025-05-17 21:37:28 - INFO - Epoch:25/45 Loss is :0.3662
2025-05-17 21:40:08 - INFO - val accuarcy is : 0.4642
2025-05-17 21:40:08 - INFO - VAL loss :2.4940
2025-05-17 21:43:03 - INFO - epoch:26/45 iteration:0/38 batch loss is :0.1123
2025-05-17 21:43:03 - INFO - the acc is :1.0
2025-05-17 21:43:11 - INFO - epoch:26/45 iteration:5/38 batch loss is :0.1561
2025-05-17 21:43:11 - INFO - the acc is :0.9375
2025-05-17 21:43:18 - INFO - epoch:26/45 iteration:10/38 batch loss is :1.6131
2025-05-17 21:43:18 - INFO - the acc is :0.875
2025-05-17 21:43:26 - INFO - epoch:26/45 iteration:15/38 batch loss is :0.1922
2025-05-17 21:43:26 - INFO - the acc is :0.9375
2025-05-17 21:44:07 - INFO - epoch:26/45 iteration:20/38 batch loss is :0.3266
2025-05-17 21:44:07 - INFO - the acc is :0.875
2025-05-17 21:44:13 - INFO - epoch:26/45 iteration:25/38 batch loss is :0.2229
2025-05-17 21:44:13 - INFO - the acc is :1.0
2025-05-17 21:44:20 - INFO - epoch:26/45 iteration:30/38 batch loss is :0.8759
2025-05-17 21:44:20 - INFO - the acc is :0.75
2025-05-17 21:44:42 - INFO - epoch:26/45 iteration:35/38 batch loss is :0.2408
2025-05-17 21:44:42 - INFO - the acc is :0.875
2025-05-17 21:44:46 - INFO - Epoch:26/45 Loss is :0.4052
2025-05-17 21:47:04 - INFO - epoch:27/45 iteration:0/38 batch loss is :0.3231
2025-05-17 21:47:04 - INFO - the acc is :0.875
2025-05-17 21:47:15 - INFO - epoch:27/45 iteration:5/38 batch loss is :0.2814
2025-05-17 21:47:15 - INFO - the acc is :0.9375
2025-05-17 21:47:28 - INFO - epoch:27/45 iteration:10/38 batch loss is :0.0936
2025-05-17 21:47:28 - INFO - the acc is :1.0
2025-05-17 21:47:38 - INFO - epoch:27/45 iteration:15/38 batch loss is :0.3785
2025-05-17 21:47:38 - INFO - the acc is :0.8125
2025-05-17 21:47:50 - INFO - epoch:27/45 iteration:20/38 batch loss is :0.2239
2025-05-17 21:47:50 - INFO - the acc is :0.875
2025-05-17 21:47:56 - INFO - epoch:27/45 iteration:25/38 batch loss is :0.3738
2025-05-17 21:47:56 - INFO - the acc is :0.9375
2025-05-17 21:48:03 - INFO - epoch:27/45 iteration:30/38 batch loss is :0.4987
2025-05-17 21:48:03 - INFO - the acc is :0.8125
2025-05-17 21:48:09 - INFO - epoch:27/45 iteration:35/38 batch loss is :0.3571
2025-05-17 21:48:09 - INFO - the acc is :0.875
2025-05-17 21:48:13 - INFO - Epoch:27/45 Loss is :0.3591
2025-05-17 21:50:32 - INFO - epoch:28/45 iteration:0/38 batch loss is :0.7350
2025-05-17 21:50:32 - INFO - the acc is :0.875
2025-05-17 21:50:45 - INFO - epoch:28/45 iteration:5/38 batch loss is :0.3066
2025-05-17 21:50:45 - INFO - the acc is :0.9375
2025-05-17 21:50:59 - INFO - epoch:28/45 iteration:10/38 batch loss is :0.4960
2025-05-17 21:50:59 - INFO - the acc is :0.875
2025-05-17 21:51:11 - INFO - epoch:28/45 iteration:15/38 batch loss is :0.2855
2025-05-17 21:51:11 - INFO - the acc is :1.0
2025-05-17 21:51:18 - INFO - epoch:28/45 iteration:20/38 batch loss is :0.1672
2025-05-17 21:51:18 - INFO - the acc is :1.0
2025-05-17 21:51:25 - INFO - epoch:28/45 iteration:25/38 batch loss is :0.4327
2025-05-17 21:51:25 - INFO - the acc is :0.9375
2025-05-17 21:51:31 - INFO - epoch:28/45 iteration:30/38 batch loss is :0.1850
2025-05-17 21:51:31 - INFO - the acc is :0.9375
2025-05-17 21:51:37 - INFO - epoch:28/45 iteration:35/38 batch loss is :0.3448
2025-05-17 21:51:37 - INFO - the acc is :0.875
2025-05-17 21:51:41 - INFO - Epoch:28/45 Loss is :0.3747
2025-05-17 21:54:20 - INFO - epoch:29/45 iteration:0/38 batch loss is :0.1962
2025-05-17 21:54:20 - INFO - the acc is :1.0
2025-05-17 21:54:28 - INFO - epoch:29/45 iteration:5/38 batch loss is :0.1447
2025-05-17 21:54:28 - INFO - the acc is :1.0
2025-05-17 21:54:35 - INFO - epoch:29/45 iteration:10/38 batch loss is :0.2024
2025-05-17 21:54:35 - INFO - the acc is :0.875
2025-05-17 21:54:42 - INFO - epoch:29/45 iteration:15/38 batch loss is :0.2797
2025-05-17 21:54:42 - INFO - the acc is :0.9375
2025-05-17 21:55:24 - INFO - epoch:29/45 iteration:20/38 batch loss is :0.3622
2025-05-17 21:55:24 - INFO - the acc is :0.875
2025-05-17 21:55:30 - INFO - epoch:29/45 iteration:25/38 batch loss is :0.1393
2025-05-17 21:55:30 - INFO - the acc is :1.0
2025-05-17 21:55:36 - INFO - epoch:29/45 iteration:30/38 batch loss is :0.4351
2025-05-17 21:55:36 - INFO - the acc is :0.875
2025-05-17 21:55:59 - INFO - epoch:29/45 iteration:35/38 batch loss is :0.2551
2025-05-17 21:55:59 - INFO - the acc is :0.9375
2025-05-17 21:56:03 - INFO - Epoch:29/45 Loss is :0.3452
2025-05-17 21:58:32 - INFO - epoch:30/45 iteration:0/38 batch loss is :0.1742
2025-05-17 21:58:32 - INFO - the acc is :1.0
2025-05-17 21:58:43 - INFO - epoch:30/45 iteration:5/38 batch loss is :0.3721
2025-05-17 21:58:43 - INFO - the acc is :0.875
2025-05-17 21:58:56 - INFO - epoch:30/45 iteration:10/38 batch loss is :0.3792
2025-05-17 21:58:56 - INFO - the acc is :0.875
2025-05-17 21:59:08 - INFO - epoch:30/45 iteration:15/38 batch loss is :0.3093
2025-05-17 21:59:08 - INFO - the acc is :0.875
2025-05-17 21:59:18 - INFO - epoch:30/45 iteration:20/38 batch loss is :0.2254
2025-05-17 21:59:18 - INFO - the acc is :0.9375
2025-05-17 21:59:25 - INFO - epoch:30/45 iteration:25/38 batch loss is :0.5061
2025-05-17 21:59:25 - INFO - the acc is :0.75
2025-05-17 21:59:31 - INFO - epoch:30/45 iteration:30/38 batch loss is :0.2186
2025-05-17 21:59:31 - INFO - the acc is :0.9375
2025-05-17 21:59:37 - INFO - epoch:30/45 iteration:35/38 batch loss is :0.3438
2025-05-17 21:59:37 - INFO - the acc is :0.875
2025-05-17 21:59:41 - INFO - Epoch:30/45 Loss is :0.3364
2025-05-17 22:02:11 - INFO - val accuarcy is : 0.4642
2025-05-17 22:02:11 - INFO - VAL loss :2.5968
2025-05-17 22:04:49 - INFO - epoch:31/45 iteration:0/38 batch loss is :0.8704
2025-05-17 22:04:49 - INFO - the acc is :0.875
2025-05-17 22:05:00 - INFO - epoch:31/45 iteration:5/38 batch loss is :0.2150
2025-05-17 22:05:00 - INFO - the acc is :0.9375
2025-05-17 22:05:11 - INFO - epoch:31/45 iteration:10/38 batch loss is :0.2369
2025-05-17 22:05:11 - INFO - the acc is :1.0
2025-05-17 22:05:22 - INFO - epoch:31/45 iteration:15/38 batch loss is :0.3265
2025-05-17 22:05:22 - INFO - the acc is :0.9375
2025-05-17 22:05:34 - INFO - epoch:31/45 iteration:20/38 batch loss is :0.4369
2025-05-17 22:05:34 - INFO - the acc is :0.875
2025-05-17 22:05:41 - INFO - epoch:31/45 iteration:25/38 batch loss is :0.2327
2025-05-17 22:05:41 - INFO - the acc is :0.875
2025-05-17 22:05:47 - INFO - epoch:31/45 iteration:30/38 batch loss is :0.2050
2025-05-17 22:05:47 - INFO - the acc is :0.9375
2025-05-17 22:05:53 - INFO - epoch:31/45 iteration:35/38 batch loss is :0.0708
2025-05-17 22:05:53 - INFO - the acc is :1.0
2025-05-17 22:05:57 - INFO - Epoch:31/45 Loss is :0.4146
2025-05-17 22:08:16 - INFO - epoch:32/45 iteration:0/38 batch loss is :0.6787
2025-05-17 22:08:16 - INFO - the acc is :0.6875
2025-05-17 22:08:29 - INFO - epoch:32/45 iteration:5/38 batch loss is :0.2629
2025-05-17 22:08:29 - INFO - the acc is :0.9375
2025-05-17 22:08:44 - INFO - epoch:32/45 iteration:10/38 batch loss is :0.6718
2025-05-17 22:08:44 - INFO - the acc is :0.875
2025-05-17 22:08:56 - INFO - epoch:32/45 iteration:15/38 batch loss is :0.2028
2025-05-17 22:08:56 - INFO - the acc is :0.875
2025-05-17 22:09:03 - INFO - epoch:32/45 iteration:20/38 batch loss is :0.7046
2025-05-17 22:09:03 - INFO - the acc is :0.875
2025-05-17 22:09:09 - INFO - epoch:32/45 iteration:25/38 batch loss is :0.2921
2025-05-17 22:09:09 - INFO - the acc is :0.9375
2025-05-17 22:09:16 - INFO - epoch:32/45 iteration:30/38 batch loss is :0.3538
2025-05-17 22:09:16 - INFO - the acc is :0.875
2025-05-17 22:09:21 - INFO - epoch:32/45 iteration:35/38 batch loss is :0.1272
2025-05-17 22:09:21 - INFO - the acc is :0.9375
2025-05-17 22:09:25 - INFO - Epoch:32/45 Loss is :0.3599
2025-05-17 22:11:43 - INFO - epoch:33/45 iteration:0/38 batch loss is :0.6528
2025-05-17 22:11:43 - INFO - the acc is :0.6875
2025-05-17 22:11:55 - INFO - epoch:33/45 iteration:5/38 batch loss is :0.5910
2025-05-17 22:11:55 - INFO - the acc is :0.8125
2025-05-17 22:12:08 - INFO - epoch:33/45 iteration:10/38 batch loss is :0.3314
2025-05-17 22:12:08 - INFO - the acc is :0.875
2025-05-17 22:12:21 - INFO - epoch:33/45 iteration:15/38 batch loss is :0.5384
2025-05-17 22:12:21 - INFO - the acc is :0.75
2025-05-17 22:12:28 - INFO - epoch:33/45 iteration:20/38 batch loss is :0.1128
2025-05-17 22:12:28 - INFO - the acc is :1.0
2025-05-17 22:12:35 - INFO - epoch:33/45 iteration:25/38 batch loss is :0.1980
2025-05-17 22:12:35 - INFO - the acc is :1.0
2025-05-17 22:12:42 - INFO - epoch:33/45 iteration:30/38 batch loss is :0.1570
2025-05-17 22:12:42 - INFO - the acc is :1.0
2025-05-17 22:12:47 - INFO - epoch:33/45 iteration:35/38 batch loss is :0.2869
2025-05-17 22:12:47 - INFO - the acc is :0.9375
2025-05-17 22:12:51 - INFO - Epoch:33/45 Loss is :0.3629
2025-05-17 22:15:11 - INFO - epoch:34/45 iteration:0/38 batch loss is :0.4182
2025-05-17 22:15:11 - INFO - the acc is :0.75
2025-05-17 22:15:25 - INFO - epoch:34/45 iteration:5/38 batch loss is :0.1239
2025-05-17 22:15:25 - INFO - the acc is :1.0
2025-05-17 22:15:41 - INFO - epoch:34/45 iteration:10/38 batch loss is :0.1817
2025-05-17 22:15:41 - INFO - the acc is :0.9375
2025-05-17 22:15:51 - INFO - epoch:34/45 iteration:15/38 batch loss is :0.3242
2025-05-17 22:15:51 - INFO - the acc is :0.9375
2025-05-17 22:15:58 - INFO - epoch:34/45 iteration:20/38 batch loss is :0.2073
2025-05-17 22:15:58 - INFO - the acc is :1.0
2025-05-17 22:16:05 - INFO - epoch:34/45 iteration:25/38 batch loss is :0.0858
2025-05-17 22:16:05 - INFO - the acc is :1.0
2025-05-17 22:16:12 - INFO - epoch:34/45 iteration:30/38 batch loss is :1.6142
2025-05-17 22:16:12 - INFO - the acc is :0.8125
2025-05-17 22:16:17 - INFO - epoch:34/45 iteration:35/38 batch loss is :0.5143
2025-05-17 22:16:17 - INFO - the acc is :0.75
2025-05-17 22:16:22 - INFO - Epoch:34/45 Loss is :0.4221
2025-05-17 22:18:43 - INFO - epoch:35/45 iteration:0/38 batch loss is :0.3124
2025-05-17 22:18:43 - INFO - the acc is :0.875
2025-05-17 22:18:56 - INFO - epoch:35/45 iteration:5/38 batch loss is :0.5297
2025-05-17 22:18:56 - INFO - the acc is :0.75
2025-05-17 22:19:09 - INFO - epoch:35/45 iteration:10/38 batch loss is :0.2027
2025-05-17 22:19:09 - INFO - the acc is :1.0
2025-05-17 22:19:21 - INFO - epoch:35/45 iteration:15/38 batch loss is :0.5858
2025-05-17 22:19:21 - INFO - the acc is :0.9375
2025-05-17 22:19:28 - INFO - epoch:35/45 iteration:20/38 batch loss is :0.3487
2025-05-17 22:19:28 - INFO - the acc is :0.9375
2025-05-17 22:19:34 - INFO - epoch:35/45 iteration:25/38 batch loss is :0.1894
2025-05-17 22:19:34 - INFO - the acc is :1.0
2025-05-17 22:19:41 - INFO - epoch:35/45 iteration:30/38 batch loss is :0.1416
2025-05-17 22:19:41 - INFO - the acc is :1.0
2025-05-17 22:19:46 - INFO - epoch:35/45 iteration:35/38 batch loss is :0.1307
2025-05-17 22:19:46 - INFO - the acc is :1.0
2025-05-17 22:19:50 - INFO - Epoch:35/45 Loss is :0.3586
2025-05-17 22:22:03 - INFO - val accuarcy is : 0.4708
2025-05-17 22:22:03 - INFO - VAL loss :2.8445
2025-05-17 22:25:09 - INFO - epoch:36/45 iteration:0/38 batch loss is :0.2134
2025-05-17 22:25:09 - INFO - the acc is :0.875
2025-05-17 22:25:16 - INFO - epoch:36/45 iteration:5/38 batch loss is :0.3608
2025-05-17 22:25:16 - INFO - the acc is :0.9375
2025-05-17 22:25:24 - INFO - epoch:36/45 iteration:10/38 batch loss is :0.1397
2025-05-17 22:25:24 - INFO - the acc is :1.0
2025-05-17 22:25:31 - INFO - epoch:36/45 iteration:15/38 batch loss is :0.2747
2025-05-17 22:25:31 - INFO - the acc is :1.0
2025-05-17 22:26:13 - INFO - epoch:36/45 iteration:20/38 batch loss is :0.5553
2025-05-17 22:26:13 - INFO - the acc is :0.875
2025-05-17 22:26:19 - INFO - epoch:36/45 iteration:25/38 batch loss is :0.3123
2025-05-17 22:26:19 - INFO - the acc is :0.9375
2025-05-17 22:26:25 - INFO - epoch:36/45 iteration:30/38 batch loss is :0.3721
2025-05-17 22:26:25 - INFO - the acc is :0.8125
2025-05-17 22:26:48 - INFO - epoch:36/45 iteration:35/38 batch loss is :0.1872
2025-05-17 22:26:48 - INFO - the acc is :1.0
2025-05-17 22:26:52 - INFO - Epoch:36/45 Loss is :0.3615
2025-05-17 22:29:11 - INFO - epoch:37/45 iteration:0/38 batch loss is :0.9269
2025-05-17 22:29:11 - INFO - the acc is :0.6875
2025-05-17 22:29:23 - INFO - epoch:37/45 iteration:5/38 batch loss is :0.3275
2025-05-17 22:29:23 - INFO - the acc is :0.9375
2025-05-17 22:29:36 - INFO - epoch:37/45 iteration:10/38 batch loss is :0.1181
2025-05-17 22:29:36 - INFO - the acc is :1.0
2025-05-17 22:29:47 - INFO - epoch:37/45 iteration:15/38 batch loss is :0.4679
2025-05-17 22:29:47 - INFO - the acc is :0.9375
2025-05-17 22:29:57 - INFO - epoch:37/45 iteration:20/38 batch loss is :0.1203
2025-05-17 22:29:57 - INFO - the acc is :1.0
2025-05-17 22:30:03 - INFO - epoch:37/45 iteration:25/38 batch loss is :0.2239
2025-05-17 22:30:03 - INFO - the acc is :0.9375
2025-05-17 22:30:10 - INFO - epoch:37/45 iteration:30/38 batch loss is :0.2343
2025-05-17 22:30:10 - INFO - the acc is :0.875
2025-05-17 22:30:15 - INFO - epoch:37/45 iteration:35/38 batch loss is :0.3839
2025-05-17 22:30:15 - INFO - the acc is :0.8125
2025-05-17 22:30:19 - INFO - Epoch:37/45 Loss is :0.3520
2025-05-17 22:32:42 - INFO - epoch:38/45 iteration:0/38 batch loss is :0.2214
2025-05-17 22:32:42 - INFO - the acc is :0.875
2025-05-17 22:32:55 - INFO - epoch:38/45 iteration:5/38 batch loss is :0.1963
2025-05-17 22:32:55 - INFO - the acc is :1.0
2025-05-17 22:33:07 - INFO - epoch:38/45 iteration:10/38 batch loss is :0.6023
2025-05-17 22:33:07 - INFO - the acc is :0.8125
2025-05-17 22:33:17 - INFO - epoch:38/45 iteration:15/38 batch loss is :0.8241
2025-05-17 22:33:17 - INFO - the acc is :0.875
2025-05-17 22:33:29 - INFO - epoch:38/45 iteration:20/38 batch loss is :0.5880
2025-05-17 22:33:29 - INFO - the acc is :0.8125
2025-05-17 22:33:35 - INFO - epoch:38/45 iteration:25/38 batch loss is :0.6689
2025-05-17 22:33:35 - INFO - the acc is :0.8125
2025-05-17 22:33:42 - INFO - epoch:38/45 iteration:30/38 batch loss is :0.2071
2025-05-17 22:33:42 - INFO - the acc is :0.9375
2025-05-17 22:33:47 - INFO - epoch:38/45 iteration:35/38 batch loss is :0.1492
2025-05-17 22:33:47 - INFO - the acc is :1.0
2025-05-17 22:33:51 - INFO - Epoch:38/45 Loss is :0.3776
2025-05-17 22:36:10 - INFO - epoch:39/45 iteration:0/38 batch loss is :0.1796
2025-05-17 22:36:10 - INFO - the acc is :0.9375
2025-05-17 22:36:22 - INFO - epoch:39/45 iteration:5/38 batch loss is :0.7748
2025-05-17 22:36:22 - INFO - the acc is :0.875
2025-05-17 22:36:37 - INFO - epoch:39/45 iteration:10/38 batch loss is :0.3662
2025-05-17 22:36:37 - INFO - the acc is :0.9375
2025-05-17 22:36:48 - INFO - epoch:39/45 iteration:15/38 batch loss is :0.1128
2025-05-17 22:36:48 - INFO - the acc is :1.0
2025-05-17 22:36:55 - INFO - epoch:39/45 iteration:20/38 batch loss is :0.1744
2025-05-17 22:36:55 - INFO - the acc is :1.0
2025-05-17 22:37:02 - INFO - epoch:39/45 iteration:25/38 batch loss is :0.6047
2025-05-17 22:37:02 - INFO - the acc is :0.8125
2025-05-17 22:37:09 - INFO - epoch:39/45 iteration:30/38 batch loss is :0.1745
2025-05-17 22:37:09 - INFO - the acc is :1.0
2025-05-17 22:37:14 - INFO - epoch:39/45 iteration:35/38 batch loss is :0.3429
2025-05-17 22:37:14 - INFO - the acc is :0.9375
2025-05-17 22:37:18 - INFO - Epoch:39/45 Loss is :0.3851
2025-05-17 22:39:40 - INFO - epoch:40/45 iteration:0/38 batch loss is :0.1621
2025-05-17 22:39:40 - INFO - the acc is :1.0
2025-05-17 22:39:53 - INFO - epoch:40/45 iteration:5/38 batch loss is :0.7831
2025-05-17 22:39:53 - INFO - the acc is :0.875
2025-05-17 22:40:05 - INFO - epoch:40/45 iteration:10/38 batch loss is :0.0702
2025-05-17 22:40:05 - INFO - the acc is :1.0
2025-05-17 22:40:16 - INFO - epoch:40/45 iteration:15/38 batch loss is :0.4006
2025-05-17 22:40:16 - INFO - the acc is :0.75
2025-05-17 22:40:26 - INFO - epoch:40/45 iteration:20/38 batch loss is :0.3021
2025-05-17 22:40:26 - INFO - the acc is :0.9375
2025-05-17 22:40:33 - INFO - epoch:40/45 iteration:25/38 batch loss is :0.5416
2025-05-17 22:40:33 - INFO - the acc is :0.75
2025-05-17 22:40:39 - INFO - epoch:40/45 iteration:30/38 batch loss is :0.1764
2025-05-17 22:40:39 - INFO - the acc is :1.0
2025-05-17 22:40:45 - INFO - epoch:40/45 iteration:35/38 batch loss is :0.1497
2025-05-17 22:40:45 - INFO - the acc is :1.0
2025-05-17 22:40:49 - INFO - Epoch:40/45 Loss is :0.3766
2025-05-17 22:43:19 - INFO - val accuarcy is : 0.4708
2025-05-17 22:43:19 - INFO - VAL loss :2.7457
2025-05-17 22:45:57 - INFO - epoch:41/45 iteration:0/38 batch loss is :0.3743
2025-05-17 22:45:57 - INFO - the acc is :0.875
2025-05-17 22:46:10 - INFO - epoch:41/45 iteration:5/38 batch loss is :0.2779
2025-05-17 22:46:10 - INFO - the acc is :0.9375
2025-05-17 22:46:21 - INFO - epoch:41/45 iteration:10/38 batch loss is :0.2550
2025-05-17 22:46:21 - INFO - the acc is :0.9375
2025-05-17 22:46:32 - INFO - epoch:41/45 iteration:15/38 batch loss is :0.2027
2025-05-17 22:46:32 - INFO - the acc is :1.0
2025-05-17 22:46:45 - INFO - epoch:41/45 iteration:20/38 batch loss is :0.3077
2025-05-17 22:46:45 - INFO - the acc is :0.875
2025-05-17 22:46:52 - INFO - epoch:41/45 iteration:25/38 batch loss is :0.1243
2025-05-17 22:46:52 - INFO - the acc is :1.0
2025-05-17 22:46:58 - INFO - epoch:41/45 iteration:30/38 batch loss is :0.2735
2025-05-17 22:46:58 - INFO - the acc is :0.9375
2025-05-17 22:47:04 - INFO - epoch:41/45 iteration:35/38 batch loss is :0.4891
2025-05-17 22:47:04 - INFO - the acc is :0.8125
2025-05-17 22:47:08 - INFO - Epoch:41/45 Loss is :0.3707
2025-05-17 22:49:28 - INFO - epoch:42/45 iteration:0/38 batch loss is :0.1375
2025-05-17 22:49:28 - INFO - the acc is :0.9375
2025-05-17 22:49:42 - INFO - epoch:42/45 iteration:5/38 batch loss is :0.5437
2025-05-17 22:49:42 - INFO - the acc is :0.875
2025-05-17 22:49:57 - INFO - epoch:42/45 iteration:10/38 batch loss is :1.1906
2025-05-17 22:49:57 - INFO - the acc is :0.875
2025-05-17 22:50:08 - INFO - epoch:42/45 iteration:15/38 batch loss is :0.5478
2025-05-17 22:50:08 - INFO - the acc is :0.75
2025-05-17 22:50:15 - INFO - epoch:42/45 iteration:20/38 batch loss is :0.4161
2025-05-17 22:50:15 - INFO - the acc is :0.9375
2025-05-17 22:50:21 - INFO - epoch:42/45 iteration:25/38 batch loss is :0.5293
2025-05-17 22:50:21 - INFO - the acc is :0.6875
2025-05-17 22:50:28 - INFO - epoch:42/45 iteration:30/38 batch loss is :0.2773
2025-05-17 22:50:28 - INFO - the acc is :0.875
2025-05-17 22:50:33 - INFO - epoch:42/45 iteration:35/38 batch loss is :0.5673
2025-05-17 22:50:33 - INFO - the acc is :0.875
2025-05-17 22:50:38 - INFO - Epoch:42/45 Loss is :0.3870
2025-05-17 22:52:59 - INFO - epoch:43/45 iteration:0/38 batch loss is :0.3791
2025-05-17 22:52:59 - INFO - the acc is :0.9375
2025-05-17 22:53:11 - INFO - epoch:43/45 iteration:5/38 batch loss is :0.0776
2025-05-17 22:53:11 - INFO - the acc is :1.0
2025-05-17 22:53:25 - INFO - epoch:43/45 iteration:10/38 batch loss is :0.3301
2025-05-17 22:53:25 - INFO - the acc is :0.875
2025-05-17 22:53:36 - INFO - epoch:43/45 iteration:15/38 batch loss is :0.4095
2025-05-17 22:53:36 - INFO - the acc is :0.8125
2025-05-17 22:53:43 - INFO - epoch:43/45 iteration:20/38 batch loss is :0.2599
2025-05-17 22:53:43 - INFO - the acc is :0.9375
2025-05-17 22:53:49 - INFO - epoch:43/45 iteration:25/38 batch loss is :0.0754
2025-05-17 22:53:49 - INFO - the acc is :1.0
2025-05-17 22:53:56 - INFO - epoch:43/45 iteration:30/38 batch loss is :0.1977
2025-05-17 22:53:56 - INFO - the acc is :0.9375
2025-05-17 22:54:12 - INFO - epoch:43/45 iteration:35/38 batch loss is :0.1357
2025-05-17 22:54:12 - INFO - the acc is :0.9375
2025-05-17 22:54:16 - INFO - Epoch:43/45 Loss is :0.3445
2025-05-17 22:57:04 - INFO - epoch:44/45 iteration:0/38 batch loss is :0.1836
2025-05-17 22:57:04 - INFO - the acc is :0.9375
2025-05-17 22:57:12 - INFO - epoch:44/45 iteration:5/38 batch loss is :0.1836
2025-05-17 22:57:12 - INFO - the acc is :1.0
2025-05-17 22:57:19 - INFO - epoch:44/45 iteration:10/38 batch loss is :0.1991
2025-05-17 22:57:19 - INFO - the acc is :0.9375
2025-05-17 22:57:26 - INFO - epoch:44/45 iteration:15/38 batch loss is :0.1044
2025-05-17 22:57:26 - INFO - the acc is :1.0
2025-05-17 22:58:03 - INFO - epoch:44/45 iteration:20/38 batch loss is :0.4090
2025-05-17 22:58:03 - INFO - the acc is :0.875
2025-05-17 22:58:09 - INFO - epoch:44/45 iteration:25/38 batch loss is :0.1992
2025-05-17 22:58:09 - INFO - the acc is :0.9375
2025-05-17 22:58:16 - INFO - epoch:44/45 iteration:30/38 batch loss is :0.2627
2025-05-17 22:58:16 - INFO - the acc is :0.9375
2025-05-17 22:58:37 - INFO - epoch:44/45 iteration:35/38 batch loss is :0.2953
2025-05-17 22:58:37 - INFO - the acc is :0.875
2025-05-17 22:58:42 - INFO - Epoch:44/45 Loss is :0.3649
2025-05-17 23:01:12 - INFO - val accuarcy is : 0.4642
2025-05-17 23:01:12 - INFO - VAL loss :2.5936
2025-05-17 23:01:30 - INFO - fold number:2
2025-05-17 23:03:51 - INFO - epoch:0/45 iteration:0/38 batch loss is :0.5336
2025-05-17 23:03:51 - INFO - the acc is :0.9375
2025-05-17 23:04:02 - INFO - epoch:0/45 iteration:5/38 batch loss is :0.0843
2025-05-17 23:04:02 - INFO - the acc is :1.0
2025-05-17 23:04:18 - INFO - epoch:0/45 iteration:10/38 batch loss is :0.1444
2025-05-17 23:04:18 - INFO - the acc is :1.0
2025-05-17 23:04:29 - INFO - epoch:0/45 iteration:15/38 batch loss is :0.3393
2025-05-17 23:04:29 - INFO - the acc is :0.9375
2025-05-17 23:04:36 - INFO - epoch:0/45 iteration:20/38 batch loss is :1.0419
2025-05-17 23:04:36 - INFO - the acc is :0.875
2025-05-17 23:04:42 - INFO - epoch:0/45 iteration:25/38 batch loss is :0.4408
2025-05-17 23:04:42 - INFO - the acc is :0.8125
2025-05-17 23:04:49 - INFO - epoch:0/45 iteration:30/38 batch loss is :0.1560
2025-05-17 23:04:49 - INFO - the acc is :0.9375
2025-05-17 23:04:54 - INFO - epoch:0/45 iteration:35/38 batch loss is :0.1972
2025-05-17 23:04:54 - INFO - the acc is :0.9375
2025-05-17 23:04:58 - INFO - Epoch:0/45 Loss is :0.3684
2025-05-17 23:07:13 - INFO - val accuarcy is : 0.4708
2025-05-17 23:07:13 - INFO - VAL loss :2.7392
2025-05-17 23:10:21 - INFO - epoch:1/45 iteration:0/38 batch loss is :0.2354
2025-05-17 23:10:21 - INFO - the acc is :0.9375
2025-05-17 23:10:28 - INFO - epoch:1/45 iteration:5/38 batch loss is :0.2092
2025-05-17 23:10:28 - INFO - the acc is :0.9375
2025-05-17 23:10:35 - INFO - epoch:1/45 iteration:10/38 batch loss is :0.4034
2025-05-17 23:10:35 - INFO - the acc is :0.9375
2025-05-17 23:10:43 - INFO - epoch:1/45 iteration:15/38 batch loss is :0.1978
2025-05-17 23:10:43 - INFO - the acc is :0.875
2025-05-17 23:11:24 - INFO - epoch:1/45 iteration:20/38 batch loss is :0.1913
2025-05-17 23:11:24 - INFO - the acc is :0.9375
2025-05-17 23:11:30 - INFO - epoch:1/45 iteration:25/38 batch loss is :0.0702
2025-05-17 23:11:30 - INFO - the acc is :1.0
2025-05-17 23:11:37 - INFO - epoch:1/45 iteration:30/38 batch loss is :0.1690
2025-05-17 23:11:37 - INFO - the acc is :0.9375
2025-05-17 23:11:59 - INFO - epoch:1/45 iteration:35/38 batch loss is :0.4500
2025-05-17 23:11:59 - INFO - the acc is :0.8125
2025-05-17 23:12:03 - INFO - Epoch:1/45 Loss is :0.3833
2025-05-17 23:14:24 - INFO - epoch:2/45 iteration:0/38 batch loss is :0.1356
2025-05-17 23:14:24 - INFO - the acc is :1.0
2025-05-17 23:14:38 - INFO - epoch:2/45 iteration:5/38 batch loss is :1.0085
2025-05-17 23:14:38 - INFO - the acc is :0.9375
2025-05-17 23:14:53 - INFO - epoch:2/45 iteration:10/38 batch loss is :0.5074
2025-05-17 23:14:53 - INFO - the acc is :0.8125
2025-05-17 23:15:04 - INFO - epoch:2/45 iteration:15/38 batch loss is :0.3148
2025-05-17 23:15:04 - INFO - the acc is :0.9375
2025-05-17 23:15:11 - INFO - epoch:2/45 iteration:20/38 batch loss is :0.4879
2025-05-17 23:15:11 - INFO - the acc is :0.875
2025-05-17 23:15:17 - INFO - epoch:2/45 iteration:25/38 batch loss is :0.4398
2025-05-17 23:15:17 - INFO - the acc is :0.875
2025-05-17 23:15:23 - INFO - epoch:2/45 iteration:30/38 batch loss is :0.2372
2025-05-17 23:15:23 - INFO - the acc is :0.875
2025-05-17 23:15:29 - INFO - epoch:2/45 iteration:35/38 batch loss is :0.3042
2025-05-17 23:15:29 - INFO - the acc is :0.9375
2025-05-17 23:15:33 - INFO - Epoch:2/45 Loss is :0.3817
2025-05-17 23:17:52 - INFO - epoch:3/45 iteration:0/38 batch loss is :0.2605
2025-05-17 23:17:52 - INFO - the acc is :0.9375
2025-05-17 23:18:06 - INFO - epoch:3/45 iteration:5/38 batch loss is :0.2437
2025-05-17 23:18:06 - INFO - the acc is :0.9375
2025-05-17 23:18:19 - INFO - epoch:3/45 iteration:10/38 batch loss is :0.2134
2025-05-17 23:18:19 - INFO - the acc is :0.9375
2025-05-17 23:18:32 - INFO - epoch:3/45 iteration:15/38 batch loss is :0.9258
2025-05-17 23:18:32 - INFO - the acc is :0.6875
2025-05-17 23:18:38 - INFO - epoch:3/45 iteration:20/38 batch loss is :0.2097
2025-05-17 23:18:38 - INFO - the acc is :0.9375
2025-05-17 23:18:45 - INFO - epoch:3/45 iteration:25/38 batch loss is :0.2320
2025-05-17 23:18:45 - INFO - the acc is :0.875
2025-05-17 23:18:52 - INFO - epoch:3/45 iteration:30/38 batch loss is :0.1415
2025-05-17 23:18:52 - INFO - the acc is :0.9375
2025-05-17 23:18:57 - INFO - epoch:3/45 iteration:35/38 batch loss is :0.2643
2025-05-17 23:18:57 - INFO - the acc is :0.9375
2025-05-17 23:19:01 - INFO - Epoch:3/45 Loss is :0.3447
2025-05-17 23:21:22 - INFO - epoch:4/45 iteration:0/38 batch loss is :0.3724
2025-05-17 23:21:22 - INFO - the acc is :0.875
2025-05-17 23:21:35 - INFO - epoch:4/45 iteration:5/38 batch loss is :0.1733
2025-05-17 23:21:35 - INFO - the acc is :1.0
2025-05-17 23:21:47 - INFO - epoch:4/45 iteration:10/38 batch loss is :0.1525
2025-05-17 23:21:47 - INFO - the acc is :0.9375
2025-05-17 23:22:00 - INFO - epoch:4/45 iteration:15/38 batch loss is :0.4113
2025-05-17 23:22:00 - INFO - the acc is :0.9375
2025-05-17 23:22:07 - INFO - epoch:4/45 iteration:20/38 batch loss is :0.3439
2025-05-17 23:22:07 - INFO - the acc is :0.875
2025-05-17 23:22:13 - INFO - epoch:4/45 iteration:25/38 batch loss is :0.3704
2025-05-17 23:22:13 - INFO - the acc is :0.875
2025-05-17 23:22:20 - INFO - epoch:4/45 iteration:30/38 batch loss is :0.7490
2025-05-17 23:22:20 - INFO - the acc is :0.6875
2025-05-17 23:22:25 - INFO - epoch:4/45 iteration:35/38 batch loss is :0.1168
2025-05-17 23:22:25 - INFO - the acc is :1.0
2025-05-17 23:22:29 - INFO - Epoch:4/45 Loss is :0.3776
2025-05-17 23:25:18 - INFO - epoch:5/45 iteration:0/38 batch loss is :0.2682
2025-05-17 23:25:18 - INFO - the acc is :1.0
2025-05-17 23:25:25 - INFO - epoch:5/45 iteration:5/38 batch loss is :0.2862
2025-05-17 23:25:25 - INFO - the acc is :0.9375
2025-05-17 23:25:33 - INFO - epoch:5/45 iteration:10/38 batch loss is :0.3832
2025-05-17 23:25:33 - INFO - the acc is :0.875
2025-05-17 23:25:40 - INFO - epoch:5/45 iteration:15/38 batch loss is :0.2987
2025-05-17 23:25:40 - INFO - the acc is :0.9375
2025-05-17 23:26:21 - INFO - epoch:5/45 iteration:20/38 batch loss is :0.8979
2025-05-17 23:26:21 - INFO - the acc is :0.9375
2025-05-17 23:26:28 - INFO - epoch:5/45 iteration:25/38 batch loss is :0.2918
2025-05-17 23:26:28 - INFO - the acc is :0.9375
2025-05-17 23:26:35 - INFO - epoch:5/45 iteration:30/38 batch loss is :0.1492
2025-05-17 23:26:35 - INFO - the acc is :1.0
2025-05-17 23:26:57 - INFO - epoch:5/45 iteration:35/38 batch loss is :0.4089
2025-05-17 23:26:57 - INFO - the acc is :0.8125
2025-05-17 23:27:01 - INFO - Epoch:5/45 Loss is :0.3454
2025-05-17 23:29:42 - INFO - val accuarcy is : 0.4708
2025-05-17 23:29:42 - INFO - VAL loss :2.6007
2025-05-17 23:32:42 - INFO - epoch:6/45 iteration:0/38 batch loss is :0.6882
2025-05-17 23:32:42 - INFO - the acc is :0.8125
2025-05-17 23:32:49 - INFO - epoch:6/45 iteration:5/38 batch loss is :0.3529
2025-05-17 23:32:49 - INFO - the acc is :0.9375
2025-05-17 23:32:56 - INFO - epoch:6/45 iteration:10/38 batch loss is :0.8832
2025-05-17 23:32:56 - INFO - the acc is :0.9375
2025-05-17 23:33:04 - INFO - epoch:6/45 iteration:15/38 batch loss is :0.4687
2025-05-17 23:33:04 - INFO - the acc is :0.875
2025-05-17 23:33:47 - INFO - epoch:6/45 iteration:20/38 batch loss is :0.1163
2025-05-17 23:33:47 - INFO - the acc is :1.0
2025-05-17 23:33:53 - INFO - epoch:6/45 iteration:25/38 batch loss is :0.5175
2025-05-17 23:33:53 - INFO - the acc is :0.9375
2025-05-17 23:33:59 - INFO - epoch:6/45 iteration:30/38 batch loss is :0.2099
2025-05-17 23:33:59 - INFO - the acc is :0.9375
2025-05-17 23:34:22 - INFO - epoch:6/45 iteration:35/38 batch loss is :0.3211
2025-05-17 23:34:22 - INFO - the acc is :0.9375
2025-05-17 23:34:26 - INFO - Epoch:6/45 Loss is :0.3959
2025-05-17 23:36:49 - INFO - epoch:7/45 iteration:0/38 batch loss is :0.1756
2025-05-17 23:36:49 - INFO - the acc is :1.0
2025-05-17 23:37:01 - INFO - epoch:7/45 iteration:5/38 batch loss is :0.2025
2025-05-17 23:37:01 - INFO - the acc is :0.9375
2025-05-17 23:37:15 - INFO - epoch:7/45 iteration:10/38 batch loss is :0.2306
2025-05-17 23:37:15 - INFO - the acc is :0.9375
2025-05-17 23:37:27 - INFO - epoch:7/45 iteration:15/38 batch loss is :0.1573
2025-05-17 23:37:27 - INFO - the acc is :1.0
2025-05-17 23:37:34 - INFO - epoch:7/45 iteration:20/38 batch loss is :0.1947
2025-05-17 23:37:34 - INFO - the acc is :1.0
2025-05-17 23:37:40 - INFO - epoch:7/45 iteration:25/38 batch loss is :0.1650
2025-05-17 23:37:40 - INFO - the acc is :0.875
2025-05-17 23:37:47 - INFO - epoch:7/45 iteration:30/38 batch loss is :0.2818
2025-05-17 23:37:47 - INFO - the acc is :0.9375
2025-05-17 23:37:53 - INFO - epoch:7/45 iteration:35/38 batch loss is :0.1356
2025-05-17 23:37:53 - INFO - the acc is :1.0
2025-05-17 23:37:57 - INFO - Epoch:7/45 Loss is :0.3364
2025-05-17 23:40:44 - INFO - epoch:8/45 iteration:0/38 batch loss is :0.1229
2025-05-17 23:40:44 - INFO - the acc is :1.0
2025-05-17 23:40:51 - INFO - epoch:8/45 iteration:5/38 batch loss is :0.3114
2025-05-17 23:40:51 - INFO - the acc is :0.75
2025-05-17 23:40:59 - INFO - epoch:8/45 iteration:10/38 batch loss is :0.2994
2025-05-17 23:40:59 - INFO - the acc is :0.9375
2025-05-17 23:41:06 - INFO - epoch:8/45 iteration:15/38 batch loss is :0.4740
2025-05-17 23:41:06 - INFO - the acc is :0.8125
2025-05-17 23:41:48 - INFO - epoch:8/45 iteration:20/38 batch loss is :0.5050
2025-05-17 23:41:48 - INFO - the acc is :0.875
2025-05-17 23:41:54 - INFO - epoch:8/45 iteration:25/38 batch loss is :0.1613
2025-05-17 23:41:54 - INFO - the acc is :1.0
2025-05-17 23:42:00 - INFO - epoch:8/45 iteration:30/38 batch loss is :1.3084
2025-05-17 23:42:00 - INFO - the acc is :0.9375
2025-05-17 23:42:22 - INFO - epoch:8/45 iteration:35/38 batch loss is :0.1482
2025-05-17 23:42:22 - INFO - the acc is :1.0
2025-05-17 23:42:26 - INFO - Epoch:8/45 Loss is :0.3670
2025-05-17 23:44:48 - INFO - epoch:9/45 iteration:0/38 batch loss is :0.1834
2025-05-17 23:44:48 - INFO - the acc is :1.0
2025-05-17 23:44:59 - INFO - epoch:9/45 iteration:5/38 batch loss is :0.4451
2025-05-17 23:44:59 - INFO - the acc is :0.8125
2025-05-17 23:45:10 - INFO - epoch:9/45 iteration:10/38 batch loss is :0.3248
2025-05-17 23:45:10 - INFO - the acc is :0.9375
2025-05-17 23:45:22 - INFO - epoch:9/45 iteration:15/38 batch loss is :0.3370
2025-05-17 23:45:22 - INFO - the acc is :0.9375
2025-05-17 23:45:32 - INFO - epoch:9/45 iteration:20/38 batch loss is :0.5094
2025-05-17 23:45:32 - INFO - the acc is :0.75
2025-05-17 23:45:39 - INFO - epoch:9/45 iteration:25/38 batch loss is :0.2283
2025-05-17 23:45:39 - INFO - the acc is :0.9375
2025-05-17 23:45:46 - INFO - epoch:9/45 iteration:30/38 batch loss is :0.2102
2025-05-17 23:45:46 - INFO - the acc is :0.9375
2025-05-17 23:45:51 - INFO - epoch:9/45 iteration:35/38 batch loss is :0.2052
2025-05-17 23:45:51 - INFO - the acc is :0.875
2025-05-17 23:45:55 - INFO - Epoch:9/45 Loss is :0.3523
2025-05-17 23:48:14 - INFO - epoch:10/45 iteration:0/38 batch loss is :0.1979
2025-05-17 23:48:14 - INFO - the acc is :0.9375
2025-05-17 23:48:23 - INFO - epoch:10/45 iteration:5/38 batch loss is :0.2145
2025-05-17 23:48:23 - INFO - the acc is :1.0
2025-05-17 23:48:34 - INFO - epoch:10/45 iteration:10/38 batch loss is :0.3387
2025-05-17 23:48:34 - INFO - the acc is :0.8125
2025-05-17 23:48:44 - INFO - epoch:10/45 iteration:15/38 batch loss is :0.1685
2025-05-17 23:48:44 - INFO - the acc is :1.0
2025-05-17 23:49:01 - INFO - epoch:10/45 iteration:20/38 batch loss is :0.2461
2025-05-17 23:49:01 - INFO - the acc is :0.9375
2025-05-17 23:49:07 - INFO - epoch:10/45 iteration:25/38 batch loss is :0.5216
2025-05-17 23:49:07 - INFO - the acc is :0.8125
2025-05-17 23:49:14 - INFO - epoch:10/45 iteration:30/38 batch loss is :0.4037
2025-05-17 23:49:14 - INFO - the acc is :0.8125
2025-05-17 23:49:19 - INFO - epoch:10/45 iteration:35/38 batch loss is :0.2074
2025-05-17 23:49:19 - INFO - the acc is :1.0
2025-05-17 23:49:23 - INFO - Epoch:10/45 Loss is :0.3484
2025-05-17 23:51:54 - INFO - val accuarcy is : 0.4708
2025-05-17 23:51:54 - INFO - VAL loss :2.5077
2025-05-17 23:54:50 - INFO - epoch:11/45 iteration:0/38 batch loss is :0.5152
2025-05-17 23:54:50 - INFO - the acc is :0.8125
2025-05-17 23:54:57 - INFO - epoch:11/45 iteration:5/38 batch loss is :0.1922
2025-05-17 23:54:57 - INFO - the acc is :0.9375
2025-05-17 23:55:05 - INFO - epoch:11/45 iteration:10/38 batch loss is :0.4251
2025-05-17 23:55:05 - INFO - the acc is :0.875
2025-05-17 23:55:12 - INFO - epoch:11/45 iteration:15/38 batch loss is :0.2689
2025-05-17 23:55:12 - INFO - the acc is :0.875
2025-05-17 23:55:54 - INFO - epoch:11/45 iteration:20/38 batch loss is :0.2779
2025-05-17 23:55:54 - INFO - the acc is :0.9375
2025-05-17 23:56:00 - INFO - epoch:11/45 iteration:25/38 batch loss is :0.4933
2025-05-17 23:56:00 - INFO - the acc is :0.8125
2025-05-17 23:56:06 - INFO - epoch:11/45 iteration:30/38 batch loss is :0.1303
2025-05-17 23:56:06 - INFO - the acc is :0.9375
2025-05-17 23:56:29 - INFO - epoch:11/45 iteration:35/38 batch loss is :0.6457
2025-05-17 23:56:29 - INFO - the acc is :0.75
2025-05-17 23:56:33 - INFO - Epoch:11/45 Loss is :0.3924
2025-05-17 23:58:56 - INFO - epoch:12/45 iteration:0/38 batch loss is :0.2640
2025-05-17 23:58:56 - INFO - the acc is :0.9375
2025-05-17 23:59:37 - INFO - epoch:12/45 iteration:5/38 batch loss is :1.1595
2025-05-17 23:59:37 - INFO - the acc is :0.8125
2025-05-17 23:59:47 - INFO - epoch:12/45 iteration:10/38 batch loss is :0.2557
2025-05-17 23:59:47 - INFO - the acc is :0.9375
2025-05-17 23:59:54 - INFO - epoch:12/45 iteration:15/38 batch loss is :0.2976
2025-05-17 23:59:54 - INFO - the acc is :0.9375
2025-05-18 00:00:01 - INFO - epoch:12/45 iteration:20/38 batch loss is :1.3927
2025-05-18 00:00:01 - INFO - the acc is :0.8125
2025-05-18 00:00:07 - INFO - epoch:12/45 iteration:25/38 batch loss is :0.2708
2025-05-18 00:00:07 - INFO - the acc is :0.9375
2025-05-18 00:00:13 - INFO - epoch:12/45 iteration:30/38 batch loss is :0.2655
2025-05-18 00:00:13 - INFO - the acc is :0.9375
2025-05-18 00:00:19 - INFO - epoch:12/45 iteration:35/38 batch loss is :0.3805
2025-05-18 00:00:19 - INFO - the acc is :0.875
2025-05-18 00:00:23 - INFO - Epoch:12/45 Loss is :0.3578
2025-05-18 00:02:43 - INFO - epoch:13/45 iteration:0/38 batch loss is :0.2158
2025-05-18 00:02:43 - INFO - the acc is :0.9375
2025-05-18 00:02:56 - INFO - epoch:13/45 iteration:5/38 batch loss is :0.2894
2025-05-18 00:02:56 - INFO - the acc is :0.9375
2025-05-18 00:03:10 - INFO - epoch:13/45 iteration:10/38 batch loss is :0.1968
2025-05-18 00:03:10 - INFO - the acc is :0.9375
2025-05-18 00:03:22 - INFO - epoch:13/45 iteration:15/38 batch loss is :0.2616
2025-05-18 00:03:22 - INFO - the acc is :1.0
2025-05-18 00:03:29 - INFO - epoch:13/45 iteration:20/38 batch loss is :0.3513
2025-05-18 00:03:29 - INFO - the acc is :0.875
2025-05-18 00:03:36 - INFO - epoch:13/45 iteration:25/38 batch loss is :0.2828
2025-05-18 00:03:36 - INFO - the acc is :0.875
2025-05-18 00:03:42 - INFO - epoch:13/45 iteration:30/38 batch loss is :0.2480
2025-05-18 00:03:42 - INFO - the acc is :1.0
2025-05-18 00:03:48 - INFO - epoch:13/45 iteration:35/38 batch loss is :0.5062
2025-05-18 00:03:48 - INFO - the acc is :0.8125
2025-05-18 00:03:52 - INFO - Epoch:13/45 Loss is :0.3479
2025-05-18 00:06:11 - INFO - epoch:14/45 iteration:0/38 batch loss is :0.1455
2025-05-18 00:06:11 - INFO - the acc is :1.0
2025-05-18 00:06:22 - INFO - epoch:14/45 iteration:5/38 batch loss is :0.3834
2025-05-18 00:06:22 - INFO - the acc is :0.875
2025-05-18 00:06:33 - INFO - epoch:14/45 iteration:10/38 batch loss is :0.8791
2025-05-18 00:06:33 - INFO - the acc is :0.875
2025-05-18 00:06:46 - INFO - epoch:14/45 iteration:15/38 batch loss is :0.2402
2025-05-18 00:06:46 - INFO - the acc is :0.9375
2025-05-18 00:06:57 - INFO - epoch:14/45 iteration:20/38 batch loss is :0.2977
2025-05-18 00:06:57 - INFO - the acc is :0.875
2025-05-18 00:07:04 - INFO - epoch:14/45 iteration:25/38 batch loss is :0.1998
2025-05-18 00:07:04 - INFO - the acc is :0.9375
2025-05-18 00:07:10 - INFO - epoch:14/45 iteration:30/38 batch loss is :0.3165
2025-05-18 00:07:10 - INFO - the acc is :0.9375
2025-05-18 00:07:16 - INFO - epoch:14/45 iteration:35/38 batch loss is :0.1414
2025-05-18 00:07:16 - INFO - the acc is :1.0
2025-05-18 00:07:20 - INFO - Epoch:14/45 Loss is :0.3634
2025-05-18 00:09:56 - INFO - epoch:15/45 iteration:0/38 batch loss is :0.2271
2025-05-18 00:09:56 - INFO - the acc is :0.9375
2025-05-18 00:10:03 - INFO - epoch:15/45 iteration:5/38 batch loss is :0.3878
2025-05-18 00:10:03 - INFO - the acc is :0.9375
2025-05-18 00:10:11 - INFO - epoch:15/45 iteration:10/38 batch loss is :0.5390
2025-05-18 00:10:11 - INFO - the acc is :0.875
2025-05-18 00:10:18 - INFO - epoch:15/45 iteration:15/38 batch loss is :0.5453
2025-05-18 00:10:18 - INFO - the acc is :0.875
2025-05-18 00:10:59 - INFO - epoch:15/45 iteration:20/38 batch loss is :0.2272
2025-05-18 00:10:59 - INFO - the acc is :1.0
2025-05-18 00:11:05 - INFO - epoch:15/45 iteration:25/38 batch loss is :0.3834
2025-05-18 00:11:05 - INFO - the acc is :0.875
2025-05-18 00:11:11 - INFO - epoch:15/45 iteration:30/38 batch loss is :0.3244
2025-05-18 00:11:11 - INFO - the acc is :0.9375
2025-05-18 00:11:34 - INFO - epoch:15/45 iteration:35/38 batch loss is :0.4089
2025-05-18 00:11:34 - INFO - the acc is :0.9375
2025-05-18 00:11:38 - INFO - Epoch:15/45 Loss is :0.3850
2025-05-18 00:14:17 - INFO - val accuarcy is : 0.4576
2025-05-18 00:14:17 - INFO - VAL loss :2.5944
2025-05-18 00:16:59 - INFO - epoch:16/45 iteration:0/38 batch loss is :0.2308
2025-05-18 00:16:59 - INFO - the acc is :1.0
2025-05-18 00:17:17 - INFO - epoch:16/45 iteration:5/38 batch loss is :0.4357
2025-05-18 00:17:17 - INFO - the acc is :0.9375
2025-05-18 00:17:29 - INFO - epoch:16/45 iteration:10/38 batch loss is :0.2557
2025-05-18 00:17:29 - INFO - the acc is :0.9375
2025-05-18 00:17:36 - INFO - epoch:16/45 iteration:15/38 batch loss is :0.3843
2025-05-18 00:17:36 - INFO - the acc is :0.875
2025-05-18 00:17:51 - INFO - epoch:16/45 iteration:20/38 batch loss is :0.1060
2025-05-18 00:17:51 - INFO - the acc is :1.0
2025-05-18 00:17:57 - INFO - epoch:16/45 iteration:25/38 batch loss is :0.2479
2025-05-18 00:17:57 - INFO - the acc is :0.9375
2025-05-18 00:18:04 - INFO - epoch:16/45 iteration:30/38 batch loss is :0.1787
2025-05-18 00:18:04 - INFO - the acc is :0.9375
2025-05-18 00:18:09 - INFO - epoch:16/45 iteration:35/38 batch loss is :0.2619
2025-05-18 00:18:09 - INFO - the acc is :0.875
2025-05-18 00:18:13 - INFO - Epoch:16/45 Loss is :0.3247
2025-05-18 00:20:35 - INFO - epoch:17/45 iteration:0/38 batch loss is :0.2547
2025-05-18 00:20:35 - INFO - the acc is :0.9375
2025-05-18 00:20:45 - INFO - epoch:17/45 iteration:5/38 batch loss is :0.1229
2025-05-18 00:20:45 - INFO - the acc is :1.0
2025-05-18 00:20:57 - INFO - epoch:17/45 iteration:10/38 batch loss is :0.3517
2025-05-18 00:20:57 - INFO - the acc is :0.875
2025-05-18 00:21:07 - INFO - epoch:17/45 iteration:15/38 batch loss is :0.4036
2025-05-18 00:21:07 - INFO - the acc is :0.8125
2025-05-18 00:21:20 - INFO - epoch:17/45 iteration:20/38 batch loss is :1.1389
2025-05-18 00:21:20 - INFO - the acc is :0.75
2025-05-18 00:21:27 - INFO - epoch:17/45 iteration:25/38 batch loss is :0.4324
2025-05-18 00:21:27 - INFO - the acc is :0.875
2025-05-18 00:21:33 - INFO - epoch:17/45 iteration:30/38 batch loss is :0.4364
2025-05-18 00:21:33 - INFO - the acc is :0.75
2025-05-18 00:21:39 - INFO - epoch:17/45 iteration:35/38 batch loss is :0.1410
2025-05-18 00:21:39 - INFO - the acc is :1.0
2025-05-18 00:21:43 - INFO - Epoch:17/45 Loss is :0.3895
2025-05-18 00:24:02 - INFO - epoch:18/45 iteration:0/38 batch loss is :0.2470
2025-05-18 00:24:02 - INFO - the acc is :0.875
2025-05-18 00:24:13 - INFO - epoch:18/45 iteration:5/38 batch loss is :0.2535
2025-05-18 00:24:13 - INFO - the acc is :0.9375
2025-05-18 00:24:21 - INFO - epoch:18/45 iteration:10/38 batch loss is :0.2056
2025-05-18 00:24:21 - INFO - the acc is :1.0
2025-05-18 00:24:28 - INFO - epoch:18/45 iteration:15/38 batch loss is :0.2082
2025-05-18 00:24:28 - INFO - the acc is :1.0
2025-05-18 00:25:04 - INFO - epoch:18/45 iteration:20/38 batch loss is :0.2076
2025-05-18 00:25:04 - INFO - the acc is :0.9375
2025-05-18 00:25:10 - INFO - epoch:18/45 iteration:25/38 batch loss is :0.4617
2025-05-18 00:25:10 - INFO - the acc is :0.75
2025-05-18 00:25:17 - INFO - epoch:18/45 iteration:30/38 batch loss is :0.4687
2025-05-18 00:25:17 - INFO - the acc is :0.9375
2025-05-18 00:25:38 - INFO - epoch:18/45 iteration:35/38 batch loss is :0.2749
2025-05-18 00:25:38 - INFO - the acc is :0.9375
2025-05-18 00:25:42 - INFO - Epoch:18/45 Loss is :0.3696
2025-05-18 00:28:17 - INFO - epoch:19/45 iteration:0/38 batch loss is :0.1666
2025-05-18 00:28:17 - INFO - the acc is :0.9375
2025-05-18 00:28:31 - INFO - epoch:19/45 iteration:5/38 batch loss is :1.3126
2025-05-18 00:28:31 - INFO - the acc is :0.875
2025-05-18 00:28:39 - INFO - epoch:19/45 iteration:10/38 batch loss is :0.4872
2025-05-18 00:28:39 - INFO - the acc is :0.8125
2025-05-18 00:28:47 - INFO - epoch:19/45 iteration:15/38 batch loss is :0.1547
2025-05-18 00:28:47 - INFO - the acc is :0.9375
2025-05-18 00:29:16 - INFO - epoch:19/45 iteration:20/38 batch loss is :0.1669
2025-05-18 00:29:16 - INFO - the acc is :1.0
2025-05-18 00:29:23 - INFO - epoch:19/45 iteration:25/38 batch loss is :0.2343
2025-05-18 00:29:23 - INFO - the acc is :1.0
2025-05-18 00:29:29 - INFO - epoch:19/45 iteration:30/38 batch loss is :0.4082
2025-05-18 00:29:29 - INFO - the acc is :0.875
2025-05-18 00:29:44 - INFO - epoch:19/45 iteration:35/38 batch loss is :0.6252
2025-05-18 00:29:44 - INFO - the acc is :0.8125
2025-05-18 00:29:49 - INFO - Epoch:19/45 Loss is :0.3922
2025-05-18 00:32:10 - INFO - epoch:20/45 iteration:0/38 batch loss is :0.2314
2025-05-18 00:32:10 - INFO - the acc is :0.9375
2025-05-18 00:32:25 - INFO - epoch:20/45 iteration:5/38 batch loss is :0.1748
2025-05-18 00:32:25 - INFO - the acc is :0.9375
2025-05-18 00:32:40 - INFO - epoch:20/45 iteration:10/38 batch loss is :0.2353
2025-05-18 00:32:40 - INFO - the acc is :1.0
2025-05-18 00:32:50 - INFO - epoch:20/45 iteration:15/38 batch loss is :0.4107
2025-05-18 00:32:50 - INFO - the acc is :0.8125
2025-05-18 00:32:57 - INFO - epoch:20/45 iteration:20/38 batch loss is :0.3130
2025-05-18 00:32:57 - INFO - the acc is :0.875
2025-05-18 00:33:04 - INFO - epoch:20/45 iteration:25/38 batch loss is :0.2272
2025-05-18 00:33:04 - INFO - the acc is :1.0
2025-05-18 00:33:10 - INFO - epoch:20/45 iteration:30/38 batch loss is :0.4609
2025-05-18 00:33:10 - INFO - the acc is :0.9375
2025-05-18 00:33:15 - INFO - epoch:20/45 iteration:35/38 batch loss is :0.4067
2025-05-18 00:33:15 - INFO - the acc is :0.8125
2025-05-18 00:33:19 - INFO - Epoch:20/45 Loss is :0.3549
2025-05-18 00:35:51 - INFO - val accuarcy is : 0.4775
2025-05-18 00:35:51 - INFO - VAL loss :2.7820
2025-05-18 00:38:35 - INFO - epoch:21/45 iteration:0/38 batch loss is :0.0610
2025-05-18 00:38:35 - INFO - the acc is :1.0
2025-05-18 00:38:47 - INFO - epoch:21/45 iteration:5/38 batch loss is :0.2052
2025-05-18 00:38:47 - INFO - the acc is :1.0
2025-05-18 00:39:02 - INFO - epoch:21/45 iteration:10/38 batch loss is :0.3899
2025-05-18 00:39:02 - INFO - the acc is :0.9375
2025-05-18 00:39:12 - INFO - epoch:21/45 iteration:15/38 batch loss is :0.2170
2025-05-18 00:39:12 - INFO - the acc is :0.9375
2025-05-18 00:39:19 - INFO - epoch:21/45 iteration:20/38 batch loss is :0.1462
2025-05-18 00:39:19 - INFO - the acc is :1.0
2025-05-18 00:39:25 - INFO - epoch:21/45 iteration:25/38 batch loss is :0.9871
2025-05-18 00:39:25 - INFO - the acc is :0.875
2025-05-18 00:39:31 - INFO - epoch:21/45 iteration:30/38 batch loss is :1.1488
2025-05-18 00:39:31 - INFO - the acc is :0.8125
2025-05-18 00:39:51 - INFO - epoch:21/45 iteration:35/38 batch loss is :0.1205
2025-05-18 00:39:51 - INFO - the acc is :1.0
2025-05-18 00:39:55 - INFO - Epoch:21/45 Loss is :0.3656
2025-05-18 00:42:53 - INFO - epoch:22/45 iteration:0/38 batch loss is :0.1324
2025-05-18 00:42:53 - INFO - the acc is :1.0
2025-05-18 00:43:00 - INFO - epoch:22/45 iteration:5/38 batch loss is :0.3052
2025-05-18 00:43:00 - INFO - the acc is :0.875
2025-05-18 00:43:08 - INFO - epoch:22/45 iteration:10/38 batch loss is :0.3007
2025-05-18 00:43:08 - INFO - the acc is :0.8125
2025-05-18 00:43:15 - INFO - epoch:22/45 iteration:15/38 batch loss is :0.4050
2025-05-18 00:43:15 - INFO - the acc is :0.875
2025-05-18 00:43:52 - INFO - epoch:22/45 iteration:20/38 batch loss is :0.2526
2025-05-18 00:43:52 - INFO - the acc is :1.0
2025-05-18 00:43:59 - INFO - epoch:22/45 iteration:25/38 batch loss is :0.2400
2025-05-18 00:43:59 - INFO - the acc is :0.9375
2025-05-18 00:44:05 - INFO - epoch:22/45 iteration:30/38 batch loss is :0.1546
2025-05-18 00:44:05 - INFO - the acc is :1.0
2025-05-18 00:44:25 - INFO - epoch:22/45 iteration:35/38 batch loss is :0.7028
2025-05-18 00:44:25 - INFO - the acc is :0.875
2025-05-18 00:44:29 - INFO - Epoch:22/45 Loss is :0.3917
2025-05-18 00:46:48 - INFO - epoch:23/45 iteration:0/38 batch loss is :0.2200
2025-05-18 00:46:48 - INFO - the acc is :0.9375
2025-05-18 00:47:03 - INFO - epoch:23/45 iteration:5/38 batch loss is :0.3179
2025-05-18 00:47:03 - INFO - the acc is :0.9375
2025-05-18 00:47:16 - INFO - epoch:23/45 iteration:10/38 batch loss is :0.1115
2025-05-18 00:47:16 - INFO - the acc is :1.0
2025-05-18 00:47:28 - INFO - epoch:23/45 iteration:15/38 batch loss is :0.1586
2025-05-18 00:47:28 - INFO - the acc is :1.0
2025-05-18 00:47:35 - INFO - epoch:23/45 iteration:20/38 batch loss is :0.4407
2025-05-18 00:47:35 - INFO - the acc is :0.875
2025-05-18 00:47:42 - INFO - epoch:23/45 iteration:25/38 batch loss is :0.1294
2025-05-18 00:47:42 - INFO - the acc is :1.0
2025-05-18 00:47:48 - INFO - epoch:23/45 iteration:30/38 batch loss is :0.2037
2025-05-18 00:47:48 - INFO - the acc is :0.9375
2025-05-18 00:47:54 - INFO - epoch:23/45 iteration:35/38 batch loss is :0.4001
2025-05-18 00:47:54 - INFO - the acc is :0.875
2025-05-18 00:47:58 - INFO - Epoch:23/45 Loss is :0.3448
2025-05-18 00:50:15 - INFO - epoch:24/45 iteration:0/38 batch loss is :0.3360
2025-05-18 00:50:15 - INFO - the acc is :0.875
2025-05-18 00:50:29 - INFO - epoch:24/45 iteration:5/38 batch loss is :0.2925
2025-05-18 00:50:29 - INFO - the acc is :0.875
2025-05-18 00:50:42 - INFO - epoch:24/45 iteration:10/38 batch loss is :0.1338
2025-05-18 00:50:42 - INFO - the acc is :1.0
2025-05-18 00:50:53 - INFO - epoch:24/45 iteration:15/38 batch loss is :0.5170
2025-05-18 00:50:53 - INFO - the acc is :0.8125
2025-05-18 00:51:01 - INFO - epoch:24/45 iteration:20/38 batch loss is :0.2229
2025-05-18 00:51:01 - INFO - the acc is :0.9375
2025-05-18 00:51:07 - INFO - epoch:24/45 iteration:25/38 batch loss is :0.6146
2025-05-18 00:51:07 - INFO - the acc is :0.8125
2025-05-18 00:51:14 - INFO - epoch:24/45 iteration:30/38 batch loss is :0.9938
2025-05-18 00:51:14 - INFO - the acc is :0.625
2025-05-18 00:51:20 - INFO - epoch:24/45 iteration:35/38 batch loss is :0.1491
2025-05-18 00:51:20 - INFO - the acc is :1.0
2025-05-18 00:51:24 - INFO - Epoch:24/45 Loss is :0.4150
2025-05-18 00:53:43 - INFO - epoch:25/45 iteration:0/38 batch loss is :0.4016
2025-05-18 00:53:43 - INFO - the acc is :0.875
2025-05-18 00:53:56 - INFO - epoch:25/45 iteration:5/38 batch loss is :0.2271
2025-05-18 00:53:56 - INFO - the acc is :1.0
2025-05-18 00:54:10 - INFO - epoch:25/45 iteration:10/38 batch loss is :0.1825
2025-05-18 00:54:10 - INFO - the acc is :0.9375
2025-05-18 00:54:24 - INFO - epoch:25/45 iteration:15/38 batch loss is :0.8196
2025-05-18 00:54:24 - INFO - the acc is :0.875
2025-05-18 00:54:30 - INFO - epoch:25/45 iteration:20/38 batch loss is :0.1588
2025-05-18 00:54:30 - INFO - the acc is :1.0
2025-05-18 00:54:37 - INFO - epoch:25/45 iteration:25/38 batch loss is :0.3817
2025-05-18 00:54:37 - INFO - the acc is :0.9375
2025-05-18 00:54:44 - INFO - epoch:25/45 iteration:30/38 batch loss is :0.2941
2025-05-18 00:54:44 - INFO - the acc is :0.9375
2025-05-18 00:54:49 - INFO - epoch:25/45 iteration:35/38 batch loss is :0.2415
2025-05-18 00:54:49 - INFO - the acc is :0.9375
2025-05-18 00:54:53 - INFO - Epoch:25/45 Loss is :0.3787
2025-05-18 00:57:24 - INFO - val accuarcy is : 0.4708
2025-05-18 00:57:24 - INFO - VAL loss :2.5883
2025-05-18 01:00:09 - INFO - epoch:26/45 iteration:0/38 batch loss is :0.1908
2025-05-18 01:00:09 - INFO - the acc is :0.9375
2025-05-18 01:00:23 - INFO - epoch:26/45 iteration:5/38 batch loss is :0.2124
2025-05-18 01:00:23 - INFO - the acc is :0.875
2025-05-18 01:00:35 - INFO - epoch:26/45 iteration:10/38 batch loss is :0.5990
2025-05-18 01:00:35 - INFO - the acc is :0.875
2025-05-18 01:00:44 - INFO - epoch:26/45 iteration:15/38 batch loss is :0.4548
2025-05-18 01:00:44 - INFO - the acc is :0.875
2025-05-18 01:00:52 - INFO - epoch:26/45 iteration:20/38 batch loss is :0.2940
2025-05-18 01:00:52 - INFO - the acc is :0.9375
2025-05-18 01:00:59 - INFO - epoch:26/45 iteration:25/38 batch loss is :0.3983
2025-05-18 01:00:59 - INFO - the acc is :0.9375
2025-05-18 01:01:05 - INFO - epoch:26/45 iteration:30/38 batch loss is :0.2932
2025-05-18 01:01:05 - INFO - the acc is :0.9375
2025-05-18 01:01:11 - INFO - epoch:26/45 iteration:35/38 batch loss is :0.4694
2025-05-18 01:01:11 - INFO - the acc is :0.8125
2025-05-18 01:01:15 - INFO - Epoch:26/45 Loss is :0.3549
2025-05-18 01:03:36 - INFO - epoch:27/45 iteration:0/38 batch loss is :0.4555
2025-05-18 01:03:36 - INFO - the acc is :0.875
2025-05-18 01:03:48 - INFO - epoch:27/45 iteration:5/38 batch loss is :0.3555
2025-05-18 01:03:48 - INFO - the acc is :0.875
2025-05-18 01:03:59 - INFO - epoch:27/45 iteration:10/38 batch loss is :0.2080
2025-05-18 01:03:59 - INFO - the acc is :0.9375
2025-05-18 01:04:10 - INFO - epoch:27/45 iteration:15/38 batch loss is :0.3381
2025-05-18 01:04:10 - INFO - the acc is :0.875
2025-05-18 01:04:20 - INFO - epoch:27/45 iteration:20/38 batch loss is :0.1557
2025-05-18 01:04:20 - INFO - the acc is :0.9375
2025-05-18 01:04:27 - INFO - epoch:27/45 iteration:25/38 batch loss is :0.1467
2025-05-18 01:04:27 - INFO - the acc is :0.9375
2025-05-18 01:04:33 - INFO - epoch:27/45 iteration:30/38 batch loss is :0.2516
2025-05-18 01:04:33 - INFO - the acc is :0.875
2025-05-18 01:04:39 - INFO - epoch:27/45 iteration:35/38 batch loss is :0.2867
2025-05-18 01:04:39 - INFO - the acc is :0.9375
2025-05-18 01:04:43 - INFO - Epoch:27/45 Loss is :0.3554
2025-05-18 01:07:35 - INFO - epoch:28/45 iteration:0/38 batch loss is :0.1611
2025-05-18 01:07:35 - INFO - the acc is :0.9375
2025-05-18 01:07:42 - INFO - epoch:28/45 iteration:5/38 batch loss is :0.4991
2025-05-18 01:07:42 - INFO - the acc is :0.8125
2025-05-18 01:07:50 - INFO - epoch:28/45 iteration:10/38 batch loss is :0.2247
2025-05-18 01:07:50 - INFO - the acc is :1.0
2025-05-18 01:07:58 - INFO - epoch:28/45 iteration:15/38 batch loss is :1.3365
2025-05-18 01:07:58 - INFO - the acc is :0.6875
2025-05-18 01:08:40 - INFO - epoch:28/45 iteration:20/38 batch loss is :0.5350
2025-05-18 01:08:40 - INFO - the acc is :0.875
2025-05-18 01:08:46 - INFO - epoch:28/45 iteration:25/38 batch loss is :0.1270
2025-05-18 01:08:46 - INFO - the acc is :1.0
2025-05-18 01:08:52 - INFO - epoch:28/45 iteration:30/38 batch loss is :0.3320
2025-05-18 01:08:52 - INFO - the acc is :0.75
2025-05-18 01:09:15 - INFO - epoch:28/45 iteration:35/38 batch loss is :0.1354
2025-05-18 01:09:15 - INFO - the acc is :1.0
2025-05-18 01:09:19 - INFO - Epoch:28/45 Loss is :0.3973
2025-05-18 01:12:07 - INFO - epoch:29/45 iteration:0/38 batch loss is :0.9438
2025-05-18 01:12:07 - INFO - the acc is :0.875
2025-05-18 01:12:14 - INFO - epoch:29/45 iteration:5/38 batch loss is :0.4307
2025-05-18 01:12:14 - INFO - the acc is :0.8125
2025-05-18 01:12:21 - INFO - epoch:29/45 iteration:10/38 batch loss is :0.1765
2025-05-18 01:12:21 - INFO - the acc is :1.0
2025-05-18 01:12:29 - INFO - epoch:29/45 iteration:15/38 batch loss is :0.3500
2025-05-18 01:12:29 - INFO - the acc is :0.875
2025-05-18 01:13:10 - INFO - epoch:29/45 iteration:20/38 batch loss is :0.2275
2025-05-18 01:13:10 - INFO - the acc is :0.875
2025-05-18 01:13:16 - INFO - epoch:29/45 iteration:25/38 batch loss is :0.2672
2025-05-18 01:13:16 - INFO - the acc is :0.9375
2025-05-18 01:13:22 - INFO - epoch:29/45 iteration:30/38 batch loss is :0.2549
2025-05-18 01:13:22 - INFO - the acc is :0.9375
2025-05-18 01:13:45 - INFO - epoch:29/45 iteration:35/38 batch loss is :0.3191
2025-05-18 01:13:45 - INFO - the acc is :0.875
2025-05-18 01:13:49 - INFO - Epoch:29/45 Loss is :0.3693
2025-05-18 01:16:09 - INFO - epoch:30/45 iteration:0/38 batch loss is :0.2975
2025-05-18 01:16:09 - INFO - the acc is :0.875
2025-05-18 01:16:25 - INFO - epoch:30/45 iteration:5/38 batch loss is :0.1842
2025-05-18 01:16:25 - INFO - the acc is :1.0
2025-05-18 01:16:39 - INFO - epoch:30/45 iteration:10/38 batch loss is :0.3271
2025-05-18 01:16:39 - INFO - the acc is :0.9375
2025-05-18 01:16:48 - INFO - epoch:30/45 iteration:15/38 batch loss is :0.1103
2025-05-18 01:16:48 - INFO - the acc is :1.0
2025-05-18 01:16:55 - INFO - epoch:30/45 iteration:20/38 batch loss is :0.2154
2025-05-18 01:16:55 - INFO - the acc is :0.9375
2025-05-18 01:17:02 - INFO - epoch:30/45 iteration:25/38 batch loss is :0.1149
2025-05-18 01:17:02 - INFO - the acc is :1.0
2025-05-18 01:17:08 - INFO - epoch:30/45 iteration:30/38 batch loss is :0.2787
2025-05-18 01:17:08 - INFO - the acc is :0.9375
2025-05-18 01:17:14 - INFO - epoch:30/45 iteration:35/38 batch loss is :0.9078
2025-05-18 01:17:14 - INFO - the acc is :0.875
2025-05-18 01:17:18 - INFO - Epoch:30/45 Loss is :0.3394
2025-05-18 01:19:48 - INFO - val accuarcy is : 0.4708
2025-05-18 01:19:48 - INFO - VAL loss :2.6506
2025-05-18 01:22:32 - INFO - epoch:31/45 iteration:0/38 batch loss is :0.2910
2025-05-18 01:22:32 - INFO - the acc is :0.9375
2025-05-18 01:22:45 - INFO - epoch:31/45 iteration:5/38 batch loss is :0.1791
2025-05-18 01:22:45 - INFO - the acc is :1.0
2025-05-18 01:23:00 - INFO - epoch:31/45 iteration:10/38 batch loss is :0.2189
2025-05-18 01:23:00 - INFO - the acc is :0.9375
2025-05-18 01:23:09 - INFO - epoch:31/45 iteration:15/38 batch loss is :0.2053
2025-05-18 01:23:09 - INFO - the acc is :0.9375
2025-05-18 01:23:16 - INFO - epoch:31/45 iteration:20/38 batch loss is :0.4229
2025-05-18 01:23:16 - INFO - the acc is :0.8125
2025-05-18 01:23:23 - INFO - epoch:31/45 iteration:25/38 batch loss is :0.7125
2025-05-18 01:23:23 - INFO - the acc is :0.8125
2025-05-18 01:23:29 - INFO - epoch:31/45 iteration:30/38 batch loss is :0.1999
2025-05-18 01:23:29 - INFO - the acc is :1.0
2025-05-18 01:23:35 - INFO - epoch:31/45 iteration:35/38 batch loss is :0.1609
2025-05-18 01:23:35 - INFO - the acc is :0.9375
2025-05-18 01:23:39 - INFO - Epoch:31/45 Loss is :0.3806
2025-05-18 01:26:27 - INFO - epoch:32/45 iteration:0/38 batch loss is :0.1540
2025-05-18 01:26:27 - INFO - the acc is :0.9375
2025-05-18 01:26:34 - INFO - epoch:32/45 iteration:5/38 batch loss is :0.3113
2025-05-18 01:26:34 - INFO - the acc is :1.0
2025-05-18 01:26:42 - INFO - epoch:32/45 iteration:10/38 batch loss is :0.3586
2025-05-18 01:26:42 - INFO - the acc is :0.875
2025-05-18 01:26:49 - INFO - epoch:32/45 iteration:15/38 batch loss is :0.4051
2025-05-18 01:26:49 - INFO - the acc is :0.9375
2025-05-18 01:27:30 - INFO - epoch:32/45 iteration:20/38 batch loss is :0.1294
2025-05-18 01:27:30 - INFO - the acc is :1.0
2025-05-18 01:27:36 - INFO - epoch:32/45 iteration:25/38 batch loss is :0.3066
2025-05-18 01:27:36 - INFO - the acc is :0.9375
2025-05-18 01:27:43 - INFO - epoch:32/45 iteration:30/38 batch loss is :0.2085
2025-05-18 01:27:43 - INFO - the acc is :0.9375
2025-05-18 01:28:05 - INFO - epoch:32/45 iteration:35/38 batch loss is :0.3420
2025-05-18 01:28:05 - INFO - the acc is :0.9375
2025-05-18 01:28:09 - INFO - Epoch:32/45 Loss is :0.3890
2025-05-18 01:30:31 - INFO - epoch:33/45 iteration:0/38 batch loss is :0.7477
2025-05-18 01:30:31 - INFO - the acc is :0.9375
2025-05-18 01:30:44 - INFO - epoch:33/45 iteration:5/38 batch loss is :0.3434
2025-05-18 01:30:44 - INFO - the acc is :0.9375
2025-05-18 01:31:01 - INFO - epoch:33/45 iteration:10/38 batch loss is :0.1878
2025-05-18 01:31:01 - INFO - the acc is :0.9375
2025-05-18 01:31:10 - INFO - epoch:33/45 iteration:15/38 batch loss is :0.7268
2025-05-18 01:31:10 - INFO - the acc is :0.8125
2025-05-18 01:31:17 - INFO - epoch:33/45 iteration:20/38 batch loss is :1.0708
2025-05-18 01:31:17 - INFO - the acc is :0.75
2025-05-18 01:31:24 - INFO - epoch:33/45 iteration:25/38 batch loss is :0.4425
2025-05-18 01:31:24 - INFO - the acc is :0.875
2025-05-18 01:31:30 - INFO - epoch:33/45 iteration:30/38 batch loss is :0.3457
2025-05-18 01:31:30 - INFO - the acc is :0.9375
2025-05-18 01:31:36 - INFO - epoch:33/45 iteration:35/38 batch loss is :0.2829
2025-05-18 01:31:36 - INFO - the acc is :0.9375
2025-05-18 01:31:40 - INFO - Epoch:33/45 Loss is :0.3770
2025-05-18 01:34:04 - INFO - epoch:34/45 iteration:0/38 batch loss is :0.1742
2025-05-18 01:34:04 - INFO - the acc is :1.0
2025-05-18 01:34:17 - INFO - epoch:34/45 iteration:5/38 batch loss is :0.0900
2025-05-18 01:34:17 - INFO - the acc is :0.9375
2025-05-18 01:34:29 - INFO - epoch:34/45 iteration:10/38 batch loss is :0.3432
2025-05-18 01:34:29 - INFO - the acc is :0.875
2025-05-18 01:34:38 - INFO - epoch:34/45 iteration:15/38 batch loss is :0.1084
2025-05-18 01:34:38 - INFO - the acc is :1.0
2025-05-18 01:34:50 - INFO - epoch:34/45 iteration:20/38 batch loss is :0.1244
2025-05-18 01:34:50 - INFO - the acc is :1.0
2025-05-18 01:34:56 - INFO - epoch:34/45 iteration:25/38 batch loss is :0.1735
2025-05-18 01:34:56 - INFO - the acc is :0.9375
2025-05-18 01:35:03 - INFO - epoch:34/45 iteration:30/38 batch loss is :0.3381
2025-05-18 01:35:03 - INFO - the acc is :0.8125
2025-05-18 01:35:09 - INFO - epoch:34/45 iteration:35/38 batch loss is :0.4668
2025-05-18 01:35:09 - INFO - the acc is :0.875
2025-05-18 01:35:13 - INFO - Epoch:34/45 Loss is :0.3601
2025-05-18 01:37:32 - INFO - epoch:35/45 iteration:0/38 batch loss is :0.1333
2025-05-18 01:37:32 - INFO - the acc is :1.0
2025-05-18 01:37:42 - INFO - epoch:35/45 iteration:5/38 batch loss is :0.4267
2025-05-18 01:37:42 - INFO - the acc is :0.875
2025-05-18 01:37:53 - INFO - epoch:35/45 iteration:10/38 batch loss is :0.4451
2025-05-18 01:37:53 - INFO - the acc is :0.75
2025-05-18 01:38:04 - INFO - epoch:35/45 iteration:15/38 batch loss is :0.2370
2025-05-18 01:38:04 - INFO - the acc is :0.875
2025-05-18 01:38:19 - INFO - epoch:35/45 iteration:20/38 batch loss is :0.0887
2025-05-18 01:38:19 - INFO - the acc is :1.0
2025-05-18 01:38:26 - INFO - epoch:35/45 iteration:25/38 batch loss is :0.6247
2025-05-18 01:38:26 - INFO - the acc is :0.8125
2025-05-18 01:38:33 - INFO - epoch:35/45 iteration:30/38 batch loss is :0.7386
2025-05-18 01:38:33 - INFO - the acc is :0.875
2025-05-18 01:38:38 - INFO - epoch:35/45 iteration:35/38 batch loss is :1.0725
2025-05-18 01:38:38 - INFO - the acc is :0.875
2025-05-18 01:38:42 - INFO - Epoch:35/45 Loss is :0.4222
2025-05-18 01:41:22 - INFO - val accuarcy is : 0.4708
2025-05-18 01:41:22 - INFO - VAL loss :2.6913
2025-05-18 01:44:23 - INFO - epoch:36/45 iteration:0/38 batch loss is :0.1901
2025-05-18 01:44:23 - INFO - the acc is :1.0
2025-05-18 01:44:31 - INFO - epoch:36/45 iteration:5/38 batch loss is :0.2663
2025-05-18 01:44:31 - INFO - the acc is :0.9375
2025-05-18 01:44:38 - INFO - epoch:36/45 iteration:10/38 batch loss is :0.2990
2025-05-18 01:44:38 - INFO - the acc is :0.875
2025-05-18 01:44:45 - INFO - epoch:36/45 iteration:15/38 batch loss is :0.3972
2025-05-18 01:44:45 - INFO - the acc is :0.875
2025-05-18 01:45:26 - INFO - epoch:36/45 iteration:20/38 batch loss is :0.1667
2025-05-18 01:45:26 - INFO - the acc is :1.0
2025-05-18 01:45:33 - INFO - epoch:36/45 iteration:25/38 batch loss is :0.1680
2025-05-18 01:45:33 - INFO - the acc is :1.0
2025-05-18 01:45:39 - INFO - epoch:36/45 iteration:30/38 batch loss is :0.2616
2025-05-18 01:45:39 - INFO - the acc is :0.9375
2025-05-18 01:46:01 - INFO - epoch:36/45 iteration:35/38 batch loss is :0.3251
2025-05-18 01:46:01 - INFO - the acc is :0.9375
2025-05-18 01:46:06 - INFO - Epoch:36/45 Loss is :0.3605
2025-05-18 01:48:27 - INFO - epoch:37/45 iteration:0/38 batch loss is :0.2383
2025-05-18 01:48:27 - INFO - the acc is :0.9375
2025-05-18 01:48:39 - INFO - epoch:37/45 iteration:5/38 batch loss is :0.1431
2025-05-18 01:48:39 - INFO - the acc is :1.0
2025-05-18 01:48:55 - INFO - epoch:37/45 iteration:10/38 batch loss is :0.5259
2025-05-18 01:48:55 - INFO - the acc is :0.875
2025-05-18 01:49:05 - INFO - epoch:37/45 iteration:15/38 batch loss is :0.2958
2025-05-18 01:49:05 - INFO - the acc is :0.9375
2025-05-18 01:49:12 - INFO - epoch:37/45 iteration:20/38 batch loss is :0.4087
2025-05-18 01:49:12 - INFO - the acc is :0.8125
2025-05-18 01:49:19 - INFO - epoch:37/45 iteration:25/38 batch loss is :0.1558
2025-05-18 01:49:19 - INFO - the acc is :1.0
2025-05-18 01:49:26 - INFO - epoch:37/45 iteration:30/38 batch loss is :0.0571
2025-05-18 01:49:26 - INFO - the acc is :1.0
2025-05-18 01:49:31 - INFO - epoch:37/45 iteration:35/38 batch loss is :0.3176
2025-05-18 01:49:31 - INFO - the acc is :0.9375
2025-05-18 01:49:35 - INFO - Epoch:37/45 Loss is :0.3770
2025-05-18 01:51:56 - INFO - epoch:38/45 iteration:0/38 batch loss is :0.4827
2025-05-18 01:51:56 - INFO - the acc is :0.875
2025-05-18 01:52:06 - INFO - epoch:38/45 iteration:5/38 batch loss is :0.7694
2025-05-18 01:52:06 - INFO - the acc is :0.875
2025-05-18 01:52:16 - INFO - epoch:38/45 iteration:10/38 batch loss is :0.1257
2025-05-18 01:52:16 - INFO - the acc is :1.0
2025-05-18 01:52:27 - INFO - epoch:38/45 iteration:15/38 batch loss is :0.6375
2025-05-18 01:52:27 - INFO - the acc is :0.6875
2025-05-18 01:52:41 - INFO - epoch:38/45 iteration:20/38 batch loss is :0.6745
2025-05-18 01:52:41 - INFO - the acc is :0.75
2025-05-18 01:52:48 - INFO - epoch:38/45 iteration:25/38 batch loss is :0.6222
2025-05-18 01:52:48 - INFO - the acc is :0.9375
2025-05-18 01:52:54 - INFO - epoch:38/45 iteration:30/38 batch loss is :0.4200
2025-05-18 01:52:54 - INFO - the acc is :0.8125
2025-05-18 01:53:00 - INFO - epoch:38/45 iteration:35/38 batch loss is :0.7126
2025-05-18 01:53:00 - INFO - the acc is :0.75
2025-05-18 01:53:04 - INFO - Epoch:38/45 Loss is :0.3767
2025-05-18 01:55:54 - INFO - epoch:39/45 iteration:0/38 batch loss is :0.2224
2025-05-18 01:55:54 - INFO - the acc is :0.9375
2025-05-18 01:56:02 - INFO - epoch:39/45 iteration:5/38 batch loss is :0.1223
2025-05-18 01:56:02 - INFO - the acc is :0.9375
2025-05-18 01:56:09 - INFO - epoch:39/45 iteration:10/38 batch loss is :0.2614
2025-05-18 01:56:09 - INFO - the acc is :1.0
2025-05-18 01:56:16 - INFO - epoch:39/45 iteration:15/38 batch loss is :0.1829
2025-05-18 01:56:16 - INFO - the acc is :1.0
2025-05-18 01:56:58 - INFO - epoch:39/45 iteration:20/38 batch loss is :0.4594
2025-05-18 01:56:58 - INFO - the acc is :0.9375
2025-05-18 01:57:04 - INFO - epoch:39/45 iteration:25/38 batch loss is :0.4498
2025-05-18 01:57:04 - INFO - the acc is :0.875
2025-05-18 01:57:10 - INFO - epoch:39/45 iteration:30/38 batch loss is :0.1745
2025-05-18 01:57:10 - INFO - the acc is :1.0
2025-05-18 01:57:33 - INFO - epoch:39/45 iteration:35/38 batch loss is :0.3137
2025-05-18 01:57:33 - INFO - the acc is :0.875
2025-05-18 01:57:37 - INFO - Epoch:39/45 Loss is :0.3333
2025-05-18 01:59:59 - INFO - epoch:40/45 iteration:0/38 batch loss is :0.2714
2025-05-18 01:59:59 - INFO - the acc is :0.9375
2025-05-18 02:00:10 - INFO - epoch:40/45 iteration:5/38 batch loss is :1.4173
2025-05-18 02:00:10 - INFO - the acc is :0.6875
2025-05-18 02:00:23 - INFO - epoch:40/45 iteration:10/38 batch loss is :0.5748
2025-05-18 02:00:23 - INFO - the acc is :0.8125
2025-05-18 02:00:33 - INFO - epoch:40/45 iteration:15/38 batch loss is :0.3530
2025-05-18 02:00:33 - INFO - the acc is :0.9375
2025-05-18 02:00:43 - INFO - epoch:40/45 iteration:20/38 batch loss is :0.1867
2025-05-18 02:00:43 - INFO - the acc is :0.9375
2025-05-18 02:00:50 - INFO - epoch:40/45 iteration:25/38 batch loss is :0.1567
2025-05-18 02:00:50 - INFO - the acc is :1.0
2025-05-18 02:00:57 - INFO - epoch:40/45 iteration:30/38 batch loss is :0.2617
2025-05-18 02:00:57 - INFO - the acc is :0.9375
2025-05-18 02:01:02 - INFO - epoch:40/45 iteration:35/38 batch loss is :0.0973
2025-05-18 02:01:02 - INFO - the acc is :1.0
2025-05-18 02:01:06 - INFO - Epoch:40/45 Loss is :0.3138
2025-05-18 02:03:38 - INFO - val accuarcy is : 0.4642
2025-05-18 02:03:38 - INFO - VAL loss :2.5869
2025-05-18 02:06:22 - INFO - epoch:41/45 iteration:0/38 batch loss is :0.3368
2025-05-18 02:06:22 - INFO - the acc is :0.875
2025-05-18 02:06:34 - INFO - epoch:41/45 iteration:5/38 batch loss is :0.1745
2025-05-18 02:06:34 - INFO - the acc is :1.0
2025-05-18 02:06:46 - INFO - epoch:41/45 iteration:10/38 batch loss is :0.1866
2025-05-18 02:06:46 - INFO - the acc is :0.9375
2025-05-18 02:06:59 - INFO - epoch:41/45 iteration:15/38 batch loss is :0.1527
2025-05-18 02:06:59 - INFO - the acc is :1.0
2025-05-18 02:07:10 - INFO - epoch:41/45 iteration:20/38 batch loss is :0.2399
2025-05-18 02:07:10 - INFO - the acc is :0.9375
2025-05-18 02:07:17 - INFO - epoch:41/45 iteration:25/38 batch loss is :0.2846
2025-05-18 02:07:17 - INFO - the acc is :0.875
2025-05-18 02:07:23 - INFO - epoch:41/45 iteration:30/38 batch loss is :0.2876
2025-05-18 02:07:23 - INFO - the acc is :0.9375
2025-05-18 02:07:29 - INFO - epoch:41/45 iteration:35/38 batch loss is :0.9887
2025-05-18 02:07:29 - INFO - the acc is :0.5625
2025-05-18 02:07:33 - INFO - Epoch:41/45 Loss is :0.3614
2025-05-18 02:09:58 - INFO - epoch:42/45 iteration:0/38 batch loss is :0.2099
2025-05-18 02:09:58 - INFO - the acc is :0.9375
2025-05-18 02:10:05 - INFO - epoch:42/45 iteration:5/38 batch loss is :0.3590
2025-05-18 02:10:05 - INFO - the acc is :0.9375
2025-05-18 02:10:13 - INFO - epoch:42/45 iteration:10/38 batch loss is :0.1766
2025-05-18 02:10:13 - INFO - the acc is :1.0
2025-05-18 02:10:20 - INFO - epoch:42/45 iteration:15/38 batch loss is :0.2033
2025-05-18 02:10:20 - INFO - the acc is :0.9375
2025-05-18 02:11:01 - INFO - epoch:42/45 iteration:20/38 batch loss is :0.0761
2025-05-18 02:11:01 - INFO - the acc is :1.0
2025-05-18 02:11:08 - INFO - epoch:42/45 iteration:25/38 batch loss is :1.6138
2025-05-18 02:11:08 - INFO - the acc is :0.75
2025-05-18 02:11:14 - INFO - epoch:42/45 iteration:30/38 batch loss is :0.3493
2025-05-18 02:11:14 - INFO - the acc is :0.875
2025-05-18 02:11:37 - INFO - epoch:42/45 iteration:35/38 batch loss is :0.2343
2025-05-18 02:11:37 - INFO - the acc is :0.9375
2025-05-18 02:11:41 - INFO - Epoch:42/45 Loss is :0.3653
2025-05-18 02:14:15 - INFO - epoch:43/45 iteration:0/38 batch loss is :0.4226
2025-05-18 02:14:15 - INFO - the acc is :0.8125
2025-05-18 02:14:23 - INFO - epoch:43/45 iteration:5/38 batch loss is :0.2922
2025-05-18 02:14:23 - INFO - the acc is :0.9375
2025-05-18 02:14:41 - INFO - epoch:43/45 iteration:10/38 batch loss is :0.3118
2025-05-18 02:14:41 - INFO - the acc is :0.9375
2025-05-18 02:14:49 - INFO - epoch:43/45 iteration:15/38 batch loss is :0.2741
2025-05-18 02:14:49 - INFO - the acc is :0.875
2025-05-18 02:15:13 - INFO - epoch:43/45 iteration:20/38 batch loss is :0.1905
2025-05-18 02:15:13 - INFO - the acc is :0.875
2025-05-18 02:15:19 - INFO - epoch:43/45 iteration:25/38 batch loss is :0.2995
2025-05-18 02:15:19 - INFO - the acc is :0.9375
2025-05-18 02:15:26 - INFO - epoch:43/45 iteration:30/38 batch loss is :0.3602
2025-05-18 02:15:26 - INFO - the acc is :0.9375
2025-05-18 02:15:35 - INFO - epoch:43/45 iteration:35/38 batch loss is :0.3952
2025-05-18 02:15:35 - INFO - the acc is :0.75
2025-05-18 02:15:39 - INFO - Epoch:43/45 Loss is :0.3561
2025-05-18 02:18:06 - INFO - epoch:44/45 iteration:0/38 batch loss is :0.6045
2025-05-18 02:18:06 - INFO - the acc is :0.75
2025-05-18 02:18:18 - INFO - epoch:44/45 iteration:5/38 batch loss is :0.1403
2025-05-18 02:18:18 - INFO - the acc is :1.0
2025-05-18 02:18:32 - INFO - epoch:44/45 iteration:10/38 batch loss is :0.1015
2025-05-18 02:18:32 - INFO - the acc is :1.0
2025-05-18 02:18:41 - INFO - epoch:44/45 iteration:15/38 batch loss is :0.7317
2025-05-18 02:18:41 - INFO - the acc is :0.8125
2025-05-18 02:18:49 - INFO - epoch:44/45 iteration:20/38 batch loss is :0.1009
2025-05-18 02:18:49 - INFO - the acc is :1.0
2025-05-18 02:18:55 - INFO - epoch:44/45 iteration:25/38 batch loss is :0.2376
2025-05-18 02:18:55 - INFO - the acc is :1.0
2025-05-18 02:19:01 - INFO - epoch:44/45 iteration:30/38 batch loss is :0.2909
2025-05-18 02:19:01 - INFO - the acc is :1.0
2025-05-18 02:19:07 - INFO - epoch:44/45 iteration:35/38 batch loss is :0.3178
2025-05-18 02:19:07 - INFO - the acc is :0.875
2025-05-18 02:19:11 - INFO - Epoch:44/45 Loss is :0.3635
2025-05-18 02:21:42 - INFO - val accuarcy is : 0.4708
2025-05-18 02:21:42 - INFO - VAL loss :2.5750
2025-05-18 02:22:05 - INFO - fold number:3
2025-05-18 02:24:26 - INFO - epoch:0/45 iteration:0/38 batch loss is :0.1997
2025-05-18 02:24:26 - INFO - the acc is :0.9375
2025-05-18 02:24:36 - INFO - epoch:0/45 iteration:5/38 batch loss is :0.0930
2025-05-18 02:24:36 - INFO - the acc is :1.0
2025-05-18 02:24:49 - INFO - epoch:0/45 iteration:10/38 batch loss is :0.3028
2025-05-18 02:24:49 - INFO - the acc is :0.9375
2025-05-18 02:24:56 - INFO - epoch:0/45 iteration:15/38 batch loss is :0.1594
2025-05-18 02:24:56 - INFO - the acc is :0.9375
2025-05-18 02:25:18 - INFO - epoch:0/45 iteration:20/38 batch loss is :0.4112
2025-05-18 02:25:18 - INFO - the acc is :0.8125
2025-05-18 02:25:24 - INFO - epoch:0/45 iteration:25/38 batch loss is :0.3280
2025-05-18 02:25:24 - INFO - the acc is :0.875
2025-05-18 02:25:30 - INFO - epoch:0/45 iteration:30/38 batch loss is :0.2532
2025-05-18 02:25:30 - INFO - the acc is :0.9375
2025-05-18 02:25:53 - INFO - epoch:0/45 iteration:35/38 batch loss is :0.1990
2025-05-18 02:25:53 - INFO - the acc is :0.9375
2025-05-18 02:25:57 - INFO - Epoch:0/45 Loss is :0.3238
2025-05-18 02:28:37 - INFO - val accuarcy is : 0.4377
2025-05-18 02:28:37 - INFO - VAL loss :3.0302
2025-05-18 02:31:30 - INFO - epoch:1/45 iteration:0/38 batch loss is :0.1544
2025-05-18 02:31:30 - INFO - the acc is :1.0
2025-05-18 02:31:42 - INFO - epoch:1/45 iteration:5/38 batch loss is :0.3991
2025-05-18 02:31:42 - INFO - the acc is :0.875
2025-05-18 02:31:49 - INFO - epoch:1/45 iteration:10/38 batch loss is :0.5606
2025-05-18 02:31:49 - INFO - the acc is :0.8125
2025-05-18 02:31:57 - INFO - epoch:1/45 iteration:15/38 batch loss is :0.2916
2025-05-18 02:31:57 - INFO - the acc is :0.875
2025-05-18 02:32:34 - INFO - epoch:1/45 iteration:20/38 batch loss is :0.3024
2025-05-18 02:32:34 - INFO - the acc is :0.9375
2025-05-18 02:32:41 - INFO - epoch:1/45 iteration:25/38 batch loss is :0.2033
2025-05-18 02:32:41 - INFO - the acc is :0.9375
2025-05-18 02:32:47 - INFO - epoch:1/45 iteration:30/38 batch loss is :0.3049
2025-05-18 02:32:47 - INFO - the acc is :0.875
2025-05-18 02:33:05 - INFO - epoch:1/45 iteration:35/38 batch loss is :0.2013
2025-05-18 02:33:05 - INFO - the acc is :1.0
2025-05-18 02:33:09 - INFO - Epoch:1/45 Loss is :0.3695
2025-05-18 02:35:30 - INFO - epoch:2/45 iteration:0/38 batch loss is :0.2935
2025-05-18 02:35:30 - INFO - the acc is :0.9375
2025-05-18 02:35:45 - INFO - epoch:2/45 iteration:5/38 batch loss is :0.2432
2025-05-18 02:35:45 - INFO - the acc is :0.9375
2025-05-18 02:35:56 - INFO - epoch:2/45 iteration:10/38 batch loss is :0.1776
2025-05-18 02:35:56 - INFO - the acc is :1.0
2025-05-18 02:36:06 - INFO - epoch:2/45 iteration:15/38 batch loss is :0.6235
2025-05-18 02:36:06 - INFO - the acc is :0.875
2025-05-18 02:36:21 - INFO - epoch:2/45 iteration:20/38 batch loss is :0.1307
2025-05-18 02:36:21 - INFO - the acc is :1.0
2025-05-18 02:36:28 - INFO - epoch:2/45 iteration:25/38 batch loss is :0.3022
2025-05-18 02:36:28 - INFO - the acc is :0.875
2025-05-18 02:36:35 - INFO - epoch:2/45 iteration:30/38 batch loss is :0.2043
2025-05-18 02:36:35 - INFO - the acc is :0.875
2025-05-18 02:36:41 - INFO - epoch:2/45 iteration:35/38 batch loss is :0.2389
2025-05-18 02:36:41 - INFO - the acc is :0.875
2025-05-18 02:36:45 - INFO - Epoch:2/45 Loss is :0.3520
2025-05-18 02:39:07 - INFO - epoch:3/45 iteration:0/38 batch loss is :0.1776
2025-05-18 02:39:07 - INFO - the acc is :1.0
2025-05-18 02:39:20 - INFO - epoch:3/45 iteration:5/38 batch loss is :0.2244
2025-05-18 02:39:20 - INFO - the acc is :0.9375
2025-05-18 02:39:32 - INFO - epoch:3/45 iteration:10/38 batch loss is :0.2584
2025-05-18 02:39:32 - INFO - the acc is :0.9375
2025-05-18 02:39:44 - INFO - epoch:3/45 iteration:15/38 batch loss is :0.0968
2025-05-18 02:39:44 - INFO - the acc is :1.0
2025-05-18 02:39:51 - INFO - epoch:3/45 iteration:20/38 batch loss is :0.3236
2025-05-18 02:39:51 - INFO - the acc is :0.9375
2025-05-18 02:39:58 - INFO - epoch:3/45 iteration:25/38 batch loss is :0.8302
2025-05-18 02:39:58 - INFO - the acc is :0.875
2025-05-18 02:40:04 - INFO - epoch:3/45 iteration:30/38 batch loss is :0.9755
2025-05-18 02:40:04 - INFO - the acc is :0.8125
2025-05-18 02:40:17 - INFO - epoch:3/45 iteration:35/38 batch loss is :0.2965
2025-05-18 02:40:17 - INFO - the acc is :0.8125
2025-05-18 02:40:21 - INFO - Epoch:3/45 Loss is :0.4290
2025-05-18 02:43:10 - INFO - epoch:4/45 iteration:0/38 batch loss is :0.3408
2025-05-18 02:43:10 - INFO - the acc is :0.9375
2025-05-18 02:43:17 - INFO - epoch:4/45 iteration:5/38 batch loss is :1.2891
2025-05-18 02:43:17 - INFO - the acc is :0.875
2025-05-18 02:43:25 - INFO - epoch:4/45 iteration:10/38 batch loss is :0.5621
2025-05-18 02:43:25 - INFO - the acc is :0.875
2025-05-18 02:43:32 - INFO - epoch:4/45 iteration:15/38 batch loss is :0.4063
2025-05-18 02:43:32 - INFO - the acc is :0.875
2025-05-18 02:44:11 - INFO - epoch:4/45 iteration:20/38 batch loss is :0.2798
2025-05-18 02:44:11 - INFO - the acc is :0.875
2025-05-18 02:44:18 - INFO - epoch:4/45 iteration:25/38 batch loss is :0.1106
2025-05-18 02:44:18 - INFO - the acc is :1.0
2025-05-18 02:44:24 - INFO - epoch:4/45 iteration:30/38 batch loss is :1.1302
2025-05-18 02:44:24 - INFO - the acc is :0.9375
2025-05-18 02:44:44 - INFO - epoch:4/45 iteration:35/38 batch loss is :0.2122
2025-05-18 02:44:44 - INFO - the acc is :0.875
2025-05-18 02:44:50 - INFO - Epoch:4/45 Loss is :0.3573
2025-05-18 02:47:09 - INFO - epoch:5/45 iteration:0/38 batch loss is :0.1966
2025-05-18 02:47:09 - INFO - the acc is :1.0
2025-05-18 02:47:22 - INFO - epoch:5/45 iteration:5/38 batch loss is :0.3916
2025-05-18 02:47:22 - INFO - the acc is :0.875
2025-05-18 02:47:37 - INFO - epoch:5/45 iteration:10/38 batch loss is :0.9906
2025-05-18 02:47:37 - INFO - the acc is :0.8125
2025-05-18 02:47:47 - INFO - epoch:5/45 iteration:15/38 batch loss is :0.2392
2025-05-18 02:47:47 - INFO - the acc is :1.0
2025-05-18 02:47:54 - INFO - epoch:5/45 iteration:20/38 batch loss is :0.1435
2025-05-18 02:47:54 - INFO - the acc is :1.0
2025-05-18 02:48:01 - INFO - epoch:5/45 iteration:25/38 batch loss is :0.1716
2025-05-18 02:48:01 - INFO - the acc is :1.0
2025-05-18 02:48:07 - INFO - epoch:5/45 iteration:30/38 batch loss is :0.2150
2025-05-18 02:48:07 - INFO - the acc is :0.9375
2025-05-18 02:48:13 - INFO - epoch:5/45 iteration:35/38 batch loss is :0.1336
2025-05-18 02:48:13 - INFO - the acc is :1.0
2025-05-18 02:48:17 - INFO - Epoch:5/45 Loss is :0.3594
2025-05-18 02:50:47 - INFO - val accuarcy is : 0.4377
2025-05-18 02:50:47 - INFO - VAL loss :2.6680
2025-05-18 02:53:31 - INFO - epoch:6/45 iteration:0/38 batch loss is :0.5200
2025-05-18 02:53:31 - INFO - the acc is :0.875
2025-05-18 02:53:44 - INFO - epoch:6/45 iteration:5/38 batch loss is :0.2874
2025-05-18 02:53:44 - INFO - the acc is :0.875
2025-05-18 02:53:59 - INFO - epoch:6/45 iteration:10/38 batch loss is :0.2966
2025-05-18 02:53:59 - INFO - the acc is :0.875
2025-05-18 02:54:08 - INFO - epoch:6/45 iteration:15/38 batch loss is :0.7713
2025-05-18 02:54:08 - INFO - the acc is :0.9375
2025-05-18 02:54:15 - INFO - epoch:6/45 iteration:20/38 batch loss is :0.2013
2025-05-18 02:54:15 - INFO - the acc is :1.0
2025-05-18 02:54:21 - INFO - epoch:6/45 iteration:25/38 batch loss is :0.2712
2025-05-18 02:54:21 - INFO - the acc is :0.9375
2025-05-18 02:54:28 - INFO - epoch:6/45 iteration:30/38 batch loss is :0.4087
2025-05-18 02:54:28 - INFO - the acc is :0.875
2025-05-18 02:54:33 - INFO - epoch:6/45 iteration:35/38 batch loss is :0.3985
2025-05-18 02:54:33 - INFO - the acc is :0.875
2025-05-18 02:54:38 - INFO - Epoch:6/45 Loss is :0.3501
2025-05-18 02:57:27 - INFO - epoch:7/45 iteration:0/38 batch loss is :0.1554
2025-05-18 02:57:27 - INFO - the acc is :1.0
2025-05-18 02:57:34 - INFO - epoch:7/45 iteration:5/38 batch loss is :0.5387
2025-05-18 02:57:34 - INFO - the acc is :0.8125
2025-05-18 02:57:41 - INFO - epoch:7/45 iteration:10/38 batch loss is :0.2656
2025-05-18 02:57:41 - INFO - the acc is :0.875
2025-05-18 02:57:49 - INFO - epoch:7/45 iteration:15/38 batch loss is :0.4802
2025-05-18 02:57:49 - INFO - the acc is :0.8125
2025-05-18 02:58:31 - INFO - epoch:7/45 iteration:20/38 batch loss is :0.3318
2025-05-18 02:58:31 - INFO - the acc is :0.875
2025-05-18 02:58:37 - INFO - epoch:7/45 iteration:25/38 batch loss is :1.6551
2025-05-18 02:58:37 - INFO - the acc is :0.6875
2025-05-18 02:58:43 - INFO - epoch:7/45 iteration:30/38 batch loss is :0.1708
2025-05-18 02:58:43 - INFO - the acc is :0.9375
2025-05-18 02:59:06 - INFO - epoch:7/45 iteration:35/38 batch loss is :0.4159
2025-05-18 02:59:06 - INFO - the acc is :0.875
2025-05-18 02:59:10 - INFO - Epoch:7/45 Loss is :0.3628
2025-05-18 03:01:34 - INFO - epoch:8/45 iteration:0/38 batch loss is :0.3372
2025-05-18 03:01:34 - INFO - the acc is :0.875
2025-05-18 03:01:46 - INFO - epoch:8/45 iteration:5/38 batch loss is :1.2852
2025-05-18 03:01:46 - INFO - the acc is :0.8125
2025-05-18 03:01:57 - INFO - epoch:8/45 iteration:10/38 batch loss is :0.7104
2025-05-18 03:01:57 - INFO - the acc is :0.875
2025-05-18 03:02:08 - INFO - epoch:8/45 iteration:15/38 batch loss is :0.2292
2025-05-18 03:02:08 - INFO - the acc is :0.9375
2025-05-18 03:02:17 - INFO - epoch:8/45 iteration:20/38 batch loss is :0.2359
2025-05-18 03:02:17 - INFO - the acc is :0.9375
2025-05-18 03:02:23 - INFO - epoch:8/45 iteration:25/38 batch loss is :0.1640
2025-05-18 03:02:23 - INFO - the acc is :0.9375
2025-05-18 03:02:30 - INFO - epoch:8/45 iteration:30/38 batch loss is :1.0309
2025-05-18 03:02:30 - INFO - the acc is :0.75
2025-05-18 03:02:35 - INFO - epoch:8/45 iteration:35/38 batch loss is :0.1796
2025-05-18 03:02:35 - INFO - the acc is :0.9375
2025-05-18 03:02:39 - INFO - Epoch:8/45 Loss is :0.3620
2025-05-18 03:05:00 - INFO - epoch:9/45 iteration:0/38 batch loss is :0.7005
2025-05-18 03:05:00 - INFO - the acc is :0.875
2025-05-18 03:05:12 - INFO - epoch:9/45 iteration:5/38 batch loss is :0.2343
2025-05-18 03:05:12 - INFO - the acc is :0.9375
2025-05-18 03:05:27 - INFO - epoch:9/45 iteration:10/38 batch loss is :0.1181
2025-05-18 03:05:27 - INFO - the acc is :1.0
2025-05-18 03:05:38 - INFO - epoch:9/45 iteration:15/38 batch loss is :0.4732
2025-05-18 03:05:38 - INFO - the acc is :0.875
2025-05-18 03:05:45 - INFO - epoch:9/45 iteration:20/38 batch loss is :0.2299
2025-05-18 03:05:45 - INFO - the acc is :0.9375
2025-05-18 03:05:51 - INFO - epoch:9/45 iteration:25/38 batch loss is :0.2395
2025-05-18 03:05:51 - INFO - the acc is :0.875
2025-05-18 03:05:58 - INFO - epoch:9/45 iteration:30/38 batch loss is :1.0789
2025-05-18 03:05:58 - INFO - the acc is :0.875
2025-05-18 03:06:04 - INFO - epoch:9/45 iteration:35/38 batch loss is :0.2675
2025-05-18 03:06:04 - INFO - the acc is :0.875
2025-05-18 03:06:08 - INFO - Epoch:9/45 Loss is :0.3429
2025-05-18 03:08:31 - INFO - epoch:10/45 iteration:0/38 batch loss is :0.3807
2025-05-18 03:08:31 - INFO - the acc is :0.75
2025-05-18 03:08:43 - INFO - epoch:10/45 iteration:5/38 batch loss is :0.2936
2025-05-18 03:08:43 - INFO - the acc is :0.9375
2025-05-18 03:08:55 - INFO - epoch:10/45 iteration:10/38 batch loss is :0.2527
2025-05-18 03:08:55 - INFO - the acc is :0.9375
2025-05-18 03:09:07 - INFO - epoch:10/45 iteration:15/38 batch loss is :0.7471
2025-05-18 03:09:07 - INFO - the acc is :0.8125
2025-05-18 03:09:17 - INFO - epoch:10/45 iteration:20/38 batch loss is :0.1537
2025-05-18 03:09:17 - INFO - the acc is :0.9375
2025-05-18 03:09:24 - INFO - epoch:10/45 iteration:25/38 batch loss is :0.3870
2025-05-18 03:09:24 - INFO - the acc is :0.875
2025-05-18 03:09:31 - INFO - epoch:10/45 iteration:30/38 batch loss is :0.3336
2025-05-18 03:09:31 - INFO - the acc is :0.875
2025-05-18 03:09:36 - INFO - epoch:10/45 iteration:35/38 batch loss is :0.2416
2025-05-18 03:09:36 - INFO - the acc is :0.875
2025-05-18 03:09:40 - INFO - Epoch:10/45 Loss is :0.3557
2025-05-18 03:12:22 - INFO - val accuarcy is : 0.4509
2025-05-18 03:12:22 - INFO - VAL loss :3.0356
2025-05-18 03:15:25 - INFO - epoch:11/45 iteration:0/38 batch loss is :0.2801
2025-05-18 03:15:25 - INFO - the acc is :0.9375
2025-05-18 03:15:32 - INFO - epoch:11/45 iteration:5/38 batch loss is :0.1927
2025-05-18 03:15:32 - INFO - the acc is :1.0
2025-05-18 03:15:40 - INFO - epoch:11/45 iteration:10/38 batch loss is :0.2126
2025-05-18 03:15:40 - INFO - the acc is :1.0
2025-05-18 03:15:47 - INFO - epoch:11/45 iteration:15/38 batch loss is :0.9786
2025-05-18 03:15:47 - INFO - the acc is :0.6875
2025-05-18 03:16:29 - INFO - epoch:11/45 iteration:20/38 batch loss is :0.3986
2025-05-18 03:16:29 - INFO - the acc is :0.8125
2025-05-18 03:16:35 - INFO - epoch:11/45 iteration:25/38 batch loss is :0.4123
2025-05-18 03:16:35 - INFO - the acc is :0.875
2025-05-18 03:16:41 - INFO - epoch:11/45 iteration:30/38 batch loss is :0.4264
2025-05-18 03:16:41 - INFO - the acc is :0.75
2025-05-18 03:17:04 - INFO - epoch:11/45 iteration:35/38 batch loss is :0.5095
2025-05-18 03:17:04 - INFO - the acc is :0.8125
2025-05-18 03:17:08 - INFO - Epoch:11/45 Loss is :0.3651
2025-05-18 03:19:29 - INFO - epoch:12/45 iteration:0/38 batch loss is :0.1767
2025-05-18 03:19:29 - INFO - the acc is :0.9375
2025-05-18 03:19:42 - INFO - epoch:12/45 iteration:5/38 batch loss is :0.2733
2025-05-18 03:19:42 - INFO - the acc is :0.9375
2025-05-18 03:19:53 - INFO - epoch:12/45 iteration:10/38 batch loss is :0.1747
2025-05-18 03:19:53 - INFO - the acc is :0.9375
2025-05-18 03:20:03 - INFO - epoch:12/45 iteration:15/38 batch loss is :0.2031
2025-05-18 03:20:03 - INFO - the acc is :0.9375
