2025-03-28 15:53:54 - INFO - ------------------------------------------------------------------------------------------------
2025-03-28 15:53:54 - INFO - starting new training !!!!
2025-03-28 15:53:54 - INFO - ------------------------------------------------------------------------------------------------
2025-03-28 15:53:54 - INFO - Namespace(batch=16, device=device(type='cuda'), epoch=25, excel_path='d:\\cleaning_GUI_annotated_data\\tab_data_annotated_pats.xlsx', gamma=0.1, json='jsons/train_test_val_split_without_scar_with_both_res.json', log_dir='logs', lr=0.0001, model_path=None, num_classes=5, save_dir='model_parameter_Resnet3D', save_freq=5, step_size=10, weight_matrix=tensor([0.1250, 0.1100, 0.0900, 0.1100, 1.0000]))
2025-03-28 15:53:54 - INFO - parameters are being saved at :model_parameter_Resnet3D\22
2025-03-28 15:53:55 - INFO - found 4 gpus!
2025-03-28 15:53:55 - INFO - DataParallel(
  (module): Resnet18_3D(
    (conv1): Sequential(
      (0): Conv3d(1, 64, kernel_size=(7, 7, 7), stride=(2, 2, 2), padding=(3, 3, 3))
      (1): BatchNorm3d(64, eps=1e-05, momentum=0.1, affine=True, track_running_stats=True)
      (2): ReLU()
    )
    (maxpool): MaxPool3d(kernel_size=3, stride=2, padding=1, dilation=1, ceil_mode=False)
    (conv2): BasicConvBlock(
      (layers): Sequential(
        (0): Sequential(
          (0): Conv3d(64, 64, kernel_size=(3, 3, 3), stride=(1, 1, 1), padding=(1, 1, 1))
          (1): BatchNorm3d(64, eps=1e-05, momentum=0.1, affine=True, track_running_stats=True)
          (2): ReLU()
        )
        (1): Sequential(
          (0): Conv3d(64, 64, kernel_size=(3, 3, 3), stride=(1, 1, 1), padding=(1, 1, 1))
          (1): BatchNorm3d(64, eps=1e-05, momentum=0.1, affine=True, track_running_stats=True)
          (2): ReLU()
        )
        (2): Sequential(
          (0): Conv3d(64, 64, kernel_size=(3, 3, 3), stride=(1, 1, 1), padding=(1, 1, 1))
          (1): BatchNorm3d(64, eps=1e-05, momentum=0.1, affine=True, track_running_stats=True)
          (2): ReLU()
        )
        (3): Sequential(
          (0): Conv3d(64, 64, kernel_size=(3, 3, 3), stride=(1, 1, 1), padding=(1, 1, 1))
          (1): BatchNorm3d(64, eps=1e-05, momentum=0.1, affine=True, track_running_stats=True)
          (2): ReLU()
        )
      )
    )
    (conv3): BasicConvBlock(
      (conv1x1): Conv3d(64, 128, kernel_size=(1, 1, 1), stride=(2, 2, 2))
      (layers): Sequential(
        (0): Sequential(
          (0): Conv3d(64, 128, kernel_size=(3, 3, 3), stride=(2, 2, 2), padding=(1, 1, 1))
          (1): BatchNorm3d(128, eps=1e-05, momentum=0.1, affine=True, track_running_stats=True)
          (2): ReLU()
        )
        (1): Sequential(
          (0): Conv3d(128, 128, kernel_size=(3, 3, 3), stride=(1, 1, 1), padding=(1, 1, 1))
          (1): BatchNorm3d(128, eps=1e-05, momentum=0.1, affine=True, track_running_stats=True)
          (2): ReLU()
        )
        (2): Sequential(
          (0): Conv3d(128, 128, kernel_size=(3, 3, 3), stride=(1, 1, 1), padding=(1, 1, 1))
          (1): BatchNorm3d(128, eps=1e-05, momentum=0.1, affine=True, track_running_stats=True)
          (2): ReLU()
        )
        (3): Sequential(
          (0): Conv3d(128, 128, kernel_size=(3, 3, 3), stride=(1, 1, 1), padding=(1, 1, 1))
          (1): BatchNorm3d(128, eps=1e-05, momentum=0.1, affine=True, track_running_stats=True)
          (2): ReLU()
        )
      )
    )
    (conv4): BasicConvBlock(
      (conv1x1): Conv3d(128, 256, kernel_size=(1, 1, 1), stride=(2, 2, 2))
      (layers): Sequential(
        (0): Sequential(
          (0): Conv3d(128, 256, kernel_size=(3, 3, 3), stride=(2, 2, 2), padding=(1, 1, 1))
          (1): BatchNorm3d(256, eps=1e-05, momentum=0.1, affine=True, track_running_stats=True)
          (2): ReLU()
        )
        (1): Sequential(
          (0): Conv3d(256, 256, kernel_size=(3, 3, 3), stride=(1, 1, 1), padding=(1, 1, 1))
          (1): BatchNorm3d(256, eps=1e-05, momentum=0.1, affine=True, track_running_stats=True)
          (2): ReLU()
        )
        (2): Sequential(
          (0): Conv3d(256, 256, kernel_size=(3, 3, 3), stride=(1, 1, 1), padding=(1, 1, 1))
          (1): BatchNorm3d(256, eps=1e-05, momentum=0.1, affine=True, track_running_stats=True)
          (2): ReLU()
        )
        (3): Sequential(
          (0): Conv3d(256, 256, kernel_size=(3, 3, 3), stride=(1, 1, 1), padding=(1, 1, 1))
          (1): BatchNorm3d(256, eps=1e-05, momentum=0.1, affine=True, track_running_stats=True)
          (2): ReLU()
        )
      )
    )
    (conv5): BasicConvBlock(
      (conv1x1): Conv3d(256, 512, kernel_size=(1, 1, 1), stride=(2, 2, 2))
      (layers): Sequential(
        (0): Sequential(
          (0): Conv3d(256, 512, kernel_size=(3, 3, 3), stride=(2, 2, 2), padding=(1, 1, 1))
          (1): BatchNorm3d(512, eps=1e-05, momentum=0.1, affine=True, track_running_stats=True)
          (2): ReLU()
        )
        (1): Sequential(
          (0): Conv3d(512, 512, kernel_size=(3, 3, 3), stride=(1, 1, 1), padding=(1, 1, 1))
          (1): BatchNorm3d(512, eps=1e-05, momentum=0.1, affine=True, track_running_stats=True)
          (2): ReLU()
        )
        (2): Sequential(
          (0): Conv3d(512, 512, kernel_size=(3, 3, 3), stride=(1, 1, 1), padding=(1, 1, 1))
          (1): BatchNorm3d(512, eps=1e-05, momentum=0.1, affine=True, track_running_stats=True)
          (2): ReLU()
        )
        (3): Sequential(
          (0): Conv3d(512, 512, kernel_size=(3, 3, 3), stride=(1, 1, 1), padding=(1, 1, 1))
          (1): BatchNorm3d(512, eps=1e-05, momentum=0.1, affine=True, track_running_stats=True)
          (2): ReLU()
        )
      )
    )
    (avgPool): AdaptiveAvgPool3d(output_size=1)
    (linear): Linear(in_features=512, out_features=5, bias=True)
  )
)
2025-03-28 15:53:55 - INFO - fold number:0
2025-03-28 15:55:36 - INFO - epoch:0/25 iteration:0/49 batch loss is :1.5129
2025-03-28 15:56:15 - INFO - epoch:0/25 iteration:5/49 batch loss is :1.7739
2025-03-28 15:56:39 - INFO - epoch:0/25 iteration:10/49 batch loss is :1.6782
2025-03-28 15:57:13 - INFO - epoch:0/25 iteration:15/49 batch loss is :1.1533
2025-03-28 15:57:40 - INFO - epoch:0/25 iteration:20/49 batch loss is :1.4286
2025-03-28 15:58:04 - INFO - epoch:0/25 iteration:25/49 batch loss is :1.5968
2025-03-28 15:58:28 - INFO - epoch:0/25 iteration:30/49 batch loss is :1.4968
2025-03-28 15:58:51 - INFO - epoch:0/25 iteration:35/49 batch loss is :1.2822
2025-03-28 15:59:14 - INFO - epoch:0/25 iteration:40/49 batch loss is :1.5683
2025-03-28 15:59:36 - INFO - epoch:0/25 iteration:45/49 batch loss is :1.4570
2025-03-28 15:59:51 - INFO - Epoch:0/25 Loss is :1.5513
2025-03-28 16:02:11 - INFO - val accuarcy is : 0.2905
2025-03-28 16:02:11 - INFO - VAL loss :1.5342
2025-03-28 16:03:28 - INFO - epoch:1/25 iteration:0/49 batch loss is :1.2991
2025-03-28 16:04:06 - INFO - epoch:1/25 iteration:5/49 batch loss is :1.4704
2025-03-28 16:04:36 - INFO - epoch:1/25 iteration:10/49 batch loss is :1.2688
2025-03-28 16:04:59 - INFO - epoch:1/25 iteration:15/49 batch loss is :1.4670
2025-03-28 16:05:22 - INFO - epoch:1/25 iteration:20/49 batch loss is :0.9502
2025-03-28 16:05:46 - INFO - epoch:1/25 iteration:25/49 batch loss is :1.1944
2025-03-28 16:06:09 - INFO - epoch:1/25 iteration:30/49 batch loss is :1.3322
2025-03-28 16:06:32 - INFO - epoch:1/25 iteration:35/49 batch loss is :1.1749
2025-03-28 16:06:54 - INFO - epoch:1/25 iteration:40/49 batch loss is :1.2003
2025-03-28 16:07:16 - INFO - epoch:1/25 iteration:45/49 batch loss is :1.4772
2025-03-28 16:07:30 - INFO - Epoch:1/25 Loss is :1.3940
2025-03-28 16:09:17 - INFO - epoch:2/25 iteration:0/49 batch loss is :1.5850
2025-03-28 16:09:54 - INFO - epoch:2/25 iteration:5/49 batch loss is :1.6032
2025-03-28 16:10:29 - INFO - epoch:2/25 iteration:10/49 batch loss is :1.3693
2025-03-28 16:11:03 - INFO - epoch:2/25 iteration:15/49 batch loss is :1.1107
2025-03-28 16:11:37 - INFO - epoch:2/25 iteration:20/49 batch loss is :2.2868
2025-03-28 16:12:11 - INFO - epoch:2/25 iteration:25/49 batch loss is :1.5024
2025-03-28 16:12:47 - INFO - epoch:2/25 iteration:30/49 batch loss is :1.6631
2025-03-28 16:13:19 - INFO - epoch:2/25 iteration:35/49 batch loss is :1.4276
2025-03-28 16:13:41 - INFO - epoch:2/25 iteration:40/49 batch loss is :1.4310
2025-03-28 16:14:03 - INFO - epoch:2/25 iteration:45/49 batch loss is :1.2084
2025-03-28 16:14:17 - INFO - Epoch:2/25 Loss is :1.4463
2025-03-28 16:15:33 - INFO - epoch:3/25 iteration:0/49 batch loss is :1.2835
2025-03-28 16:16:03 - INFO - epoch:3/25 iteration:5/49 batch loss is :1.3330
2025-03-28 16:16:28 - INFO - epoch:3/25 iteration:10/49 batch loss is :1.4199
2025-03-28 16:16:52 - INFO - epoch:3/25 iteration:15/49 batch loss is :1.1758
2025-03-28 16:17:16 - INFO - epoch:3/25 iteration:20/49 batch loss is :1.4205
2025-03-28 16:17:39 - INFO - epoch:3/25 iteration:25/49 batch loss is :1.5433
2025-03-28 16:18:03 - INFO - epoch:3/25 iteration:30/49 batch loss is :1.2758
2025-03-28 16:18:26 - INFO - epoch:3/25 iteration:35/49 batch loss is :1.6858
2025-03-28 16:18:48 - INFO - epoch:3/25 iteration:40/49 batch loss is :1.2869
2025-03-28 16:19:11 - INFO - epoch:3/25 iteration:45/49 batch loss is :1.5655
2025-03-28 16:19:24 - INFO - Epoch:3/25 Loss is :1.3468
2025-03-28 16:20:40 - INFO - epoch:4/25 iteration:0/49 batch loss is :1.5129
2025-03-28 16:21:09 - INFO - epoch:4/25 iteration:5/49 batch loss is :1.1703
2025-03-28 16:21:34 - INFO - epoch:4/25 iteration:10/49 batch loss is :1.1841
2025-03-28 16:22:03 - INFO - epoch:4/25 iteration:15/49 batch loss is :0.9137
2025-03-28 16:22:27 - INFO - epoch:4/25 iteration:20/49 batch loss is :1.1278
2025-03-28 16:22:50 - INFO - epoch:4/25 iteration:25/49 batch loss is :1.3553
2025-03-28 16:23:14 - INFO - epoch:4/25 iteration:30/49 batch loss is :0.9963
2025-03-28 16:23:37 - INFO - epoch:4/25 iteration:35/49 batch loss is :1.3594
2025-03-28 16:23:59 - INFO - epoch:4/25 iteration:40/49 batch loss is :1.6073
2025-03-28 16:24:21 - INFO - epoch:4/25 iteration:45/49 batch loss is :1.4239
2025-03-28 16:24:35 - INFO - Epoch:4/25 Loss is :1.3126
2025-03-28 16:26:19 - INFO - epoch:5/25 iteration:0/49 batch loss is :1.2910
2025-03-28 16:26:50 - INFO - epoch:5/25 iteration:5/49 batch loss is :1.3392
2025-03-28 16:27:25 - INFO - epoch:5/25 iteration:10/49 batch loss is :1.1290
2025-03-28 16:28:02 - INFO - epoch:5/25 iteration:15/49 batch loss is :1.1411
2025-03-28 16:28:33 - INFO - epoch:5/25 iteration:20/49 batch loss is :1.3945
2025-03-28 16:29:28 - INFO - epoch:5/25 iteration:25/49 batch loss is :1.1370
2025-03-28 16:29:53 - INFO - epoch:5/25 iteration:30/49 batch loss is :1.4138
2025-03-28 16:30:22 - INFO - epoch:5/25 iteration:35/49 batch loss is :1.2270
2025-03-28 16:30:45 - INFO - epoch:5/25 iteration:40/49 batch loss is :1.2841
2025-03-28 16:31:08 - INFO - epoch:5/25 iteration:45/49 batch loss is :1.4757
2025-03-28 16:31:22 - INFO - Epoch:5/25 Loss is :1.2688
2025-03-28 16:33:46 - INFO - val accuarcy is : 0.2438
2025-03-28 16:33:46 - INFO - VAL loss :6.4006
2025-03-28 16:35:06 - INFO - epoch:6/25 iteration:0/49 batch loss is :1.1083
2025-03-28 16:35:47 - INFO - epoch:6/25 iteration:5/49 batch loss is :1.2992
2025-03-28 16:36:22 - INFO - epoch:6/25 iteration:10/49 batch loss is :1.3416
2025-03-28 16:36:56 - INFO - epoch:6/25 iteration:15/49 batch loss is :1.1080
2025-03-28 16:37:36 - INFO - epoch:6/25 iteration:20/49 batch loss is :1.2690
2025-03-28 16:38:02 - INFO - epoch:6/25 iteration:25/49 batch loss is :0.8899
2025-03-28 16:38:28 - INFO - epoch:6/25 iteration:30/49 batch loss is :0.7009
2025-03-28 16:38:53 - INFO - epoch:6/25 iteration:35/49 batch loss is :1.0748
2025-03-28 16:39:30 - INFO - epoch:6/25 iteration:40/49 batch loss is :1.6723
2025-03-28 16:39:58 - INFO - epoch:6/25 iteration:45/49 batch loss is :1.2605
2025-03-28 16:40:12 - INFO - Epoch:6/25 Loss is :1.1250
2025-03-28 16:41:52 - INFO - epoch:7/25 iteration:0/49 batch loss is :0.9783
2025-03-28 16:42:28 - INFO - epoch:7/25 iteration:5/49 batch loss is :1.4064
2025-03-28 16:42:59 - INFO - epoch:7/25 iteration:10/49 batch loss is :0.9069
2025-03-28 16:43:25 - INFO - epoch:7/25 iteration:15/49 batch loss is :1.1615
2025-03-28 16:43:55 - INFO - epoch:7/25 iteration:20/49 batch loss is :1.0367
2025-03-28 16:44:30 - INFO - epoch:7/25 iteration:25/49 batch loss is :1.1089
2025-03-28 16:44:55 - INFO - epoch:7/25 iteration:30/49 batch loss is :0.6859
2025-03-28 16:45:24 - INFO - epoch:7/25 iteration:35/49 batch loss is :1.4039
2025-03-28 16:45:47 - INFO - epoch:7/25 iteration:40/49 batch loss is :0.6359
2025-03-28 16:46:11 - INFO - epoch:7/25 iteration:45/49 batch loss is :1.2146
2025-03-28 16:46:25 - INFO - Epoch:7/25 Loss is :1.0734
2025-03-28 16:47:40 - INFO - epoch:8/25 iteration:0/49 batch loss is :0.6223
2025-03-28 16:48:18 - INFO - epoch:8/25 iteration:5/49 batch loss is :1.0645
2025-03-28 16:48:51 - INFO - epoch:8/25 iteration:10/49 batch loss is :1.4129
2025-03-28 16:49:16 - INFO - epoch:8/25 iteration:15/49 batch loss is :0.6188
2025-03-28 16:49:41 - INFO - epoch:8/25 iteration:20/49 batch loss is :1.1938
2025-03-28 16:50:06 - INFO - epoch:8/25 iteration:25/49 batch loss is :1.3994
2025-03-28 16:50:31 - INFO - epoch:8/25 iteration:30/49 batch loss is :1.4385
2025-03-28 16:50:56 - INFO - epoch:8/25 iteration:35/49 batch loss is :1.2322
2025-03-28 16:51:23 - INFO - epoch:8/25 iteration:40/49 batch loss is :1.0744
2025-03-28 16:51:46 - INFO - epoch:8/25 iteration:45/49 batch loss is :1.2325
2025-03-28 16:52:00 - INFO - Epoch:8/25 Loss is :1.0356
2025-03-28 16:53:16 - INFO - epoch:9/25 iteration:0/49 batch loss is :1.0371
2025-03-28 16:53:53 - INFO - epoch:9/25 iteration:5/49 batch loss is :0.8293
2025-03-28 16:54:31 - INFO - epoch:9/25 iteration:10/49 batch loss is :0.7288
2025-03-28 16:55:01 - INFO - epoch:9/25 iteration:15/49 batch loss is :1.0131
2025-03-28 16:55:25 - INFO - epoch:9/25 iteration:20/49 batch loss is :1.0367
2025-03-28 16:55:50 - INFO - epoch:9/25 iteration:25/49 batch loss is :0.5822
2025-03-28 16:56:07 - INFO - epoch:9/25 iteration:30/49 batch loss is :1.0908
2025-03-28 16:56:13 - INFO - epoch:9/25 iteration:35/49 batch loss is :1.1863
2025-03-28 16:56:18 - INFO - epoch:9/25 iteration:40/49 batch loss is :0.8033
2025-03-28 16:56:24 - INFO - epoch:9/25 iteration:45/49 batch loss is :1.0334
2025-03-28 16:56:27 - INFO - Epoch:9/25 Loss is :0.9887
2025-03-28 16:57:37 - INFO - epoch:10/25 iteration:0/49 batch loss is :1.1479
2025-03-28 16:57:43 - INFO - epoch:10/25 iteration:5/49 batch loss is :0.7162
2025-03-28 16:58:01 - INFO - epoch:10/25 iteration:10/49 batch loss is :0.6748
2025-03-28 16:58:07 - INFO - epoch:10/25 iteration:15/49 batch loss is :0.9810
2025-03-28 16:58:26 - INFO - epoch:10/25 iteration:20/49 batch loss is :0.9975
2025-03-28 16:58:45 - INFO - epoch:10/25 iteration:25/49 batch loss is :1.0423
2025-03-28 16:58:50 - INFO - epoch:10/25 iteration:30/49 batch loss is :0.5393
2025-03-28 16:59:10 - INFO - epoch:10/25 iteration:35/49 batch loss is :0.9221
2025-03-28 16:59:28 - INFO - epoch:10/25 iteration:40/49 batch loss is :1.0786
2025-03-28 16:59:33 - INFO - epoch:10/25 iteration:45/49 batch loss is :0.7004
2025-03-28 16:59:36 - INFO - Epoch:10/25 Loss is :0.8992
2025-03-28 17:01:33 - INFO - val accuarcy is : 0.2438
2025-03-28 17:01:33 - INFO - VAL loss :3.4225
2025-03-28 17:02:43 - INFO - epoch:11/25 iteration:0/49 batch loss is :0.6477
2025-03-28 17:02:49 - INFO - epoch:11/25 iteration:5/49 batch loss is :0.7582
2025-03-28 17:03:07 - INFO - epoch:11/25 iteration:10/49 batch loss is :0.6858
2025-03-28 17:03:13 - INFO - epoch:11/25 iteration:15/49 batch loss is :0.8247
2025-03-28 17:03:31 - INFO - epoch:11/25 iteration:20/49 batch loss is :0.7487
2025-03-28 17:03:50 - INFO - epoch:11/25 iteration:25/49 batch loss is :0.7350
2025-03-28 17:03:55 - INFO - epoch:11/25 iteration:30/49 batch loss is :0.7328
2025-03-28 17:04:14 - INFO - epoch:11/25 iteration:35/49 batch loss is :1.1182
2025-03-28 17:04:32 - INFO - epoch:11/25 iteration:40/49 batch loss is :0.7257
2025-03-28 17:04:37 - INFO - epoch:11/25 iteration:45/49 batch loss is :0.6211
2025-03-28 17:04:41 - INFO - Epoch:11/25 Loss is :0.8206
2025-03-28 17:05:49 - INFO - epoch:12/25 iteration:0/49 batch loss is :0.4574
2025-03-28 17:05:55 - INFO - epoch:12/25 iteration:5/49 batch loss is :0.7636
2025-03-28 17:06:14 - INFO - epoch:12/25 iteration:10/49 batch loss is :0.7332
2025-03-28 17:06:19 - INFO - epoch:12/25 iteration:15/49 batch loss is :0.9568
2025-03-28 17:06:38 - INFO - epoch:12/25 iteration:20/49 batch loss is :1.0282
2025-03-28 17:06:56 - INFO - epoch:12/25 iteration:25/49 batch loss is :0.8563
2025-03-28 17:07:02 - INFO - epoch:12/25 iteration:30/49 batch loss is :0.4188
2025-03-28 17:07:20 - INFO - epoch:12/25 iteration:35/49 batch loss is :0.9197
2025-03-28 17:07:37 - INFO - epoch:12/25 iteration:40/49 batch loss is :0.7425
2025-03-28 17:07:42 - INFO - epoch:12/25 iteration:45/49 batch loss is :0.7047
2025-03-28 17:07:45 - INFO - Epoch:12/25 Loss is :0.7592
2025-03-28 17:09:18 - INFO - epoch:13/25 iteration:0/49 batch loss is :0.7425
2025-03-28 17:09:24 - INFO - epoch:13/25 iteration:5/49 batch loss is :0.6809
2025-03-28 17:09:57 - INFO - epoch:13/25 iteration:10/49 batch loss is :0.3218
2025-03-28 17:10:02 - INFO - epoch:13/25 iteration:15/49 batch loss is :0.9239
2025-03-28 17:10:35 - INFO - epoch:13/25 iteration:20/49 batch loss is :0.6155
2025-03-28 17:11:08 - INFO - epoch:13/25 iteration:25/49 batch loss is :0.6288
2025-03-28 17:11:13 - INFO - epoch:13/25 iteration:30/49 batch loss is :0.5038
2025-03-28 17:11:46 - INFO - epoch:13/25 iteration:35/49 batch loss is :0.6106
2025-03-28 17:12:19 - INFO - epoch:13/25 iteration:40/49 batch loss is :0.6886
2025-03-28 17:12:24 - INFO - epoch:13/25 iteration:45/49 batch loss is :0.8746
2025-03-28 17:12:28 - INFO - Epoch:13/25 Loss is :0.7595
2025-03-28 17:13:39 - INFO - epoch:14/25 iteration:0/49 batch loss is :0.9573
2025-03-28 17:13:44 - INFO - epoch:14/25 iteration:5/49 batch loss is :0.8008
2025-03-28 17:14:04 - INFO - epoch:14/25 iteration:10/49 batch loss is :0.5790
2025-03-28 17:14:10 - INFO - epoch:14/25 iteration:15/49 batch loss is :0.5732
2025-03-28 17:14:31 - INFO - epoch:14/25 iteration:20/49 batch loss is :0.7559
2025-03-28 17:14:52 - INFO - epoch:14/25 iteration:25/49 batch loss is :0.8373
2025-03-28 17:14:58 - INFO - epoch:14/25 iteration:30/49 batch loss is :0.4835
2025-03-28 17:15:20 - INFO - epoch:14/25 iteration:35/49 batch loss is :0.8425
2025-03-28 17:15:36 - INFO - epoch:14/25 iteration:40/49 batch loss is :1.4047
2025-03-28 17:15:43 - INFO - epoch:14/25 iteration:45/49 batch loss is :0.7629
2025-03-28 17:15:47 - INFO - Epoch:14/25 Loss is :0.7195
2025-03-28 17:16:58 - INFO - epoch:15/25 iteration:0/49 batch loss is :0.2735
2025-03-28 17:17:03 - INFO - epoch:15/25 iteration:5/49 batch loss is :0.4715
2025-03-28 17:17:24 - INFO - epoch:15/25 iteration:10/49 batch loss is :1.2005
2025-03-28 17:17:29 - INFO - epoch:15/25 iteration:15/49 batch loss is :0.8704
2025-03-28 17:17:47 - INFO - epoch:15/25 iteration:20/49 batch loss is :0.5587
2025-03-28 17:18:07 - INFO - epoch:15/25 iteration:25/49 batch loss is :0.8478
2025-03-28 17:18:12 - INFO - epoch:15/25 iteration:30/49 batch loss is :0.7616
2025-03-28 17:18:31 - INFO - epoch:15/25 iteration:35/49 batch loss is :0.7005
2025-03-28 17:18:50 - INFO - epoch:15/25 iteration:40/49 batch loss is :0.5503
2025-03-28 17:18:54 - INFO - epoch:15/25 iteration:45/49 batch loss is :0.4341
2025-03-28 17:18:58 - INFO - Epoch:15/25 Loss is :0.7423
2025-03-28 17:20:55 - INFO - val accuarcy is : 0.1815
2025-03-28 17:20:55 - INFO - VAL loss :6.5392
2025-03-28 17:22:12 - INFO - epoch:16/25 iteration:0/49 batch loss is :0.7736
2025-03-28 17:22:20 - INFO - epoch:16/25 iteration:5/49 batch loss is :0.6045
2025-03-28 17:22:42 - INFO - epoch:16/25 iteration:10/49 batch loss is :0.5820
2025-03-28 17:22:49 - INFO - epoch:16/25 iteration:15/49 batch loss is :0.8017
2025-03-28 17:23:12 - INFO - epoch:16/25 iteration:20/49 batch loss is :0.8604
2025-03-28 17:23:31 - INFO - epoch:16/25 iteration:25/49 batch loss is :0.7219
2025-03-28 17:23:38 - INFO - epoch:16/25 iteration:30/49 batch loss is :0.7362
2025-03-28 17:24:11 - INFO - epoch:16/25 iteration:35/49 batch loss is :0.6363
2025-03-28 17:24:41 - INFO - epoch:16/25 iteration:40/49 batch loss is :0.5707
2025-03-28 17:24:52 - INFO - epoch:16/25 iteration:45/49 batch loss is :0.4272
2025-03-28 17:24:55 - INFO - Epoch:16/25 Loss is :0.7436
2025-03-28 17:26:21 - INFO - epoch:17/25 iteration:0/49 batch loss is :0.6021
2025-03-28 17:26:30 - INFO - epoch:17/25 iteration:5/49 batch loss is :0.7060
2025-03-28 17:27:03 - INFO - epoch:17/25 iteration:10/49 batch loss is :0.7157
2025-03-28 17:27:08 - INFO - epoch:17/25 iteration:15/49 batch loss is :1.0522
2025-03-28 17:27:38 - INFO - epoch:17/25 iteration:20/49 batch loss is :0.5640
2025-03-28 17:28:00 - INFO - epoch:17/25 iteration:25/49 batch loss is :0.4931
2025-03-28 17:28:10 - INFO - epoch:17/25 iteration:30/49 batch loss is :0.7344
2025-03-28 17:28:35 - INFO - epoch:17/25 iteration:35/49 batch loss is :0.7769
2025-03-28 17:29:01 - INFO - epoch:17/25 iteration:40/49 batch loss is :0.4553
2025-03-28 17:29:09 - INFO - epoch:17/25 iteration:45/49 batch loss is :0.9022
2025-03-28 17:29:12 - INFO - Epoch:17/25 Loss is :0.6969
2025-03-28 17:30:23 - INFO - epoch:18/25 iteration:0/49 batch loss is :0.4628
2025-03-28 17:30:29 - INFO - epoch:18/25 iteration:5/49 batch loss is :0.4332
2025-03-28 17:30:52 - INFO - epoch:18/25 iteration:10/49 batch loss is :0.4056
2025-03-28 17:30:57 - INFO - epoch:18/25 iteration:15/49 batch loss is :0.6106
2025-03-28 17:31:16 - INFO - epoch:18/25 iteration:20/49 batch loss is :0.3528
2025-03-28 17:31:37 - INFO - epoch:18/25 iteration:25/49 batch loss is :0.3804
2025-03-28 17:31:43 - INFO - epoch:18/25 iteration:30/49 batch loss is :0.7886
2025-03-28 17:32:04 - INFO - epoch:18/25 iteration:35/49 batch loss is :0.4804
2025-03-28 17:32:23 - INFO - epoch:18/25 iteration:40/49 batch loss is :0.6887
2025-03-28 17:32:27 - INFO - epoch:18/25 iteration:45/49 batch loss is :0.7789
2025-03-28 17:32:31 - INFO - Epoch:18/25 Loss is :0.6823
2025-03-28 17:33:42 - INFO - epoch:19/25 iteration:0/49 batch loss is :0.4259
2025-03-28 17:33:47 - INFO - epoch:19/25 iteration:5/49 batch loss is :0.4807
2025-03-28 17:34:08 - INFO - epoch:19/25 iteration:10/49 batch loss is :0.3384
2025-03-28 17:34:13 - INFO - epoch:19/25 iteration:15/49 batch loss is :0.2686
2025-03-28 17:34:32 - INFO - epoch:19/25 iteration:20/49 batch loss is :0.4848
2025-03-28 17:34:50 - INFO - epoch:19/25 iteration:25/49 batch loss is :0.7586
2025-03-28 17:34:55 - INFO - epoch:19/25 iteration:30/49 batch loss is :0.7222
2025-03-28 17:35:15 - INFO - epoch:19/25 iteration:35/49 batch loss is :0.4464
2025-03-28 17:35:32 - INFO - epoch:19/25 iteration:40/49 batch loss is :0.6998
2025-03-28 17:35:37 - INFO - epoch:19/25 iteration:45/49 batch loss is :0.9620
2025-03-28 17:35:41 - INFO - Epoch:19/25 Loss is :0.6757
2025-03-28 17:36:51 - INFO - epoch:20/25 iteration:0/49 batch loss is :0.2545
2025-03-28 17:36:57 - INFO - epoch:20/25 iteration:5/49 batch loss is :0.4600
2025-03-28 17:37:18 - INFO - epoch:20/25 iteration:10/49 batch loss is :0.5512
2025-03-28 17:37:24 - INFO - epoch:20/25 iteration:15/49 batch loss is :0.3251
2025-03-28 17:37:42 - INFO - epoch:20/25 iteration:20/49 batch loss is :0.8271
2025-03-28 17:38:01 - INFO - epoch:20/25 iteration:25/49 batch loss is :1.0969
2025-03-28 17:38:06 - INFO - epoch:20/25 iteration:30/49 batch loss is :0.3418
2025-03-28 17:38:25 - INFO - epoch:20/25 iteration:35/49 batch loss is :0.2153
2025-03-28 17:38:49 - INFO - epoch:20/25 iteration:40/49 batch loss is :0.2303
2025-03-28 17:38:54 - INFO - epoch:20/25 iteration:45/49 batch loss is :0.9664
2025-03-28 17:38:58 - INFO - Epoch:20/25 Loss is :0.6427
2025-03-28 17:41:03 - INFO - val accuarcy is : 0.1971
2025-03-28 17:41:03 - INFO - VAL loss :5.8616
2025-03-28 17:42:29 - INFO - epoch:21/25 iteration:0/49 batch loss is :0.6528
2025-03-28 17:42:34 - INFO - epoch:21/25 iteration:5/49 batch loss is :0.4509
2025-03-28 17:43:06 - INFO - epoch:21/25 iteration:10/49 batch loss is :0.4506
2025-03-28 17:43:11 - INFO - epoch:21/25 iteration:15/49 batch loss is :0.7554
2025-03-28 17:43:45 - INFO - epoch:21/25 iteration:20/49 batch loss is :0.6056
2025-03-28 17:44:18 - INFO - epoch:21/25 iteration:25/49 batch loss is :0.6595
2025-03-28 17:44:23 - INFO - epoch:21/25 iteration:30/49 batch loss is :0.7321
2025-03-28 17:44:56 - INFO - epoch:21/25 iteration:35/49 batch loss is :0.3437
2025-03-28 17:45:26 - INFO - epoch:21/25 iteration:40/49 batch loss is :0.5563
2025-03-28 17:45:30 - INFO - epoch:21/25 iteration:45/49 batch loss is :0.4309
2025-03-28 17:45:34 - INFO - Epoch:21/25 Loss is :0.6202
2025-03-28 17:46:47 - INFO - epoch:22/25 iteration:0/49 batch loss is :0.6705
2025-03-28 17:46:52 - INFO - epoch:22/25 iteration:5/49 batch loss is :0.3657
2025-03-28 17:47:13 - INFO - epoch:22/25 iteration:10/49 batch loss is :0.5298
2025-03-28 17:47:19 - INFO - epoch:22/25 iteration:15/49 batch loss is :0.4618
2025-03-28 17:47:38 - INFO - epoch:22/25 iteration:20/49 batch loss is :0.4419
2025-03-28 17:47:58 - INFO - epoch:22/25 iteration:25/49 batch loss is :0.5229
2025-03-28 17:48:03 - INFO - epoch:22/25 iteration:30/49 batch loss is :1.0025
2025-03-28 17:48:25 - INFO - epoch:22/25 iteration:35/49 batch loss is :0.4495
2025-03-28 17:48:42 - INFO - epoch:22/25 iteration:40/49 batch loss is :0.6623
2025-03-28 17:48:49 - INFO - epoch:22/25 iteration:45/49 batch loss is :0.8470
2025-03-28 17:48:52 - INFO - Epoch:22/25 Loss is :0.6373
2025-03-28 17:50:03 - INFO - epoch:23/25 iteration:0/49 batch loss is :0.5139
2025-03-28 17:50:08 - INFO - epoch:23/25 iteration:5/49 batch loss is :0.5073
2025-03-28 17:50:28 - INFO - epoch:23/25 iteration:10/49 batch loss is :0.4659
2025-03-28 17:50:33 - INFO - epoch:23/25 iteration:15/49 batch loss is :0.3932
2025-03-28 17:50:53 - INFO - epoch:23/25 iteration:20/49 batch loss is :0.5935
2025-03-28 17:51:11 - INFO - epoch:23/25 iteration:25/49 batch loss is :0.6206
2025-03-28 17:51:17 - INFO - epoch:23/25 iteration:30/49 batch loss is :0.4634
2025-03-28 17:51:37 - INFO - epoch:23/25 iteration:35/49 batch loss is :0.5487
2025-03-28 17:51:56 - INFO - epoch:23/25 iteration:40/49 batch loss is :0.2780
2025-03-28 17:52:01 - INFO - epoch:23/25 iteration:45/49 batch loss is :0.3822
2025-03-28 17:52:04 - INFO - Epoch:23/25 Loss is :0.6197
2025-03-28 17:53:14 - INFO - epoch:24/25 iteration:0/49 batch loss is :0.4403
2025-03-28 17:53:20 - INFO - epoch:24/25 iteration:5/49 batch loss is :0.5577
2025-03-28 17:53:39 - INFO - epoch:24/25 iteration:10/49 batch loss is :0.6179
2025-03-28 17:53:44 - INFO - epoch:24/25 iteration:15/49 batch loss is :0.3675
2025-03-28 17:54:14 - INFO - epoch:24/25 iteration:20/49 batch loss is :0.3892
2025-03-28 17:54:47 - INFO - epoch:24/25 iteration:25/49 batch loss is :0.4520
2025-03-28 17:54:53 - INFO - epoch:24/25 iteration:30/49 batch loss is :0.5913
2025-03-28 17:55:25 - INFO - epoch:24/25 iteration:35/49 batch loss is :0.6390
2025-03-28 17:55:58 - INFO - epoch:24/25 iteration:40/49 batch loss is :0.4499
2025-03-28 17:56:03 - INFO - epoch:24/25 iteration:45/49 batch loss is :0.4412
2025-03-28 17:56:06 - INFO - Epoch:24/25 Loss is :0.5717
2025-03-28 17:58:15 - INFO - val accuarcy is : 0.1867
2025-03-28 17:58:15 - INFO - VAL loss :6.0938
2025-03-28 17:58:15 - INFO - fold number:1
2025-03-28 17:59:30 - INFO - epoch:0/25 iteration:0/49 batch loss is :0.6430
2025-03-28 17:59:35 - INFO - epoch:0/25 iteration:5/49 batch loss is :1.1471
2025-03-28 18:00:03 - INFO - epoch:0/25 iteration:10/49 batch loss is :1.0650
2025-03-28 18:00:08 - INFO - epoch:0/25 iteration:15/49 batch loss is :0.6115
2025-03-28 18:00:29 - INFO - epoch:0/25 iteration:20/49 batch loss is :0.8743
2025-03-28 18:00:52 - INFO - epoch:0/25 iteration:25/49 batch loss is :0.6161
2025-03-28 18:01:03 - INFO - epoch:0/25 iteration:30/49 batch loss is :0.4364
2025-03-28 18:01:21 - INFO - epoch:0/25 iteration:35/49 batch loss is :0.4387
2025-03-28 18:01:52 - INFO - epoch:0/25 iteration:40/49 batch loss is :0.5673
2025-03-28 18:02:18 - INFO - epoch:0/25 iteration:45/49 batch loss is :0.7404
2025-03-28 18:02:24 - INFO - Epoch:0/25 Loss is :0.7066
2025-03-28 18:05:08 - INFO - val accuarcy is : 0.2593
2025-03-28 18:05:12 - INFO - VAL loss :3.5704
2025-03-28 18:06:48 - INFO - epoch:1/25 iteration:0/49 batch loss is :0.9755
2025-03-28 18:07:25 - INFO - epoch:1/25 iteration:5/49 batch loss is :0.6048
2025-03-28 18:08:02 - INFO - epoch:1/25 iteration:10/49 batch loss is :0.7307
2025-03-28 18:08:35 - INFO - epoch:1/25 iteration:15/49 batch loss is :0.8529
2025-03-28 18:09:08 - INFO - epoch:1/25 iteration:20/49 batch loss is :0.4925
2025-03-28 18:09:42 - INFO - epoch:1/25 iteration:25/49 batch loss is :0.7488
2025-03-28 18:10:16 - INFO - epoch:1/25 iteration:30/49 batch loss is :1.2841
2025-03-28 18:10:50 - INFO - epoch:1/25 iteration:35/49 batch loss is :0.6795
2025-03-28 18:11:21 - INFO - epoch:1/25 iteration:40/49 batch loss is :1.0985
2025-03-28 18:11:53 - INFO - epoch:1/25 iteration:45/49 batch loss is :0.3869
2025-03-28 18:12:12 - INFO - Epoch:1/25 Loss is :0.6625
2025-03-28 18:14:11 - INFO - epoch:2/25 iteration:0/49 batch loss is :0.5996
2025-03-28 18:14:47 - INFO - epoch:2/25 iteration:5/49 batch loss is :0.5456
2025-03-28 18:15:30 - INFO - epoch:2/25 iteration:10/49 batch loss is :0.2693
2025-03-28 18:16:30 - INFO - epoch:2/25 iteration:15/49 batch loss is :0.6788
2025-03-28 18:17:08 - INFO - epoch:2/25 iteration:20/49 batch loss is :0.5067
2025-03-28 18:17:46 - INFO - epoch:2/25 iteration:25/49 batch loss is :0.7621
2025-03-28 18:18:21 - INFO - epoch:2/25 iteration:30/49 batch loss is :0.8561
2025-03-28 18:18:53 - INFO - epoch:2/25 iteration:35/49 batch loss is :0.8709
2025-03-28 18:19:11 - INFO - epoch:2/25 iteration:40/49 batch loss is :0.5332
2025-03-28 18:19:16 - INFO - epoch:2/25 iteration:45/49 batch loss is :0.5299
2025-03-28 18:19:19 - INFO - Epoch:2/25 Loss is :0.6643
2025-03-28 18:20:31 - INFO - epoch:3/25 iteration:0/49 batch loss is :0.4897
2025-03-28 18:20:36 - INFO - epoch:3/25 iteration:5/49 batch loss is :1.1704
2025-03-28 18:20:58 - INFO - epoch:3/25 iteration:10/49 batch loss is :0.8183
2025-03-28 18:21:03 - INFO - epoch:3/25 iteration:15/49 batch loss is :0.8786
2025-03-28 18:21:23 - INFO - epoch:3/25 iteration:20/49 batch loss is :0.9637
2025-03-28 18:21:41 - INFO - epoch:3/25 iteration:25/49 batch loss is :1.2954
2025-03-28 18:21:47 - INFO - epoch:3/25 iteration:30/49 batch loss is :0.2510
2025-03-28 18:22:09 - INFO - epoch:3/25 iteration:35/49 batch loss is :0.4429
2025-03-28 18:22:29 - INFO - epoch:3/25 iteration:40/49 batch loss is :0.4542
2025-03-28 18:22:34 - INFO - epoch:3/25 iteration:45/49 batch loss is :0.6721
2025-03-28 18:22:37 - INFO - Epoch:3/25 Loss is :0.7012
2025-03-28 18:23:47 - INFO - epoch:4/25 iteration:0/49 batch loss is :0.6587
2025-03-28 18:23:53 - INFO - epoch:4/25 iteration:5/49 batch loss is :1.0255
2025-03-28 18:24:25 - INFO - epoch:4/25 iteration:10/49 batch loss is :0.5257
2025-03-28 18:24:30 - INFO - epoch:4/25 iteration:15/49 batch loss is :0.5057
2025-03-28 18:25:02 - INFO - epoch:4/25 iteration:20/49 batch loss is :0.2102
2025-03-28 18:25:35 - INFO - epoch:4/25 iteration:25/49 batch loss is :0.6588
2025-03-28 18:25:40 - INFO - epoch:4/25 iteration:30/49 batch loss is :0.9861
2025-03-28 18:26:12 - INFO - epoch:4/25 iteration:35/49 batch loss is :0.5219
2025-03-28 18:26:44 - INFO - epoch:4/25 iteration:40/49 batch loss is :0.8265
2025-03-28 18:26:49 - INFO - epoch:4/25 iteration:45/49 batch loss is :0.7539
2025-03-28 18:26:52 - INFO - Epoch:4/25 Loss is :0.6439
2025-03-28 18:28:14 - INFO - epoch:5/25 iteration:0/49 batch loss is :1.0409
2025-03-28 18:28:24 - INFO - epoch:5/25 iteration:5/49 batch loss is :0.4196
2025-03-28 18:28:48 - INFO - epoch:5/25 iteration:10/49 batch loss is :0.4698
2025-03-28 18:28:57 - INFO - epoch:5/25 iteration:15/49 batch loss is :0.3971
2025-03-28 18:29:19 - INFO - epoch:5/25 iteration:20/49 batch loss is :0.6331
2025-03-28 18:29:33 - INFO - epoch:5/25 iteration:25/49 batch loss is :0.9754
2025-03-28 18:29:47 - INFO - epoch:5/25 iteration:30/49 batch loss is :0.5437
2025-03-28 18:30:08 - INFO - epoch:5/25 iteration:35/49 batch loss is :0.7244
2025-03-28 18:30:24 - INFO - epoch:5/25 iteration:40/49 batch loss is :0.4946
2025-03-28 18:30:32 - INFO - epoch:5/25 iteration:45/49 batch loss is :0.7271
2025-03-28 18:30:35 - INFO - Epoch:5/25 Loss is :0.6496
2025-03-28 18:32:33 - INFO - val accuarcy is : 0.2541
2025-03-28 18:32:33 - INFO - VAL loss :3.3384
2025-03-28 18:33:45 - INFO - epoch:6/25 iteration:0/49 batch loss is :0.8015
2025-03-28 18:33:50 - INFO - epoch:6/25 iteration:5/49 batch loss is :0.5617
2025-03-28 18:34:11 - INFO - epoch:6/25 iteration:10/49 batch loss is :0.8483
2025-03-28 18:34:16 - INFO - epoch:6/25 iteration:15/49 batch loss is :0.5720
2025-03-28 18:34:37 - INFO - epoch:6/25 iteration:20/49 batch loss is :0.6157
2025-03-28 18:34:57 - INFO - epoch:6/25 iteration:25/49 batch loss is :0.6462
2025-03-28 18:35:02 - INFO - epoch:6/25 iteration:30/49 batch loss is :0.5163
2025-03-28 18:35:23 - INFO - epoch:6/25 iteration:35/49 batch loss is :0.9119
2025-03-28 18:35:43 - INFO - epoch:6/25 iteration:40/49 batch loss is :0.6232
2025-03-28 18:35:48 - INFO - epoch:6/25 iteration:45/49 batch loss is :0.5915
2025-03-28 18:35:51 - INFO - Epoch:6/25 Loss is :0.6149
2025-03-28 18:37:07 - INFO - epoch:7/25 iteration:0/49 batch loss is :0.6184
2025-03-28 18:37:13 - INFO - epoch:7/25 iteration:5/49 batch loss is :0.4934
2025-03-28 18:37:32 - INFO - epoch:7/25 iteration:10/49 batch loss is :0.3159
2025-03-28 18:37:37 - INFO - epoch:7/25 iteration:15/49 batch loss is :0.5981
2025-03-28 18:37:55 - INFO - epoch:7/25 iteration:20/49 batch loss is :0.6224
2025-03-28 18:38:14 - INFO - epoch:7/25 iteration:25/49 batch loss is :0.3975
2025-03-28 18:38:20 - INFO - epoch:7/25 iteration:30/49 batch loss is :0.3274
2025-03-28 18:38:40 - INFO - epoch:7/25 iteration:35/49 batch loss is :0.4109
2025-03-28 18:39:00 - INFO - epoch:7/25 iteration:40/49 batch loss is :0.7616
2025-03-28 18:39:05 - INFO - epoch:7/25 iteration:45/49 batch loss is :0.5937
2025-03-28 18:39:08 - INFO - Epoch:7/25 Loss is :0.6197
2025-03-28 18:40:42 - INFO - epoch:8/25 iteration:0/49 batch loss is :0.4349
2025-03-28 18:40:47 - INFO - epoch:8/25 iteration:5/49 batch loss is :0.6435
2025-03-28 18:41:20 - INFO - epoch:8/25 iteration:10/49 batch loss is :0.8833
2025-03-28 18:41:25 - INFO - epoch:8/25 iteration:15/49 batch loss is :1.0352
2025-03-28 18:41:58 - INFO - epoch:8/25 iteration:20/49 batch loss is :0.6964
2025-03-28 18:42:32 - INFO - epoch:8/25 iteration:25/49 batch loss is :0.6402
2025-03-28 18:42:37 - INFO - epoch:8/25 iteration:30/49 batch loss is :0.8266
2025-03-28 18:43:10 - INFO - epoch:8/25 iteration:35/49 batch loss is :0.7078
2025-03-28 18:43:42 - INFO - epoch:8/25 iteration:40/49 batch loss is :1.1133
2025-03-28 18:43:47 - INFO - epoch:8/25 iteration:45/49 batch loss is :0.5428
2025-03-28 18:43:50 - INFO - Epoch:8/25 Loss is :0.6627
2025-03-28 18:45:01 - INFO - epoch:9/25 iteration:0/49 batch loss is :0.6365
2025-03-28 18:45:06 - INFO - epoch:9/25 iteration:5/49 batch loss is :0.6939
2025-03-28 18:45:25 - INFO - epoch:9/25 iteration:10/49 batch loss is :0.7255
2025-03-28 18:45:31 - INFO - epoch:9/25 iteration:15/49 batch loss is :0.7336
2025-03-28 18:45:51 - INFO - epoch:9/25 iteration:20/49 batch loss is :0.4755
2025-03-28 18:46:12 - INFO - epoch:9/25 iteration:25/49 batch loss is :0.8950
2025-03-28 18:46:17 - INFO - epoch:9/25 iteration:30/49 batch loss is :0.3419
2025-03-28 18:46:37 - INFO - epoch:9/25 iteration:35/49 batch loss is :0.6114
2025-03-28 18:46:58 - INFO - epoch:9/25 iteration:40/49 batch loss is :0.3833
2025-03-28 18:47:03 - INFO - epoch:9/25 iteration:45/49 batch loss is :0.6383
2025-03-28 18:47:06 - INFO - Epoch:9/25 Loss is :0.6092
2025-03-28 18:48:17 - INFO - epoch:10/25 iteration:0/49 batch loss is :0.6462
2025-03-28 18:48:23 - INFO - epoch:10/25 iteration:5/49 batch loss is :0.7970
2025-03-28 18:48:42 - INFO - epoch:10/25 iteration:10/49 batch loss is :0.9904
2025-03-28 18:48:48 - INFO - epoch:10/25 iteration:15/49 batch loss is :1.1374
2025-03-28 18:49:07 - INFO - epoch:10/25 iteration:20/49 batch loss is :0.3739
2025-03-28 18:49:29 - INFO - epoch:10/25 iteration:25/49 batch loss is :0.9413
2025-03-28 18:49:35 - INFO - epoch:10/25 iteration:30/49 batch loss is :0.4971
2025-03-28 18:49:53 - INFO - epoch:10/25 iteration:35/49 batch loss is :0.7583
2025-03-28 18:50:10 - INFO - epoch:10/25 iteration:40/49 batch loss is :0.7526
2025-03-28 18:50:15 - INFO - epoch:10/25 iteration:45/49 batch loss is :0.4152
2025-03-28 18:50:19 - INFO - Epoch:10/25 Loss is :0.6554
2025-03-28 18:52:15 - INFO - val accuarcy is : 0.2282
2025-03-28 18:52:15 - INFO - VAL loss :4.6255
2025-03-28 18:53:25 - INFO - epoch:11/25 iteration:0/49 batch loss is :0.5569
2025-03-28 18:53:31 - INFO - epoch:11/25 iteration:5/49 batch loss is :0.5280
2025-03-28 18:53:50 - INFO - epoch:11/25 iteration:10/49 batch loss is :0.5492
2025-03-28 18:53:56 - INFO - epoch:11/25 iteration:15/49 batch loss is :0.4824
2025-03-28 18:54:21 - INFO - epoch:11/25 iteration:20/49 batch loss is :0.6653
2025-03-28 18:54:54 - INFO - epoch:11/25 iteration:25/49 batch loss is :1.2010
2025-03-28 18:54:59 - INFO - epoch:11/25 iteration:30/49 batch loss is :0.7063
2025-03-28 18:55:31 - INFO - epoch:11/25 iteration:35/49 batch loss is :0.9504
2025-03-28 18:56:03 - INFO - epoch:11/25 iteration:40/49 batch loss is :0.7959
2025-03-28 18:56:08 - INFO - epoch:11/25 iteration:45/49 batch loss is :0.3963
2025-03-28 18:56:11 - INFO - Epoch:11/25 Loss is :0.6527
2025-03-28 18:57:36 - INFO - epoch:12/25 iteration:0/49 batch loss is :0.4728
2025-03-28 18:57:43 - INFO - epoch:12/25 iteration:5/49 batch loss is :0.6371
2025-03-28 18:58:11 - INFO - epoch:12/25 iteration:10/49 batch loss is :0.6427
2025-03-28 18:58:16 - INFO - epoch:12/25 iteration:15/49 batch loss is :0.8342
2025-03-28 18:58:45 - INFO - epoch:12/25 iteration:20/49 batch loss is :0.7816
2025-03-28 18:59:09 - INFO - epoch:12/25 iteration:25/49 batch loss is :0.8232
2025-03-28 18:59:18 - INFO - epoch:12/25 iteration:30/49 batch loss is :0.4851
2025-03-28 18:59:44 - INFO - epoch:12/25 iteration:35/49 batch loss is :0.3598
2025-03-28 19:00:08 - INFO - epoch:12/25 iteration:40/49 batch loss is :0.4250
2025-03-28 19:00:13 - INFO - epoch:12/25 iteration:45/49 batch loss is :0.6068
2025-03-28 19:00:17 - INFO - Epoch:12/25 Loss is :0.6443
2025-03-28 19:01:27 - INFO - epoch:13/25 iteration:0/49 batch loss is :0.6863
2025-03-28 19:01:33 - INFO - epoch:13/25 iteration:5/49 batch loss is :1.0282
2025-03-28 19:01:54 - INFO - epoch:13/25 iteration:10/49 batch loss is :0.8166
2025-03-28 19:02:00 - INFO - epoch:13/25 iteration:15/49 batch loss is :0.3435
2025-03-28 19:02:19 - INFO - epoch:13/25 iteration:20/49 batch loss is :0.7011
2025-03-28 19:02:38 - INFO - epoch:13/25 iteration:25/49 batch loss is :0.4550
2025-03-28 19:02:43 - INFO - epoch:13/25 iteration:30/49 batch loss is :0.2318
2025-03-28 19:03:03 - INFO - epoch:13/25 iteration:35/49 batch loss is :0.3237
2025-03-28 19:03:23 - INFO - epoch:13/25 iteration:40/49 batch loss is :0.5245
2025-03-28 19:03:28 - INFO - epoch:13/25 iteration:45/49 batch loss is :0.8256
2025-03-28 19:03:31 - INFO - Epoch:13/25 Loss is :0.6251
2025-03-28 19:04:40 - INFO - epoch:14/25 iteration:0/49 batch loss is :0.7673
2025-03-28 19:04:46 - INFO - epoch:14/25 iteration:5/49 batch loss is :0.4276
2025-03-28 19:05:05 - INFO - epoch:14/25 iteration:10/49 batch loss is :0.8609
2025-03-28 19:05:11 - INFO - epoch:14/25 iteration:15/49 batch loss is :0.6340
2025-03-28 19:05:30 - INFO - epoch:14/25 iteration:20/49 batch loss is :0.8954
2025-03-28 19:05:50 - INFO - epoch:14/25 iteration:25/49 batch loss is :0.6171
2025-03-28 19:05:56 - INFO - epoch:14/25 iteration:30/49 batch loss is :0.6752
2025-03-28 19:06:16 - INFO - epoch:14/25 iteration:35/49 batch loss is :0.5263
2025-03-28 19:06:35 - INFO - epoch:14/25 iteration:40/49 batch loss is :0.6558
2025-03-28 19:06:40 - INFO - epoch:14/25 iteration:45/49 batch loss is :0.5885
2025-03-28 19:06:43 - INFO - Epoch:14/25 Loss is :0.6443
2025-03-28 19:07:51 - INFO - epoch:15/25 iteration:0/49 batch loss is :0.8492
2025-03-28 19:07:57 - INFO - epoch:15/25 iteration:5/49 batch loss is :0.2605
2025-03-28 19:08:16 - INFO - epoch:15/25 iteration:10/49 batch loss is :0.6340
2025-03-28 19:08:21 - INFO - epoch:15/25 iteration:15/49 batch loss is :0.4072
2025-03-28 19:08:40 - INFO - epoch:15/25 iteration:20/49 batch loss is :0.6647
2025-03-28 19:08:58 - INFO - epoch:15/25 iteration:25/49 batch loss is :0.5028
2025-03-28 19:09:05 - INFO - epoch:15/25 iteration:30/49 batch loss is :0.5550
2025-03-28 19:09:39 - INFO - epoch:15/25 iteration:35/49 batch loss is :0.5480
2025-03-28 19:10:14 - INFO - epoch:15/25 iteration:40/49 batch loss is :0.6063
2025-03-28 19:10:30 - INFO - epoch:15/25 iteration:45/49 batch loss is :0.7037
2025-03-28 19:10:38 - INFO - Epoch:15/25 Loss is :0.6778
2025-03-28 19:13:16 - INFO - val accuarcy is : 0.2386
2025-03-28 19:13:17 - INFO - VAL loss :4.4479
2025-03-28 19:14:55 - INFO - epoch:16/25 iteration:0/49 batch loss is :0.4993
2025-03-28 19:15:12 - INFO - epoch:16/25 iteration:5/49 batch loss is :0.4452
2025-03-28 19:15:37 - INFO - epoch:16/25 iteration:10/49 batch loss is :0.5309
2025-03-28 19:15:53 - INFO - epoch:16/25 iteration:15/49 batch loss is :0.3951
2025-03-28 19:16:23 - INFO - epoch:16/25 iteration:20/49 batch loss is :1.0483
2025-03-28 19:16:51 - INFO - epoch:16/25 iteration:25/49 batch loss is :0.8577
2025-03-28 19:17:11 - INFO - epoch:16/25 iteration:30/49 batch loss is :0.8237
2025-03-28 19:17:46 - INFO - epoch:16/25 iteration:35/49 batch loss is :0.9791
2025-03-28 19:18:11 - INFO - epoch:16/25 iteration:40/49 batch loss is :0.4684
2025-03-28 19:18:28 - INFO - epoch:16/25 iteration:45/49 batch loss is :0.5287
2025-03-28 19:18:36 - INFO - Epoch:16/25 Loss is :0.6695
2025-03-28 19:20:08 - INFO - epoch:17/25 iteration:0/49 batch loss is :0.5757
2025-03-28 19:20:24 - INFO - epoch:17/25 iteration:5/49 batch loss is :0.2762
2025-03-28 19:20:44 - INFO - epoch:17/25 iteration:10/49 batch loss is :0.6431
2025-03-28 19:21:01 - INFO - epoch:17/25 iteration:15/49 batch loss is :0.3411
2025-03-28 19:21:17 - INFO - epoch:17/25 iteration:20/49 batch loss is :0.6334
2025-03-28 19:21:36 - INFO - epoch:17/25 iteration:25/49 batch loss is :0.4269
2025-03-28 19:21:53 - INFO - epoch:17/25 iteration:30/49 batch loss is :0.5673
2025-03-28 19:22:15 - INFO - epoch:17/25 iteration:35/49 batch loss is :0.7039
2025-03-28 19:22:31 - INFO - epoch:17/25 iteration:40/49 batch loss is :0.6986
2025-03-28 19:22:43 - INFO - epoch:17/25 iteration:45/49 batch loss is :1.0309
2025-03-28 19:22:52 - INFO - Epoch:17/25 Loss is :0.6303
2025-03-28 19:24:19 - INFO - epoch:18/25 iteration:0/49 batch loss is :0.9156
2025-03-28 19:24:35 - INFO - epoch:18/25 iteration:5/49 batch loss is :0.5766
2025-03-28 19:24:53 - INFO - epoch:18/25 iteration:10/49 batch loss is :0.5322
2025-03-28 19:25:12 - INFO - epoch:18/25 iteration:15/49 batch loss is :0.6311
2025-03-28 19:25:29 - INFO - epoch:18/25 iteration:20/49 batch loss is :0.4347
2025-03-28 19:25:47 - INFO - epoch:18/25 iteration:25/49 batch loss is :0.5190
2025-03-28 19:26:04 - INFO - epoch:18/25 iteration:30/49 batch loss is :0.4681
2025-03-28 19:26:21 - INFO - epoch:18/25 iteration:35/49 batch loss is :0.4200
2025-03-28 19:26:38 - INFO - epoch:18/25 iteration:40/49 batch loss is :0.7743
2025-03-28 19:26:51 - INFO - epoch:18/25 iteration:45/49 batch loss is :0.9408
2025-03-28 19:27:01 - INFO - Epoch:18/25 Loss is :0.6536
2025-03-28 19:28:27 - INFO - epoch:19/25 iteration:0/49 batch loss is :0.4558
2025-03-28 19:28:44 - INFO - epoch:19/25 iteration:5/49 batch loss is :0.5868
2025-03-28 19:29:01 - INFO - epoch:19/25 iteration:10/49 batch loss is :0.5827
2025-03-28 19:29:19 - INFO - epoch:19/25 iteration:15/49 batch loss is :1.0806
2025-03-28 19:29:36 - INFO - epoch:19/25 iteration:20/49 batch loss is :0.8035
2025-03-28 19:29:53 - INFO - epoch:19/25 iteration:25/49 batch loss is :0.4311
2025-03-28 19:30:10 - INFO - epoch:19/25 iteration:30/49 batch loss is :0.2238
2025-03-28 19:30:29 - INFO - epoch:19/25 iteration:35/49 batch loss is :0.7255
2025-03-28 19:30:45 - INFO - epoch:19/25 iteration:40/49 batch loss is :0.7127
2025-03-28 19:30:58 - INFO - epoch:19/25 iteration:45/49 batch loss is :0.4377
2025-03-28 19:31:06 - INFO - Epoch:19/25 Loss is :0.6572
2025-03-28 19:32:32 - INFO - epoch:20/25 iteration:0/49 batch loss is :0.9948
2025-03-28 19:32:48 - INFO - epoch:20/25 iteration:5/49 batch loss is :0.7856
2025-03-28 19:33:06 - INFO - epoch:20/25 iteration:10/49 batch loss is :0.6867
2025-03-28 19:33:24 - INFO - epoch:20/25 iteration:15/49 batch loss is :0.3106
2025-03-28 19:33:42 - INFO - epoch:20/25 iteration:20/49 batch loss is :0.7484
2025-03-28 19:34:00 - INFO - epoch:20/25 iteration:25/49 batch loss is :0.2696
2025-03-28 19:34:17 - INFO - epoch:20/25 iteration:30/49 batch loss is :0.7589
2025-03-28 19:34:34 - INFO - epoch:20/25 iteration:35/49 batch loss is :0.6345
2025-03-28 19:34:50 - INFO - epoch:20/25 iteration:40/49 batch loss is :0.7053
2025-03-28 19:35:03 - INFO - epoch:20/25 iteration:45/49 batch loss is :0.5082
2025-03-28 19:35:11 - INFO - Epoch:20/25 Loss is :0.6676
2025-03-28 19:37:07 - INFO - val accuarcy is : 0.2334
2025-03-28 19:37:08 - INFO - VAL loss :5.1475
2025-03-28 19:38:18 - INFO - epoch:21/25 iteration:0/49 batch loss is :0.5406
2025-03-28 19:38:24 - INFO - epoch:21/25 iteration:5/49 batch loss is :0.5546
2025-03-28 19:38:42 - INFO - epoch:21/25 iteration:10/49 batch loss is :0.5944
2025-03-28 19:38:48 - INFO - epoch:21/25 iteration:15/49 batch loss is :0.4536
2025-03-28 19:39:06 - INFO - epoch:21/25 iteration:20/49 batch loss is :0.4484
2025-03-28 19:39:29 - INFO - epoch:21/25 iteration:25/49 batch loss is :0.6823
2025-03-28 19:39:35 - INFO - epoch:21/25 iteration:30/49 batch loss is :1.0727
2025-03-28 19:40:07 - INFO - epoch:21/25 iteration:35/49 batch loss is :0.7144
2025-03-28 19:40:40 - INFO - epoch:21/25 iteration:40/49 batch loss is :0.7202
2025-03-28 19:40:45 - INFO - epoch:21/25 iteration:45/49 batch loss is :0.7747
2025-03-28 19:40:49 - INFO - Epoch:21/25 Loss is :0.6594
2025-03-28 19:42:13 - INFO - epoch:22/25 iteration:0/49 batch loss is :0.4046
2025-03-28 19:42:24 - INFO - epoch:22/25 iteration:5/49 batch loss is :0.6615
2025-03-28 19:42:53 - INFO - epoch:22/25 iteration:10/49 batch loss is :0.7301
2025-03-28 19:42:58 - INFO - epoch:22/25 iteration:15/49 batch loss is :0.8220
2025-03-28 19:43:27 - INFO - epoch:22/25 iteration:20/49 batch loss is :0.4019
2025-03-28 19:43:47 - INFO - epoch:22/25 iteration:25/49 batch loss is :0.9335
2025-03-28 19:44:03 - INFO - epoch:22/25 iteration:30/49 batch loss is :0.6549
2025-03-28 19:44:33 - INFO - epoch:22/25 iteration:35/49 batch loss is :0.5052
2025-03-28 19:44:41 - INFO - epoch:22/25 iteration:40/49 batch loss is :0.8899
2025-03-28 19:44:59 - INFO - epoch:22/25 iteration:45/49 batch loss is :0.7486
2025-03-28 19:45:02 - INFO - Epoch:22/25 Loss is :0.6353
2025-03-28 19:46:13 - INFO - epoch:23/25 iteration:0/49 batch loss is :0.5861
2025-03-28 19:46:18 - INFO - epoch:23/25 iteration:5/49 batch loss is :0.5577
2025-03-28 19:46:39 - INFO - epoch:23/25 iteration:10/49 batch loss is :0.4167
2025-03-28 19:46:45 - INFO - epoch:23/25 iteration:15/49 batch loss is :0.4431
2025-03-28 19:47:06 - INFO - epoch:23/25 iteration:20/49 batch loss is :0.4485
2025-03-28 19:47:26 - INFO - epoch:23/25 iteration:25/49 batch loss is :0.6771
2025-03-28 19:47:32 - INFO - epoch:23/25 iteration:30/49 batch loss is :0.2211
2025-03-28 19:47:52 - INFO - epoch:23/25 iteration:35/49 batch loss is :0.5382
2025-03-28 19:48:11 - INFO - epoch:23/25 iteration:40/49 batch loss is :0.7681
2025-03-28 19:48:16 - INFO - epoch:23/25 iteration:45/49 batch loss is :0.3372
2025-03-28 19:48:19 - INFO - Epoch:23/25 Loss is :0.6343
2025-03-28 19:49:29 - INFO - epoch:24/25 iteration:0/49 batch loss is :0.5220
2025-03-28 19:49:34 - INFO - epoch:24/25 iteration:5/49 batch loss is :0.4956
2025-03-28 19:49:53 - INFO - epoch:24/25 iteration:10/49 batch loss is :0.6576
2025-03-28 19:49:59 - INFO - epoch:24/25 iteration:15/49 batch loss is :0.8026
2025-03-28 19:50:18 - INFO - epoch:24/25 iteration:20/49 batch loss is :0.7722
2025-03-28 19:50:37 - INFO - epoch:24/25 iteration:25/49 batch loss is :0.7903
2025-03-28 19:50:43 - INFO - epoch:24/25 iteration:30/49 batch loss is :0.8581
2025-03-28 19:51:03 - INFO - epoch:24/25 iteration:35/49 batch loss is :0.2559
2025-03-28 19:51:20 - INFO - epoch:24/25 iteration:40/49 batch loss is :0.6033
2025-03-28 19:51:25 - INFO - epoch:24/25 iteration:45/49 batch loss is :0.6439
2025-03-28 19:51:28 - INFO - Epoch:24/25 Loss is :0.6569
2025-03-28 19:53:25 - INFO - val accuarcy is : 0.2490
2025-03-28 19:53:25 - INFO - VAL loss :4.1035
2025-03-28 19:53:25 - INFO - fold number:2
2025-03-28 19:54:44 - INFO - epoch:0/25 iteration:0/49 batch loss is :1.0725
2025-03-28 19:54:49 - INFO - epoch:0/25 iteration:5/49 batch loss is :0.5399
2025-03-28 19:55:23 - INFO - epoch:0/25 iteration:10/49 batch loss is :0.9619
2025-03-28 19:55:28 - INFO - epoch:0/25 iteration:15/49 batch loss is :0.7800
2025-03-28 19:56:00 - INFO - epoch:0/25 iteration:20/49 batch loss is :0.3989
2025-03-28 19:56:34 - INFO - epoch:0/25 iteration:25/49 batch loss is :1.3103
2025-03-28 19:56:39 - INFO - epoch:0/25 iteration:30/49 batch loss is :0.4363
2025-03-28 19:57:11 - INFO - epoch:0/25 iteration:35/49 batch loss is :0.6776
2025-03-28 19:57:43 - INFO - epoch:0/25 iteration:40/49 batch loss is :0.5147
2025-03-28 19:57:48 - INFO - epoch:0/25 iteration:45/49 batch loss is :0.7656
2025-03-28 19:57:51 - INFO - Epoch:0/25 Loss is :0.6666
2025-03-28 19:59:57 - INFO - val accuarcy is : 0.1971
2025-03-28 19:59:57 - INFO - VAL loss :5.9312
2025-03-28 20:01:10 - INFO - epoch:1/25 iteration:0/49 batch loss is :0.5604
2025-03-28 20:01:16 - INFO - epoch:1/25 iteration:5/49 batch loss is :0.3235
2025-03-28 20:01:34 - INFO - epoch:1/25 iteration:10/49 batch loss is :0.6735
2025-03-28 20:01:40 - INFO - epoch:1/25 iteration:15/49 batch loss is :0.6095
2025-03-28 20:02:02 - INFO - epoch:1/25 iteration:20/49 batch loss is :0.3260
2025-03-28 20:02:21 - INFO - epoch:1/25 iteration:25/49 batch loss is :0.5940
2025-03-28 20:02:28 - INFO - epoch:1/25 iteration:30/49 batch loss is :0.5165
2025-03-28 20:02:53 - INFO - epoch:1/25 iteration:35/49 batch loss is :0.6842
2025-03-28 20:03:07 - INFO - epoch:1/25 iteration:40/49 batch loss is :0.6777
2025-03-28 20:03:17 - INFO - epoch:1/25 iteration:45/49 batch loss is :0.3665
2025-03-28 20:03:20 - INFO - Epoch:1/25 Loss is :0.6665
2025-03-28 20:04:29 - INFO - epoch:2/25 iteration:0/49 batch loss is :0.8525
2025-03-28 20:04:36 - INFO - epoch:2/25 iteration:5/49 batch loss is :0.6971
2025-03-28 20:04:56 - INFO - epoch:2/25 iteration:10/49 batch loss is :0.3197
2025-03-28 20:05:02 - INFO - epoch:2/25 iteration:15/49 batch loss is :0.3737
2025-03-28 20:05:21 - INFO - epoch:2/25 iteration:20/49 batch loss is :0.8149
2025-03-28 20:05:41 - INFO - epoch:2/25 iteration:25/49 batch loss is :0.4748
2025-03-28 20:05:47 - INFO - epoch:2/25 iteration:30/49 batch loss is :0.2100
2025-03-28 20:06:08 - INFO - epoch:2/25 iteration:35/49 batch loss is :0.7563
2025-03-28 20:06:26 - INFO - epoch:2/25 iteration:40/49 batch loss is :0.4421
2025-03-28 20:06:31 - INFO - epoch:2/25 iteration:45/49 batch loss is :0.6348
2025-03-28 20:06:34 - INFO - Epoch:2/25 Loss is :0.6672
2025-03-28 20:07:44 - INFO - epoch:3/25 iteration:0/49 batch loss is :0.3996
2025-03-28 20:07:50 - INFO - epoch:3/25 iteration:5/49 batch loss is :1.0248
2025-03-28 20:08:08 - INFO - epoch:3/25 iteration:10/49 batch loss is :0.6303
2025-03-28 20:08:14 - INFO - epoch:3/25 iteration:15/49 batch loss is :0.4777
2025-03-28 20:08:31 - INFO - epoch:3/25 iteration:20/49 batch loss is :0.6608
2025-03-28 20:08:50 - INFO - epoch:3/25 iteration:25/49 batch loss is :0.4638
2025-03-28 20:08:56 - INFO - epoch:3/25 iteration:30/49 batch loss is :0.8872
2025-03-28 20:09:13 - INFO - epoch:3/25 iteration:35/49 batch loss is :0.6681
2025-03-28 20:09:36 - INFO - epoch:3/25 iteration:40/49 batch loss is :0.7497
2025-03-28 20:09:41 - INFO - epoch:3/25 iteration:45/49 batch loss is :0.2643
2025-03-28 20:09:45 - INFO - Epoch:3/25 Loss is :0.6508
2025-03-28 20:11:17 - INFO - epoch:4/25 iteration:0/49 batch loss is :0.4863
2025-03-28 20:11:23 - INFO - epoch:4/25 iteration:5/49 batch loss is :0.4881
2025-03-28 20:11:55 - INFO - epoch:4/25 iteration:10/49 batch loss is :0.9414
2025-03-28 20:12:00 - INFO - epoch:4/25 iteration:15/49 batch loss is :1.1316
2025-03-28 20:12:34 - INFO - epoch:4/25 iteration:20/49 batch loss is :0.4456
2025-03-28 20:13:05 - INFO - epoch:4/25 iteration:25/49 batch loss is :0.8432
2025-03-28 20:13:10 - INFO - epoch:4/25 iteration:30/49 batch loss is :0.9383
2025-03-28 20:13:43 - INFO - epoch:4/25 iteration:35/49 batch loss is :0.2443
2025-03-28 20:14:14 - INFO - epoch:4/25 iteration:40/49 batch loss is :0.5340
2025-03-28 20:14:19 - INFO - epoch:4/25 iteration:45/49 batch loss is :0.6347
2025-03-28 20:14:23 - INFO - Epoch:4/25 Loss is :0.6919
2025-03-28 20:15:35 - INFO - epoch:5/25 iteration:0/49 batch loss is :0.5874
2025-03-28 20:15:41 - INFO - epoch:5/25 iteration:5/49 batch loss is :0.6834
2025-03-28 20:16:00 - INFO - epoch:5/25 iteration:10/49 batch loss is :0.3708
2025-03-28 20:16:05 - INFO - epoch:5/25 iteration:15/49 batch loss is :0.8418
2025-03-28 20:16:24 - INFO - epoch:5/25 iteration:20/49 batch loss is :1.0021
2025-03-28 20:16:45 - INFO - epoch:5/25 iteration:25/49 batch loss is :0.6329
2025-03-28 20:16:51 - INFO - epoch:5/25 iteration:30/49 batch loss is :0.4501
2025-03-28 20:17:11 - INFO - epoch:5/25 iteration:35/49 batch loss is :0.8150
2025-03-28 20:17:31 - INFO - epoch:5/25 iteration:40/49 batch loss is :0.4957
2025-03-28 20:17:36 - INFO - epoch:5/25 iteration:45/49 batch loss is :0.9273
2025-03-28 20:17:39 - INFO - Epoch:5/25 Loss is :0.6828
2025-03-28 20:19:35 - INFO - val accuarcy is : 0.2905
2025-03-28 20:19:35 - INFO - VAL loss :3.7600
2025-03-28 20:20:46 - INFO - epoch:6/25 iteration:0/49 batch loss is :0.5563
2025-03-28 20:20:51 - INFO - epoch:6/25 iteration:5/49 batch loss is :1.2493
2025-03-28 20:21:12 - INFO - epoch:6/25 iteration:10/49 batch loss is :0.6003
2025-03-28 20:21:18 - INFO - epoch:6/25 iteration:15/49 batch loss is :0.5931
2025-03-28 20:21:37 - INFO - epoch:6/25 iteration:20/49 batch loss is :0.8984
2025-03-28 20:21:58 - INFO - epoch:6/25 iteration:25/49 batch loss is :0.5987
2025-03-28 20:22:04 - INFO - epoch:6/25 iteration:30/49 batch loss is :0.5269
2025-03-28 20:22:23 - INFO - epoch:6/25 iteration:35/49 batch loss is :0.8258
2025-03-28 20:22:40 - INFO - epoch:6/25 iteration:40/49 batch loss is :1.0248
2025-03-28 20:22:45 - INFO - epoch:6/25 iteration:45/49 batch loss is :0.6348
2025-03-28 20:22:48 - INFO - Epoch:6/25 Loss is :0.6715
2025-03-28 20:23:58 - INFO - epoch:7/25 iteration:0/49 batch loss is :0.5850
2025-03-28 20:24:03 - INFO - epoch:7/25 iteration:5/49 batch loss is :0.3281
2025-03-28 20:24:22 - INFO - epoch:7/25 iteration:10/49 batch loss is :0.3037
2025-03-28 20:24:28 - INFO - epoch:7/25 iteration:15/49 batch loss is :0.5551
2025-03-28 20:24:52 - INFO - epoch:7/25 iteration:20/49 batch loss is :0.7256
2025-03-28 20:25:25 - INFO - epoch:7/25 iteration:25/49 batch loss is :0.9316
2025-03-28 20:25:30 - INFO - epoch:7/25 iteration:30/49 batch loss is :0.6794
2025-03-28 20:26:02 - INFO - epoch:7/25 iteration:35/49 batch loss is :0.4277
2025-03-28 20:26:32 - INFO - epoch:7/25 iteration:40/49 batch loss is :1.1118
2025-03-28 20:26:38 - INFO - epoch:7/25 iteration:45/49 batch loss is :0.8564
2025-03-28 20:26:41 - INFO - Epoch:7/25 Loss is :0.6661
2025-03-28 20:28:04 - INFO - epoch:8/25 iteration:0/49 batch loss is :0.8300
2025-03-28 20:28:11 - INFO - epoch:8/25 iteration:5/49 batch loss is :0.6507
2025-03-28 20:28:40 - INFO - epoch:8/25 iteration:10/49 batch loss is :0.3913
2025-03-28 20:28:46 - INFO - epoch:8/25 iteration:15/49 batch loss is :0.5441
2025-03-28 20:29:10 - INFO - epoch:8/25 iteration:20/49 batch loss is :0.5837
2025-03-28 20:29:32 - INFO - epoch:8/25 iteration:25/49 batch loss is :0.5742
2025-03-28 20:29:42 - INFO - epoch:8/25 iteration:30/49 batch loss is :0.6822
2025-03-28 20:30:07 - INFO - epoch:8/25 iteration:35/49 batch loss is :0.2537
2025-03-28 20:30:25 - INFO - epoch:8/25 iteration:40/49 batch loss is :0.8884
2025-03-28 20:30:38 - INFO - epoch:8/25 iteration:45/49 batch loss is :0.5210
2025-03-28 20:30:41 - INFO - Epoch:8/25 Loss is :0.6433
2025-03-28 20:31:51 - INFO - epoch:9/25 iteration:0/49 batch loss is :0.3043
2025-03-28 20:31:57 - INFO - epoch:9/25 iteration:5/49 batch loss is :0.9070
2025-03-28 20:32:16 - INFO - epoch:9/25 iteration:10/49 batch loss is :0.7776
2025-03-28 20:32:22 - INFO - epoch:9/25 iteration:15/49 batch loss is :0.5495
2025-03-28 20:32:43 - INFO - epoch:9/25 iteration:20/49 batch loss is :0.7305
2025-03-28 20:33:03 - INFO - epoch:9/25 iteration:25/49 batch loss is :0.5672
2025-03-28 20:33:09 - INFO - epoch:9/25 iteration:30/49 batch loss is :0.8424
2025-03-28 20:33:28 - INFO - epoch:9/25 iteration:35/49 batch loss is :1.0943
2025-03-28 20:33:46 - INFO - epoch:9/25 iteration:40/49 batch loss is :0.4775
2025-03-28 20:33:52 - INFO - epoch:9/25 iteration:45/49 batch loss is :0.7702
2025-03-28 20:33:55 - INFO - Epoch:9/25 Loss is :0.6976
2025-03-28 20:35:04 - INFO - epoch:10/25 iteration:0/49 batch loss is :0.8210
2025-03-28 20:35:10 - INFO - epoch:10/25 iteration:5/49 batch loss is :0.6590
2025-03-28 20:35:28 - INFO - epoch:10/25 iteration:10/49 batch loss is :0.3729
2025-03-28 20:35:34 - INFO - epoch:10/25 iteration:15/49 batch loss is :0.3823
2025-03-28 20:35:52 - INFO - epoch:10/25 iteration:20/49 batch loss is :0.7688
2025-03-28 20:36:10 - INFO - epoch:10/25 iteration:25/49 batch loss is :0.4507
2025-03-28 20:36:16 - INFO - epoch:10/25 iteration:30/49 batch loss is :0.4035
2025-03-28 20:36:35 - INFO - epoch:10/25 iteration:35/49 batch loss is :0.6649
2025-03-28 20:36:54 - INFO - epoch:10/25 iteration:40/49 batch loss is :0.9127
2025-03-28 20:36:59 - INFO - epoch:10/25 iteration:45/49 batch loss is :0.4203
2025-03-28 20:37:02 - INFO - Epoch:10/25 Loss is :0.6870
2025-03-28 20:38:57 - INFO - val accuarcy is : 0.2541
2025-03-28 20:38:57 - INFO - VAL loss :3.7024
2025-03-28 20:40:30 - INFO - epoch:11/25 iteration:0/49 batch loss is :0.3462
2025-03-28 20:40:35 - INFO - epoch:11/25 iteration:5/49 batch loss is :0.4637
2025-03-28 20:41:07 - INFO - epoch:11/25 iteration:10/49 batch loss is :0.4927
2025-03-28 20:41:12 - INFO - epoch:11/25 iteration:15/49 batch loss is :0.6022
2025-03-28 20:41:45 - INFO - epoch:11/25 iteration:20/49 batch loss is :0.4378
2025-03-28 20:42:17 - INFO - epoch:11/25 iteration:25/49 batch loss is :0.5676
2025-03-28 20:42:23 - INFO - epoch:11/25 iteration:30/49 batch loss is :0.6236
2025-03-28 20:42:55 - INFO - epoch:11/25 iteration:35/49 batch loss is :1.1192
2025-03-28 20:43:27 - INFO - epoch:11/25 iteration:40/49 batch loss is :0.4206
2025-03-28 20:43:32 - INFO - epoch:11/25 iteration:45/49 batch loss is :0.4875
2025-03-28 20:43:35 - INFO - Epoch:11/25 Loss is :0.6397
2025-03-28 20:44:46 - INFO - epoch:12/25 iteration:0/49 batch loss is :0.6231
2025-03-28 20:44:51 - INFO - epoch:12/25 iteration:5/49 batch loss is :0.4024
2025-03-28 20:45:11 - INFO - epoch:12/25 iteration:10/49 batch loss is :0.6650
2025-03-28 20:45:17 - INFO - epoch:12/25 iteration:15/49 batch loss is :0.5954
2025-03-28 20:45:39 - INFO - epoch:12/25 iteration:20/49 batch loss is :0.5805
2025-03-28 20:45:59 - INFO - epoch:12/25 iteration:25/49 batch loss is :0.4202
2025-03-28 20:46:04 - INFO - epoch:12/25 iteration:30/49 batch loss is :0.7180
2025-03-28 20:46:23 - INFO - epoch:12/25 iteration:35/49 batch loss is :0.7673
2025-03-28 20:46:44 - INFO - epoch:12/25 iteration:40/49 batch loss is :0.4719
2025-03-28 20:46:49 - INFO - epoch:12/25 iteration:45/49 batch loss is :0.3327
2025-03-28 20:46:52 - INFO - Epoch:12/25 Loss is :0.6428
2025-03-28 20:48:03 - INFO - epoch:13/25 iteration:0/49 batch loss is :0.4885
2025-03-28 20:48:08 - INFO - epoch:13/25 iteration:5/49 batch loss is :0.7762
2025-03-28 20:48:26 - INFO - epoch:13/25 iteration:10/49 batch loss is :0.4217
2025-03-28 20:48:32 - INFO - epoch:13/25 iteration:15/49 batch loss is :0.9485
2025-03-28 20:48:51 - INFO - epoch:13/25 iteration:20/49 batch loss is :0.3096
2025-03-28 20:49:11 - INFO - epoch:13/25 iteration:25/49 batch loss is :0.8612
2025-03-28 20:49:16 - INFO - epoch:13/25 iteration:30/49 batch loss is :1.2964
2025-03-28 20:49:35 - INFO - epoch:13/25 iteration:35/49 batch loss is :0.9369
2025-03-28 20:49:54 - INFO - epoch:13/25 iteration:40/49 batch loss is :0.5758
2025-03-28 20:49:59 - INFO - epoch:13/25 iteration:45/49 batch loss is :0.3910
2025-03-28 20:50:02 - INFO - Epoch:13/25 Loss is :0.6424
2025-03-28 20:51:11 - INFO - epoch:14/25 iteration:0/49 batch loss is :1.0387
2025-03-28 20:51:17 - INFO - epoch:14/25 iteration:5/49 batch loss is :0.8647
2025-03-28 20:51:36 - INFO - epoch:14/25 iteration:10/49 batch loss is :0.5566
2025-03-28 20:51:41 - INFO - epoch:14/25 iteration:15/49 batch loss is :0.5861
2025-03-28 20:52:00 - INFO - epoch:14/25 iteration:20/49 batch loss is :0.3189
2025-03-28 20:52:19 - INFO - epoch:14/25 iteration:25/49 batch loss is :0.8015
2025-03-28 20:52:24 - INFO - epoch:14/25 iteration:30/49 batch loss is :0.5879
2025-03-28 20:52:44 - INFO - epoch:14/25 iteration:35/49 batch loss is :0.4834
2025-03-28 20:53:02 - INFO - epoch:14/25 iteration:40/49 batch loss is :0.6721
2025-03-28 20:53:07 - INFO - epoch:14/25 iteration:45/49 batch loss is :0.8517
2025-03-28 20:53:10 - INFO - Epoch:14/25 Loss is :0.6825
2025-03-28 20:54:18 - INFO - epoch:15/25 iteration:0/49 batch loss is :0.8505
2025-03-28 20:54:24 - INFO - epoch:15/25 iteration:5/49 batch loss is :0.8642
2025-03-28 20:54:43 - INFO - epoch:15/25 iteration:10/49 batch loss is :0.4864
2025-03-28 20:54:48 - INFO - epoch:15/25 iteration:15/49 batch loss is :0.6688
2025-03-28 20:55:20 - INFO - epoch:15/25 iteration:20/49 batch loss is :0.6061
2025-03-28 20:55:52 - INFO - epoch:15/25 iteration:25/49 batch loss is :0.5937
2025-03-28 20:55:57 - INFO - epoch:15/25 iteration:30/49 batch loss is :0.6303
2025-03-28 20:56:30 - INFO - epoch:15/25 iteration:35/49 batch loss is :0.6086
2025-03-28 20:57:01 - INFO - epoch:15/25 iteration:40/49 batch loss is :0.4584
2025-03-28 20:57:06 - INFO - epoch:15/25 iteration:45/49 batch loss is :0.3613
2025-03-28 20:57:10 - INFO - Epoch:15/25 Loss is :0.7160
2025-03-28 20:59:15 - INFO - val accuarcy is : 0.2749
2025-03-28 20:59:15 - INFO - VAL loss :4.0193
2025-03-28 21:00:32 - INFO - epoch:16/25 iteration:0/49 batch loss is :0.4450
2025-03-28 21:00:37 - INFO - epoch:16/25 iteration:5/49 batch loss is :0.7733
2025-03-28 21:01:01 - INFO - epoch:16/25 iteration:10/49 batch loss is :0.4163
2025-03-28 21:01:07 - INFO - epoch:16/25 iteration:15/49 batch loss is :0.8135
2025-03-28 21:01:30 - INFO - epoch:16/25 iteration:20/49 batch loss is :0.5846
2025-03-28 21:01:56 - INFO - epoch:16/25 iteration:25/49 batch loss is :0.8922
2025-03-28 21:02:02 - INFO - epoch:16/25 iteration:30/49 batch loss is :0.6402
2025-03-28 21:02:24 - INFO - epoch:16/25 iteration:35/49 batch loss is :0.5692
2025-03-28 21:02:48 - INFO - epoch:16/25 iteration:40/49 batch loss is :0.6851
2025-03-28 21:02:53 - INFO - epoch:16/25 iteration:45/49 batch loss is :0.6226
2025-03-28 21:02:57 - INFO - Epoch:16/25 Loss is :0.6512
2025-03-28 21:04:06 - INFO - epoch:17/25 iteration:0/49 batch loss is :0.5745
2025-03-28 21:04:12 - INFO - epoch:17/25 iteration:5/49 batch loss is :0.7682
2025-03-28 21:04:31 - INFO - epoch:17/25 iteration:10/49 batch loss is :0.6424
2025-03-28 21:04:36 - INFO - epoch:17/25 iteration:15/49 batch loss is :1.2931
2025-03-28 21:04:56 - INFO - epoch:17/25 iteration:20/49 batch loss is :0.3031
2025-03-28 21:05:15 - INFO - epoch:17/25 iteration:25/49 batch loss is :0.7335
2025-03-28 21:05:20 - INFO - epoch:17/25 iteration:30/49 batch loss is :0.5323
2025-03-28 21:05:42 - INFO - epoch:17/25 iteration:35/49 batch loss is :0.9802
2025-03-28 21:06:01 - INFO - epoch:17/25 iteration:40/49 batch loss is :0.6688
2025-03-28 21:06:06 - INFO - epoch:17/25 iteration:45/49 batch loss is :0.5303
2025-03-28 21:06:09 - INFO - Epoch:17/25 Loss is :0.6586
2025-03-28 21:07:19 - INFO - epoch:18/25 iteration:0/49 batch loss is :0.9559
2025-03-28 21:07:25 - INFO - epoch:18/25 iteration:5/49 batch loss is :0.5011
2025-03-28 21:07:44 - INFO - epoch:18/25 iteration:10/49 batch loss is :0.8072
2025-03-28 21:07:50 - INFO - epoch:18/25 iteration:15/49 batch loss is :0.8231
2025-03-28 21:08:09 - INFO - epoch:18/25 iteration:20/49 batch loss is :0.4928
2025-03-28 21:08:28 - INFO - epoch:18/25 iteration:25/49 batch loss is :0.4563
2025-03-28 21:08:34 - INFO - epoch:18/25 iteration:30/49 batch loss is :0.6434
2025-03-28 21:08:53 - INFO - epoch:18/25 iteration:35/49 batch loss is :0.5838
2025-03-28 21:09:11 - INFO - epoch:18/25 iteration:40/49 batch loss is :1.1423
2025-03-28 21:09:16 - INFO - epoch:18/25 iteration:45/49 batch loss is :0.6519
2025-03-28 21:09:19 - INFO - Epoch:18/25 Loss is :0.6850
2025-03-28 21:10:52 - INFO - epoch:19/25 iteration:0/49 batch loss is :0.4552
2025-03-28 21:10:57 - INFO - epoch:19/25 iteration:5/49 batch loss is :0.3920
2025-03-28 21:11:29 - INFO - epoch:19/25 iteration:10/49 batch loss is :0.6069
2025-03-28 21:11:35 - INFO - epoch:19/25 iteration:15/49 batch loss is :0.9708
2025-03-28 21:12:09 - INFO - epoch:19/25 iteration:20/49 batch loss is :0.6260
2025-03-28 21:12:43 - INFO - epoch:19/25 iteration:25/49 batch loss is :0.5137
2025-03-28 21:12:48 - INFO - epoch:19/25 iteration:30/49 batch loss is :0.6597
2025-03-28 21:13:21 - INFO - epoch:19/25 iteration:35/49 batch loss is :0.5930
2025-03-28 21:13:55 - INFO - epoch:19/25 iteration:40/49 batch loss is :0.4875
2025-03-28 21:14:00 - INFO - epoch:19/25 iteration:45/49 batch loss is :0.6611
2025-03-28 21:14:03 - INFO - Epoch:19/25 Loss is :0.6752
2025-03-28 21:15:15 - INFO - epoch:20/25 iteration:0/49 batch loss is :0.5884
2025-03-28 21:15:21 - INFO - epoch:20/25 iteration:5/49 batch loss is :0.3945
2025-03-28 21:15:40 - INFO - epoch:20/25 iteration:10/49 batch loss is :0.9425
2025-03-28 21:15:45 - INFO - epoch:20/25 iteration:15/49 batch loss is :0.7352
2025-03-28 21:16:06 - INFO - epoch:20/25 iteration:20/49 batch loss is :0.2154
2025-03-28 21:16:25 - INFO - epoch:20/25 iteration:25/49 batch loss is :0.8458
2025-03-28 21:16:31 - INFO - epoch:20/25 iteration:30/49 batch loss is :0.4845
2025-03-28 21:16:52 - INFO - epoch:20/25 iteration:35/49 batch loss is :0.3353
2025-03-28 21:17:14 - INFO - epoch:20/25 iteration:40/49 batch loss is :0.8965
2025-03-28 21:17:19 - INFO - epoch:20/25 iteration:45/49 batch loss is :0.7040
2025-03-28 21:17:22 - INFO - Epoch:20/25 Loss is :0.6566
2025-03-28 21:19:18 - INFO - val accuarcy is : 0.2282
2025-03-28 21:19:18 - INFO - VAL loss :4.5008
2025-03-28 21:20:27 - INFO - epoch:21/25 iteration:0/49 batch loss is :0.7268
2025-03-28 21:20:33 - INFO - epoch:21/25 iteration:5/49 batch loss is :0.5474
2025-03-28 21:20:53 - INFO - epoch:21/25 iteration:10/49 batch loss is :0.3979
2025-03-28 21:20:58 - INFO - epoch:21/25 iteration:15/49 batch loss is :0.6784
2025-03-28 21:21:17 - INFO - epoch:21/25 iteration:20/49 batch loss is :0.7808
2025-03-28 21:21:36 - INFO - epoch:21/25 iteration:25/49 batch loss is :0.7695
2025-03-28 21:21:43 - INFO - epoch:21/25 iteration:30/49 batch loss is :1.0535
2025-03-28 21:22:03 - INFO - epoch:21/25 iteration:35/49 batch loss is :0.4527
2025-03-28 21:22:21 - INFO - epoch:21/25 iteration:40/49 batch loss is :0.6142
2025-03-28 21:22:26 - INFO - epoch:21/25 iteration:45/49 batch loss is :0.6156
2025-03-28 21:22:29 - INFO - Epoch:21/25 Loss is :0.6696
2025-03-28 21:23:39 - INFO - epoch:22/25 iteration:0/49 batch loss is :0.6336
2025-03-28 21:23:44 - INFO - epoch:22/25 iteration:5/49 batch loss is :0.4274
2025-03-28 21:24:05 - INFO - epoch:22/25 iteration:10/49 batch loss is :0.6977
2025-03-28 21:24:10 - INFO - epoch:22/25 iteration:15/49 batch loss is :0.7528
2025-03-28 21:24:28 - INFO - epoch:22/25 iteration:20/49 batch loss is :0.8437
2025-03-28 21:24:46 - INFO - epoch:22/25 iteration:25/49 batch loss is :0.6752
2025-03-28 21:24:52 - INFO - epoch:22/25 iteration:30/49 batch loss is :0.2638
2025-03-28 21:25:20 - INFO - epoch:22/25 iteration:35/49 batch loss is :0.5226
2025-03-28 21:25:52 - INFO - epoch:22/25 iteration:40/49 batch loss is :1.0048
2025-03-28 21:25:57 - INFO - epoch:22/25 iteration:45/49 batch loss is :0.6491
2025-03-28 21:26:00 - INFO - Epoch:22/25 Loss is :0.6355
2025-03-28 21:27:30 - INFO - epoch:23/25 iteration:0/49 batch loss is :0.4895
2025-03-28 21:27:38 - INFO - epoch:23/25 iteration:5/49 batch loss is :0.3654
2025-03-28 21:28:08 - INFO - epoch:23/25 iteration:10/49 batch loss is :0.8164
2025-03-28 21:28:14 - INFO - epoch:23/25 iteration:15/49 batch loss is :0.9945
2025-03-28 21:28:47 - INFO - epoch:23/25 iteration:20/49 batch loss is :0.5474
2025-03-28 21:29:08 - INFO - epoch:23/25 iteration:25/49 batch loss is :0.3591
2025-03-28 21:29:24 - INFO - epoch:23/25 iteration:30/49 batch loss is :0.5240
2025-03-28 21:29:51 - INFO - epoch:23/25 iteration:35/49 batch loss is :0.7419
2025-03-28 21:30:10 - INFO - epoch:23/25 iteration:40/49 batch loss is :0.6299
2025-03-28 21:30:23 - INFO - epoch:23/25 iteration:45/49 batch loss is :1.0890
2025-03-28 21:30:26 - INFO - Epoch:23/25 Loss is :0.7020
2025-03-28 21:31:37 - INFO - epoch:24/25 iteration:0/49 batch loss is :0.7281
2025-03-28 21:31:43 - INFO - epoch:24/25 iteration:5/49 batch loss is :0.3858
2025-03-28 21:32:05 - INFO - epoch:24/25 iteration:10/49 batch loss is :0.4618
2025-03-28 21:32:11 - INFO - epoch:24/25 iteration:15/49 batch loss is :0.5803
2025-03-28 21:32:31 - INFO - epoch:24/25 iteration:20/49 batch loss is :0.4701
2025-03-28 21:32:51 - INFO - epoch:24/25 iteration:25/49 batch loss is :0.9165
2025-03-28 21:32:57 - INFO - epoch:24/25 iteration:30/49 batch loss is :0.5031
2025-03-28 21:33:17 - INFO - epoch:24/25 iteration:35/49 batch loss is :0.5306
2025-03-28 21:33:36 - INFO - epoch:24/25 iteration:40/49 batch loss is :0.4658
2025-03-28 21:33:41 - INFO - epoch:24/25 iteration:45/49 batch loss is :0.5270
2025-03-28 21:33:45 - INFO - Epoch:24/25 Loss is :0.6682
2025-03-28 21:35:41 - INFO - val accuarcy is : 0.2230
2025-03-28 21:35:41 - INFO - VAL loss :3.8905
2025-03-28 21:35:42 - INFO - fold number:3
2025-03-28 21:36:52 - INFO - epoch:0/25 iteration:0/49 batch loss is :0.6392
2025-03-28 21:36:58 - INFO - epoch:0/25 iteration:5/49 batch loss is :0.4736
2025-03-28 21:37:18 - INFO - epoch:0/25 iteration:10/49 batch loss is :0.6490
2025-03-28 21:37:23 - INFO - epoch:0/25 iteration:15/49 batch loss is :0.3338
2025-03-28 21:37:43 - INFO - epoch:0/25 iteration:20/49 batch loss is :0.4703
2025-03-28 21:38:02 - INFO - epoch:0/25 iteration:25/49 batch loss is :0.7373
2025-03-28 21:38:07 - INFO - epoch:0/25 iteration:30/49 batch loss is :0.6794
2025-03-28 21:38:26 - INFO - epoch:0/25 iteration:35/49 batch loss is :1.0192
2025-03-28 21:38:46 - INFO - epoch:0/25 iteration:40/49 batch loss is :0.3899
2025-03-28 21:38:51 - INFO - epoch:0/25 iteration:45/49 batch loss is :0.8580
2025-03-28 21:38:55 - INFO - Epoch:0/25 Loss is :0.6604
2025-03-28 21:40:26 - INFO - val accuarcy is : 0.2075
2025-03-28 21:40:26 - INFO - VAL loss :4.6147
2025-03-28 21:41:35 - INFO - epoch:1/25 iteration:0/49 batch loss is :0.3563
2025-03-28 21:41:41 - INFO - epoch:1/25 iteration:5/49 batch loss is :0.5531
2025-03-28 21:42:00 - INFO - epoch:1/25 iteration:10/49 batch loss is :0.5974
2025-03-28 21:42:06 - INFO - epoch:1/25 iteration:15/49 batch loss is :0.4814
2025-03-28 21:42:25 - INFO - epoch:1/25 iteration:20/49 batch loss is :0.7731
2025-03-28 21:42:45 - INFO - epoch:1/25 iteration:25/49 batch loss is :0.3497
2025-03-28 21:42:50 - INFO - epoch:1/25 iteration:30/49 batch loss is :0.8286
2025-03-28 21:43:09 - INFO - epoch:1/25 iteration:35/49 batch loss is :0.8204
2025-03-28 21:43:27 - INFO - epoch:1/25 iteration:40/49 batch loss is :0.7676
2025-03-28 21:43:32 - INFO - epoch:1/25 iteration:45/49 batch loss is :0.8853
2025-03-28 21:43:36 - INFO - Epoch:1/25 Loss is :0.6674
2025-03-28 21:44:46 - INFO - epoch:2/25 iteration:0/49 batch loss is :0.7455
2025-03-28 21:44:52 - INFO - epoch:2/25 iteration:5/49 batch loss is :1.0548
2025-03-28 21:45:11 - INFO - epoch:2/25 iteration:10/49 batch loss is :0.6670
2025-03-28 21:45:17 - INFO - epoch:2/25 iteration:15/49 batch loss is :0.6169
2025-03-28 21:45:35 - INFO - epoch:2/25 iteration:20/49 batch loss is :0.9174
2025-03-28 21:45:53 - INFO - epoch:2/25 iteration:25/49 batch loss is :0.8483
2025-03-28 21:45:59 - INFO - epoch:2/25 iteration:30/49 batch loss is :0.7928
2025-03-28 21:46:18 - INFO - epoch:2/25 iteration:35/49 batch loss is :0.6777
2025-03-28 21:46:34 - INFO - epoch:2/25 iteration:40/49 batch loss is :0.6778
2025-03-28 21:46:39 - INFO - epoch:2/25 iteration:45/49 batch loss is :0.6322
2025-03-28 21:46:42 - INFO - Epoch:2/25 Loss is :0.6561
2025-03-28 21:47:53 - INFO - epoch:3/25 iteration:0/49 batch loss is :0.5643
2025-03-28 21:47:59 - INFO - epoch:3/25 iteration:5/49 batch loss is :0.6276
2025-03-28 21:48:17 - INFO - epoch:3/25 iteration:10/49 batch loss is :0.5770
2025-03-28 21:48:23 - INFO - epoch:3/25 iteration:15/49 batch loss is :0.5207
2025-03-28 21:48:41 - INFO - epoch:3/25 iteration:20/49 batch loss is :0.4326
2025-03-28 21:48:59 - INFO - epoch:3/25 iteration:25/49 batch loss is :0.2424
2025-03-28 21:49:05 - INFO - epoch:3/25 iteration:30/49 batch loss is :0.5144
2025-03-28 21:49:24 - INFO - epoch:3/25 iteration:35/49 batch loss is :0.2938
2025-03-28 21:49:41 - INFO - epoch:3/25 iteration:40/49 batch loss is :0.5719
2025-03-28 21:49:46 - INFO - epoch:3/25 iteration:45/49 batch loss is :0.9736
2025-03-28 21:49:49 - INFO - Epoch:3/25 Loss is :0.6475
2025-03-28 21:50:57 - INFO - epoch:4/25 iteration:0/49 batch loss is :0.8961
2025-03-28 21:51:03 - INFO - epoch:4/25 iteration:5/49 batch loss is :0.3203
2025-03-28 21:51:21 - INFO - epoch:4/25 iteration:10/49 batch loss is :0.9757
2025-03-28 21:51:26 - INFO - epoch:4/25 iteration:15/49 batch loss is :0.7141
2025-03-28 21:51:43 - INFO - epoch:4/25 iteration:20/49 batch loss is :1.0411
2025-03-28 21:52:02 - INFO - epoch:4/25 iteration:25/49 batch loss is :0.6231
2025-03-28 21:52:08 - INFO - epoch:4/25 iteration:30/49 batch loss is :0.4563
2025-03-28 21:52:26 - INFO - epoch:4/25 iteration:35/49 batch loss is :0.3875
2025-03-28 21:52:45 - INFO - epoch:4/25 iteration:40/49 batch loss is :0.5406
2025-03-28 21:52:50 - INFO - epoch:4/25 iteration:45/49 batch loss is :0.5196
2025-03-28 21:52:53 - INFO - Epoch:4/25 Loss is :0.6648
2025-03-28 21:54:04 - INFO - epoch:5/25 iteration:0/49 batch loss is :0.6407
2025-03-28 21:54:10 - INFO - epoch:5/25 iteration:5/49 batch loss is :0.4869
2025-03-28 21:54:26 - INFO - epoch:5/25 iteration:10/49 batch loss is :0.5725
2025-03-28 21:54:33 - INFO - epoch:5/25 iteration:15/49 batch loss is :0.7167
2025-03-28 21:54:52 - INFO - epoch:5/25 iteration:20/49 batch loss is :0.3748
2025-03-28 21:55:14 - INFO - epoch:5/25 iteration:25/49 batch loss is :0.5596
2025-03-28 21:55:20 - INFO - epoch:5/25 iteration:30/49 batch loss is :0.7304
2025-03-28 21:55:51 - INFO - epoch:5/25 iteration:35/49 batch loss is :0.5223
2025-03-28 21:56:24 - INFO - epoch:5/25 iteration:40/49 batch loss is :0.4387
2025-03-28 21:56:28 - INFO - epoch:5/25 iteration:45/49 batch loss is :1.0035
2025-03-28 21:56:32 - INFO - Epoch:5/25 Loss is :0.6686
2025-03-28 21:58:37 - INFO - val accuarcy is : 0.2075
2025-03-28 21:58:37 - INFO - VAL loss :3.9629
2025-03-28 21:59:54 - INFO - epoch:6/25 iteration:0/49 batch loss is :0.9711
2025-03-28 22:00:02 - INFO - epoch:6/25 iteration:5/49 batch loss is :0.5978
2025-03-28 22:00:32 - INFO - epoch:6/25 iteration:10/49 batch loss is :0.4035
2025-03-28 22:00:37 - INFO - epoch:6/25 iteration:15/49 batch loss is :0.4997
2025-03-28 22:01:08 - INFO - epoch:6/25 iteration:20/49 batch loss is :0.7416
2025-03-28 22:01:36 - INFO - epoch:6/25 iteration:25/49 batch loss is :0.4741
2025-03-28 22:01:41 - INFO - epoch:6/25 iteration:30/49 batch loss is :0.7945
2025-03-28 22:02:10 - INFO - epoch:6/25 iteration:35/49 batch loss is :0.6195
2025-03-28 22:02:32 - INFO - epoch:6/25 iteration:40/49 batch loss is :0.6011
2025-03-28 22:02:42 - INFO - epoch:6/25 iteration:45/49 batch loss is :0.6812
2025-03-28 22:02:46 - INFO - Epoch:6/25 Loss is :0.6657
2025-03-28 22:03:56 - INFO - epoch:7/25 iteration:0/49 batch loss is :0.6343
2025-03-28 22:04:02 - INFO - epoch:7/25 iteration:5/49 batch loss is :0.7535
2025-03-28 22:04:22 - INFO - epoch:7/25 iteration:10/49 batch loss is :0.5747
2025-03-28 22:04:27 - INFO - epoch:7/25 iteration:15/49 batch loss is :0.3523
2025-03-28 22:04:48 - INFO - epoch:7/25 iteration:20/49 batch loss is :0.2251
2025-03-28 22:05:08 - INFO - epoch:7/25 iteration:25/49 batch loss is :0.8906
2025-03-28 22:05:14 - INFO - epoch:7/25 iteration:30/49 batch loss is :0.3585
2025-03-28 22:05:33 - INFO - epoch:7/25 iteration:35/49 batch loss is :0.4643
2025-03-28 22:05:52 - INFO - epoch:7/25 iteration:40/49 batch loss is :0.7732
2025-03-28 22:05:57 - INFO - epoch:7/25 iteration:45/49 batch loss is :0.8303
2025-03-28 22:06:00 - INFO - Epoch:7/25 Loss is :0.6535
2025-03-28 22:07:08 - INFO - epoch:8/25 iteration:0/49 batch loss is :0.7310
2025-03-28 22:07:14 - INFO - epoch:8/25 iteration:5/49 batch loss is :0.4871
2025-03-28 22:07:33 - INFO - epoch:8/25 iteration:10/49 batch loss is :0.6334
2025-03-28 22:07:39 - INFO - epoch:8/25 iteration:15/49 batch loss is :0.3192
2025-03-28 22:07:58 - INFO - epoch:8/25 iteration:20/49 batch loss is :0.6183
2025-03-28 22:08:15 - INFO - epoch:8/25 iteration:25/49 batch loss is :0.3163
2025-03-28 22:08:20 - INFO - epoch:8/25 iteration:30/49 batch loss is :0.6791
2025-03-28 22:08:39 - INFO - epoch:8/25 iteration:35/49 batch loss is :0.5398
2025-03-28 22:08:59 - INFO - epoch:8/25 iteration:40/49 batch loss is :0.7972
2025-03-28 22:09:04 - INFO - epoch:8/25 iteration:45/49 batch loss is :0.6529
2025-03-28 22:09:07 - INFO - Epoch:8/25 Loss is :0.6602
2025-03-28 22:10:21 - INFO - epoch:9/25 iteration:0/49 batch loss is :0.6098
2025-03-28 22:10:27 - INFO - epoch:9/25 iteration:5/49 batch loss is :0.7984
2025-03-28 22:10:59 - INFO - epoch:9/25 iteration:10/49 batch loss is :0.7968
2025-03-28 22:11:05 - INFO - epoch:9/25 iteration:15/49 batch loss is :0.2837
2025-03-28 22:11:38 - INFO - epoch:9/25 iteration:20/49 batch loss is :0.9710
2025-03-28 22:12:09 - INFO - epoch:9/25 iteration:25/49 batch loss is :0.9415
2025-03-28 22:12:15 - INFO - epoch:9/25 iteration:30/49 batch loss is :0.7969
2025-03-28 22:12:47 - INFO - epoch:9/25 iteration:35/49 batch loss is :1.1071
2025-03-28 22:13:18 - INFO - epoch:9/25 iteration:40/49 batch loss is :0.3619
2025-03-28 22:13:24 - INFO - epoch:9/25 iteration:45/49 batch loss is :0.7779
2025-03-28 22:13:27 - INFO - Epoch:9/25 Loss is :0.6801
2025-03-28 22:14:45 - INFO - epoch:10/25 iteration:0/49 batch loss is :0.7344
2025-03-28 22:14:53 - INFO - epoch:10/25 iteration:5/49 batch loss is :0.8623
2025-03-28 22:15:14 - INFO - epoch:10/25 iteration:10/49 batch loss is :0.6793
2025-03-28 22:15:19 - INFO - epoch:10/25 iteration:15/49 batch loss is :0.5878
2025-03-28 22:15:42 - INFO - epoch:10/25 iteration:20/49 batch loss is :0.5347
2025-03-28 22:16:03 - INFO - epoch:10/25 iteration:25/49 batch loss is :0.8086
2025-03-28 22:16:10 - INFO - epoch:10/25 iteration:30/49 batch loss is :0.8963
2025-03-28 22:16:31 - INFO - epoch:10/25 iteration:35/49 batch loss is :0.4959
2025-03-28 22:16:49 - INFO - epoch:10/25 iteration:40/49 batch loss is :0.7046
2025-03-28 22:16:57 - INFO - epoch:10/25 iteration:45/49 batch loss is :0.6945
2025-03-28 22:17:01 - INFO - Epoch:10/25 Loss is :0.6421
2025-03-28 22:18:56 - INFO - val accuarcy is : 0.2127
2025-03-28 22:18:56 - INFO - VAL loss :4.2097
2025-03-28 22:20:06 - INFO - epoch:11/25 iteration:0/49 batch loss is :0.5282
2025-03-28 22:20:11 - INFO - epoch:11/25 iteration:5/49 batch loss is :0.8987
2025-03-28 22:20:31 - INFO - epoch:11/25 iteration:10/49 batch loss is :0.5987
2025-03-28 22:20:36 - INFO - epoch:11/25 iteration:15/49 batch loss is :0.4309
2025-03-28 22:20:55 - INFO - epoch:11/25 iteration:20/49 batch loss is :0.3411
2025-03-28 22:21:14 - INFO - epoch:11/25 iteration:25/49 batch loss is :0.6189
2025-03-28 22:21:20 - INFO - epoch:11/25 iteration:30/49 batch loss is :0.7237
2025-03-28 22:21:39 - INFO - epoch:11/25 iteration:35/49 batch loss is :0.8560
2025-03-28 22:21:59 - INFO - epoch:11/25 iteration:40/49 batch loss is :0.3591
2025-03-28 22:22:04 - INFO - epoch:11/25 iteration:45/49 batch loss is :0.5795
2025-03-28 22:22:08 - INFO - Epoch:11/25 Loss is :0.6568
2025-03-28 22:23:18 - INFO - epoch:12/25 iteration:0/49 batch loss is :0.8345
2025-03-28 22:23:23 - INFO - epoch:12/25 iteration:5/49 batch loss is :0.7670
2025-03-28 22:23:43 - INFO - epoch:12/25 iteration:10/49 batch loss is :0.7217
2025-03-28 22:23:48 - INFO - epoch:12/25 iteration:15/49 batch loss is :0.9681
2025-03-28 22:24:07 - INFO - epoch:12/25 iteration:20/49 batch loss is :0.6210
2025-03-28 22:24:27 - INFO - epoch:12/25 iteration:25/49 batch loss is :0.6315
2025-03-28 22:24:32 - INFO - epoch:12/25 iteration:30/49 batch loss is :0.4662
2025-03-28 22:24:52 - INFO - epoch:12/25 iteration:35/49 batch loss is :0.3762
2025-03-28 22:25:10 - INFO - epoch:12/25 iteration:40/49 batch loss is :0.7753
2025-03-28 22:25:15 - INFO - epoch:12/25 iteration:45/49 batch loss is :0.7637
2025-03-28 22:25:18 - INFO - Epoch:12/25 Loss is :0.6304
2025-03-28 22:26:51 - INFO - epoch:13/25 iteration:0/49 batch loss is :1.1744
2025-03-28 22:26:56 - INFO - epoch:13/25 iteration:5/49 batch loss is :0.7488
2025-03-28 22:27:29 - INFO - epoch:13/25 iteration:10/49 batch loss is :0.8311
2025-03-28 22:27:34 - INFO - epoch:13/25 iteration:15/49 batch loss is :0.8493
2025-03-28 22:28:06 - INFO - epoch:13/25 iteration:20/49 batch loss is :0.5554
2025-03-28 22:28:39 - INFO - epoch:13/25 iteration:25/49 batch loss is :0.8225
2025-03-28 22:28:45 - INFO - epoch:13/25 iteration:30/49 batch loss is :0.7757
2025-03-28 22:29:17 - INFO - epoch:13/25 iteration:35/49 batch loss is :0.4780
2025-03-28 22:29:50 - INFO - epoch:13/25 iteration:40/49 batch loss is :0.5910
2025-03-28 22:29:55 - INFO - epoch:13/25 iteration:45/49 batch loss is :0.7341
2025-03-28 22:29:58 - INFO - Epoch:13/25 Loss is :0.7013
2025-03-28 22:31:10 - INFO - epoch:14/25 iteration:0/49 batch loss is :0.6814
2025-03-28 22:31:15 - INFO - epoch:14/25 iteration:5/49 batch loss is :0.9232
2025-03-28 22:31:35 - INFO - epoch:14/25 iteration:10/49 batch loss is :0.3640
2025-03-28 22:31:41 - INFO - epoch:14/25 iteration:15/49 batch loss is :0.4420
2025-03-28 22:32:01 - INFO - epoch:14/25 iteration:20/49 batch loss is :0.8546
2025-03-28 22:32:21 - INFO - epoch:14/25 iteration:25/49 batch loss is :0.7824
2025-03-28 22:32:27 - INFO - epoch:14/25 iteration:30/49 batch loss is :0.3922
2025-03-28 22:32:47 - INFO - epoch:14/25 iteration:35/49 batch loss is :0.5568
2025-03-28 22:33:06 - INFO - epoch:14/25 iteration:40/49 batch loss is :0.3267
2025-03-28 22:33:11 - INFO - epoch:14/25 iteration:45/49 batch loss is :0.9982
2025-03-28 22:33:14 - INFO - Epoch:14/25 Loss is :0.6698
2025-03-28 22:34:24 - INFO - epoch:15/25 iteration:0/49 batch loss is :0.6315
2025-03-28 22:34:30 - INFO - epoch:15/25 iteration:5/49 batch loss is :0.4493
2025-03-28 22:34:50 - INFO - epoch:15/25 iteration:10/49 batch loss is :0.4593
2025-03-28 22:34:55 - INFO - epoch:15/25 iteration:15/49 batch loss is :0.7441
2025-03-28 22:35:18 - INFO - epoch:15/25 iteration:20/49 batch loss is :0.5021
2025-03-28 22:35:37 - INFO - epoch:15/25 iteration:25/49 batch loss is :1.2276
2025-03-28 22:35:43 - INFO - epoch:15/25 iteration:30/49 batch loss is :0.3125
2025-03-28 22:36:01 - INFO - epoch:15/25 iteration:35/49 batch loss is :0.5190
2025-03-28 22:36:19 - INFO - epoch:15/25 iteration:40/49 batch loss is :0.4294
2025-03-28 22:36:24 - INFO - epoch:15/25 iteration:45/49 batch loss is :0.8461
2025-03-28 22:36:27 - INFO - Epoch:15/25 Loss is :0.6652
2025-03-28 22:38:23 - INFO - val accuarcy is : 0.1971
2025-03-28 22:38:23 - INFO - VAL loss :5.1249
2025-03-28 22:39:31 - INFO - epoch:16/25 iteration:0/49 batch loss is :0.6482
2025-03-28 22:39:36 - INFO - epoch:16/25 iteration:5/49 batch loss is :0.7475
2025-03-28 22:39:56 - INFO - epoch:16/25 iteration:10/49 batch loss is :0.6201
2025-03-28 22:40:01 - INFO - epoch:16/25 iteration:15/49 batch loss is :0.4125
2025-03-28 22:40:19 - INFO - epoch:16/25 iteration:20/49 batch loss is :0.5743
2025-03-28 22:40:51 - INFO - epoch:16/25 iteration:25/49 batch loss is :0.6341
2025-03-28 22:40:57 - INFO - epoch:16/25 iteration:30/49 batch loss is :0.3748
2025-03-28 22:41:30 - INFO - epoch:16/25 iteration:35/49 batch loss is :0.4053
2025-03-28 22:42:02 - INFO - epoch:16/25 iteration:40/49 batch loss is :0.7117
2025-03-28 22:42:08 - INFO - epoch:16/25 iteration:45/49 batch loss is :0.7138
2025-03-28 22:42:12 - INFO - Epoch:16/25 Loss is :0.6522
2025-03-28 22:43:39 - INFO - epoch:17/25 iteration:0/49 batch loss is :0.6262
2025-03-28 22:43:45 - INFO - epoch:17/25 iteration:5/49 batch loss is :0.5388
2025-03-28 22:44:10 - INFO - epoch:17/25 iteration:10/49 batch loss is :0.5208
2025-03-28 22:44:15 - INFO - epoch:17/25 iteration:15/49 batch loss is :0.5541
2025-03-28 22:44:44 - INFO - epoch:17/25 iteration:20/49 batch loss is :0.6311
2025-03-28 22:45:10 - INFO - epoch:17/25 iteration:25/49 batch loss is :0.7600
2025-03-28 22:45:16 - INFO - epoch:17/25 iteration:30/49 batch loss is :0.3062
2025-03-28 22:45:44 - INFO - epoch:17/25 iteration:35/49 batch loss is :0.5662
2025-03-28 22:46:05 - INFO - epoch:17/25 iteration:40/49 batch loss is :0.8156
2025-03-28 22:46:11 - INFO - epoch:17/25 iteration:45/49 batch loss is :0.7830
2025-03-28 22:46:15 - INFO - Epoch:17/25 Loss is :0.6249
2025-03-28 22:47:27 - INFO - epoch:18/25 iteration:0/49 batch loss is :0.2848
2025-03-28 22:47:32 - INFO - epoch:18/25 iteration:5/49 batch loss is :0.5964
2025-03-28 22:47:52 - INFO - epoch:18/25 iteration:10/49 batch loss is :0.8412
2025-03-28 22:47:57 - INFO - epoch:18/25 iteration:15/49 batch loss is :1.1200
2025-03-28 22:48:16 - INFO - epoch:18/25 iteration:20/49 batch loss is :0.8274
2025-03-28 22:48:37 - INFO - epoch:18/25 iteration:25/49 batch loss is :0.6701
2025-03-28 22:48:42 - INFO - epoch:18/25 iteration:30/49 batch loss is :0.6187
2025-03-28 22:49:00 - INFO - epoch:18/25 iteration:35/49 batch loss is :0.4839
2025-03-28 22:49:18 - INFO - epoch:18/25 iteration:40/49 batch loss is :0.5347
2025-03-28 22:49:24 - INFO - epoch:18/25 iteration:45/49 batch loss is :0.8093
2025-03-28 22:49:27 - INFO - Epoch:18/25 Loss is :0.6936
2025-03-28 22:50:37 - INFO - epoch:19/25 iteration:0/49 batch loss is :0.4735
2025-03-28 22:50:42 - INFO - epoch:19/25 iteration:5/49 batch loss is :0.4601
2025-03-28 22:51:01 - INFO - epoch:19/25 iteration:10/49 batch loss is :0.7815
2025-03-28 22:51:07 - INFO - epoch:19/25 iteration:15/49 batch loss is :0.6066
2025-03-28 22:51:28 - INFO - epoch:19/25 iteration:20/49 batch loss is :0.6764
2025-03-28 22:51:45 - INFO - epoch:19/25 iteration:25/49 batch loss is :0.2998
2025-03-28 22:51:51 - INFO - epoch:19/25 iteration:30/49 batch loss is :1.1575
2025-03-28 22:52:11 - INFO - epoch:19/25 iteration:35/49 batch loss is :0.8419
2025-03-28 22:52:29 - INFO - epoch:19/25 iteration:40/49 batch loss is :0.6101
2025-03-28 22:52:34 - INFO - epoch:19/25 iteration:45/49 batch loss is :1.2647
2025-03-28 22:52:38 - INFO - Epoch:19/25 Loss is :0.6551
2025-03-28 22:53:46 - INFO - epoch:20/25 iteration:0/49 batch loss is :0.8257
2025-03-28 22:53:52 - INFO - epoch:20/25 iteration:5/49 batch loss is :0.4140
2025-03-28 22:54:09 - INFO - epoch:20/25 iteration:10/49 batch loss is :0.5089
2025-03-28 22:54:14 - INFO - epoch:20/25 iteration:15/49 batch loss is :0.6091
2025-03-28 22:54:34 - INFO - epoch:20/25 iteration:20/49 batch loss is :0.6232
2025-03-28 22:54:53 - INFO - epoch:20/25 iteration:25/49 batch loss is :0.6535
2025-03-28 22:54:59 - INFO - epoch:20/25 iteration:30/49 batch loss is :1.1763
2025-03-28 22:55:18 - INFO - epoch:20/25 iteration:35/49 batch loss is :1.1366
2025-03-28 22:55:44 - INFO - epoch:20/25 iteration:40/49 batch loss is :0.3065
2025-03-28 22:55:49 - INFO - epoch:20/25 iteration:45/49 batch loss is :0.6239
2025-03-28 22:55:53 - INFO - Epoch:20/25 Loss is :0.7103
2025-03-28 22:57:58 - INFO - val accuarcy is : 0.2023
2025-03-28 22:57:58 - INFO - VAL loss :4.4912
2025-03-28 22:59:20 - INFO - epoch:21/25 iteration:0/49 batch loss is :0.6409
2025-03-28 22:59:25 - INFO - epoch:21/25 iteration:5/49 batch loss is :0.6599
2025-03-28 22:59:58 - INFO - epoch:21/25 iteration:10/49 batch loss is :0.6561
2025-03-28 23:00:03 - INFO - epoch:21/25 iteration:15/49 batch loss is :0.5886
2025-03-28 23:00:36 - INFO - epoch:21/25 iteration:20/49 batch loss is :0.8916
2025-03-28 23:01:06 - INFO - epoch:21/25 iteration:25/49 batch loss is :0.4785
2025-03-28 23:01:11 - INFO - epoch:21/25 iteration:30/49 batch loss is :0.4459
2025-03-28 23:01:43 - INFO - epoch:21/25 iteration:35/49 batch loss is :0.8817
2025-03-28 23:02:14 - INFO - epoch:21/25 iteration:40/49 batch loss is :0.8265
2025-03-28 23:02:19 - INFO - epoch:21/25 iteration:45/49 batch loss is :0.7052
2025-03-28 23:02:22 - INFO - Epoch:21/25 Loss is :0.6783
2025-03-28 23:03:33 - INFO - epoch:22/25 iteration:0/49 batch loss is :0.6869
2025-03-28 23:03:38 - INFO - epoch:22/25 iteration:5/49 batch loss is :0.6584
2025-03-28 23:03:58 - INFO - epoch:22/25 iteration:10/49 batch loss is :0.5307
2025-03-28 23:04:03 - INFO - epoch:22/25 iteration:15/49 batch loss is :0.7524
2025-03-28 23:04:24 - INFO - epoch:22/25 iteration:20/49 batch loss is :0.4646
2025-03-28 23:04:46 - INFO - epoch:22/25 iteration:25/49 batch loss is :0.7379
2025-03-28 23:04:52 - INFO - epoch:22/25 iteration:30/49 batch loss is :0.3058
2025-03-28 23:05:11 - INFO - epoch:22/25 iteration:35/49 batch loss is :0.3857
2025-03-28 23:05:30 - INFO - epoch:22/25 iteration:40/49 batch loss is :0.9433
2025-03-28 23:05:35 - INFO - epoch:22/25 iteration:45/49 batch loss is :0.5372
2025-03-28 23:05:38 - INFO - Epoch:22/25 Loss is :0.6752
2025-03-28 23:06:49 - INFO - epoch:23/25 iteration:0/49 batch loss is :0.8088
2025-03-28 23:06:55 - INFO - epoch:23/25 iteration:5/49 batch loss is :0.6075
2025-03-28 23:07:15 - INFO - epoch:23/25 iteration:10/49 batch loss is :0.7358
2025-03-28 23:07:21 - INFO - epoch:23/25 iteration:15/49 batch loss is :1.1492
2025-03-28 23:07:39 - INFO - epoch:23/25 iteration:20/49 batch loss is :0.8545
2025-03-28 23:07:59 - INFO - epoch:23/25 iteration:25/49 batch loss is :0.5258
2025-03-28 23:08:05 - INFO - epoch:23/25 iteration:30/49 batch loss is :0.9077
2025-03-28 23:08:23 - INFO - epoch:23/25 iteration:35/49 batch loss is :0.7970
2025-03-28 23:08:39 - INFO - epoch:23/25 iteration:40/49 batch loss is :0.6179
2025-03-28 23:08:46 - INFO - epoch:23/25 iteration:45/49 batch loss is :0.5283
2025-03-28 23:08:49 - INFO - Epoch:23/25 Loss is :0.6398
2025-03-28 23:09:58 - INFO - epoch:24/25 iteration:0/49 batch loss is :0.5477
2025-03-28 23:10:03 - INFO - epoch:24/25 iteration:5/49 batch loss is :0.7087
2025-03-28 23:10:23 - INFO - epoch:24/25 iteration:10/49 batch loss is :0.3759
2025-03-28 23:10:28 - INFO - epoch:24/25 iteration:15/49 batch loss is :0.5181
2025-03-28 23:10:56 - INFO - epoch:24/25 iteration:20/49 batch loss is :0.9640
2025-03-28 23:11:29 - INFO - epoch:24/25 iteration:25/49 batch loss is :0.4976
2025-03-28 23:11:34 - INFO - epoch:24/25 iteration:30/49 batch loss is :0.8520
2025-03-28 23:12:06 - INFO - epoch:24/25 iteration:35/49 batch loss is :0.7302
2025-03-28 23:12:38 - INFO - epoch:24/25 iteration:40/49 batch loss is :0.5499
2025-03-28 23:12:43 - INFO - epoch:24/25 iteration:45/49 batch loss is :0.7227
2025-03-28 23:12:46 - INFO - Epoch:24/25 Loss is :0.6787
2025-03-28 23:14:51 - INFO - val accuarcy is : 0.2127
2025-03-28 23:14:51 - INFO - VAL loss :4.2972
2025-03-28 23:14:51 - INFO - fold number:4
2025-03-28 23:16:06 - INFO - epoch:0/25 iteration:0/49 batch loss is :0.3870
2025-03-28 23:16:13 - INFO - epoch:0/25 iteration:5/49 batch loss is :0.2898
2025-03-28 23:16:35 - INFO - epoch:0/25 iteration:10/49 batch loss is :0.6882
2025-03-28 23:16:40 - INFO - epoch:0/25 iteration:15/49 batch loss is :0.7083
2025-03-28 23:17:03 - INFO - epoch:0/25 iteration:20/49 batch loss is :0.4233
2025-03-28 23:17:29 - INFO - epoch:0/25 iteration:25/49 batch loss is :0.8235
2025-03-28 23:17:34 - INFO - epoch:0/25 iteration:30/49 batch loss is :0.4811
2025-03-28 23:18:00 - INFO - epoch:0/25 iteration:35/49 batch loss is :0.5032
2025-03-28 23:18:22 - INFO - epoch:0/25 iteration:40/49 batch loss is :0.4605
2025-03-28 23:18:27 - INFO - epoch:0/25 iteration:45/49 batch loss is :0.9208
2025-03-28 23:18:31 - INFO - Epoch:0/25 Loss is :0.6618
2025-03-28 23:20:16 - INFO - val accuarcy is : 0.2697
2025-03-28 23:20:16 - INFO - VAL loss :4.0136
2025-03-28 23:21:26 - INFO - epoch:1/25 iteration:0/49 batch loss is :0.5552
2025-03-28 23:21:32 - INFO - epoch:1/25 iteration:5/49 batch loss is :0.4539
2025-03-28 23:21:51 - INFO - epoch:1/25 iteration:10/49 batch loss is :0.6821
2025-03-28 23:21:57 - INFO - epoch:1/25 iteration:15/49 batch loss is :0.7684
2025-03-28 23:22:25 - INFO - epoch:1/25 iteration:20/49 batch loss is :0.7249
2025-03-28 23:22:57 - INFO - epoch:1/25 iteration:25/49 batch loss is :0.5816
2025-03-28 23:23:02 - INFO - epoch:1/25 iteration:30/49 batch loss is :0.7045
2025-03-28 23:23:34 - INFO - epoch:1/25 iteration:35/49 batch loss is :0.5683
2025-03-28 23:24:05 - INFO - epoch:1/25 iteration:40/49 batch loss is :0.5545
2025-03-28 23:24:10 - INFO - epoch:1/25 iteration:45/49 batch loss is :0.5486
2025-03-28 23:24:14 - INFO - Epoch:1/25 Loss is :0.6179
2025-03-28 23:25:45 - INFO - epoch:2/25 iteration:0/49 batch loss is :0.5649
2025-03-28 23:25:50 - INFO - epoch:2/25 iteration:5/49 batch loss is :0.5291
2025-03-28 23:26:23 - INFO - epoch:2/25 iteration:10/49 batch loss is :0.9220
2025-03-28 23:26:28 - INFO - epoch:2/25 iteration:15/49 batch loss is :0.9441
2025-03-28 23:27:00 - INFO - epoch:2/25 iteration:20/49 batch loss is :0.4491
2025-03-28 23:27:32 - INFO - epoch:2/25 iteration:25/49 batch loss is :0.8068
2025-03-28 23:27:37 - INFO - epoch:2/25 iteration:30/49 batch loss is :0.6173
2025-03-28 23:28:09 - INFO - epoch:2/25 iteration:35/49 batch loss is :0.4622
2025-03-28 23:28:39 - INFO - epoch:2/25 iteration:40/49 batch loss is :1.1063
2025-03-28 23:28:44 - INFO - epoch:2/25 iteration:45/49 batch loss is :0.3125
2025-03-28 23:28:48 - INFO - Epoch:2/25 Loss is :0.6830
2025-03-28 23:30:10 - INFO - epoch:3/25 iteration:0/49 batch loss is :0.3639
2025-03-28 23:30:15 - INFO - epoch:3/25 iteration:5/49 batch loss is :0.7978
2025-03-28 23:30:36 - INFO - epoch:3/25 iteration:10/49 batch loss is :0.8655
2025-03-28 23:30:41 - INFO - epoch:3/25 iteration:15/49 batch loss is :0.5525
2025-03-28 23:31:02 - INFO - epoch:3/25 iteration:20/49 batch loss is :0.6331
2025-03-28 23:31:26 - INFO - epoch:3/25 iteration:25/49 batch loss is :0.6605
2025-03-28 23:31:32 - INFO - epoch:3/25 iteration:30/49 batch loss is :0.9396
2025-03-28 23:31:56 - INFO - epoch:3/25 iteration:35/49 batch loss is :0.4230
2025-03-28 23:32:12 - INFO - epoch:3/25 iteration:40/49 batch loss is :0.2303
2025-03-28 23:32:18 - INFO - epoch:3/25 iteration:45/49 batch loss is :0.3322
2025-03-28 23:32:22 - INFO - Epoch:3/25 Loss is :0.6487
2025-03-28 23:33:31 - INFO - epoch:4/25 iteration:0/49 batch loss is :0.6757
2025-03-28 23:33:37 - INFO - epoch:4/25 iteration:5/49 batch loss is :0.4389
2025-03-28 23:33:56 - INFO - epoch:4/25 iteration:10/49 batch loss is :0.3445
2025-03-28 23:34:02 - INFO - epoch:4/25 iteration:15/49 batch loss is :0.3535
2025-03-28 23:34:22 - INFO - epoch:4/25 iteration:20/49 batch loss is :0.3530
2025-03-28 23:34:42 - INFO - epoch:4/25 iteration:25/49 batch loss is :1.0254
2025-03-28 23:34:48 - INFO - epoch:4/25 iteration:30/49 batch loss is :0.3801
2025-03-28 23:35:06 - INFO - epoch:4/25 iteration:35/49 batch loss is :0.6817
2025-03-28 23:35:25 - INFO - epoch:4/25 iteration:40/49 batch loss is :0.6238
2025-03-28 23:35:30 - INFO - epoch:4/25 iteration:45/49 batch loss is :0.5842
2025-03-28 23:35:33 - INFO - Epoch:4/25 Loss is :0.6426
2025-03-28 23:36:43 - INFO - epoch:5/25 iteration:0/49 batch loss is :0.5567
2025-03-28 23:36:49 - INFO - epoch:5/25 iteration:5/49 batch loss is :0.5389
2025-03-28 23:37:06 - INFO - epoch:5/25 iteration:10/49 batch loss is :0.5198
2025-03-28 23:37:12 - INFO - epoch:5/25 iteration:15/49 batch loss is :1.0585
2025-03-28 23:37:33 - INFO - epoch:5/25 iteration:20/49 batch loss is :0.4199
2025-03-28 23:37:51 - INFO - epoch:5/25 iteration:25/49 batch loss is :0.6097
2025-03-28 23:37:56 - INFO - epoch:5/25 iteration:30/49 batch loss is :0.5879
2025-03-28 23:38:16 - INFO - epoch:5/25 iteration:35/49 batch loss is :0.8356
2025-03-28 23:38:33 - INFO - epoch:5/25 iteration:40/49 batch loss is :0.5611
2025-03-28 23:38:38 - INFO - epoch:5/25 iteration:45/49 batch loss is :0.2922
2025-03-28 23:38:42 - INFO - Epoch:5/25 Loss is :0.6684
2025-03-28 23:40:36 - INFO - val accuarcy is : 0.2490
2025-03-28 23:40:36 - INFO - VAL loss :3.7266
2025-03-28 23:42:09 - INFO - epoch:6/25 iteration:0/49 batch loss is :0.5187
2025-03-28 23:42:14 - INFO - epoch:6/25 iteration:5/49 batch loss is :0.9685
2025-03-28 23:42:47 - INFO - epoch:6/25 iteration:10/49 batch loss is :0.3215
2025-03-28 23:42:52 - INFO - epoch:6/25 iteration:15/49 batch loss is :0.4851
2025-03-28 23:43:24 - INFO - epoch:6/25 iteration:20/49 batch loss is :0.5789
2025-03-28 23:43:56 - INFO - epoch:6/25 iteration:25/49 batch loss is :0.8594
2025-03-28 23:44:01 - INFO - epoch:6/25 iteration:30/49 batch loss is :0.8080
2025-03-28 23:44:34 - INFO - epoch:6/25 iteration:35/49 batch loss is :0.3153
2025-03-28 23:45:04 - INFO - epoch:6/25 iteration:40/49 batch loss is :0.3948
2025-03-28 23:45:10 - INFO - epoch:6/25 iteration:45/49 batch loss is :0.5720
2025-03-28 23:45:13 - INFO - Epoch:6/25 Loss is :0.6441
2025-03-28 23:46:25 - INFO - epoch:7/25 iteration:0/49 batch loss is :1.0518
2025-03-28 23:46:31 - INFO - epoch:7/25 iteration:5/49 batch loss is :1.0083
2025-03-28 23:46:52 - INFO - epoch:7/25 iteration:10/49 batch loss is :0.5078
2025-03-28 23:46:57 - INFO - epoch:7/25 iteration:15/49 batch loss is :0.7383
2025-03-28 23:47:20 - INFO - epoch:7/25 iteration:20/49 batch loss is :0.6918
2025-03-28 23:47:41 - INFO - epoch:7/25 iteration:25/49 batch loss is :0.5188
2025-03-28 23:47:47 - INFO - epoch:7/25 iteration:30/49 batch loss is :0.5640
2025-03-28 23:48:07 - INFO - epoch:7/25 iteration:35/49 batch loss is :0.4261
2025-03-28 23:48:26 - INFO - epoch:7/25 iteration:40/49 batch loss is :0.6005
2025-03-28 23:48:31 - INFO - epoch:7/25 iteration:45/49 batch loss is :0.6201
2025-03-28 23:48:34 - INFO - Epoch:7/25 Loss is :0.6185
2025-03-28 23:49:44 - INFO - epoch:8/25 iteration:0/49 batch loss is :0.5278
2025-03-28 23:49:49 - INFO - epoch:8/25 iteration:5/49 batch loss is :0.5463
2025-03-28 23:50:09 - INFO - epoch:8/25 iteration:10/49 batch loss is :0.7689
2025-03-28 23:50:15 - INFO - epoch:8/25 iteration:15/49 batch loss is :0.6683
2025-03-28 23:50:35 - INFO - epoch:8/25 iteration:20/49 batch loss is :0.5142
2025-03-28 23:50:55 - INFO - epoch:8/25 iteration:25/49 batch loss is :0.5456
2025-03-28 23:51:01 - INFO - epoch:8/25 iteration:30/49 batch loss is :0.6210
2025-03-28 23:51:21 - INFO - epoch:8/25 iteration:35/49 batch loss is :0.3677
2025-03-28 23:51:39 - INFO - epoch:8/25 iteration:40/49 batch loss is :0.8104
2025-03-28 23:51:44 - INFO - epoch:8/25 iteration:45/49 batch loss is :0.4795
2025-03-28 23:51:47 - INFO - Epoch:8/25 Loss is :0.6764
2025-03-28 23:52:58 - INFO - epoch:9/25 iteration:0/49 batch loss is :0.7003
2025-03-28 23:53:04 - INFO - epoch:9/25 iteration:5/49 batch loss is :0.6777
2025-03-28 23:53:22 - INFO - epoch:9/25 iteration:10/49 batch loss is :0.8507
2025-03-28 23:53:28 - INFO - epoch:9/25 iteration:15/49 batch loss is :0.7169
2025-03-28 23:53:46 - INFO - epoch:9/25 iteration:20/49 batch loss is :0.3926
2025-03-28 23:54:05 - INFO - epoch:9/25 iteration:25/49 batch loss is :0.5999
2025-03-28 23:54:10 - INFO - epoch:9/25 iteration:30/49 batch loss is :0.7618
2025-03-28 23:54:29 - INFO - epoch:9/25 iteration:35/49 batch loss is :0.5818
2025-03-28 23:54:48 - INFO - epoch:9/25 iteration:40/49 batch loss is :0.4922
2025-03-28 23:54:52 - INFO - epoch:9/25 iteration:45/49 batch loss is :0.6105
2025-03-28 23:54:56 - INFO - Epoch:9/25 Loss is :0.6319
2025-03-28 23:56:06 - INFO - epoch:10/25 iteration:0/49 batch loss is :0.4166
2025-03-28 23:56:12 - INFO - epoch:10/25 iteration:5/49 batch loss is :0.3913
2025-03-28 23:56:31 - INFO - epoch:10/25 iteration:10/49 batch loss is :0.3714
2025-03-28 23:56:37 - INFO - epoch:10/25 iteration:15/49 batch loss is :0.9502
2025-03-28 23:56:54 - INFO - epoch:10/25 iteration:20/49 batch loss is :0.4586
2025-03-28 23:57:13 - INFO - epoch:10/25 iteration:25/49 batch loss is :0.7369
2025-03-28 23:57:18 - INFO - epoch:10/25 iteration:30/49 batch loss is :0.9010
2025-03-28 23:57:37 - INFO - epoch:10/25 iteration:35/49 batch loss is :0.7178
2025-03-28 23:57:55 - INFO - epoch:10/25 iteration:40/49 batch loss is :0.5128
2025-03-28 23:58:00 - INFO - epoch:10/25 iteration:45/49 batch loss is :0.5023
2025-03-28 23:58:03 - INFO - Epoch:10/25 Loss is :0.6678
2025-03-28 23:59:57 - INFO - val accuarcy is : 0.2490
2025-03-28 23:59:57 - INFO - VAL loss :3.5768
2025-03-29 00:01:08 - INFO - epoch:11/25 iteration:0/49 batch loss is :0.8821
2025-03-29 00:01:14 - INFO - epoch:11/25 iteration:5/49 batch loss is :0.6813
2025-03-29 00:01:32 - INFO - epoch:11/25 iteration:10/49 batch loss is :0.8767
2025-03-29 00:01:38 - INFO - epoch:11/25 iteration:15/49 batch loss is :0.3876
2025-03-29 00:01:56 - INFO - epoch:11/25 iteration:20/49 batch loss is :0.3199
2025-03-29 00:02:16 - INFO - epoch:11/25 iteration:25/49 batch loss is :0.7471
2025-03-29 00:02:22 - INFO - epoch:11/25 iteration:30/49 batch loss is :0.7234
2025-03-29 00:02:41 - INFO - epoch:11/25 iteration:35/49 batch loss is :0.5505
2025-03-29 00:02:58 - INFO - epoch:11/25 iteration:40/49 batch loss is :1.1395
2025-03-29 00:03:03 - INFO - epoch:11/25 iteration:45/49 batch loss is :0.6235
2025-03-29 00:03:06 - INFO - Epoch:11/25 Loss is :0.6486
2025-03-29 00:04:14 - INFO - epoch:12/25 iteration:0/49 batch loss is :0.6917
2025-03-29 00:04:20 - INFO - epoch:12/25 iteration:5/49 batch loss is :0.6169
2025-03-29 00:04:39 - INFO - epoch:12/25 iteration:10/49 batch loss is :0.7000
2025-03-29 00:04:45 - INFO - epoch:12/25 iteration:15/49 batch loss is :0.8673
2025-03-29 00:05:04 - INFO - epoch:12/25 iteration:20/49 batch loss is :0.7989
2025-03-29 00:05:21 - INFO - epoch:12/25 iteration:25/49 batch loss is :1.0028
2025-03-29 00:05:27 - INFO - epoch:12/25 iteration:30/49 batch loss is :0.8403
2025-03-29 00:05:45 - INFO - epoch:12/25 iteration:35/49 batch loss is :0.8958
2025-03-29 00:06:03 - INFO - epoch:12/25 iteration:40/49 batch loss is :0.4563
2025-03-29 00:06:08 - INFO - epoch:12/25 iteration:45/49 batch loss is :0.6833
2025-03-29 00:06:12 - INFO - Epoch:12/25 Loss is :0.6796
2025-03-29 00:07:21 - INFO - epoch:13/25 iteration:0/49 batch loss is :0.6444
2025-03-29 00:07:27 - INFO - epoch:13/25 iteration:5/49 batch loss is :0.9602
2025-03-29 00:07:47 - INFO - epoch:13/25 iteration:10/49 batch loss is :0.7016
2025-03-29 00:07:52 - INFO - epoch:13/25 iteration:15/49 batch loss is :0.6264
2025-03-29 00:08:10 - INFO - epoch:13/25 iteration:20/49 batch loss is :0.5170
2025-03-29 00:08:28 - INFO - epoch:13/25 iteration:25/49 batch loss is :0.8416
2025-03-29 00:08:34 - INFO - epoch:13/25 iteration:30/49 batch loss is :0.2866
2025-03-29 00:08:53 - INFO - epoch:13/25 iteration:35/49 batch loss is :0.9175
2025-03-29 00:09:10 - INFO - epoch:13/25 iteration:40/49 batch loss is :0.3448
2025-03-29 00:09:15 - INFO - epoch:13/25 iteration:45/49 batch loss is :0.4227
2025-03-29 00:09:18 - INFO - Epoch:13/25 Loss is :0.6702
2025-03-29 00:10:28 - INFO - epoch:14/25 iteration:0/49 batch loss is :0.8701
2025-03-29 00:10:34 - INFO - epoch:14/25 iteration:5/49 batch loss is :0.5270
2025-03-29 00:10:54 - INFO - epoch:14/25 iteration:10/49 batch loss is :0.4818
2025-03-29 00:10:59 - INFO - epoch:14/25 iteration:15/49 batch loss is :0.4795
2025-03-29 00:11:31 - INFO - epoch:14/25 iteration:20/49 batch loss is :0.4688
2025-03-29 00:12:04 - INFO - epoch:14/25 iteration:25/49 batch loss is :0.8008
2025-03-29 00:12:09 - INFO - epoch:14/25 iteration:30/49 batch loss is :0.3045
2025-03-29 00:12:41 - INFO - epoch:14/25 iteration:35/49 batch loss is :0.5968
2025-03-29 00:13:13 - INFO - epoch:14/25 iteration:40/49 batch loss is :0.7120
2025-03-29 00:13:18 - INFO - epoch:14/25 iteration:45/49 batch loss is :0.2675
2025-03-29 00:13:22 - INFO - Epoch:14/25 Loss is :0.6518
2025-03-29 00:14:48 - INFO - epoch:15/25 iteration:0/49 batch loss is :0.5701
2025-03-29 00:14:54 - INFO - epoch:15/25 iteration:5/49 batch loss is :0.6058
2025-03-29 00:15:19 - INFO - epoch:15/25 iteration:10/49 batch loss is :0.7512
2025-03-29 00:15:25 - INFO - epoch:15/25 iteration:15/49 batch loss is :0.8605
2025-03-29 00:15:46 - INFO - epoch:15/25 iteration:20/49 batch loss is :0.4601
2025-03-29 00:16:09 - INFO - epoch:15/25 iteration:25/49 batch loss is :0.5169
2025-03-29 00:16:17 - INFO - epoch:15/25 iteration:30/49 batch loss is :0.6326
2025-03-29 00:16:45 - INFO - epoch:15/25 iteration:35/49 batch loss is :0.6373
2025-03-29 00:17:07 - INFO - epoch:15/25 iteration:40/49 batch loss is :0.5092
2025-03-29 00:17:12 - INFO - epoch:15/25 iteration:45/49 batch loss is :0.7096
2025-03-29 00:17:15 - INFO - Epoch:15/25 Loss is :0.6192
2025-03-29 00:19:10 - INFO - val accuarcy is : 0.2697
2025-03-29 00:19:10 - INFO - VAL loss :3.5557
2025-03-29 00:20:22 - INFO - epoch:16/25 iteration:0/49 batch loss is :0.5785
2025-03-29 00:20:27 - INFO - epoch:16/25 iteration:5/49 batch loss is :0.7192
2025-03-29 00:20:46 - INFO - epoch:16/25 iteration:10/49 batch loss is :0.6887
2025-03-29 00:20:52 - INFO - epoch:16/25 iteration:15/49 batch loss is :0.7439
2025-03-29 00:21:12 - INFO - epoch:16/25 iteration:20/49 batch loss is :0.8953
2025-03-29 00:21:31 - INFO - epoch:16/25 iteration:25/49 batch loss is :0.3691
2025-03-29 00:21:37 - INFO - epoch:16/25 iteration:30/49 batch loss is :0.3851
2025-03-29 00:21:57 - INFO - epoch:16/25 iteration:35/49 batch loss is :0.5045
2025-03-29 00:22:16 - INFO - epoch:16/25 iteration:40/49 batch loss is :0.6299
2025-03-29 00:22:22 - INFO - epoch:16/25 iteration:45/49 batch loss is :0.7132
2025-03-29 00:22:25 - INFO - Epoch:16/25 Loss is :0.6298
2025-03-29 00:23:37 - INFO - epoch:17/25 iteration:0/49 batch loss is :0.3987
2025-03-29 00:23:42 - INFO - epoch:17/25 iteration:5/49 batch loss is :0.7066
2025-03-29 00:24:04 - INFO - epoch:17/25 iteration:10/49 batch loss is :0.6808
2025-03-29 00:24:09 - INFO - epoch:17/25 iteration:15/49 batch loss is :0.4689
2025-03-29 00:24:30 - INFO - epoch:17/25 iteration:20/49 batch loss is :0.4310
2025-03-29 00:24:49 - INFO - epoch:17/25 iteration:25/49 batch loss is :0.3168
2025-03-29 00:24:55 - INFO - epoch:17/25 iteration:30/49 batch loss is :0.3000
2025-03-29 00:25:15 - INFO - epoch:17/25 iteration:35/49 batch loss is :0.6278
2025-03-29 00:25:31 - INFO - epoch:17/25 iteration:40/49 batch loss is :1.0176
2025-03-29 00:25:36 - INFO - epoch:17/25 iteration:45/49 batch loss is :0.4673
2025-03-29 00:25:39 - INFO - Epoch:17/25 Loss is :0.6441
2025-03-29 00:27:12 - INFO - epoch:18/25 iteration:0/49 batch loss is :0.6603
2025-03-29 00:27:18 - INFO - epoch:18/25 iteration:5/49 batch loss is :0.3731
2025-03-29 00:27:50 - INFO - epoch:18/25 iteration:10/49 batch loss is :0.4699
2025-03-29 00:27:56 - INFO - epoch:18/25 iteration:15/49 batch loss is :1.1173
2025-03-29 00:28:28 - INFO - epoch:18/25 iteration:20/49 batch loss is :0.3431
2025-03-29 00:29:01 - INFO - epoch:18/25 iteration:25/49 batch loss is :0.8680
2025-03-29 00:29:06 - INFO - epoch:18/25 iteration:30/49 batch loss is :0.6932
2025-03-29 00:29:39 - INFO - epoch:18/25 iteration:35/49 batch loss is :0.5112
2025-03-29 00:30:11 - INFO - epoch:18/25 iteration:40/49 batch loss is :0.4621
2025-03-29 00:30:16 - INFO - epoch:18/25 iteration:45/49 batch loss is :0.2847
2025-03-29 00:30:19 - INFO - Epoch:18/25 Loss is :0.6317
2025-03-29 00:31:31 - INFO - epoch:19/25 iteration:0/49 batch loss is :0.3461
2025-03-29 00:31:37 - INFO - epoch:19/25 iteration:5/49 batch loss is :0.5021
2025-03-29 00:31:57 - INFO - epoch:19/25 iteration:10/49 batch loss is :0.2603
2025-03-29 00:32:02 - INFO - epoch:19/25 iteration:15/49 batch loss is :0.8885
2025-03-29 00:32:24 - INFO - epoch:19/25 iteration:20/49 batch loss is :0.3771
2025-03-29 00:32:44 - INFO - epoch:19/25 iteration:25/49 batch loss is :0.3158
2025-03-29 00:32:51 - INFO - epoch:19/25 iteration:30/49 batch loss is :0.5902
2025-03-29 00:33:12 - INFO - epoch:19/25 iteration:35/49 batch loss is :0.4654
2025-03-29 00:33:29 - INFO - epoch:19/25 iteration:40/49 batch loss is :0.2457
2025-03-29 00:33:37 - INFO - epoch:19/25 iteration:45/49 batch loss is :0.5119
2025-03-29 00:33:40 - INFO - Epoch:19/25 Loss is :0.6507
2025-03-29 00:34:50 - INFO - epoch:20/25 iteration:0/49 batch loss is :0.7046
2025-03-29 00:34:56 - INFO - epoch:20/25 iteration:5/49 batch loss is :0.3833
2025-03-29 00:35:16 - INFO - epoch:20/25 iteration:10/49 batch loss is :0.9073
2025-03-29 00:35:21 - INFO - epoch:20/25 iteration:15/49 batch loss is :0.7438
2025-03-29 00:35:40 - INFO - epoch:20/25 iteration:20/49 batch loss is :0.4720
2025-03-29 00:35:59 - INFO - epoch:20/25 iteration:25/49 batch loss is :0.3366
2025-03-29 00:36:05 - INFO - epoch:20/25 iteration:30/49 batch loss is :0.8377
2025-03-29 00:36:23 - INFO - epoch:20/25 iteration:35/49 batch loss is :0.8582
2025-03-29 00:36:42 - INFO - epoch:20/25 iteration:40/49 batch loss is :0.6721
2025-03-29 00:36:47 - INFO - epoch:20/25 iteration:45/49 batch loss is :0.8457
2025-03-29 00:36:50 - INFO - Epoch:20/25 Loss is :0.6880
2025-03-29 00:38:45 - INFO - val accuarcy is : 0.2490
2025-03-29 00:38:45 - INFO - VAL loss :4.2169
2025-03-29 00:39:56 - INFO - epoch:21/25 iteration:0/49 batch loss is :0.6763
2025-03-29 00:40:02 - INFO - epoch:21/25 iteration:5/49 batch loss is :0.5715
2025-03-29 00:40:21 - INFO - epoch:21/25 iteration:10/49 batch loss is :1.0756
2025-03-29 00:40:26 - INFO - epoch:21/25 iteration:15/49 batch loss is :1.2157
2025-03-29 00:40:46 - INFO - epoch:21/25 iteration:20/49 batch loss is :0.6661
2025-03-29 00:41:10 - INFO - epoch:21/25 iteration:25/49 batch loss is :0.5881
2025-03-29 00:41:15 - INFO - epoch:21/25 iteration:30/49 batch loss is :0.3449
2025-03-29 00:41:47 - INFO - epoch:21/25 iteration:35/49 batch loss is :0.3314
2025-03-29 00:42:18 - INFO - epoch:21/25 iteration:40/49 batch loss is :0.4307
2025-03-29 00:42:22 - INFO - epoch:21/25 iteration:45/49 batch loss is :0.4737
2025-03-29 00:42:26 - INFO - Epoch:21/25 Loss is :0.6536
2025-03-29 00:43:52 - INFO - epoch:22/25 iteration:0/49 batch loss is :0.6456
2025-03-29 00:43:58 - INFO - epoch:22/25 iteration:5/49 batch loss is :0.6369
2025-03-29 00:44:27 - INFO - epoch:22/25 iteration:10/49 batch loss is :0.8704
2025-03-29 00:44:32 - INFO - epoch:22/25 iteration:15/49 batch loss is :0.7116
2025-03-29 00:45:00 - INFO - epoch:22/25 iteration:20/49 batch loss is :0.4796
2025-03-29 00:45:27 - INFO - epoch:22/25 iteration:25/49 batch loss is :0.6498
2025-03-29 00:45:35 - INFO - epoch:22/25 iteration:30/49 batch loss is :0.7927
2025-03-29 00:46:02 - INFO - epoch:22/25 iteration:35/49 batch loss is :0.4244
2025-03-29 00:46:24 - INFO - epoch:22/25 iteration:40/49 batch loss is :0.4966
2025-03-29 00:46:32 - INFO - epoch:22/25 iteration:45/49 batch loss is :0.6882
2025-03-29 00:46:35 - INFO - Epoch:22/25 Loss is :0.7048
2025-03-29 00:47:45 - INFO - epoch:23/25 iteration:0/49 batch loss is :0.5735
2025-03-29 00:47:51 - INFO - epoch:23/25 iteration:5/49 batch loss is :0.4548
2025-03-29 00:48:10 - INFO - epoch:23/25 iteration:10/49 batch loss is :0.5286
2025-03-29 00:48:16 - INFO - epoch:23/25 iteration:15/49 batch loss is :0.6373
2025-03-29 00:48:37 - INFO - epoch:23/25 iteration:20/49 batch loss is :1.0759
2025-03-29 00:48:57 - INFO - epoch:23/25 iteration:25/49 batch loss is :0.4307
2025-03-29 00:49:02 - INFO - epoch:23/25 iteration:30/49 batch loss is :0.5945
2025-03-29 00:49:20 - INFO - epoch:23/25 iteration:35/49 batch loss is :0.6401
2025-03-29 00:49:41 - INFO - epoch:23/25 iteration:40/49 batch loss is :0.4937
2025-03-29 00:49:46 - INFO - epoch:23/25 iteration:45/49 batch loss is :0.9501
2025-03-29 00:49:49 - INFO - Epoch:23/25 Loss is :0.6092
2025-03-29 00:50:59 - INFO - epoch:24/25 iteration:0/49 batch loss is :0.4777
2025-03-29 00:51:05 - INFO - epoch:24/25 iteration:5/49 batch loss is :0.5154
2025-03-29 00:51:23 - INFO - epoch:24/25 iteration:10/49 batch loss is :0.7114
2025-03-29 00:51:29 - INFO - epoch:24/25 iteration:15/49 batch loss is :1.2952
2025-03-29 00:51:48 - INFO - epoch:24/25 iteration:20/49 batch loss is :1.0779
2025-03-29 00:52:05 - INFO - epoch:24/25 iteration:25/49 batch loss is :0.7341
2025-03-29 00:52:11 - INFO - epoch:24/25 iteration:30/49 batch loss is :0.4334
2025-03-29 00:52:31 - INFO - epoch:24/25 iteration:35/49 batch loss is :0.4472
2025-03-29 00:52:48 - INFO - epoch:24/25 iteration:40/49 batch loss is :0.9174
2025-03-29 00:52:53 - INFO - epoch:24/25 iteration:45/49 batch loss is :0.5809
2025-03-29 00:52:57 - INFO - Epoch:24/25 Loss is :0.6557
2025-03-29 00:54:50 - INFO - val accuarcy is : 0.2853
2025-03-29 00:54:50 - INFO - VAL loss :3.2646
2025-03-29 00:54:51 - INFO - training complete!!!
