2025-07-01 15:53:50 - INFO - ------------------------------------------------------------------------------------------------
2025-07-01 15:53:50 - INFO - starting new training !!!!
2025-07-01 15:53:50 - INFO - ------------------------------------------------------------------------------------------------
2025-07-01 15:53:50 - INFO - Namespace(batch=12, class_dict={'Early AMD': 0, 'Int AMD': 1, 'GA': 2, 'Wet': 3, 'Scar': 4, 'Not AMD': 5}, device=device(type='cuda'), epoch=25, excel_path='excel/vol_annotations_06_03_2025.xlsx', gamma=0.1, json='D:\\AMD-data-visualisation\\jsons\\patient_level\\train_val_split_new_dataset.json', lambda_bce=1.0, log_dir='logs/Resnet_medicalnet', lr=0.002, model_path='pretrained\\resnet_34_23dataset.pth', num_classes=6, save_dir='model_parameter_Resnet_medicalnet', save_freq=5, step_size=10, weight_bce=tensor([0.5000, 0.2500, 1.0000]), weight_ce=tensor([0.2700, 0.2080, 0.0220, 1.0000]))
2025-07-01 15:53:50 - INFO - parameters are being saved at :model_parameter_Resnet_medicalnet\51
2025-07-01 15:53:51 - INFO - the wandb run name is : wild-wind-52
2025-07-01 15:53:51 - INFO - found 4 gpus!
2025-07-01 15:53:51 - INFO - DataParallel(
  (module): ResNet(
    (conv1): Conv3d(1, 64, kernel_size=(7, 7, 7), stride=(2, 2, 2), padding=(3, 3, 3), bias=False)
    (bn1): BatchNorm3d(64, eps=1e-05, momentum=0.1, affine=True, track_running_stats=True)
    (relu): ReLU(inplace=True)
    (maxpool): MaxPool3d(kernel_size=(3, 3, 3), stride=2, padding=1, dilation=1, ceil_mode=False)
    (layer1): Sequential(
      (0): BasicBlock(
        (conv1): Conv3d(64, 64, kernel_size=(3, 3, 3), stride=(1, 1, 1), padding=(1, 1, 1), bias=False)
        (bn1): BatchNorm3d(64, eps=1e-05, momentum=0.1, affine=True, track_running_stats=True)
        (relu): ReLU(inplace=True)
        (conv2): Conv3d(64, 64, kernel_size=(3, 3, 3), stride=(1, 1, 1), padding=(1, 1, 1), bias=False)
        (bn2): BatchNorm3d(64, eps=1e-05, momentum=0.1, affine=True, track_running_stats=True)
      )
      (1): BasicBlock(
        (conv1): Conv3d(64, 64, kernel_size=(3, 3, 3), stride=(1, 1, 1), padding=(1, 1, 1), bias=False)
        (bn1): BatchNorm3d(64, eps=1e-05, momentum=0.1, affine=True, track_running_stats=True)
        (relu): ReLU(inplace=True)
        (conv2): Conv3d(64, 64, kernel_size=(3, 3, 3), stride=(1, 1, 1), padding=(1, 1, 1), bias=False)
        (bn2): BatchNorm3d(64, eps=1e-05, momentum=0.1, affine=True, track_running_stats=True)
      )
      (2): BasicBlock(
        (conv1): Conv3d(64, 64, kernel_size=(3, 3, 3), stride=(1, 1, 1), padding=(1, 1, 1), bias=False)
        (bn1): BatchNorm3d(64, eps=1e-05, momentum=0.1, affine=True, track_running_stats=True)
        (relu): ReLU(inplace=True)
        (conv2): Conv3d(64, 64, kernel_size=(3, 3, 3), stride=(1, 1, 1), padding=(1, 1, 1), bias=False)
        (bn2): BatchNorm3d(64, eps=1e-05, momentum=0.1, affine=True, track_running_stats=True)
      )
    )
    (layer2): Sequential(
      (0): BasicBlock(
        (conv1): Conv3d(64, 128, kernel_size=(3, 3, 3), stride=(2, 2, 2), padding=(1, 1, 1), bias=False)
        (bn1): BatchNorm3d(128, eps=1e-05, momentum=0.1, affine=True, track_running_stats=True)
        (relu): ReLU(inplace=True)
        (conv2): Conv3d(128, 128, kernel_size=(3, 3, 3), stride=(1, 1, 1), padding=(1, 1, 1), bias=False)
        (bn2): BatchNorm3d(128, eps=1e-05, momentum=0.1, affine=True, track_running_stats=True)
      )
      (1): BasicBlock(
        (conv1): Conv3d(128, 128, kernel_size=(3, 3, 3), stride=(1, 1, 1), padding=(1, 1, 1), bias=False)
        (bn1): BatchNorm3d(128, eps=1e-05, momentum=0.1, affine=True, track_running_stats=True)
        (relu): ReLU(inplace=True)
        (conv2): Conv3d(128, 128, kernel_size=(3, 3, 3), stride=(1, 1, 1), padding=(1, 1, 1), bias=False)
        (bn2): BatchNorm3d(128, eps=1e-05, momentum=0.1, affine=True, track_running_stats=True)
      )
      (2): BasicBlock(
        (conv1): Conv3d(128, 128, kernel_size=(3, 3, 3), stride=(1, 1, 1), padding=(1, 1, 1), bias=False)
        (bn1): BatchNorm3d(128, eps=1e-05, momentum=0.1, affine=True, track_running_stats=True)
        (relu): ReLU(inplace=True)
        (conv2): Conv3d(128, 128, kernel_size=(3, 3, 3), stride=(1, 1, 1), padding=(1, 1, 1), bias=False)
        (bn2): BatchNorm3d(128, eps=1e-05, momentum=0.1, affine=True, track_running_stats=True)
      )
      (3): BasicBlock(
        (conv1): Conv3d(128, 128, kernel_size=(3, 3, 3), stride=(1, 1, 1), padding=(1, 1, 1), bias=False)
        (bn1): BatchNorm3d(128, eps=1e-05, momentum=0.1, affine=True, track_running_stats=True)
        (relu): ReLU(inplace=True)
        (conv2): Conv3d(128, 128, kernel_size=(3, 3, 3), stride=(1, 1, 1), padding=(1, 1, 1), bias=False)
        (bn2): BatchNorm3d(128, eps=1e-05, momentum=0.1, affine=True, track_running_stats=True)
      )
    )
    (layer3): Sequential(
      (0): BasicBlock(
        (conv1): Conv3d(128, 256, kernel_size=(3, 3, 3), stride=(1, 1, 1), padding=(2, 2, 2), dilation=(2, 2, 2), bias=False)
        (bn1): BatchNorm3d(256, eps=1e-05, momentum=0.1, affine=True, track_running_stats=True)
        (relu): ReLU(inplace=True)
        (conv2): Conv3d(256, 256, kernel_size=(3, 3, 3), stride=(1, 1, 1), padding=(2, 2, 2), dilation=(2, 2, 2), bias=False)
        (bn2): BatchNorm3d(256, eps=1e-05, momentum=0.1, affine=True, track_running_stats=True)
      )
      (1): BasicBlock(
        (conv1): Conv3d(256, 256, kernel_size=(3, 3, 3), stride=(1, 1, 1), padding=(2, 2, 2), dilation=(2, 2, 2), bias=False)
        (bn1): BatchNorm3d(256, eps=1e-05, momentum=0.1, affine=True, track_running_stats=True)
        (relu): ReLU(inplace=True)
        (conv2): Conv3d(256, 256, kernel_size=(3, 3, 3), stride=(1, 1, 1), padding=(2, 2, 2), dilation=(2, 2, 2), bias=False)
        (bn2): BatchNorm3d(256, eps=1e-05, momentum=0.1, affine=True, track_running_stats=True)
      )
      (2): BasicBlock(
        (conv1): Conv3d(256, 256, kernel_size=(3, 3, 3), stride=(1, 1, 1), padding=(2, 2, 2), dilation=(2, 2, 2), bias=False)
        (bn1): BatchNorm3d(256, eps=1e-05, momentum=0.1, affine=True, track_running_stats=True)
        (relu): ReLU(inplace=True)
        (conv2): Conv3d(256, 256, kernel_size=(3, 3, 3), stride=(1, 1, 1), padding=(2, 2, 2), dilation=(2, 2, 2), bias=False)
        (bn2): BatchNorm3d(256, eps=1e-05, momentum=0.1, affine=True, track_running_stats=True)
      )
      (3): BasicBlock(
        (conv1): Conv3d(256, 256, kernel_size=(3, 3, 3), stride=(1, 1, 1), padding=(2, 2, 2), dilation=(2, 2, 2), bias=False)
        (bn1): BatchNorm3d(256, eps=1e-05, momentum=0.1, affine=True, track_running_stats=True)
        (relu): ReLU(inplace=True)
        (conv2): Conv3d(256, 256, kernel_size=(3, 3, 3), stride=(1, 1, 1), padding=(2, 2, 2), dilation=(2, 2, 2), bias=False)
        (bn2): BatchNorm3d(256, eps=1e-05, momentum=0.1, affine=True, track_running_stats=True)
      )
      (4): BasicBlock(
        (conv1): Conv3d(256, 256, kernel_size=(3, 3, 3), stride=(1, 1, 1), padding=(2, 2, 2), dilation=(2, 2, 2), bias=False)
        (bn1): BatchNorm3d(256, eps=1e-05, momentum=0.1, affine=True, track_running_stats=True)
        (relu): ReLU(inplace=True)
        (conv2): Conv3d(256, 256, kernel_size=(3, 3, 3), stride=(1, 1, 1), padding=(2, 2, 2), dilation=(2, 2, 2), bias=False)
        (bn2): BatchNorm3d(256, eps=1e-05, momentum=0.1, affine=True, track_running_stats=True)
      )
      (5): BasicBlock(
        (conv1): Conv3d(256, 256, kernel_size=(3, 3, 3), stride=(1, 1, 1), padding=(2, 2, 2), dilation=(2, 2, 2), bias=False)
        (bn1): BatchNorm3d(256, eps=1e-05, momentum=0.1, affine=True, track_running_stats=True)
        (relu): ReLU(inplace=True)
        (conv2): Conv3d(256, 256, kernel_size=(3, 3, 3), stride=(1, 1, 1), padding=(2, 2, 2), dilation=(2, 2, 2), bias=False)
        (bn2): BatchNorm3d(256, eps=1e-05, momentum=0.1, affine=True, track_running_stats=True)
      )
    )
    (layer4): Sequential(
      (0): BasicBlock(
        (conv1): Conv3d(256, 512, kernel_size=(3, 3, 3), stride=(1, 1, 1), padding=(4, 4, 4), dilation=(4, 4, 4), bias=False)
        (bn1): BatchNorm3d(512, eps=1e-05, momentum=0.1, affine=True, track_running_stats=True)
        (relu): ReLU(inplace=True)
        (conv2): Conv3d(512, 512, kernel_size=(3, 3, 3), stride=(1, 1, 1), padding=(4, 4, 4), dilation=(4, 4, 4), bias=False)
        (bn2): BatchNorm3d(512, eps=1e-05, momentum=0.1, affine=True, track_running_stats=True)
      )
      (1): BasicBlock(
        (conv1): Conv3d(512, 512, kernel_size=(3, 3, 3), stride=(1, 1, 1), padding=(4, 4, 4), dilation=(4, 4, 4), bias=False)
        (bn1): BatchNorm3d(512, eps=1e-05, momentum=0.1, affine=True, track_running_stats=True)
        (relu): ReLU(inplace=True)
        (conv2): Conv3d(512, 512, kernel_size=(3, 3, 3), stride=(1, 1, 1), padding=(4, 4, 4), dilation=(4, 4, 4), bias=False)
        (bn2): BatchNorm3d(512, eps=1e-05, momentum=0.1, affine=True, track_running_stats=True)
      )
      (2): BasicBlock(
        (conv1): Conv3d(512, 512, kernel_size=(3, 3, 3), stride=(1, 1, 1), padding=(4, 4, 4), dilation=(4, 4, 4), bias=False)
        (bn1): BatchNorm3d(512, eps=1e-05, momentum=0.1, affine=True, track_running_stats=True)
        (relu): ReLU(inplace=True)
        (conv2): Conv3d(512, 512, kernel_size=(3, 3, 3), stride=(1, 1, 1), padding=(4, 4, 4), dilation=(4, 4, 4), bias=False)
        (bn2): BatchNorm3d(512, eps=1e-05, momentum=0.1, affine=True, track_running_stats=True)
      )
    )
    (GAP): AdaptiveAvgPool3d(output_size=(2, 2, 2))
    (linear): Linear(in_features=4096, out_features=6, bias=True)
  )
)
2025-07-01 15:53:51 - INFO - the missing keys are : 
['module.linear.weight', 'module.linear.bias']
2025-07-01 15:53:51 - INFO - the unexpected keys are :
[]
2025-07-01 15:53:51 - INFO - loaded model parameters from pretrained\resnet_34_23dataset.pth
2025-07-01 15:53:53 - INFO - fold number:0
2025-07-01 15:56:44 - INFO - epoch:0/25 iteration:0/459 batch loss is :0.9520
2025-07-01 15:57:04 - INFO - epoch:0/25 iteration:5/459 batch loss is :0.9054
2025-07-01 15:57:24 - INFO - epoch:0/25 iteration:10/459 batch loss is :1.4370
2025-07-01 15:57:43 - INFO - epoch:0/25 iteration:15/459 batch loss is :1.7257
2025-07-01 15:58:04 - INFO - epoch:0/25 iteration:20/459 batch loss is :0.8154
2025-07-01 15:58:24 - INFO - epoch:0/25 iteration:25/459 batch loss is :0.5489
2025-07-01 15:58:44 - INFO - epoch:0/25 iteration:30/459 batch loss is :0.9205
2025-07-01 15:59:05 - INFO - epoch:0/25 iteration:35/459 batch loss is :0.3789
2025-07-01 15:59:24 - INFO - epoch:0/25 iteration:40/459 batch loss is :0.8114
2025-07-01 15:59:44 - INFO - epoch:0/25 iteration:45/459 batch loss is :0.8923
2025-07-01 16:00:03 - INFO - epoch:0/25 iteration:50/459 batch loss is :0.5561
2025-07-01 16:00:22 - INFO - epoch:0/25 iteration:55/459 batch loss is :0.6687
2025-07-01 16:00:42 - INFO - epoch:0/25 iteration:60/459 batch loss is :0.7134
2025-07-01 16:01:01 - INFO - epoch:0/25 iteration:65/459 batch loss is :0.6426
2025-07-01 16:01:21 - INFO - epoch:0/25 iteration:70/459 batch loss is :2.1856
2025-07-01 16:01:39 - INFO - epoch:0/25 iteration:75/459 batch loss is :0.9217
2025-07-01 16:01:59 - INFO - epoch:0/25 iteration:80/459 batch loss is :0.3901
2025-07-01 16:02:19 - INFO - epoch:0/25 iteration:85/459 batch loss is :0.5959
2025-07-01 16:02:38 - INFO - epoch:0/25 iteration:90/459 batch loss is :0.9397
2025-07-01 16:02:57 - INFO - epoch:0/25 iteration:95/459 batch loss is :0.9504
2025-07-01 16:03:17 - INFO - epoch:0/25 iteration:100/459 batch loss is :1.0708
2025-07-01 16:03:36 - INFO - epoch:0/25 iteration:105/459 batch loss is :0.8383
2025-07-01 16:03:55 - INFO - epoch:0/25 iteration:110/459 batch loss is :1.2587
2025-07-01 16:04:15 - INFO - epoch:0/25 iteration:115/459 batch loss is :1.0145
2025-07-01 16:04:34 - INFO - epoch:0/25 iteration:120/459 batch loss is :1.1977
2025-07-01 16:04:53 - INFO - epoch:0/25 iteration:125/459 batch loss is :0.4213
2025-07-01 16:05:13 - INFO - epoch:0/25 iteration:130/459 batch loss is :0.8371
2025-07-01 16:05:32 - INFO - epoch:0/25 iteration:135/459 batch loss is :0.5842
2025-07-01 16:05:52 - INFO - epoch:0/25 iteration:140/459 batch loss is :0.6295
2025-07-01 16:06:11 - INFO - epoch:0/25 iteration:145/459 batch loss is :0.4237
2025-07-01 16:06:30 - INFO - epoch:0/25 iteration:150/459 batch loss is :0.7397
2025-07-01 16:06:49 - INFO - epoch:0/25 iteration:155/459 batch loss is :0.4925
2025-07-01 16:07:09 - INFO - epoch:0/25 iteration:160/459 batch loss is :0.6894
2025-07-01 16:07:28 - INFO - epoch:0/25 iteration:165/459 batch loss is :0.5142
2025-07-01 16:07:48 - INFO - epoch:0/25 iteration:170/459 batch loss is :0.6966
2025-07-01 16:08:07 - INFO - epoch:0/25 iteration:175/459 batch loss is :0.4948
2025-07-01 16:08:26 - INFO - epoch:0/25 iteration:180/459 batch loss is :0.5284
2025-07-01 16:08:46 - INFO - epoch:0/25 iteration:185/459 batch loss is :1.5243
2025-07-01 16:09:06 - INFO - epoch:0/25 iteration:190/459 batch loss is :0.7190
2025-07-01 16:09:26 - INFO - epoch:0/25 iteration:195/459 batch loss is :0.5732
2025-07-01 16:09:45 - INFO - epoch:0/25 iteration:200/459 batch loss is :0.8233
2025-07-01 16:10:05 - INFO - epoch:0/25 iteration:205/459 batch loss is :0.5422
2025-07-01 16:10:25 - INFO - epoch:0/25 iteration:210/459 batch loss is :0.9105
2025-07-01 16:10:44 - INFO - epoch:0/25 iteration:215/459 batch loss is :1.2672
2025-07-01 16:11:04 - INFO - epoch:0/25 iteration:220/459 batch loss is :0.8648
2025-07-01 16:11:24 - INFO - epoch:0/25 iteration:225/459 batch loss is :0.3959
2025-07-01 16:11:44 - INFO - epoch:0/25 iteration:230/459 batch loss is :0.6033
2025-07-01 16:12:03 - INFO - epoch:0/25 iteration:235/459 batch loss is :0.7630
2025-07-01 16:12:23 - INFO - epoch:0/25 iteration:240/459 batch loss is :0.5215
2025-07-01 16:12:42 - INFO - epoch:0/25 iteration:245/459 batch loss is :0.5838
2025-07-01 16:13:02 - INFO - epoch:0/25 iteration:250/459 batch loss is :0.5106
2025-07-01 16:13:22 - INFO - epoch:0/25 iteration:255/459 batch loss is :1.0143
2025-07-01 16:13:42 - INFO - epoch:0/25 iteration:260/459 batch loss is :1.1262
2025-07-01 16:14:01 - INFO - epoch:0/25 iteration:265/459 batch loss is :0.7425
2025-07-01 16:14:21 - INFO - epoch:0/25 iteration:270/459 batch loss is :0.6479
2025-07-01 16:14:41 - INFO - epoch:0/25 iteration:275/459 batch loss is :1.7419
2025-07-01 16:15:01 - INFO - epoch:0/25 iteration:280/459 batch loss is :0.5677
2025-07-01 16:15:20 - INFO - epoch:0/25 iteration:285/459 batch loss is :0.9640
2025-07-01 16:15:41 - INFO - epoch:0/25 iteration:290/459 batch loss is :0.4746
2025-07-01 16:16:00 - INFO - epoch:0/25 iteration:295/459 batch loss is :0.5729
2025-07-01 16:16:20 - INFO - epoch:0/25 iteration:300/459 batch loss is :0.6959
2025-07-01 16:16:40 - INFO - epoch:0/25 iteration:305/459 batch loss is :0.4601
2025-07-01 16:16:59 - INFO - epoch:0/25 iteration:310/459 batch loss is :0.5419
2025-07-01 16:17:19 - INFO - epoch:0/25 iteration:315/459 batch loss is :0.5927
2025-07-01 16:17:39 - INFO - epoch:0/25 iteration:320/459 batch loss is :0.7382
2025-07-01 16:17:58 - INFO - epoch:0/25 iteration:325/459 batch loss is :1.0142
2025-07-01 16:18:18 - INFO - epoch:0/25 iteration:330/459 batch loss is :0.6689
2025-07-01 16:18:37 - INFO - epoch:0/25 iteration:335/459 batch loss is :0.5156
2025-07-01 16:18:57 - INFO - epoch:0/25 iteration:340/459 batch loss is :0.6467
2025-07-01 16:19:17 - INFO - epoch:0/25 iteration:345/459 batch loss is :0.4824
2025-07-01 16:19:37 - INFO - epoch:0/25 iteration:350/459 batch loss is :0.5594
2025-07-01 16:19:56 - INFO - epoch:0/25 iteration:355/459 batch loss is :0.6835
2025-07-01 16:20:16 - INFO - epoch:0/25 iteration:360/459 batch loss is :0.5662
2025-07-01 16:20:36 - INFO - epoch:0/25 iteration:365/459 batch loss is :0.4853
2025-07-01 16:20:55 - INFO - epoch:0/25 iteration:370/459 batch loss is :0.5027
2025-07-01 16:21:15 - INFO - epoch:0/25 iteration:375/459 batch loss is :0.9635
2025-07-01 16:21:35 - INFO - epoch:0/25 iteration:380/459 batch loss is :0.8635
2025-07-01 16:21:54 - INFO - epoch:0/25 iteration:385/459 batch loss is :0.9402
2025-07-01 16:22:14 - INFO - epoch:0/25 iteration:390/459 batch loss is :0.5358
2025-07-01 16:22:34 - INFO - epoch:0/25 iteration:395/459 batch loss is :0.6892
2025-07-01 16:22:54 - INFO - epoch:0/25 iteration:400/459 batch loss is :0.5684
2025-07-01 16:23:14 - INFO - epoch:0/25 iteration:405/459 batch loss is :0.5265
2025-07-01 16:23:34 - INFO - epoch:0/25 iteration:410/459 batch loss is :0.7845
2025-07-01 16:23:53 - INFO - epoch:0/25 iteration:415/459 batch loss is :0.9640
2025-07-01 16:24:13 - INFO - epoch:0/25 iteration:420/459 batch loss is :0.7672
2025-07-01 16:24:33 - INFO - epoch:0/25 iteration:425/459 batch loss is :0.4872
2025-07-01 16:24:52 - INFO - epoch:0/25 iteration:430/459 batch loss is :1.2379
2025-07-01 16:25:10 - INFO - epoch:0/25 iteration:435/459 batch loss is :0.6349
2025-07-01 16:25:28 - INFO - epoch:0/25 iteration:440/459 batch loss is :0.8720
2025-07-01 16:25:46 - INFO - epoch:0/25 iteration:445/459 batch loss is :0.5422
2025-07-01 16:26:04 - INFO - epoch:0/25 iteration:450/459 batch loss is :0.6847
2025-07-01 16:26:22 - INFO - epoch:0/25 iteration:455/459 batch loss is :0.5563
2025-07-01 16:26:34 - INFO - Epoch:0/25 Loss is :0.8078
2025-07-01 16:36:04 - INFO - VAL loss :1.0836
2025-07-01 16:38:58 - INFO - epoch:1/25 iteration:0/459 batch loss is :0.5012
2025-07-01 16:39:18 - INFO - epoch:1/25 iteration:5/459 batch loss is :0.9876
2025-07-01 16:39:38 - INFO - epoch:1/25 iteration:10/459 batch loss is :0.9170
2025-07-01 16:39:59 - INFO - epoch:1/25 iteration:15/459 batch loss is :0.4783
2025-07-01 16:40:21 - INFO - epoch:1/25 iteration:20/459 batch loss is :0.4184
2025-07-01 16:40:41 - INFO - epoch:1/25 iteration:25/459 batch loss is :0.5186
2025-07-01 16:41:02 - INFO - epoch:1/25 iteration:30/459 batch loss is :0.6585
2025-07-01 16:41:22 - INFO - epoch:1/25 iteration:35/459 batch loss is :0.6246
2025-07-01 16:41:42 - INFO - epoch:1/25 iteration:40/459 batch loss is :1.1542
2025-07-01 16:42:02 - INFO - epoch:1/25 iteration:45/459 batch loss is :0.6161
2025-07-01 16:42:21 - INFO - epoch:1/25 iteration:50/459 batch loss is :0.4393
2025-07-01 16:42:41 - INFO - epoch:1/25 iteration:55/459 batch loss is :0.7245
2025-07-01 16:43:00 - INFO - epoch:1/25 iteration:60/459 batch loss is :0.3779
2025-07-01 16:43:19 - INFO - epoch:1/25 iteration:65/459 batch loss is :0.6497
2025-07-01 16:43:39 - INFO - epoch:1/25 iteration:70/459 batch loss is :0.5733
2025-07-01 16:43:58 - INFO - epoch:1/25 iteration:75/459 batch loss is :0.6862
2025-07-01 16:44:18 - INFO - epoch:1/25 iteration:80/459 batch loss is :0.7982
2025-07-01 16:44:37 - INFO - epoch:1/25 iteration:85/459 batch loss is :0.7779
2025-07-01 16:44:57 - INFO - epoch:1/25 iteration:90/459 batch loss is :0.8455
2025-07-01 16:45:17 - INFO - epoch:1/25 iteration:95/459 batch loss is :0.7671
2025-07-01 16:45:37 - INFO - epoch:1/25 iteration:100/459 batch loss is :0.6459
2025-07-01 16:45:56 - INFO - epoch:1/25 iteration:105/459 batch loss is :0.8729
2025-07-01 16:46:16 - INFO - epoch:1/25 iteration:110/459 batch loss is :1.0151
2025-07-01 16:46:35 - INFO - epoch:1/25 iteration:115/459 batch loss is :0.5599
2025-07-01 16:46:54 - INFO - epoch:1/25 iteration:120/459 batch loss is :0.3550
2025-07-01 16:47:14 - INFO - epoch:1/25 iteration:125/459 batch loss is :1.2814
2025-07-01 16:47:34 - INFO - epoch:1/25 iteration:130/459 batch loss is :1.1479
2025-07-01 16:47:54 - INFO - epoch:1/25 iteration:135/459 batch loss is :0.7534
2025-07-01 16:48:14 - INFO - epoch:1/25 iteration:140/459 batch loss is :0.5555
2025-07-01 16:48:33 - INFO - epoch:1/25 iteration:145/459 batch loss is :0.4919
2025-07-01 16:48:53 - INFO - epoch:1/25 iteration:150/459 batch loss is :0.5109
2025-07-01 16:49:13 - INFO - epoch:1/25 iteration:155/459 batch loss is :0.4624
2025-07-01 16:49:33 - INFO - epoch:1/25 iteration:160/459 batch loss is :0.5534
2025-07-01 16:49:52 - INFO - epoch:1/25 iteration:165/459 batch loss is :0.4883
2025-07-01 16:50:13 - INFO - epoch:1/25 iteration:170/459 batch loss is :0.5662
2025-07-01 16:50:33 - INFO - epoch:1/25 iteration:175/459 batch loss is :0.9062
2025-07-01 16:50:53 - INFO - epoch:1/25 iteration:180/459 batch loss is :0.8409
2025-07-01 16:51:12 - INFO - epoch:1/25 iteration:185/459 batch loss is :0.7884
2025-07-01 16:51:32 - INFO - epoch:1/25 iteration:190/459 batch loss is :0.5700
2025-07-01 16:51:52 - INFO - epoch:1/25 iteration:195/459 batch loss is :0.7644
2025-07-01 16:52:12 - INFO - epoch:1/25 iteration:200/459 batch loss is :0.5159
2025-07-01 16:52:32 - INFO - epoch:1/25 iteration:205/459 batch loss is :0.7739
2025-07-01 16:52:52 - INFO - epoch:1/25 iteration:210/459 batch loss is :0.4693
2025-07-01 16:53:11 - INFO - epoch:1/25 iteration:215/459 batch loss is :0.4779
2025-07-01 16:53:31 - INFO - epoch:1/25 iteration:220/459 batch loss is :0.5324
2025-07-01 16:53:51 - INFO - epoch:1/25 iteration:225/459 batch loss is :0.4238
2025-07-01 16:54:11 - INFO - epoch:1/25 iteration:230/459 batch loss is :0.3858
2025-07-01 16:54:30 - INFO - epoch:1/25 iteration:235/459 batch loss is :0.4593
2025-07-01 16:54:49 - INFO - epoch:1/25 iteration:240/459 batch loss is :0.7854
2025-07-01 16:55:09 - INFO - epoch:1/25 iteration:245/459 batch loss is :0.5611
2025-07-01 16:55:29 - INFO - epoch:1/25 iteration:250/459 batch loss is :0.5367
2025-07-01 16:55:48 - INFO - epoch:1/25 iteration:255/459 batch loss is :0.4754
2025-07-01 16:56:08 - INFO - epoch:1/25 iteration:260/459 batch loss is :0.7674
2025-07-01 16:56:27 - INFO - epoch:1/25 iteration:265/459 batch loss is :0.9843
2025-07-01 16:56:47 - INFO - epoch:1/25 iteration:270/459 batch loss is :0.5314
2025-07-01 16:57:06 - INFO - epoch:1/25 iteration:275/459 batch loss is :0.4066
2025-07-01 16:57:26 - INFO - epoch:1/25 iteration:280/459 batch loss is :0.6955
2025-07-01 16:57:45 - INFO - epoch:1/25 iteration:285/459 batch loss is :0.4113
2025-07-01 16:58:05 - INFO - epoch:1/25 iteration:290/459 batch loss is :0.6014
2025-07-01 16:58:24 - INFO - epoch:1/25 iteration:295/459 batch loss is :0.6519
2025-07-01 16:58:44 - INFO - epoch:1/25 iteration:300/459 batch loss is :0.4305
2025-07-01 16:59:03 - INFO - epoch:1/25 iteration:305/459 batch loss is :0.4897
2025-07-01 16:59:22 - INFO - epoch:1/25 iteration:310/459 batch loss is :0.5066
2025-07-01 16:59:42 - INFO - epoch:1/25 iteration:315/459 batch loss is :0.4626
2025-07-01 17:00:02 - INFO - epoch:1/25 iteration:320/459 batch loss is :0.5059
2025-07-01 17:00:21 - INFO - epoch:1/25 iteration:325/459 batch loss is :0.4223
2025-07-01 17:00:41 - INFO - epoch:1/25 iteration:330/459 batch loss is :0.4894
2025-07-01 17:01:00 - INFO - epoch:1/25 iteration:335/459 batch loss is :0.4415
2025-07-01 17:01:20 - INFO - epoch:1/25 iteration:340/459 batch loss is :0.5136
2025-07-01 17:01:39 - INFO - epoch:1/25 iteration:345/459 batch loss is :0.4093
2025-07-01 17:01:59 - INFO - epoch:1/25 iteration:350/459 batch loss is :0.7322
2025-07-01 17:02:18 - INFO - epoch:1/25 iteration:355/459 batch loss is :0.6021
2025-07-01 17:02:38 - INFO - epoch:1/25 iteration:360/459 batch loss is :0.4031
2025-07-01 17:02:58 - INFO - epoch:1/25 iteration:365/459 batch loss is :0.4974
2025-07-01 17:03:17 - INFO - epoch:1/25 iteration:370/459 batch loss is :0.5996
2025-07-01 17:03:37 - INFO - epoch:1/25 iteration:375/459 batch loss is :0.4382
2025-07-01 17:03:57 - INFO - epoch:1/25 iteration:380/459 batch loss is :0.5677
2025-07-01 17:04:17 - INFO - epoch:1/25 iteration:385/459 batch loss is :0.5178
2025-07-01 17:04:37 - INFO - epoch:1/25 iteration:390/459 batch loss is :0.6734
2025-07-01 17:04:56 - INFO - epoch:1/25 iteration:395/459 batch loss is :0.4465
2025-07-01 17:05:16 - INFO - epoch:1/25 iteration:400/459 batch loss is :0.5044
2025-07-01 17:05:36 - INFO - epoch:1/25 iteration:405/459 batch loss is :0.4041
2025-07-01 17:05:56 - INFO - epoch:1/25 iteration:410/459 batch loss is :0.4499
2025-07-01 17:06:16 - INFO - epoch:1/25 iteration:415/459 batch loss is :0.6109
2025-07-01 17:06:35 - INFO - epoch:1/25 iteration:420/459 batch loss is :0.4978
2025-07-01 17:06:55 - INFO - epoch:1/25 iteration:425/459 batch loss is :0.4218
2025-07-01 17:07:15 - INFO - epoch:1/25 iteration:430/459 batch loss is :0.4409
2025-07-01 17:07:33 - INFO - epoch:1/25 iteration:435/459 batch loss is :0.4456
2025-07-01 17:07:51 - INFO - epoch:1/25 iteration:440/459 batch loss is :0.3114
2025-07-01 17:08:09 - INFO - epoch:1/25 iteration:445/459 batch loss is :0.5622
2025-07-01 17:08:27 - INFO - epoch:1/25 iteration:450/459 batch loss is :0.3186
2025-07-01 17:08:44 - INFO - epoch:1/25 iteration:455/459 batch loss is :0.5928
2025-07-01 17:08:56 - INFO - Epoch:1/25 Loss is :0.5837
2025-07-01 17:11:54 - INFO - epoch:2/25 iteration:0/459 batch loss is :0.6582
2025-07-01 17:12:15 - INFO - epoch:2/25 iteration:5/459 batch loss is :0.6719
2025-07-01 17:12:35 - INFO - epoch:2/25 iteration:10/459 batch loss is :0.4050
2025-07-01 17:12:56 - INFO - epoch:2/25 iteration:15/459 batch loss is :0.7651
2025-07-01 17:13:17 - INFO - epoch:2/25 iteration:20/459 batch loss is :0.4147
2025-07-01 17:13:38 - INFO - epoch:2/25 iteration:25/459 batch loss is :0.3610
2025-07-01 17:13:58 - INFO - epoch:2/25 iteration:30/459 batch loss is :0.4521
2025-07-01 17:14:18 - INFO - epoch:2/25 iteration:35/459 batch loss is :0.5385
2025-07-01 17:14:38 - INFO - epoch:2/25 iteration:40/459 batch loss is :0.4286
2025-07-01 17:14:57 - INFO - epoch:2/25 iteration:45/459 batch loss is :0.7236
2025-07-01 17:15:17 - INFO - epoch:2/25 iteration:50/459 batch loss is :0.5714
2025-07-01 17:15:37 - INFO - epoch:2/25 iteration:55/459 batch loss is :0.5160
2025-07-01 17:15:56 - INFO - epoch:2/25 iteration:60/459 batch loss is :0.3181
2025-07-01 17:16:16 - INFO - epoch:2/25 iteration:65/459 batch loss is :0.4646
2025-07-01 17:16:35 - INFO - epoch:2/25 iteration:70/459 batch loss is :0.5520
2025-07-01 17:16:54 - INFO - epoch:2/25 iteration:75/459 batch loss is :0.2853
2025-07-01 17:17:14 - INFO - epoch:2/25 iteration:80/459 batch loss is :0.4934
2025-07-01 17:17:33 - INFO - epoch:2/25 iteration:85/459 batch loss is :0.7486
2025-07-01 17:17:53 - INFO - epoch:2/25 iteration:90/459 batch loss is :0.3051
2025-07-01 17:18:12 - INFO - epoch:2/25 iteration:95/459 batch loss is :0.3672
2025-07-01 17:18:32 - INFO - epoch:2/25 iteration:100/459 batch loss is :0.3359
2025-07-01 17:18:51 - INFO - epoch:2/25 iteration:105/459 batch loss is :0.4003
2025-07-01 17:19:10 - INFO - epoch:2/25 iteration:110/459 batch loss is :0.3552
2025-07-01 17:19:30 - INFO - epoch:2/25 iteration:115/459 batch loss is :0.8442
2025-07-01 17:19:49 - INFO - epoch:2/25 iteration:120/459 batch loss is :0.3416
2025-07-01 17:20:09 - INFO - epoch:2/25 iteration:125/459 batch loss is :0.6029
2025-07-01 17:20:28 - INFO - epoch:2/25 iteration:130/459 batch loss is :0.5825
2025-07-01 17:20:48 - INFO - epoch:2/25 iteration:135/459 batch loss is :0.5313
2025-07-01 17:21:08 - INFO - epoch:2/25 iteration:140/459 batch loss is :0.3244
2025-07-01 17:21:27 - INFO - epoch:2/25 iteration:145/459 batch loss is :0.4424
2025-07-01 17:21:47 - INFO - epoch:2/25 iteration:150/459 batch loss is :0.4670
2025-07-01 17:22:06 - INFO - epoch:2/25 iteration:155/459 batch loss is :0.3881
2025-07-01 17:22:26 - INFO - epoch:2/25 iteration:160/459 batch loss is :0.3575
2025-07-01 17:22:45 - INFO - epoch:2/25 iteration:165/459 batch loss is :0.3441
2025-07-01 17:23:05 - INFO - epoch:2/25 iteration:170/459 batch loss is :0.3268
2025-07-01 17:23:24 - INFO - epoch:2/25 iteration:175/459 batch loss is :0.4731
2025-07-01 17:23:44 - INFO - epoch:2/25 iteration:180/459 batch loss is :0.5587
2025-07-01 17:24:03 - INFO - epoch:2/25 iteration:185/459 batch loss is :0.6298
2025-07-01 17:24:23 - INFO - epoch:2/25 iteration:190/459 batch loss is :0.2849
2025-07-01 17:24:42 - INFO - epoch:2/25 iteration:195/459 batch loss is :0.4876
2025-07-01 17:25:02 - INFO - epoch:2/25 iteration:200/459 batch loss is :0.5259
2025-07-01 17:25:22 - INFO - epoch:2/25 iteration:205/459 batch loss is :0.5728
2025-07-01 17:25:41 - INFO - epoch:2/25 iteration:210/459 batch loss is :0.3879
2025-07-01 17:26:01 - INFO - epoch:2/25 iteration:215/459 batch loss is :0.3643
2025-07-01 17:26:20 - INFO - epoch:2/25 iteration:220/459 batch loss is :0.4700
2025-07-01 17:26:40 - INFO - epoch:2/25 iteration:225/459 batch loss is :0.4370
2025-07-01 17:26:59 - INFO - epoch:2/25 iteration:230/459 batch loss is :0.2933
2025-07-01 17:27:19 - INFO - epoch:2/25 iteration:235/459 batch loss is :0.4410
2025-07-01 17:27:39 - INFO - epoch:2/25 iteration:240/459 batch loss is :0.3924
2025-07-01 17:27:58 - INFO - epoch:2/25 iteration:245/459 batch loss is :0.4371
2025-07-01 17:28:17 - INFO - epoch:2/25 iteration:250/459 batch loss is :0.3554
2025-07-01 17:28:37 - INFO - epoch:2/25 iteration:255/459 batch loss is :0.2508
2025-07-01 17:28:56 - INFO - epoch:2/25 iteration:260/459 batch loss is :0.2980
2025-07-01 17:29:16 - INFO - epoch:2/25 iteration:265/459 batch loss is :0.3073
2025-07-01 17:29:35 - INFO - epoch:2/25 iteration:270/459 batch loss is :0.3516
2025-07-01 17:29:55 - INFO - epoch:2/25 iteration:275/459 batch loss is :0.4689
2025-07-01 17:30:14 - INFO - epoch:2/25 iteration:280/459 batch loss is :0.4142
2025-07-01 17:30:33 - INFO - epoch:2/25 iteration:285/459 batch loss is :0.4606
2025-07-01 17:30:53 - INFO - epoch:2/25 iteration:290/459 batch loss is :0.2861
2025-07-01 17:31:13 - INFO - epoch:2/25 iteration:295/459 batch loss is :0.3531
2025-07-01 17:31:32 - INFO - epoch:2/25 iteration:300/459 batch loss is :0.7612
2025-07-01 17:31:52 - INFO - epoch:2/25 iteration:305/459 batch loss is :0.4164
2025-07-01 17:32:11 - INFO - epoch:2/25 iteration:310/459 batch loss is :0.5539
2025-07-01 17:32:31 - INFO - epoch:2/25 iteration:315/459 batch loss is :0.3175
2025-07-01 17:32:50 - INFO - epoch:2/25 iteration:320/459 batch loss is :0.4927
2025-07-01 17:33:10 - INFO - epoch:2/25 iteration:325/459 batch loss is :0.3403
2025-07-01 17:33:29 - INFO - epoch:2/25 iteration:330/459 batch loss is :0.4067
2025-07-01 17:33:49 - INFO - epoch:2/25 iteration:335/459 batch loss is :0.5727
2025-07-01 17:34:08 - INFO - epoch:2/25 iteration:340/459 batch loss is :0.3824
2025-07-01 17:34:28 - INFO - epoch:2/25 iteration:345/459 batch loss is :0.4999
2025-07-01 17:34:47 - INFO - epoch:2/25 iteration:350/459 batch loss is :0.4008
2025-07-01 17:35:07 - INFO - epoch:2/25 iteration:355/459 batch loss is :0.5337
2025-07-01 17:35:27 - INFO - epoch:2/25 iteration:360/459 batch loss is :0.4497
2025-07-01 17:35:46 - INFO - epoch:2/25 iteration:365/459 batch loss is :0.4834
2025-07-01 17:36:05 - INFO - epoch:2/25 iteration:370/459 batch loss is :0.4703
2025-07-01 17:36:25 - INFO - epoch:2/25 iteration:375/459 batch loss is :0.4630
2025-07-01 17:36:45 - INFO - epoch:2/25 iteration:380/459 batch loss is :0.4444
2025-07-01 17:37:04 - INFO - epoch:2/25 iteration:385/459 batch loss is :0.3650
2025-07-01 17:37:24 - INFO - epoch:2/25 iteration:390/459 batch loss is :0.4222
2025-07-01 17:37:44 - INFO - epoch:2/25 iteration:395/459 batch loss is :0.3500
2025-07-01 17:38:03 - INFO - epoch:2/25 iteration:400/459 batch loss is :0.2881
2025-07-01 17:38:23 - INFO - epoch:2/25 iteration:405/459 batch loss is :0.6050
2025-07-01 17:38:42 - INFO - epoch:2/25 iteration:410/459 batch loss is :0.3470
2025-07-01 17:39:02 - INFO - epoch:2/25 iteration:415/459 batch loss is :0.7491
2025-07-01 17:39:21 - INFO - epoch:2/25 iteration:420/459 batch loss is :0.2650
2025-07-01 17:39:40 - INFO - epoch:2/25 iteration:425/459 batch loss is :0.6299
2025-07-01 17:40:00 - INFO - epoch:2/25 iteration:430/459 batch loss is :0.5073
2025-07-01 17:40:18 - INFO - epoch:2/25 iteration:435/459 batch loss is :0.4784
2025-07-01 17:40:36 - INFO - epoch:2/25 iteration:440/459 batch loss is :0.4011
2025-07-01 17:40:54 - INFO - epoch:2/25 iteration:445/459 batch loss is :0.4270
2025-07-01 17:41:12 - INFO - epoch:2/25 iteration:450/459 batch loss is :0.4830
2025-07-01 17:41:30 - INFO - epoch:2/25 iteration:455/459 batch loss is :0.3383
2025-07-01 17:41:41 - INFO - Epoch:2/25 Loss is :0.4462
2025-07-01 17:44:34 - INFO - epoch:3/25 iteration:0/459 batch loss is :0.6521
2025-07-01 17:44:55 - INFO - epoch:3/25 iteration:5/459 batch loss is :0.4493
2025-07-01 17:45:15 - INFO - epoch:3/25 iteration:10/459 batch loss is :0.2551
2025-07-01 17:45:36 - INFO - epoch:3/25 iteration:15/459 batch loss is :0.4048
2025-07-01 17:45:57 - INFO - epoch:3/25 iteration:20/459 batch loss is :0.3727
2025-07-01 17:46:17 - INFO - epoch:3/25 iteration:25/459 batch loss is :0.3846
2025-07-01 17:46:38 - INFO - epoch:3/25 iteration:30/459 batch loss is :0.3499
2025-07-01 17:46:57 - INFO - epoch:3/25 iteration:35/459 batch loss is :0.3952
2025-07-01 17:47:17 - INFO - epoch:3/25 iteration:40/459 batch loss is :0.5707
2025-07-01 17:47:36 - INFO - epoch:3/25 iteration:45/459 batch loss is :0.3852
2025-07-01 17:47:56 - INFO - epoch:3/25 iteration:50/459 batch loss is :0.4754
2025-07-01 17:48:16 - INFO - epoch:3/25 iteration:55/459 batch loss is :0.7058
2025-07-01 17:48:36 - INFO - epoch:3/25 iteration:60/459 batch loss is :0.3649
2025-07-01 17:48:55 - INFO - epoch:3/25 iteration:65/459 batch loss is :0.4513
2025-07-01 17:49:15 - INFO - epoch:3/25 iteration:70/459 batch loss is :0.4087
2025-07-01 17:49:34 - INFO - epoch:3/25 iteration:75/459 batch loss is :0.4896
2025-07-01 17:49:54 - INFO - epoch:3/25 iteration:80/459 batch loss is :0.3094
2025-07-01 17:50:13 - INFO - epoch:3/25 iteration:85/459 batch loss is :0.3379
2025-07-01 17:50:33 - INFO - epoch:3/25 iteration:90/459 batch loss is :0.4018
2025-07-01 17:50:52 - INFO - epoch:3/25 iteration:95/459 batch loss is :0.3004
2025-07-01 17:51:11 - INFO - epoch:3/25 iteration:100/459 batch loss is :0.2782
2025-07-01 17:51:31 - INFO - epoch:3/25 iteration:105/459 batch loss is :0.4437
2025-07-01 17:51:50 - INFO - epoch:3/25 iteration:110/459 batch loss is :0.3196
2025-07-01 17:52:10 - INFO - epoch:3/25 iteration:115/459 batch loss is :0.2850
2025-07-01 17:52:29 - INFO - epoch:3/25 iteration:120/459 batch loss is :0.3348
2025-07-01 17:52:48 - INFO - epoch:3/25 iteration:125/459 batch loss is :0.3036
2025-07-01 17:53:08 - INFO - epoch:3/25 iteration:130/459 batch loss is :0.3552
2025-07-01 17:53:28 - INFO - epoch:3/25 iteration:135/459 batch loss is :0.3892
2025-07-01 17:53:47 - INFO - epoch:3/25 iteration:140/459 batch loss is :0.3912
2025-07-01 17:54:06 - INFO - epoch:3/25 iteration:145/459 batch loss is :0.2521
2025-07-01 17:54:26 - INFO - epoch:3/25 iteration:150/459 batch loss is :0.3756
2025-07-01 17:54:46 - INFO - epoch:3/25 iteration:155/459 batch loss is :0.4318
2025-07-01 17:55:05 - INFO - epoch:3/25 iteration:160/459 batch loss is :0.3030
2025-07-01 17:55:25 - INFO - epoch:3/25 iteration:165/459 batch loss is :0.3677
2025-07-01 17:55:44 - INFO - epoch:3/25 iteration:170/459 batch loss is :0.3059
2025-07-01 17:56:04 - INFO - epoch:3/25 iteration:175/459 batch loss is :0.4820
2025-07-01 17:56:24 - INFO - epoch:3/25 iteration:180/459 batch loss is :0.3571
2025-07-01 17:56:43 - INFO - epoch:3/25 iteration:185/459 batch loss is :0.3269
2025-07-01 17:57:03 - INFO - epoch:3/25 iteration:190/459 batch loss is :0.3963
2025-07-01 17:57:22 - INFO - epoch:3/25 iteration:195/459 batch loss is :0.3752
2025-07-01 17:57:42 - INFO - epoch:3/25 iteration:200/459 batch loss is :0.4387
2025-07-01 17:58:01 - INFO - epoch:3/25 iteration:205/459 batch loss is :0.2971
2025-07-01 17:58:21 - INFO - epoch:3/25 iteration:210/459 batch loss is :0.5396
2025-07-01 17:58:40 - INFO - epoch:3/25 iteration:215/459 batch loss is :0.5121
2025-07-01 17:59:00 - INFO - epoch:3/25 iteration:220/459 batch loss is :0.2605
2025-07-01 17:59:19 - INFO - epoch:3/25 iteration:225/459 batch loss is :0.3410
2025-07-01 17:59:39 - INFO - epoch:3/25 iteration:230/459 batch loss is :0.4007
2025-07-01 17:59:58 - INFO - epoch:3/25 iteration:235/459 batch loss is :0.2659
2025-07-01 18:00:18 - INFO - epoch:3/25 iteration:240/459 batch loss is :0.3175
2025-07-01 18:00:37 - INFO - epoch:3/25 iteration:245/459 batch loss is :0.3673
2025-07-01 18:00:57 - INFO - epoch:3/25 iteration:250/459 batch loss is :0.4231
2025-07-01 18:01:16 - INFO - epoch:3/25 iteration:255/459 batch loss is :0.2985
2025-07-01 18:01:36 - INFO - epoch:3/25 iteration:260/459 batch loss is :0.4660
2025-07-01 18:01:55 - INFO - epoch:3/25 iteration:265/459 batch loss is :0.3309
2025-07-01 18:02:15 - INFO - epoch:3/25 iteration:270/459 batch loss is :0.3052
2025-07-01 18:02:34 - INFO - epoch:3/25 iteration:275/459 batch loss is :0.5572
2025-07-01 18:02:54 - INFO - epoch:3/25 iteration:280/459 batch loss is :0.3086
2025-07-01 18:03:13 - INFO - epoch:3/25 iteration:285/459 batch loss is :0.4065
2025-07-01 18:03:33 - INFO - epoch:3/25 iteration:290/459 batch loss is :0.3132
2025-07-01 18:03:52 - INFO - epoch:3/25 iteration:295/459 batch loss is :0.3177
2025-07-01 18:04:12 - INFO - epoch:3/25 iteration:300/459 batch loss is :0.2910
2025-07-01 18:04:31 - INFO - epoch:3/25 iteration:305/459 batch loss is :0.4098
2025-07-01 18:04:50 - INFO - epoch:3/25 iteration:310/459 batch loss is :0.4868
2025-07-01 18:05:10 - INFO - epoch:3/25 iteration:315/459 batch loss is :0.3371
2025-07-01 18:05:29 - INFO - epoch:3/25 iteration:320/459 batch loss is :0.2732
2025-07-01 18:05:49 - INFO - epoch:3/25 iteration:325/459 batch loss is :0.2310
2025-07-01 18:06:09 - INFO - epoch:3/25 iteration:330/459 batch loss is :0.4520
2025-07-01 18:06:28 - INFO - epoch:3/25 iteration:335/459 batch loss is :0.4858
2025-07-01 18:06:47 - INFO - epoch:3/25 iteration:340/459 batch loss is :0.3281
2025-07-01 18:07:07 - INFO - epoch:3/25 iteration:345/459 batch loss is :0.2668
2025-07-01 18:07:26 - INFO - epoch:3/25 iteration:350/459 batch loss is :0.4103
2025-07-01 18:07:46 - INFO - epoch:3/25 iteration:355/459 batch loss is :0.4446
2025-07-01 18:08:05 - INFO - epoch:3/25 iteration:360/459 batch loss is :0.7209
2025-07-01 18:08:25 - INFO - epoch:3/25 iteration:365/459 batch loss is :0.4008
2025-07-01 18:08:44 - INFO - epoch:3/25 iteration:370/459 batch loss is :0.4140
2025-07-01 18:09:04 - INFO - epoch:3/25 iteration:375/459 batch loss is :0.4879
2025-07-01 18:09:24 - INFO - epoch:3/25 iteration:380/459 batch loss is :0.4898
2025-07-01 18:09:43 - INFO - epoch:3/25 iteration:385/459 batch loss is :0.4427
2025-07-01 18:10:03 - INFO - epoch:3/25 iteration:390/459 batch loss is :0.3440
2025-07-01 18:10:22 - INFO - epoch:3/25 iteration:395/459 batch loss is :0.4458
2025-07-01 18:10:42 - INFO - epoch:3/25 iteration:400/459 batch loss is :0.2782
2025-07-01 18:11:01 - INFO - epoch:3/25 iteration:405/459 batch loss is :0.3237
2025-07-01 18:11:21 - INFO - epoch:3/25 iteration:410/459 batch loss is :0.4464
2025-07-01 18:11:40 - INFO - epoch:3/25 iteration:415/459 batch loss is :0.4013
2025-07-01 18:12:00 - INFO - epoch:3/25 iteration:420/459 batch loss is :0.4943
2025-07-01 18:12:19 - INFO - epoch:3/25 iteration:425/459 batch loss is :0.3822
2025-07-01 18:12:38 - INFO - epoch:3/25 iteration:430/459 batch loss is :0.3607
2025-07-01 18:12:56 - INFO - epoch:3/25 iteration:435/459 batch loss is :0.2179
2025-07-01 18:13:14 - INFO - epoch:3/25 iteration:440/459 batch loss is :0.2390
2025-07-01 18:13:32 - INFO - epoch:3/25 iteration:445/459 batch loss is :0.4025
2025-07-01 18:13:50 - INFO - epoch:3/25 iteration:450/459 batch loss is :1.1354
2025-07-01 18:14:07 - INFO - epoch:3/25 iteration:455/459 batch loss is :0.4293
2025-07-01 18:14:19 - INFO - Epoch:3/25 Loss is :0.3962
2025-07-01 18:17:13 - INFO - epoch:4/25 iteration:0/459 batch loss is :0.3894
2025-07-01 18:17:34 - INFO - epoch:4/25 iteration:5/459 batch loss is :0.5418
2025-07-01 18:17:55 - INFO - epoch:4/25 iteration:10/459 batch loss is :0.2435
2025-07-01 18:18:16 - INFO - epoch:4/25 iteration:15/459 batch loss is :0.3542
2025-07-01 18:18:36 - INFO - epoch:4/25 iteration:20/459 batch loss is :0.4463
2025-07-01 18:18:56 - INFO - epoch:4/25 iteration:25/459 batch loss is :0.4194
2025-07-01 18:19:15 - INFO - epoch:4/25 iteration:30/459 batch loss is :0.2874
2025-07-01 18:19:35 - INFO - epoch:4/25 iteration:35/459 batch loss is :0.2645
2025-07-01 18:19:55 - INFO - epoch:4/25 iteration:40/459 batch loss is :0.2302
2025-07-01 18:20:14 - INFO - epoch:4/25 iteration:45/459 batch loss is :0.3194
2025-07-01 18:20:33 - INFO - epoch:4/25 iteration:50/459 batch loss is :0.3720
2025-07-01 18:20:53 - INFO - epoch:4/25 iteration:55/459 batch loss is :0.3009
2025-07-01 18:21:12 - INFO - epoch:4/25 iteration:60/459 batch loss is :0.4522
2025-07-01 18:21:32 - INFO - epoch:4/25 iteration:65/459 batch loss is :0.2579
2025-07-01 18:21:51 - INFO - epoch:4/25 iteration:70/459 batch loss is :0.4162
2025-07-01 18:22:10 - INFO - epoch:4/25 iteration:75/459 batch loss is :0.4969
2025-07-01 18:22:29 - INFO - epoch:4/25 iteration:80/459 batch loss is :0.3211
2025-07-01 18:22:49 - INFO - epoch:4/25 iteration:85/459 batch loss is :0.3469
2025-07-01 18:23:08 - INFO - epoch:4/25 iteration:90/459 batch loss is :0.3298
2025-07-01 18:23:28 - INFO - epoch:4/25 iteration:95/459 batch loss is :0.2572
2025-07-01 18:23:47 - INFO - epoch:4/25 iteration:100/459 batch loss is :0.2882
2025-07-01 18:24:07 - INFO - epoch:4/25 iteration:105/459 batch loss is :0.3263
2025-07-01 18:24:26 - INFO - epoch:4/25 iteration:110/459 batch loss is :0.2767
2025-07-01 18:24:46 - INFO - epoch:4/25 iteration:115/459 batch loss is :0.2534
2025-07-01 18:25:05 - INFO - epoch:4/25 iteration:120/459 batch loss is :0.2245
2025-07-01 18:25:25 - INFO - epoch:4/25 iteration:125/459 batch loss is :0.3455
2025-07-01 18:25:44 - INFO - epoch:4/25 iteration:130/459 batch loss is :0.2630
2025-07-01 18:26:04 - INFO - epoch:4/25 iteration:135/459 batch loss is :0.3552
2025-07-01 18:26:23 - INFO - epoch:4/25 iteration:140/459 batch loss is :0.2658
2025-07-01 18:26:42 - INFO - epoch:4/25 iteration:145/459 batch loss is :0.3857
2025-07-01 18:27:02 - INFO - epoch:4/25 iteration:150/459 batch loss is :0.3506
2025-07-01 18:27:21 - INFO - epoch:4/25 iteration:155/459 batch loss is :0.3959
2025-07-01 18:27:41 - INFO - epoch:4/25 iteration:160/459 batch loss is :0.4324
2025-07-01 18:28:00 - INFO - epoch:4/25 iteration:165/459 batch loss is :0.4027
2025-07-01 18:28:20 - INFO - epoch:4/25 iteration:170/459 batch loss is :0.2587
2025-07-01 18:28:39 - INFO - epoch:4/25 iteration:175/459 batch loss is :0.2811
2025-07-01 18:28:59 - INFO - epoch:4/25 iteration:180/459 batch loss is :0.4587
2025-07-01 18:29:18 - INFO - epoch:4/25 iteration:185/459 batch loss is :0.5472
2025-07-01 18:29:38 - INFO - epoch:4/25 iteration:190/459 batch loss is :0.2636
2025-07-01 18:29:57 - INFO - epoch:4/25 iteration:195/459 batch loss is :0.3373
2025-07-01 18:30:16 - INFO - epoch:4/25 iteration:200/459 batch loss is :0.3750
2025-07-01 18:30:36 - INFO - epoch:4/25 iteration:205/459 batch loss is :0.3357
2025-07-01 18:30:55 - INFO - epoch:4/25 iteration:210/459 batch loss is :0.4169
2025-07-01 18:31:15 - INFO - epoch:4/25 iteration:215/459 batch loss is :0.2912
2025-07-01 18:31:34 - INFO - epoch:4/25 iteration:220/459 batch loss is :0.4155
2025-07-01 18:31:54 - INFO - epoch:4/25 iteration:225/459 batch loss is :0.5214
2025-07-01 18:32:14 - INFO - epoch:4/25 iteration:230/459 batch loss is :0.2876
2025-07-01 18:32:33 - INFO - epoch:4/25 iteration:235/459 batch loss is :0.3686
2025-07-01 18:32:52 - INFO - epoch:4/25 iteration:240/459 batch loss is :0.3222
2025-07-01 18:33:12 - INFO - epoch:4/25 iteration:245/459 batch loss is :0.5625
2025-07-01 18:33:31 - INFO - epoch:4/25 iteration:250/459 batch loss is :0.3402
2025-07-01 18:33:51 - INFO - epoch:4/25 iteration:255/459 batch loss is :0.4074
2025-07-01 18:34:10 - INFO - epoch:4/25 iteration:260/459 batch loss is :0.3545
2025-07-01 18:34:30 - INFO - epoch:4/25 iteration:265/459 batch loss is :0.3182
2025-07-01 18:34:49 - INFO - epoch:4/25 iteration:270/459 batch loss is :0.3285
2025-07-01 18:35:09 - INFO - epoch:4/25 iteration:275/459 batch loss is :0.2779
2025-07-01 18:35:28 - INFO - epoch:4/25 iteration:280/459 batch loss is :0.4169
2025-07-01 18:35:48 - INFO - epoch:4/25 iteration:285/459 batch loss is :0.3731
2025-07-01 18:36:07 - INFO - epoch:4/25 iteration:290/459 batch loss is :0.4534
2025-07-01 18:36:26 - INFO - epoch:4/25 iteration:295/459 batch loss is :0.2566
2025-07-01 18:36:46 - INFO - epoch:4/25 iteration:300/459 batch loss is :0.4394
2025-07-01 18:37:05 - INFO - epoch:4/25 iteration:305/459 batch loss is :0.4165
2025-07-01 18:37:25 - INFO - epoch:4/25 iteration:310/459 batch loss is :0.4577
2025-07-01 18:37:45 - INFO - epoch:4/25 iteration:315/459 batch loss is :0.3204
2025-07-01 18:38:04 - INFO - epoch:4/25 iteration:320/459 batch loss is :0.2830
2025-07-01 18:38:24 - INFO - epoch:4/25 iteration:325/459 batch loss is :0.2990
2025-07-01 18:38:43 - INFO - epoch:4/25 iteration:330/459 batch loss is :0.2878
2025-07-01 18:39:02 - INFO - epoch:4/25 iteration:335/459 batch loss is :0.2774
2025-07-01 18:39:22 - INFO - epoch:4/25 iteration:340/459 batch loss is :0.4670
2025-07-01 18:39:42 - INFO - epoch:4/25 iteration:345/459 batch loss is :0.3522
2025-07-01 18:40:01 - INFO - epoch:4/25 iteration:350/459 batch loss is :0.5537
2025-07-01 18:40:21 - INFO - epoch:4/25 iteration:355/459 batch loss is :0.4865
2025-07-01 18:40:40 - INFO - epoch:4/25 iteration:360/459 batch loss is :0.4344
2025-07-01 18:41:00 - INFO - epoch:4/25 iteration:365/459 batch loss is :0.3257
2025-07-01 18:41:19 - INFO - epoch:4/25 iteration:370/459 batch loss is :0.5294
2025-07-01 18:41:38 - INFO - epoch:4/25 iteration:375/459 batch loss is :0.2318
2025-07-01 18:41:58 - INFO - epoch:4/25 iteration:380/459 batch loss is :0.4744
2025-07-01 18:42:18 - INFO - epoch:4/25 iteration:385/459 batch loss is :0.3974
2025-07-01 18:42:37 - INFO - epoch:4/25 iteration:390/459 batch loss is :0.2529
2025-07-01 18:42:56 - INFO - epoch:4/25 iteration:395/459 batch loss is :0.4489
2025-07-01 18:43:15 - INFO - epoch:4/25 iteration:400/459 batch loss is :0.3956
2025-07-01 18:43:35 - INFO - epoch:4/25 iteration:405/459 batch loss is :0.3498
2025-07-01 18:43:54 - INFO - epoch:4/25 iteration:410/459 batch loss is :0.9826
2025-07-01 18:44:14 - INFO - epoch:4/25 iteration:415/459 batch loss is :0.7406
2025-07-01 18:44:33 - INFO - epoch:4/25 iteration:420/459 batch loss is :0.2787
2025-07-01 18:44:53 - INFO - epoch:4/25 iteration:425/459 batch loss is :0.3845
2025-07-01 18:45:12 - INFO - epoch:4/25 iteration:430/459 batch loss is :0.3101
2025-07-01 18:45:31 - INFO - epoch:4/25 iteration:435/459 batch loss is :0.2448
2025-07-01 18:45:48 - INFO - epoch:4/25 iteration:440/459 batch loss is :0.1854
2025-07-01 18:46:06 - INFO - epoch:4/25 iteration:445/459 batch loss is :0.2311
2025-07-01 18:46:24 - INFO - epoch:4/25 iteration:450/459 batch loss is :0.2719
2025-07-01 18:46:42 - INFO - epoch:4/25 iteration:455/459 batch loss is :0.3049
2025-07-01 18:46:55 - INFO - Epoch:4/25 Loss is :0.3626
2025-07-01 18:49:44 - INFO - epoch:5/25 iteration:0/459 batch loss is :0.3555
2025-07-01 18:50:09 - INFO - epoch:5/25 iteration:5/459 batch loss is :0.3065
2025-07-01 18:50:29 - INFO - epoch:5/25 iteration:10/459 batch loss is :0.2693
2025-07-01 18:50:50 - INFO - epoch:5/25 iteration:15/459 batch loss is :0.3658
2025-07-01 18:51:11 - INFO - epoch:5/25 iteration:20/459 batch loss is :0.2413
2025-07-01 18:51:30 - INFO - epoch:5/25 iteration:25/459 batch loss is :0.2775
2025-07-01 18:51:50 - INFO - epoch:5/25 iteration:30/459 batch loss is :0.3675
2025-07-01 18:52:10 - INFO - epoch:5/25 iteration:35/459 batch loss is :0.3619
2025-07-01 18:52:29 - INFO - epoch:5/25 iteration:40/459 batch loss is :0.2658
2025-07-01 18:52:49 - INFO - epoch:5/25 iteration:45/459 batch loss is :0.4416
2025-07-01 18:53:08 - INFO - epoch:5/25 iteration:50/459 batch loss is :0.2783
2025-07-01 18:53:27 - INFO - epoch:5/25 iteration:55/459 batch loss is :0.3221
2025-07-01 18:53:47 - INFO - epoch:5/25 iteration:60/459 batch loss is :0.3517
2025-07-01 18:54:06 - INFO - epoch:5/25 iteration:65/459 batch loss is :0.2792
2025-07-01 18:54:26 - INFO - epoch:5/25 iteration:70/459 batch loss is :0.2628
2025-07-01 18:54:46 - INFO - epoch:5/25 iteration:75/459 batch loss is :0.2753
2025-07-01 18:55:05 - INFO - epoch:5/25 iteration:80/459 batch loss is :0.3594
2025-07-01 18:55:25 - INFO - epoch:5/25 iteration:85/459 batch loss is :0.3270
2025-07-01 18:55:45 - INFO - epoch:5/25 iteration:90/459 batch loss is :0.2414
2025-07-01 18:56:04 - INFO - epoch:5/25 iteration:95/459 batch loss is :0.5150
2025-07-01 18:56:25 - INFO - epoch:5/25 iteration:100/459 batch loss is :0.3270
2025-07-01 18:56:44 - INFO - epoch:5/25 iteration:105/459 batch loss is :0.2290
2025-07-01 18:57:04 - INFO - epoch:5/25 iteration:110/459 batch loss is :0.2892
2025-07-01 18:57:23 - INFO - epoch:5/25 iteration:115/459 batch loss is :0.3740
2025-07-01 18:57:43 - INFO - epoch:5/25 iteration:120/459 batch loss is :0.5047
2025-07-01 18:58:02 - INFO - epoch:5/25 iteration:125/459 batch loss is :0.2667
2025-07-01 18:58:22 - INFO - epoch:5/25 iteration:130/459 batch loss is :0.3427
2025-07-01 18:58:41 - INFO - epoch:5/25 iteration:135/459 batch loss is :0.3279
2025-07-01 18:59:00 - INFO - epoch:5/25 iteration:140/459 batch loss is :0.3256
2025-07-01 18:59:20 - INFO - epoch:5/25 iteration:145/459 batch loss is :0.2653
2025-07-01 18:59:39 - INFO - epoch:5/25 iteration:150/459 batch loss is :0.2991
2025-07-01 18:59:58 - INFO - epoch:5/25 iteration:155/459 batch loss is :0.2293
2025-07-01 19:00:18 - INFO - epoch:5/25 iteration:160/459 batch loss is :0.3486
2025-07-01 19:00:37 - INFO - epoch:5/25 iteration:165/459 batch loss is :0.2364
2025-07-01 19:00:57 - INFO - epoch:5/25 iteration:170/459 batch loss is :0.4449
2025-07-01 19:01:16 - INFO - epoch:5/25 iteration:175/459 batch loss is :0.3281
2025-07-01 19:01:35 - INFO - epoch:5/25 iteration:180/459 batch loss is :0.6153
2025-07-01 19:01:55 - INFO - epoch:5/25 iteration:185/459 batch loss is :0.4202
2025-07-01 19:02:14 - INFO - epoch:5/25 iteration:190/459 batch loss is :0.3934
2025-07-01 19:02:34 - INFO - epoch:5/25 iteration:195/459 batch loss is :0.3359
2025-07-01 19:02:54 - INFO - epoch:5/25 iteration:200/459 batch loss is :0.2902
2025-07-01 19:03:13 - INFO - epoch:5/25 iteration:205/459 batch loss is :0.2858
2025-07-01 19:03:32 - INFO - epoch:5/25 iteration:210/459 batch loss is :0.3146
2025-07-01 19:03:52 - INFO - epoch:5/25 iteration:215/459 batch loss is :0.6552
2025-07-01 19:04:11 - INFO - epoch:5/25 iteration:220/459 batch loss is :0.2688
2025-07-01 19:04:31 - INFO - epoch:5/25 iteration:225/459 batch loss is :0.3956
2025-07-01 19:04:50 - INFO - epoch:5/25 iteration:230/459 batch loss is :0.2411
2025-07-01 19:05:10 - INFO - epoch:5/25 iteration:235/459 batch loss is :0.5675
2025-07-01 19:05:29 - INFO - epoch:5/25 iteration:240/459 batch loss is :0.3578
2025-07-01 19:05:48 - INFO - epoch:5/25 iteration:245/459 batch loss is :0.2800
2025-07-01 19:06:08 - INFO - epoch:5/25 iteration:250/459 batch loss is :0.3592
2025-07-01 19:06:27 - INFO - epoch:5/25 iteration:255/459 batch loss is :0.2190
2025-07-01 19:06:47 - INFO - epoch:5/25 iteration:260/459 batch loss is :0.4586
2025-07-01 19:07:06 - INFO - epoch:5/25 iteration:265/459 batch loss is :0.3232
2025-07-01 19:07:26 - INFO - epoch:5/25 iteration:270/459 batch loss is :0.2428
2025-07-01 19:07:45 - INFO - epoch:5/25 iteration:275/459 batch loss is :0.5135
2025-07-01 19:08:05 - INFO - epoch:5/25 iteration:280/459 batch loss is :0.3165
2025-07-01 19:08:24 - INFO - epoch:5/25 iteration:285/459 batch loss is :0.2374
2025-07-01 19:08:43 - INFO - epoch:5/25 iteration:290/459 batch loss is :0.4528
2025-07-01 19:09:03 - INFO - epoch:5/25 iteration:295/459 batch loss is :0.2404
2025-07-01 19:09:23 - INFO - epoch:5/25 iteration:300/459 batch loss is :0.3885
2025-07-01 19:09:42 - INFO - epoch:5/25 iteration:305/459 batch loss is :0.2847
2025-07-01 19:10:02 - INFO - epoch:5/25 iteration:310/459 batch loss is :0.2093
2025-07-01 19:10:21 - INFO - epoch:5/25 iteration:315/459 batch loss is :0.3822
2025-07-01 19:10:41 - INFO - epoch:5/25 iteration:320/459 batch loss is :0.4342
2025-07-01 19:11:00 - INFO - epoch:5/25 iteration:325/459 batch loss is :0.2463
2025-07-01 19:11:20 - INFO - epoch:5/25 iteration:330/459 batch loss is :0.3286
2025-07-01 19:11:39 - INFO - epoch:5/25 iteration:335/459 batch loss is :0.2057
2025-07-01 19:11:59 - INFO - epoch:5/25 iteration:340/459 batch loss is :0.2791
2025-07-01 19:12:19 - INFO - epoch:5/25 iteration:345/459 batch loss is :0.3654
2025-07-01 19:12:38 - INFO - epoch:5/25 iteration:350/459 batch loss is :0.1861
2025-07-01 19:12:57 - INFO - epoch:5/25 iteration:355/459 batch loss is :0.4845
2025-07-01 19:13:17 - INFO - epoch:5/25 iteration:360/459 batch loss is :0.3312
2025-07-01 19:13:36 - INFO - epoch:5/25 iteration:365/459 batch loss is :0.3609
2025-07-01 19:13:56 - INFO - epoch:5/25 iteration:370/459 batch loss is :0.3390
2025-07-01 19:14:15 - INFO - epoch:5/25 iteration:375/459 batch loss is :0.3529
2025-07-01 19:14:35 - INFO - epoch:5/25 iteration:380/459 batch loss is :0.3390
2025-07-01 19:14:54 - INFO - epoch:5/25 iteration:385/459 batch loss is :0.2952
2025-07-01 19:15:13 - INFO - epoch:5/25 iteration:390/459 batch loss is :0.3366
2025-07-01 19:15:33 - INFO - epoch:5/25 iteration:395/459 batch loss is :0.2305
2025-07-01 19:15:52 - INFO - epoch:5/25 iteration:400/459 batch loss is :0.3891
2025-07-01 19:16:12 - INFO - epoch:5/25 iteration:405/459 batch loss is :0.1613
2025-07-01 19:16:31 - INFO - epoch:5/25 iteration:410/459 batch loss is :0.4185
2025-07-01 19:16:51 - INFO - epoch:5/25 iteration:415/459 batch loss is :0.4318
2025-07-01 19:17:10 - INFO - epoch:5/25 iteration:420/459 batch loss is :0.2730
2025-07-01 19:17:30 - INFO - epoch:5/25 iteration:425/459 batch loss is :0.3541
2025-07-01 19:17:49 - INFO - epoch:5/25 iteration:430/459 batch loss is :0.3915
2025-07-01 19:18:07 - INFO - epoch:5/25 iteration:435/459 batch loss is :0.4435
2025-07-01 19:18:25 - INFO - epoch:5/25 iteration:440/459 batch loss is :0.3826
2025-07-01 19:18:43 - INFO - epoch:5/25 iteration:445/459 batch loss is :0.4385
2025-07-01 19:19:01 - INFO - epoch:5/25 iteration:450/459 batch loss is :0.3388
2025-07-01 19:19:19 - INFO - epoch:5/25 iteration:455/459 batch loss is :0.2600
2025-07-01 19:19:30 - INFO - Epoch:5/25 Loss is :0.3399
2025-07-01 19:28:47 - INFO - VAL loss :0.7481
2025-07-01 19:31:39 - INFO - epoch:6/25 iteration:0/459 batch loss is :0.3421
2025-07-01 19:32:00 - INFO - epoch:6/25 iteration:5/459 batch loss is :0.3482
2025-07-01 19:32:21 - INFO - epoch:6/25 iteration:10/459 batch loss is :0.3684
2025-07-01 19:32:42 - INFO - epoch:6/25 iteration:15/459 batch loss is :0.3007
2025-07-01 19:33:03 - INFO - epoch:6/25 iteration:20/459 batch loss is :0.2145
2025-07-01 19:33:23 - INFO - epoch:6/25 iteration:25/459 batch loss is :0.4242
2025-07-01 19:33:44 - INFO - epoch:6/25 iteration:30/459 batch loss is :0.3314
2025-07-01 19:34:04 - INFO - epoch:6/25 iteration:35/459 batch loss is :0.2487
2025-07-01 19:34:24 - INFO - epoch:6/25 iteration:40/459 batch loss is :0.2615
2025-07-01 19:34:43 - INFO - epoch:6/25 iteration:45/459 batch loss is :0.3810
2025-07-01 19:35:03 - INFO - epoch:6/25 iteration:50/459 batch loss is :0.3209
2025-07-01 19:35:22 - INFO - epoch:6/25 iteration:55/459 batch loss is :0.3134
2025-07-01 19:35:42 - INFO - epoch:6/25 iteration:60/459 batch loss is :0.3210
2025-07-01 19:36:01 - INFO - epoch:6/25 iteration:65/459 batch loss is :0.2846
2025-07-01 19:36:21 - INFO - epoch:6/25 iteration:70/459 batch loss is :0.2865
2025-07-01 19:36:40 - INFO - epoch:6/25 iteration:75/459 batch loss is :0.1849
2025-07-01 19:36:59 - INFO - epoch:6/25 iteration:80/459 batch loss is :0.2503
2025-07-01 19:37:19 - INFO - epoch:6/25 iteration:85/459 batch loss is :0.2489
2025-07-01 19:37:38 - INFO - epoch:6/25 iteration:90/459 batch loss is :0.3739
2025-07-01 19:37:58 - INFO - epoch:6/25 iteration:95/459 batch loss is :0.6501
2025-07-01 19:38:18 - INFO - epoch:6/25 iteration:100/459 batch loss is :0.4542
2025-07-01 19:38:37 - INFO - epoch:6/25 iteration:105/459 batch loss is :0.2994
2025-07-01 19:38:57 - INFO - epoch:6/25 iteration:110/459 batch loss is :0.4325
2025-07-01 19:39:16 - INFO - epoch:6/25 iteration:115/459 batch loss is :0.3367
2025-07-01 19:39:36 - INFO - epoch:6/25 iteration:120/459 batch loss is :0.3070
2025-07-01 19:39:55 - INFO - epoch:6/25 iteration:125/459 batch loss is :0.2475
2025-07-01 19:40:15 - INFO - epoch:6/25 iteration:130/459 batch loss is :0.2724
2025-07-01 19:40:34 - INFO - epoch:6/25 iteration:135/459 batch loss is :0.3057
2025-07-01 19:40:54 - INFO - epoch:6/25 iteration:140/459 batch loss is :0.5285
2025-07-01 19:41:13 - INFO - epoch:6/25 iteration:145/459 batch loss is :0.3479
2025-07-01 19:41:33 - INFO - epoch:6/25 iteration:150/459 batch loss is :0.4685
2025-07-01 19:41:52 - INFO - epoch:6/25 iteration:155/459 batch loss is :0.3232
2025-07-01 19:42:12 - INFO - epoch:6/25 iteration:160/459 batch loss is :0.3597
2025-07-01 19:42:32 - INFO - epoch:6/25 iteration:165/459 batch loss is :0.1989
2025-07-01 19:42:51 - INFO - epoch:6/25 iteration:170/459 batch loss is :0.2235
2025-07-01 19:43:11 - INFO - epoch:6/25 iteration:175/459 batch loss is :0.4482
2025-07-01 19:43:30 - INFO - epoch:6/25 iteration:180/459 batch loss is :0.4116
2025-07-01 19:43:50 - INFO - epoch:6/25 iteration:185/459 batch loss is :0.2621
2025-07-01 19:44:09 - INFO - epoch:6/25 iteration:190/459 batch loss is :0.4447
2025-07-01 19:44:29 - INFO - epoch:6/25 iteration:195/459 batch loss is :0.1917
2025-07-01 19:44:48 - INFO - epoch:6/25 iteration:200/459 batch loss is :0.7214
2025-07-01 19:45:07 - INFO - epoch:6/25 iteration:205/459 batch loss is :0.2562
2025-07-01 19:45:27 - INFO - epoch:6/25 iteration:210/459 batch loss is :0.4062
2025-07-01 19:45:46 - INFO - epoch:6/25 iteration:215/459 batch loss is :0.2595
2025-07-01 19:46:06 - INFO - epoch:6/25 iteration:220/459 batch loss is :0.3912
2025-07-01 19:46:25 - INFO - epoch:6/25 iteration:225/459 batch loss is :0.2460
2025-07-01 19:46:45 - INFO - epoch:6/25 iteration:230/459 batch loss is :0.3551
2025-07-01 19:47:04 - INFO - epoch:6/25 iteration:235/459 batch loss is :0.2873
2025-07-01 19:47:24 - INFO - epoch:6/25 iteration:240/459 batch loss is :0.2628
2025-07-01 19:47:43 - INFO - epoch:6/25 iteration:245/459 batch loss is :0.5443
2025-07-01 19:48:03 - INFO - epoch:6/25 iteration:250/459 batch loss is :0.2366
2025-07-01 19:48:22 - INFO - epoch:6/25 iteration:255/459 batch loss is :0.3976
2025-07-01 19:48:42 - INFO - epoch:6/25 iteration:260/459 batch loss is :0.2723
2025-07-01 19:49:01 - INFO - epoch:6/25 iteration:265/459 batch loss is :0.4344
2025-07-01 19:49:21 - INFO - epoch:6/25 iteration:270/459 batch loss is :0.2998
2025-07-01 19:49:40 - INFO - epoch:6/25 iteration:275/459 batch loss is :0.2672
2025-07-01 19:50:00 - INFO - epoch:6/25 iteration:280/459 batch loss is :0.2139
2025-07-01 19:50:19 - INFO - epoch:6/25 iteration:285/459 batch loss is :0.3427
2025-07-01 19:50:39 - INFO - epoch:6/25 iteration:290/459 batch loss is :0.2884
2025-07-01 19:50:59 - INFO - epoch:6/25 iteration:295/459 batch loss is :0.3747
2025-07-01 19:51:18 - INFO - epoch:6/25 iteration:300/459 batch loss is :0.3425
2025-07-01 19:51:37 - INFO - epoch:6/25 iteration:305/459 batch loss is :0.2445
2025-07-01 19:51:57 - INFO - epoch:6/25 iteration:310/459 batch loss is :0.2117
2025-07-01 19:52:16 - INFO - epoch:6/25 iteration:315/459 batch loss is :0.4061
2025-07-01 19:52:36 - INFO - epoch:6/25 iteration:320/459 batch loss is :0.2890
2025-07-01 19:52:56 - INFO - epoch:6/25 iteration:325/459 batch loss is :0.2090
2025-07-01 19:53:15 - INFO - epoch:6/25 iteration:330/459 batch loss is :0.2162
2025-07-01 19:53:34 - INFO - epoch:6/25 iteration:335/459 batch loss is :0.3153
2025-07-01 19:53:54 - INFO - epoch:6/25 iteration:340/459 batch loss is :0.2053
2025-07-01 19:54:13 - INFO - epoch:6/25 iteration:345/459 batch loss is :0.2558
2025-07-01 19:54:33 - INFO - epoch:6/25 iteration:350/459 batch loss is :0.2442
2025-07-01 19:54:52 - INFO - epoch:6/25 iteration:355/459 batch loss is :0.3152
2025-07-01 19:55:12 - INFO - epoch:6/25 iteration:360/459 batch loss is :0.3602
2025-07-01 19:55:31 - INFO - epoch:6/25 iteration:365/459 batch loss is :0.3489
2025-07-01 19:55:51 - INFO - epoch:6/25 iteration:370/459 batch loss is :0.5272
2025-07-01 19:56:10 - INFO - epoch:6/25 iteration:375/459 batch loss is :0.3498
2025-07-01 19:56:30 - INFO - epoch:6/25 iteration:380/459 batch loss is :0.3433
2025-07-01 19:56:49 - INFO - epoch:6/25 iteration:385/459 batch loss is :0.4387
2025-07-01 19:57:09 - INFO - epoch:6/25 iteration:390/459 batch loss is :0.5602
2025-07-01 19:57:29 - INFO - epoch:6/25 iteration:395/459 batch loss is :0.3620
2025-07-01 19:57:49 - INFO - epoch:6/25 iteration:400/459 batch loss is :0.4701
2025-07-01 19:58:08 - INFO - epoch:6/25 iteration:405/459 batch loss is :0.3802
2025-07-01 19:58:28 - INFO - epoch:6/25 iteration:410/459 batch loss is :0.3281
2025-07-01 19:58:48 - INFO - epoch:6/25 iteration:415/459 batch loss is :0.2947
2025-07-01 19:59:07 - INFO - epoch:6/25 iteration:420/459 batch loss is :0.3952
2025-07-01 19:59:27 - INFO - epoch:6/25 iteration:425/459 batch loss is :0.2874
2025-07-01 19:59:47 - INFO - epoch:6/25 iteration:430/459 batch loss is :0.2465
2025-07-01 20:00:05 - INFO - epoch:6/25 iteration:435/459 batch loss is :0.4798
2025-07-01 20:00:22 - INFO - epoch:6/25 iteration:440/459 batch loss is :0.4073
2025-07-01 20:00:40 - INFO - epoch:6/25 iteration:445/459 batch loss is :0.5248
2025-07-01 20:00:58 - INFO - epoch:6/25 iteration:450/459 batch loss is :0.3423
2025-07-01 20:01:16 - INFO - epoch:6/25 iteration:455/459 batch loss is :0.5015
2025-07-01 20:01:27 - INFO - Epoch:6/25 Loss is :0.3383
2025-07-01 20:04:18 - INFO - epoch:7/25 iteration:0/459 batch loss is :0.4137
2025-07-01 20:04:41 - INFO - epoch:7/25 iteration:5/459 batch loss is :0.3217
2025-07-01 20:05:02 - INFO - epoch:7/25 iteration:10/459 batch loss is :0.2926
2025-07-01 20:05:23 - INFO - epoch:7/25 iteration:15/459 batch loss is :0.2182
2025-07-01 20:05:42 - INFO - epoch:7/25 iteration:20/459 batch loss is :0.5627
2025-07-01 20:06:01 - INFO - epoch:7/25 iteration:25/459 batch loss is :0.3921
2025-07-01 20:06:20 - INFO - epoch:7/25 iteration:30/459 batch loss is :0.3682
2025-07-01 20:06:40 - INFO - epoch:7/25 iteration:35/459 batch loss is :0.3101
2025-07-01 20:06:59 - INFO - epoch:7/25 iteration:40/459 batch loss is :0.3984
2025-07-01 20:07:18 - INFO - epoch:7/25 iteration:45/459 batch loss is :0.5579
2025-07-01 20:07:37 - INFO - epoch:7/25 iteration:50/459 batch loss is :0.2735
2025-07-01 20:07:56 - INFO - epoch:7/25 iteration:55/459 batch loss is :0.3198
2025-07-01 20:08:15 - INFO - epoch:7/25 iteration:60/459 batch loss is :0.2995
2025-07-01 20:08:35 - INFO - epoch:7/25 iteration:65/459 batch loss is :0.3309
2025-07-01 20:08:54 - INFO - epoch:7/25 iteration:70/459 batch loss is :0.2839
2025-07-01 20:09:14 - INFO - epoch:7/25 iteration:75/459 batch loss is :0.6151
2025-07-01 20:09:33 - INFO - epoch:7/25 iteration:80/459 batch loss is :0.2162
2025-07-01 20:09:53 - INFO - epoch:7/25 iteration:85/459 batch loss is :0.3046
2025-07-01 20:10:12 - INFO - epoch:7/25 iteration:90/459 batch loss is :0.2602
2025-07-01 20:10:32 - INFO - epoch:7/25 iteration:95/459 batch loss is :0.2612
2025-07-01 20:10:51 - INFO - epoch:7/25 iteration:100/459 batch loss is :0.3136
2025-07-01 20:11:11 - INFO - epoch:7/25 iteration:105/459 batch loss is :0.4036
2025-07-01 20:11:30 - INFO - epoch:7/25 iteration:110/459 batch loss is :0.2591
2025-07-01 20:11:50 - INFO - epoch:7/25 iteration:115/459 batch loss is :0.3270
2025-07-01 20:12:09 - INFO - epoch:7/25 iteration:120/459 batch loss is :0.4455
2025-07-01 20:12:29 - INFO - epoch:7/25 iteration:125/459 batch loss is :0.2765
2025-07-01 20:12:48 - INFO - epoch:7/25 iteration:130/459 batch loss is :0.2356
2025-07-01 20:13:08 - INFO - epoch:7/25 iteration:135/459 batch loss is :0.2899
2025-07-01 20:13:28 - INFO - epoch:7/25 iteration:140/459 batch loss is :0.2725
2025-07-01 20:13:48 - INFO - epoch:7/25 iteration:145/459 batch loss is :0.3445
2025-07-01 20:14:07 - INFO - epoch:7/25 iteration:150/459 batch loss is :0.2795
2025-07-01 20:14:26 - INFO - epoch:7/25 iteration:155/459 batch loss is :0.2197
2025-07-01 20:14:46 - INFO - epoch:7/25 iteration:160/459 batch loss is :0.3282
2025-07-01 20:15:05 - INFO - epoch:7/25 iteration:165/459 batch loss is :0.3564
2025-07-01 20:15:25 - INFO - epoch:7/25 iteration:170/459 batch loss is :0.2245
2025-07-01 20:15:45 - INFO - epoch:7/25 iteration:175/459 batch loss is :0.2908
2025-07-01 20:16:04 - INFO - epoch:7/25 iteration:180/459 batch loss is :0.2448
2025-07-01 20:16:24 - INFO - epoch:7/25 iteration:185/459 batch loss is :0.2775
2025-07-01 20:16:43 - INFO - epoch:7/25 iteration:190/459 batch loss is :0.3891
2025-07-01 20:17:03 - INFO - epoch:7/25 iteration:195/459 batch loss is :0.3281
2025-07-01 20:17:22 - INFO - epoch:7/25 iteration:200/459 batch loss is :0.2089
2025-07-01 20:17:41 - INFO - epoch:7/25 iteration:205/459 batch loss is :0.4105
2025-07-01 20:18:01 - INFO - epoch:7/25 iteration:210/459 batch loss is :0.2481
2025-07-01 20:18:20 - INFO - epoch:7/25 iteration:215/459 batch loss is :0.2452
2025-07-01 20:18:40 - INFO - epoch:7/25 iteration:220/459 batch loss is :0.3166
2025-07-01 20:18:59 - INFO - epoch:7/25 iteration:225/459 batch loss is :0.4113
2025-07-01 20:19:19 - INFO - epoch:7/25 iteration:230/459 batch loss is :0.2097
2025-07-01 20:19:38 - INFO - epoch:7/25 iteration:235/459 batch loss is :0.4527
2025-07-01 20:19:58 - INFO - epoch:7/25 iteration:240/459 batch loss is :0.3183
2025-07-01 20:20:17 - INFO - epoch:7/25 iteration:245/459 batch loss is :0.1742
2025-07-01 20:20:37 - INFO - epoch:7/25 iteration:250/459 batch loss is :0.2525
2025-07-01 20:20:56 - INFO - epoch:7/25 iteration:255/459 batch loss is :0.3077
2025-07-01 20:21:16 - INFO - epoch:7/25 iteration:260/459 batch loss is :0.2905
2025-07-01 20:21:35 - INFO - epoch:7/25 iteration:265/459 batch loss is :0.3126
2025-07-01 20:21:55 - INFO - epoch:7/25 iteration:270/459 batch loss is :0.2514
2025-07-01 20:22:15 - INFO - epoch:7/25 iteration:275/459 batch loss is :0.2680
2025-07-01 20:22:34 - INFO - epoch:7/25 iteration:280/459 batch loss is :0.1742
2025-07-01 20:22:54 - INFO - epoch:7/25 iteration:285/459 batch loss is :0.2575
2025-07-01 20:23:13 - INFO - epoch:7/25 iteration:290/459 batch loss is :0.4580
2025-07-01 20:23:33 - INFO - epoch:7/25 iteration:295/459 batch loss is :0.2838
2025-07-01 20:23:52 - INFO - epoch:7/25 iteration:300/459 batch loss is :0.1696
2025-07-01 20:24:12 - INFO - epoch:7/25 iteration:305/459 batch loss is :0.2901
2025-07-01 20:24:31 - INFO - epoch:7/25 iteration:310/459 batch loss is :0.2467
2025-07-01 20:24:51 - INFO - epoch:7/25 iteration:315/459 batch loss is :0.2062
2025-07-01 20:25:10 - INFO - epoch:7/25 iteration:320/459 batch loss is :0.3152
2025-07-01 20:25:30 - INFO - epoch:7/25 iteration:325/459 batch loss is :0.3067
2025-07-01 20:25:49 - INFO - epoch:7/25 iteration:330/459 batch loss is :0.1874
2025-07-01 20:26:09 - INFO - epoch:7/25 iteration:335/459 batch loss is :0.7509
2025-07-01 20:26:28 - INFO - epoch:7/25 iteration:340/459 batch loss is :0.3241
2025-07-01 20:26:48 - INFO - epoch:7/25 iteration:345/459 batch loss is :0.3671
2025-07-01 20:27:07 - INFO - epoch:7/25 iteration:350/459 batch loss is :0.2262
2025-07-01 20:27:27 - INFO - epoch:7/25 iteration:355/459 batch loss is :0.4053
2025-07-01 20:27:46 - INFO - epoch:7/25 iteration:360/459 batch loss is :0.4519
2025-07-01 20:28:06 - INFO - epoch:7/25 iteration:365/459 batch loss is :0.3189
2025-07-01 20:28:25 - INFO - epoch:7/25 iteration:370/459 batch loss is :0.2867
2025-07-01 20:28:44 - INFO - epoch:7/25 iteration:375/459 batch loss is :0.2505
2025-07-01 20:29:04 - INFO - epoch:7/25 iteration:380/459 batch loss is :0.2363
2025-07-01 20:29:24 - INFO - epoch:7/25 iteration:385/459 batch loss is :0.2471
2025-07-01 20:29:43 - INFO - epoch:7/25 iteration:390/459 batch loss is :0.3166
2025-07-01 20:30:02 - INFO - epoch:7/25 iteration:395/459 batch loss is :0.1867
2025-07-01 20:30:22 - INFO - epoch:7/25 iteration:400/459 batch loss is :0.3820
2025-07-01 20:30:41 - INFO - epoch:7/25 iteration:405/459 batch loss is :0.4306
2025-07-01 20:31:00 - INFO - epoch:7/25 iteration:410/459 batch loss is :0.1928
2025-07-01 20:31:20 - INFO - epoch:7/25 iteration:415/459 batch loss is :0.2978
2025-07-01 20:31:39 - INFO - epoch:7/25 iteration:420/459 batch loss is :0.3412
2025-07-01 20:31:59 - INFO - epoch:7/25 iteration:425/459 batch loss is :0.3072
2025-07-01 20:32:18 - INFO - epoch:7/25 iteration:430/459 batch loss is :0.1948
2025-07-01 20:32:36 - INFO - epoch:7/25 iteration:435/459 batch loss is :0.3028
2025-07-01 20:32:54 - INFO - epoch:7/25 iteration:440/459 batch loss is :0.3467
2025-07-01 20:33:12 - INFO - epoch:7/25 iteration:445/459 batch loss is :0.1652
2025-07-01 20:33:30 - INFO - epoch:7/25 iteration:450/459 batch loss is :0.3991
2025-07-01 20:33:48 - INFO - epoch:7/25 iteration:455/459 batch loss is :0.2469
2025-07-01 20:33:59 - INFO - Epoch:7/25 Loss is :0.3182
2025-07-01 20:36:46 - INFO - epoch:8/25 iteration:0/459 batch loss is :0.2733
2025-07-01 20:37:06 - INFO - epoch:8/25 iteration:5/459 batch loss is :0.3850
2025-07-01 20:37:28 - INFO - epoch:8/25 iteration:10/459 batch loss is :0.4947
2025-07-01 20:37:49 - INFO - epoch:8/25 iteration:15/459 batch loss is :0.3744
2025-07-01 20:38:10 - INFO - epoch:8/25 iteration:20/459 batch loss is :0.3561
2025-07-01 20:38:30 - INFO - epoch:8/25 iteration:25/459 batch loss is :0.3923
2025-07-01 20:38:51 - INFO - epoch:8/25 iteration:30/459 batch loss is :0.2512
2025-07-01 20:39:10 - INFO - epoch:8/25 iteration:35/459 batch loss is :0.7339
2025-07-01 20:39:30 - INFO - epoch:8/25 iteration:40/459 batch loss is :0.3110
2025-07-01 20:39:49 - INFO - epoch:8/25 iteration:45/459 batch loss is :0.4706
2025-07-01 20:40:09 - INFO - epoch:8/25 iteration:50/459 batch loss is :0.2546
2025-07-01 20:40:28 - INFO - epoch:8/25 iteration:55/459 batch loss is :0.5094
2025-07-01 20:40:48 - INFO - epoch:8/25 iteration:60/459 batch loss is :0.4094
2025-07-01 20:41:07 - INFO - epoch:8/25 iteration:65/459 batch loss is :0.4270
2025-07-01 20:41:27 - INFO - epoch:8/25 iteration:70/459 batch loss is :0.3593
2025-07-01 20:41:46 - INFO - epoch:8/25 iteration:75/459 batch loss is :0.5164
2025-07-01 20:42:06 - INFO - epoch:8/25 iteration:80/459 batch loss is :0.4127
2025-07-01 20:42:25 - INFO - epoch:8/25 iteration:85/459 batch loss is :0.4825
2025-07-01 20:42:45 - INFO - epoch:8/25 iteration:90/459 batch loss is :0.4533
2025-07-01 20:43:05 - INFO - epoch:8/25 iteration:95/459 batch loss is :0.4916
2025-07-01 20:43:24 - INFO - epoch:8/25 iteration:100/459 batch loss is :0.4757
2025-07-01 20:43:44 - INFO - epoch:8/25 iteration:105/459 batch loss is :0.7876
2025-07-01 20:44:03 - INFO - epoch:8/25 iteration:110/459 batch loss is :0.5979
2025-07-01 20:44:23 - INFO - epoch:8/25 iteration:115/459 batch loss is :0.3990
2025-07-01 20:44:43 - INFO - epoch:8/25 iteration:120/459 batch loss is :0.5727
2025-07-01 20:45:02 - INFO - epoch:8/25 iteration:125/459 batch loss is :0.4169
2025-07-01 20:45:22 - INFO - epoch:8/25 iteration:130/459 batch loss is :0.6476
2025-07-01 20:45:41 - INFO - epoch:8/25 iteration:135/459 batch loss is :0.4585
2025-07-01 20:46:01 - INFO - epoch:8/25 iteration:140/459 batch loss is :0.4031
2025-07-01 20:46:21 - INFO - epoch:8/25 iteration:145/459 batch loss is :0.6533
2025-07-01 20:46:41 - INFO - epoch:8/25 iteration:150/459 batch loss is :0.8579
2025-07-01 20:47:01 - INFO - epoch:8/25 iteration:155/459 batch loss is :0.6771
2025-07-01 20:47:21 - INFO - epoch:8/25 iteration:160/459 batch loss is :0.3453
2025-07-01 20:47:41 - INFO - epoch:8/25 iteration:165/459 batch loss is :0.4434
2025-07-01 20:48:00 - INFO - epoch:8/25 iteration:170/459 batch loss is :0.4327
2025-07-01 20:48:20 - INFO - epoch:8/25 iteration:175/459 batch loss is :0.4366
2025-07-01 20:48:41 - INFO - epoch:8/25 iteration:180/459 batch loss is :0.7084
2025-07-01 20:49:01 - INFO - epoch:8/25 iteration:185/459 batch loss is :0.4475
2025-07-01 20:49:20 - INFO - epoch:8/25 iteration:190/459 batch loss is :0.4137
2025-07-01 20:49:40 - INFO - epoch:8/25 iteration:195/459 batch loss is :0.4173
2025-07-01 20:50:00 - INFO - epoch:8/25 iteration:200/459 batch loss is :0.3269
2025-07-01 20:50:20 - INFO - epoch:8/25 iteration:205/459 batch loss is :0.4347
2025-07-01 20:50:40 - INFO - epoch:8/25 iteration:210/459 batch loss is :0.4056
2025-07-01 20:50:59 - INFO - epoch:8/25 iteration:215/459 batch loss is :0.2773
2025-07-01 20:51:18 - INFO - epoch:8/25 iteration:220/459 batch loss is :0.4376
2025-07-01 20:51:38 - INFO - epoch:8/25 iteration:225/459 batch loss is :0.3809
2025-07-01 20:51:58 - INFO - epoch:8/25 iteration:230/459 batch loss is :0.5280
2025-07-01 20:52:17 - INFO - epoch:8/25 iteration:235/459 batch loss is :0.3335
2025-07-01 20:52:36 - INFO - epoch:8/25 iteration:240/459 batch loss is :0.3206
2025-07-01 20:52:56 - INFO - epoch:8/25 iteration:245/459 batch loss is :0.3797
2025-07-01 20:53:15 - INFO - epoch:8/25 iteration:250/459 batch loss is :0.3081
2025-07-01 20:53:35 - INFO - epoch:8/25 iteration:255/459 batch loss is :0.4124
2025-07-01 20:53:54 - INFO - epoch:8/25 iteration:260/459 batch loss is :0.3911
2025-07-01 20:54:14 - INFO - epoch:8/25 iteration:265/459 batch loss is :0.4521
2025-07-01 20:54:33 - INFO - epoch:8/25 iteration:270/459 batch loss is :0.3678
2025-07-01 20:54:53 - INFO - epoch:8/25 iteration:275/459 batch loss is :0.3432
2025-07-01 20:55:13 - INFO - epoch:8/25 iteration:280/459 batch loss is :0.6976
2025-07-01 20:55:32 - INFO - epoch:8/25 iteration:285/459 batch loss is :0.2931
2025-07-01 20:55:52 - INFO - epoch:8/25 iteration:290/459 batch loss is :0.4638
2025-07-01 20:56:11 - INFO - epoch:8/25 iteration:295/459 batch loss is :0.2478
2025-07-01 20:56:30 - INFO - epoch:8/25 iteration:300/459 batch loss is :0.4298
2025-07-01 20:56:50 - INFO - epoch:8/25 iteration:305/459 batch loss is :0.3287
2025-07-01 20:57:09 - INFO - epoch:8/25 iteration:310/459 batch loss is :0.2920
2025-07-01 20:57:29 - INFO - epoch:8/25 iteration:315/459 batch loss is :0.6383
2025-07-01 20:57:48 - INFO - epoch:8/25 iteration:320/459 batch loss is :0.3114
2025-07-01 20:58:07 - INFO - epoch:8/25 iteration:325/459 batch loss is :0.3694
2025-07-01 20:58:27 - INFO - epoch:8/25 iteration:330/459 batch loss is :0.4931
2025-07-01 20:58:47 - INFO - epoch:8/25 iteration:335/459 batch loss is :0.3465
2025-07-01 20:59:07 - INFO - epoch:8/25 iteration:340/459 batch loss is :0.2955
2025-07-01 20:59:26 - INFO - epoch:8/25 iteration:345/459 batch loss is :0.6477
2025-07-01 20:59:46 - INFO - epoch:8/25 iteration:350/459 batch loss is :0.3031
2025-07-01 21:00:06 - INFO - epoch:8/25 iteration:355/459 batch loss is :0.5983
2025-07-01 21:00:25 - INFO - epoch:8/25 iteration:360/459 batch loss is :0.3620
2025-07-01 21:00:44 - INFO - epoch:8/25 iteration:365/459 batch loss is :0.3430
2025-07-01 21:01:04 - INFO - epoch:8/25 iteration:370/459 batch loss is :0.3400
2025-07-01 21:01:23 - INFO - epoch:8/25 iteration:375/459 batch loss is :0.2816
2025-07-01 21:01:43 - INFO - epoch:8/25 iteration:380/459 batch loss is :0.3388
2025-07-01 21:02:02 - INFO - epoch:8/25 iteration:385/459 batch loss is :0.3777
2025-07-01 21:02:22 - INFO - epoch:8/25 iteration:390/459 batch loss is :0.2445
2025-07-01 21:02:42 - INFO - epoch:8/25 iteration:395/459 batch loss is :0.3109
2025-07-01 21:03:01 - INFO - epoch:8/25 iteration:400/459 batch loss is :0.3145
2025-07-01 21:03:21 - INFO - epoch:8/25 iteration:405/459 batch loss is :0.2829
2025-07-01 21:03:40 - INFO - epoch:8/25 iteration:410/459 batch loss is :0.3914
2025-07-01 21:04:00 - INFO - epoch:8/25 iteration:415/459 batch loss is :0.3050
2025-07-01 21:04:19 - INFO - epoch:8/25 iteration:420/459 batch loss is :0.5521
2025-07-01 21:04:39 - INFO - epoch:8/25 iteration:425/459 batch loss is :0.4453
2025-07-01 21:04:58 - INFO - epoch:8/25 iteration:430/459 batch loss is :0.3960
2025-07-01 21:05:16 - INFO - epoch:8/25 iteration:435/459 batch loss is :0.3319
2025-07-01 21:05:34 - INFO - epoch:8/25 iteration:440/459 batch loss is :0.4665
2025-07-01 21:05:52 - INFO - epoch:8/25 iteration:445/459 batch loss is :0.2723
2025-07-01 21:06:10 - INFO - epoch:8/25 iteration:450/459 batch loss is :0.3157
2025-07-01 21:06:28 - INFO - epoch:8/25 iteration:455/459 batch loss is :0.3163
2025-07-01 21:06:39 - INFO - Epoch:8/25 Loss is :0.4058
2025-07-01 21:09:45 - INFO - epoch:9/25 iteration:0/459 batch loss is :0.2641
2025-07-01 21:10:05 - INFO - epoch:9/25 iteration:5/459 batch loss is :0.2477
2025-07-01 21:10:25 - INFO - epoch:9/25 iteration:10/459 batch loss is :0.4367
2025-07-01 21:10:46 - INFO - epoch:9/25 iteration:15/459 batch loss is :0.2523
2025-07-01 21:11:07 - INFO - epoch:9/25 iteration:20/459 batch loss is :0.4106
2025-07-01 21:11:27 - INFO - epoch:9/25 iteration:25/459 batch loss is :0.2838
2025-07-01 21:11:49 - INFO - epoch:9/25 iteration:30/459 batch loss is :0.3150
2025-07-01 21:12:09 - INFO - epoch:9/25 iteration:35/459 batch loss is :0.3775
2025-07-01 21:12:29 - INFO - epoch:9/25 iteration:40/459 batch loss is :0.3681
2025-07-01 21:12:48 - INFO - epoch:9/25 iteration:45/459 batch loss is :0.4335
2025-07-01 21:13:08 - INFO - epoch:9/25 iteration:50/459 batch loss is :0.2734
2025-07-01 21:13:27 - INFO - epoch:9/25 iteration:55/459 batch loss is :0.3681
2025-07-01 21:13:47 - INFO - epoch:9/25 iteration:60/459 batch loss is :0.2428
2025-07-01 21:14:07 - INFO - epoch:9/25 iteration:65/459 batch loss is :0.2265
2025-07-01 21:14:26 - INFO - epoch:9/25 iteration:70/459 batch loss is :0.2854
2025-07-01 21:14:46 - INFO - epoch:9/25 iteration:75/459 batch loss is :0.6492
2025-07-01 21:15:05 - INFO - epoch:9/25 iteration:80/459 batch loss is :0.2731
2025-07-01 21:15:25 - INFO - epoch:9/25 iteration:85/459 batch loss is :0.2427
2025-07-01 21:15:45 - INFO - epoch:9/25 iteration:90/459 batch loss is :0.2612
2025-07-01 21:16:05 - INFO - epoch:9/25 iteration:95/459 batch loss is :0.3933
2025-07-01 21:16:24 - INFO - epoch:9/25 iteration:100/459 batch loss is :0.3099
2025-07-01 21:16:44 - INFO - epoch:9/25 iteration:105/459 batch loss is :0.3343
2025-07-01 21:17:03 - INFO - epoch:9/25 iteration:110/459 batch loss is :0.3054
2025-07-01 21:17:23 - INFO - epoch:9/25 iteration:115/459 batch loss is :0.3432
2025-07-01 21:17:42 - INFO - epoch:9/25 iteration:120/459 batch loss is :0.4239
2025-07-01 21:18:02 - INFO - epoch:9/25 iteration:125/459 batch loss is :0.3921
2025-07-01 21:18:21 - INFO - epoch:9/25 iteration:130/459 batch loss is :0.3117
2025-07-01 21:18:41 - INFO - epoch:9/25 iteration:135/459 batch loss is :0.5616
2025-07-01 21:19:00 - INFO - epoch:9/25 iteration:140/459 batch loss is :0.2387
2025-07-01 21:19:20 - INFO - epoch:9/25 iteration:145/459 batch loss is :0.6621
2025-07-01 21:19:40 - INFO - epoch:9/25 iteration:150/459 batch loss is :0.4235
2025-07-01 21:19:59 - INFO - epoch:9/25 iteration:155/459 batch loss is :0.4059
2025-07-01 21:20:19 - INFO - epoch:9/25 iteration:160/459 batch loss is :0.3667
2025-07-01 21:20:39 - INFO - epoch:9/25 iteration:165/459 batch loss is :0.3358
2025-07-01 21:20:58 - INFO - epoch:9/25 iteration:170/459 batch loss is :0.3071
2025-07-01 21:21:18 - INFO - epoch:9/25 iteration:175/459 batch loss is :0.2094
2025-07-01 21:21:37 - INFO - epoch:9/25 iteration:180/459 batch loss is :0.5547
2025-07-01 21:21:57 - INFO - epoch:9/25 iteration:185/459 batch loss is :0.2104
2025-07-01 21:22:16 - INFO - epoch:9/25 iteration:190/459 batch loss is :0.2253
2025-07-01 21:22:36 - INFO - epoch:9/25 iteration:195/459 batch loss is :0.3336
2025-07-01 21:22:55 - INFO - epoch:9/25 iteration:200/459 batch loss is :0.3727
2025-07-01 21:23:15 - INFO - epoch:9/25 iteration:205/459 batch loss is :0.2349
2025-07-01 21:23:34 - INFO - epoch:9/25 iteration:210/459 batch loss is :0.4203
2025-07-01 21:23:54 - INFO - epoch:9/25 iteration:215/459 batch loss is :0.4068
2025-07-01 21:24:13 - INFO - epoch:9/25 iteration:220/459 batch loss is :0.4393
2025-07-01 21:24:33 - INFO - epoch:9/25 iteration:225/459 batch loss is :0.5835
2025-07-01 21:24:52 - INFO - epoch:9/25 iteration:230/459 batch loss is :0.2599
2025-07-01 21:25:12 - INFO - epoch:9/25 iteration:235/459 batch loss is :0.3730
2025-07-01 21:25:31 - INFO - epoch:9/25 iteration:240/459 batch loss is :0.3535
2025-07-01 21:25:51 - INFO - epoch:9/25 iteration:245/459 batch loss is :0.5260
2025-07-01 21:26:10 - INFO - epoch:9/25 iteration:250/459 batch loss is :0.5477
2025-07-01 21:26:30 - INFO - epoch:9/25 iteration:255/459 batch loss is :0.4834
2025-07-01 21:26:49 - INFO - epoch:9/25 iteration:260/459 batch loss is :0.3206
2025-07-01 21:27:09 - INFO - epoch:9/25 iteration:265/459 batch loss is :0.5295
2025-07-01 21:27:28 - INFO - epoch:9/25 iteration:270/459 batch loss is :0.2799
2025-07-01 21:27:48 - INFO - epoch:9/25 iteration:275/459 batch loss is :0.2036
2025-07-01 21:28:07 - INFO - epoch:9/25 iteration:280/459 batch loss is :0.2170
2025-07-01 21:28:26 - INFO - epoch:9/25 iteration:285/459 batch loss is :0.3151
2025-07-01 21:28:45 - INFO - epoch:9/25 iteration:290/459 batch loss is :0.5329
2025-07-01 21:29:05 - INFO - epoch:9/25 iteration:295/459 batch loss is :0.4408
2025-07-01 21:29:25 - INFO - epoch:9/25 iteration:300/459 batch loss is :0.2923
2025-07-01 21:29:44 - INFO - epoch:9/25 iteration:305/459 batch loss is :0.3227
2025-07-01 21:30:04 - INFO - epoch:9/25 iteration:310/459 batch loss is :0.4521
2025-07-01 21:30:23 - INFO - epoch:9/25 iteration:315/459 batch loss is :0.2651
2025-07-01 21:30:43 - INFO - epoch:9/25 iteration:320/459 batch loss is :0.4362
2025-07-01 21:31:02 - INFO - epoch:9/25 iteration:325/459 batch loss is :0.2170
2025-07-01 21:31:22 - INFO - epoch:9/25 iteration:330/459 batch loss is :0.3632
2025-07-01 21:31:41 - INFO - epoch:9/25 iteration:335/459 batch loss is :0.5291
2025-07-01 21:32:01 - INFO - epoch:9/25 iteration:340/459 batch loss is :0.3086
2025-07-01 21:32:21 - INFO - epoch:9/25 iteration:345/459 batch loss is :0.4357
2025-07-01 21:32:40 - INFO - epoch:9/25 iteration:350/459 batch loss is :0.3698
2025-07-01 21:33:00 - INFO - epoch:9/25 iteration:355/459 batch loss is :0.3392
2025-07-01 21:33:19 - INFO - epoch:9/25 iteration:360/459 batch loss is :0.3958
2025-07-01 21:33:39 - INFO - epoch:9/25 iteration:365/459 batch loss is :0.3095
2025-07-01 21:33:58 - INFO - epoch:9/25 iteration:370/459 batch loss is :0.2990
2025-07-01 21:34:18 - INFO - epoch:9/25 iteration:375/459 batch loss is :0.4193
2025-07-01 21:34:37 - INFO - epoch:9/25 iteration:380/459 batch loss is :0.5421
2025-07-01 21:34:57 - INFO - epoch:9/25 iteration:385/459 batch loss is :0.4661
2025-07-01 21:35:16 - INFO - epoch:9/25 iteration:390/459 batch loss is :0.5034
2025-07-01 21:35:36 - INFO - epoch:9/25 iteration:395/459 batch loss is :0.3519
2025-07-01 21:35:55 - INFO - epoch:9/25 iteration:400/459 batch loss is :0.4626
2025-07-01 21:36:14 - INFO - epoch:9/25 iteration:405/459 batch loss is :0.4572
2025-07-01 21:36:34 - INFO - epoch:9/25 iteration:410/459 batch loss is :0.3392
2025-07-01 21:36:53 - INFO - epoch:9/25 iteration:415/459 batch loss is :0.3204
2025-07-01 21:37:12 - INFO - epoch:9/25 iteration:420/459 batch loss is :0.3872
2025-07-01 21:37:32 - INFO - epoch:9/25 iteration:425/459 batch loss is :0.3575
2025-07-01 21:37:51 - INFO - epoch:9/25 iteration:430/459 batch loss is :0.4706
2025-07-01 21:38:09 - INFO - epoch:9/25 iteration:435/459 batch loss is :0.4837
2025-07-01 21:38:27 - INFO - epoch:9/25 iteration:440/459 batch loss is :0.3853
2025-07-01 21:38:45 - INFO - epoch:9/25 iteration:445/459 batch loss is :0.3974
2025-07-01 21:39:02 - INFO - epoch:9/25 iteration:450/459 batch loss is :0.5268
2025-07-01 21:39:20 - INFO - epoch:9/25 iteration:455/459 batch loss is :0.3911
2025-07-01 21:39:33 - INFO - Epoch:9/25 Loss is :0.3593
2025-07-01 21:42:28 - INFO - epoch:10/25 iteration:0/459 batch loss is :0.3642
2025-07-01 21:42:49 - INFO - epoch:10/25 iteration:5/459 batch loss is :0.5535
2025-07-01 21:43:10 - INFO - epoch:10/25 iteration:10/459 batch loss is :0.3500
2025-07-01 21:43:30 - INFO - epoch:10/25 iteration:15/459 batch loss is :0.3233
2025-07-01 21:43:51 - INFO - epoch:10/25 iteration:20/459 batch loss is :0.3783
2025-07-01 21:44:11 - INFO - epoch:10/25 iteration:25/459 batch loss is :0.2883
2025-07-01 21:44:32 - INFO - epoch:10/25 iteration:30/459 batch loss is :0.4078
2025-07-01 21:44:52 - INFO - epoch:10/25 iteration:35/459 batch loss is :0.4359
2025-07-01 21:45:12 - INFO - epoch:10/25 iteration:40/459 batch loss is :0.2611
2025-07-01 21:45:31 - INFO - epoch:10/25 iteration:45/459 batch loss is :0.4032
2025-07-01 21:45:51 - INFO - epoch:10/25 iteration:50/459 batch loss is :0.3252
2025-07-01 21:46:11 - INFO - epoch:10/25 iteration:55/459 batch loss is :0.3497
2025-07-01 21:46:30 - INFO - epoch:10/25 iteration:60/459 batch loss is :0.3917
2025-07-01 21:46:50 - INFO - epoch:10/25 iteration:65/459 batch loss is :0.3584
2025-07-01 21:47:09 - INFO - epoch:10/25 iteration:70/459 batch loss is :0.3178
2025-07-01 21:47:29 - INFO - epoch:10/25 iteration:75/459 batch loss is :0.4055
2025-07-01 21:47:48 - INFO - epoch:10/25 iteration:80/459 batch loss is :0.3938
2025-07-01 21:48:07 - INFO - epoch:10/25 iteration:85/459 batch loss is :0.3553
2025-07-01 21:48:27 - INFO - epoch:10/25 iteration:90/459 batch loss is :0.3363
2025-07-01 21:48:46 - INFO - epoch:10/25 iteration:95/459 batch loss is :0.2870
2025-07-01 21:49:06 - INFO - epoch:10/25 iteration:100/459 batch loss is :0.3070
2025-07-01 21:49:25 - INFO - epoch:10/25 iteration:105/459 batch loss is :0.3354
2025-07-01 21:49:45 - INFO - epoch:10/25 iteration:110/459 batch loss is :0.2601
2025-07-01 21:50:05 - INFO - epoch:10/25 iteration:115/459 batch loss is :0.2867
2025-07-01 21:50:24 - INFO - epoch:10/25 iteration:120/459 batch loss is :0.3600
2025-07-01 21:50:44 - INFO - epoch:10/25 iteration:125/459 batch loss is :0.4315
2025-07-01 21:51:03 - INFO - epoch:10/25 iteration:130/459 batch loss is :0.4014
2025-07-01 21:51:22 - INFO - epoch:10/25 iteration:135/459 batch loss is :0.3026
2025-07-01 21:51:42 - INFO - epoch:10/25 iteration:140/459 batch loss is :0.4348
2025-07-01 21:52:02 - INFO - epoch:10/25 iteration:145/459 batch loss is :0.3726
2025-07-01 21:52:21 - INFO - epoch:10/25 iteration:150/459 batch loss is :0.2542
2025-07-01 21:52:40 - INFO - epoch:10/25 iteration:155/459 batch loss is :0.4017
2025-07-01 21:53:00 - INFO - epoch:10/25 iteration:160/459 batch loss is :0.3249
2025-07-01 21:53:19 - INFO - epoch:10/25 iteration:165/459 batch loss is :0.3871
2025-07-01 21:53:39 - INFO - epoch:10/25 iteration:170/459 batch loss is :0.2913
2025-07-01 21:53:58 - INFO - epoch:10/25 iteration:175/459 batch loss is :0.4407
2025-07-01 21:54:18 - INFO - epoch:10/25 iteration:180/459 batch loss is :0.6370
2025-07-01 21:54:38 - INFO - epoch:10/25 iteration:185/459 batch loss is :0.3732
2025-07-01 21:54:57 - INFO - epoch:10/25 iteration:190/459 batch loss is :0.4782
2025-07-01 21:55:17 - INFO - epoch:10/25 iteration:195/459 batch loss is :0.3378
2025-07-01 21:55:37 - INFO - epoch:10/25 iteration:200/459 batch loss is :0.2969
2025-07-01 21:55:56 - INFO - epoch:10/25 iteration:205/459 batch loss is :0.3170
2025-07-01 21:56:16 - INFO - epoch:10/25 iteration:210/459 batch loss is :0.4126
2025-07-01 21:56:35 - INFO - epoch:10/25 iteration:215/459 batch loss is :0.2438
2025-07-01 21:56:54 - INFO - epoch:10/25 iteration:220/459 batch loss is :0.4265
2025-07-01 21:57:14 - INFO - epoch:10/25 iteration:225/459 batch loss is :0.4148
2025-07-01 21:57:33 - INFO - epoch:10/25 iteration:230/459 batch loss is :0.3169
2025-07-01 21:57:53 - INFO - epoch:10/25 iteration:235/459 batch loss is :0.3534
2025-07-01 21:58:12 - INFO - epoch:10/25 iteration:240/459 batch loss is :0.2333
2025-07-01 21:58:31 - INFO - epoch:10/25 iteration:245/459 batch loss is :0.4327
2025-07-01 21:58:51 - INFO - epoch:10/25 iteration:250/459 batch loss is :0.2934
2025-07-01 21:59:10 - INFO - epoch:10/25 iteration:255/459 batch loss is :0.2982
2025-07-01 21:59:30 - INFO - epoch:10/25 iteration:260/459 batch loss is :0.3398
2025-07-01 21:59:49 - INFO - epoch:10/25 iteration:265/459 batch loss is :0.3946
2025-07-01 22:00:09 - INFO - epoch:10/25 iteration:270/459 batch loss is :0.3745
2025-07-01 22:00:29 - INFO - epoch:10/25 iteration:275/459 batch loss is :0.5561
2025-07-01 22:00:48 - INFO - epoch:10/25 iteration:280/459 batch loss is :0.3446
2025-07-01 22:01:08 - INFO - epoch:10/25 iteration:285/459 batch loss is :0.3203
2025-07-01 22:01:27 - INFO - epoch:10/25 iteration:290/459 batch loss is :0.3623
2025-07-01 22:01:47 - INFO - epoch:10/25 iteration:295/459 batch loss is :0.3663
2025-07-01 22:02:07 - INFO - epoch:10/25 iteration:300/459 batch loss is :0.3017
2025-07-01 22:02:26 - INFO - epoch:10/25 iteration:305/459 batch loss is :0.3292
2025-07-01 22:02:46 - INFO - epoch:10/25 iteration:310/459 batch loss is :0.3403
2025-07-01 22:03:05 - INFO - epoch:10/25 iteration:315/459 batch loss is :0.3097
2025-07-01 22:03:24 - INFO - epoch:10/25 iteration:320/459 batch loss is :0.3139
2025-07-01 22:03:44 - INFO - epoch:10/25 iteration:325/459 batch loss is :0.3058
2025-07-01 22:04:03 - INFO - epoch:10/25 iteration:330/459 batch loss is :0.2794
2025-07-01 22:04:22 - INFO - epoch:10/25 iteration:335/459 batch loss is :0.4473
2025-07-01 22:04:42 - INFO - epoch:10/25 iteration:340/459 batch loss is :0.3020
2025-07-01 22:05:01 - INFO - epoch:10/25 iteration:345/459 batch loss is :0.3750
2025-07-01 22:05:21 - INFO - epoch:10/25 iteration:350/459 batch loss is :0.2807
2025-07-01 22:05:40 - INFO - epoch:10/25 iteration:355/459 batch loss is :0.4169
2025-07-01 22:05:59 - INFO - epoch:10/25 iteration:360/459 batch loss is :0.4051
2025-07-01 22:06:19 - INFO - epoch:10/25 iteration:365/459 batch loss is :0.3249
2025-07-01 22:06:39 - INFO - epoch:10/25 iteration:370/459 batch loss is :0.3407
2025-07-01 22:06:58 - INFO - epoch:10/25 iteration:375/459 batch loss is :0.2653
2025-07-01 22:07:18 - INFO - epoch:10/25 iteration:380/459 batch loss is :0.2899
2025-07-01 22:07:37 - INFO - epoch:10/25 iteration:385/459 batch loss is :0.2360
2025-07-01 22:07:56 - INFO - epoch:10/25 iteration:390/459 batch loss is :0.3389
2025-07-01 22:08:15 - INFO - epoch:10/25 iteration:395/459 batch loss is :0.3081
2025-07-01 22:08:35 - INFO - epoch:10/25 iteration:400/459 batch loss is :0.3144
2025-07-01 22:08:54 - INFO - epoch:10/25 iteration:405/459 batch loss is :0.2943
2025-07-01 22:09:14 - INFO - epoch:10/25 iteration:410/459 batch loss is :0.4633
2025-07-01 22:09:33 - INFO - epoch:10/25 iteration:415/459 batch loss is :0.4788
2025-07-01 22:09:53 - INFO - epoch:10/25 iteration:420/459 batch loss is :0.3254
2025-07-01 22:10:12 - INFO - epoch:10/25 iteration:425/459 batch loss is :0.5231
2025-07-01 22:10:31 - INFO - epoch:10/25 iteration:430/459 batch loss is :0.2926
2025-07-01 22:10:49 - INFO - epoch:10/25 iteration:435/459 batch loss is :0.3309
2025-07-01 22:11:08 - INFO - epoch:10/25 iteration:440/459 batch loss is :0.2429
2025-07-01 22:11:25 - INFO - epoch:10/25 iteration:445/459 batch loss is :0.3530
2025-07-01 22:11:43 - INFO - epoch:10/25 iteration:450/459 batch loss is :0.2539
2025-07-01 22:12:01 - INFO - epoch:10/25 iteration:455/459 batch loss is :0.3342
2025-07-01 22:12:12 - INFO - Epoch:10/25 Loss is :0.3572
2025-07-01 22:21:37 - INFO - VAL loss :0.3452
2025-07-01 22:24:32 - INFO - epoch:11/25 iteration:0/459 batch loss is :0.2865
2025-07-01 22:24:53 - INFO - epoch:11/25 iteration:5/459 batch loss is :0.3073
2025-07-01 22:25:14 - INFO - epoch:11/25 iteration:10/459 batch loss is :0.2382
2025-07-01 22:25:35 - INFO - epoch:11/25 iteration:15/459 batch loss is :0.2636
2025-07-01 22:25:56 - INFO - epoch:11/25 iteration:20/459 batch loss is :0.2466
2025-07-01 22:26:16 - INFO - epoch:11/25 iteration:25/459 batch loss is :0.2962
2025-07-01 22:26:37 - INFO - epoch:11/25 iteration:30/459 batch loss is :0.3693
2025-07-01 22:26:57 - INFO - epoch:11/25 iteration:35/459 batch loss is :0.3405
2025-07-01 22:27:16 - INFO - epoch:11/25 iteration:40/459 batch loss is :0.3358
2025-07-01 22:27:36 - INFO - epoch:11/25 iteration:45/459 batch loss is :0.2503
2025-07-01 22:27:55 - INFO - epoch:11/25 iteration:50/459 batch loss is :0.4343
2025-07-01 22:28:15 - INFO - epoch:11/25 iteration:55/459 batch loss is :0.3311
2025-07-01 22:28:35 - INFO - epoch:11/25 iteration:60/459 batch loss is :0.2262
2025-07-01 22:28:54 - INFO - epoch:11/25 iteration:65/459 batch loss is :0.3405
2025-07-01 22:29:14 - INFO - epoch:11/25 iteration:70/459 batch loss is :0.3093
2025-07-01 22:29:33 - INFO - epoch:11/25 iteration:75/459 batch loss is :0.1965
2025-07-01 22:29:53 - INFO - epoch:11/25 iteration:80/459 batch loss is :0.3150
2025-07-01 22:30:12 - INFO - epoch:11/25 iteration:85/459 batch loss is :0.4971
2025-07-01 22:30:32 - INFO - epoch:11/25 iteration:90/459 batch loss is :0.2589
2025-07-01 22:30:51 - INFO - epoch:11/25 iteration:95/459 batch loss is :0.2847
2025-07-01 22:31:11 - INFO - epoch:11/25 iteration:100/459 batch loss is :0.5261
2025-07-01 22:31:30 - INFO - epoch:11/25 iteration:105/459 batch loss is :0.5105
2025-07-01 22:31:50 - INFO - epoch:11/25 iteration:110/459 batch loss is :0.4055
2025-07-01 22:32:09 - INFO - epoch:11/25 iteration:115/459 batch loss is :0.2675
2025-07-01 22:32:29 - INFO - epoch:11/25 iteration:120/459 batch loss is :0.3280
2025-07-01 22:32:48 - INFO - epoch:11/25 iteration:125/459 batch loss is :0.4013
2025-07-01 22:33:08 - INFO - epoch:11/25 iteration:130/459 batch loss is :0.2273
2025-07-01 22:33:27 - INFO - epoch:11/25 iteration:135/459 batch loss is :0.3467
2025-07-01 22:33:47 - INFO - epoch:11/25 iteration:140/459 batch loss is :0.2863
2025-07-01 22:34:07 - INFO - epoch:11/25 iteration:145/459 batch loss is :0.2795
2025-07-01 22:34:26 - INFO - epoch:11/25 iteration:150/459 batch loss is :0.3429
2025-07-01 22:34:46 - INFO - epoch:11/25 iteration:155/459 batch loss is :0.3036
2025-07-01 22:35:05 - INFO - epoch:11/25 iteration:160/459 batch loss is :0.3530
2025-07-01 22:35:25 - INFO - epoch:11/25 iteration:165/459 batch loss is :0.3058
2025-07-01 22:35:44 - INFO - epoch:11/25 iteration:170/459 batch loss is :0.3169
2025-07-01 22:36:04 - INFO - epoch:11/25 iteration:175/459 batch loss is :0.2976
2025-07-01 22:36:23 - INFO - epoch:11/25 iteration:180/459 batch loss is :0.2775
2025-07-01 22:36:43 - INFO - epoch:11/25 iteration:185/459 batch loss is :0.3105
2025-07-01 22:37:03 - INFO - epoch:11/25 iteration:190/459 batch loss is :0.1903
2025-07-01 22:37:22 - INFO - epoch:11/25 iteration:195/459 batch loss is :0.2472
2025-07-01 22:37:42 - INFO - epoch:11/25 iteration:200/459 batch loss is :0.2583
2025-07-01 22:38:01 - INFO - epoch:11/25 iteration:205/459 batch loss is :0.2148
2025-07-01 22:38:21 - INFO - epoch:11/25 iteration:210/459 batch loss is :0.1821
2025-07-01 22:38:40 - INFO - epoch:11/25 iteration:215/459 batch loss is :0.3462
2025-07-01 22:39:00 - INFO - epoch:11/25 iteration:220/459 batch loss is :0.4431
2025-07-01 22:39:19 - INFO - epoch:11/25 iteration:225/459 batch loss is :0.2791
2025-07-01 22:39:39 - INFO - epoch:11/25 iteration:230/459 batch loss is :0.2673
2025-07-01 22:39:59 - INFO - epoch:11/25 iteration:235/459 batch loss is :0.2602
2025-07-01 22:40:19 - INFO - epoch:11/25 iteration:240/459 batch loss is :0.2581
2025-07-01 22:40:39 - INFO - epoch:11/25 iteration:245/459 batch loss is :0.3319
2025-07-01 22:40:59 - INFO - epoch:11/25 iteration:250/459 batch loss is :0.2780
2025-07-01 22:41:19 - INFO - epoch:11/25 iteration:255/459 batch loss is :0.2977
2025-07-01 22:41:39 - INFO - epoch:11/25 iteration:260/459 batch loss is :0.2873
2025-07-01 22:41:59 - INFO - epoch:11/25 iteration:265/459 batch loss is :0.3306
2025-07-01 22:42:19 - INFO - epoch:11/25 iteration:270/459 batch loss is :0.3953
2025-07-01 22:42:38 - INFO - epoch:11/25 iteration:275/459 batch loss is :0.2240
2025-07-01 22:42:58 - INFO - epoch:11/25 iteration:280/459 batch loss is :0.2418
2025-07-01 22:43:18 - INFO - epoch:11/25 iteration:285/459 batch loss is :0.2599
2025-07-01 22:43:38 - INFO - epoch:11/25 iteration:290/459 batch loss is :0.2812
2025-07-01 22:43:57 - INFO - epoch:11/25 iteration:295/459 batch loss is :0.3510
2025-07-01 22:44:17 - INFO - epoch:11/25 iteration:300/459 batch loss is :0.3022
2025-07-01 22:44:37 - INFO - epoch:11/25 iteration:305/459 batch loss is :0.2813
2025-07-01 22:44:57 - INFO - epoch:11/25 iteration:310/459 batch loss is :0.2814
2025-07-01 22:45:16 - INFO - epoch:11/25 iteration:315/459 batch loss is :0.3250
2025-07-01 22:45:36 - INFO - epoch:11/25 iteration:320/459 batch loss is :0.4287
2025-07-01 22:45:56 - INFO - epoch:11/25 iteration:325/459 batch loss is :0.2997
2025-07-01 22:46:15 - INFO - epoch:11/25 iteration:330/459 batch loss is :0.3305
2025-07-01 22:46:35 - INFO - epoch:11/25 iteration:335/459 batch loss is :0.3263
2025-07-01 22:46:54 - INFO - epoch:11/25 iteration:340/459 batch loss is :0.2983
2025-07-01 22:47:14 - INFO - epoch:11/25 iteration:345/459 batch loss is :0.3408
2025-07-01 22:47:33 - INFO - epoch:11/25 iteration:350/459 batch loss is :0.2645
2025-07-01 22:47:53 - INFO - epoch:11/25 iteration:355/459 batch loss is :0.3323
2025-07-01 22:48:12 - INFO - epoch:11/25 iteration:360/459 batch loss is :0.2679
2025-07-01 22:48:31 - INFO - epoch:11/25 iteration:365/459 batch loss is :0.4779
2025-07-01 22:48:51 - INFO - epoch:11/25 iteration:370/459 batch loss is :0.3067
2025-07-01 22:49:11 - INFO - epoch:11/25 iteration:375/459 batch loss is :0.2969
2025-07-01 22:49:30 - INFO - epoch:11/25 iteration:380/459 batch loss is :0.3387
2025-07-01 22:49:50 - INFO - epoch:11/25 iteration:385/459 batch loss is :0.2713
2025-07-01 22:50:09 - INFO - epoch:11/25 iteration:390/459 batch loss is :0.3177
2025-07-01 22:50:29 - INFO - epoch:11/25 iteration:395/459 batch loss is :0.2430
2025-07-01 22:50:49 - INFO - epoch:11/25 iteration:400/459 batch loss is :0.2506
2025-07-01 22:51:08 - INFO - epoch:11/25 iteration:405/459 batch loss is :0.3084
2025-07-01 22:51:28 - INFO - epoch:11/25 iteration:410/459 batch loss is :0.2514
2025-07-01 22:51:47 - INFO - epoch:11/25 iteration:415/459 batch loss is :0.3762
2025-07-01 22:52:07 - INFO - epoch:11/25 iteration:420/459 batch loss is :0.3079
2025-07-01 22:52:26 - INFO - epoch:11/25 iteration:425/459 batch loss is :0.3242
2025-07-01 22:52:45 - INFO - epoch:11/25 iteration:430/459 batch loss is :0.2460
2025-07-01 22:53:03 - INFO - epoch:11/25 iteration:435/459 batch loss is :0.2539
2025-07-01 22:53:21 - INFO - epoch:11/25 iteration:440/459 batch loss is :0.3720
2025-07-01 22:53:39 - INFO - epoch:11/25 iteration:445/459 batch loss is :0.2592
2025-07-01 22:53:57 - INFO - epoch:11/25 iteration:450/459 batch loss is :0.2403
2025-07-01 22:54:15 - INFO - epoch:11/25 iteration:455/459 batch loss is :0.3182
2025-07-01 22:54:26 - INFO - Epoch:11/25 Loss is :0.3170
2025-07-01 22:57:22 - INFO - epoch:12/25 iteration:0/459 batch loss is :0.4470
2025-07-01 22:57:43 - INFO - epoch:12/25 iteration:5/459 batch loss is :0.2756
2025-07-01 22:58:03 - INFO - epoch:12/25 iteration:10/459 batch loss is :0.2495
2025-07-01 22:58:24 - INFO - epoch:12/25 iteration:15/459 batch loss is :0.3812
2025-07-01 22:58:44 - INFO - epoch:12/25 iteration:20/459 batch loss is :0.3037
2025-07-01 22:59:04 - INFO - epoch:12/25 iteration:25/459 batch loss is :0.3569
2025-07-01 22:59:23 - INFO - epoch:12/25 iteration:30/459 batch loss is :0.2773
2025-07-01 22:59:42 - INFO - epoch:12/25 iteration:35/459 batch loss is :0.2734
2025-07-01 23:00:01 - INFO - epoch:12/25 iteration:40/459 batch loss is :0.2309
2025-07-01 23:00:21 - INFO - epoch:12/25 iteration:45/459 batch loss is :0.3188
2025-07-01 23:00:40 - INFO - epoch:12/25 iteration:50/459 batch loss is :0.2381
2025-07-01 23:01:00 - INFO - epoch:12/25 iteration:55/459 batch loss is :0.3268
2025-07-01 23:01:19 - INFO - epoch:12/25 iteration:60/459 batch loss is :0.3026
2025-07-01 23:01:39 - INFO - epoch:12/25 iteration:65/459 batch loss is :0.3898
2025-07-01 23:01:59 - INFO - epoch:12/25 iteration:70/459 batch loss is :0.3271
2025-07-01 23:02:18 - INFO - epoch:12/25 iteration:75/459 batch loss is :0.2949
2025-07-01 23:02:38 - INFO - epoch:12/25 iteration:80/459 batch loss is :0.1975
2025-07-01 23:02:57 - INFO - epoch:12/25 iteration:85/459 batch loss is :0.3710
2025-07-01 23:03:16 - INFO - epoch:12/25 iteration:90/459 batch loss is :0.2295
2025-07-01 23:03:36 - INFO - epoch:12/25 iteration:95/459 batch loss is :0.2054
2025-07-01 23:03:55 - INFO - epoch:12/25 iteration:100/459 batch loss is :0.2982
2025-07-01 23:04:14 - INFO - epoch:12/25 iteration:105/459 batch loss is :0.1774
2025-07-01 23:04:34 - INFO - epoch:12/25 iteration:110/459 batch loss is :0.3168
2025-07-01 23:04:53 - INFO - epoch:12/25 iteration:115/459 batch loss is :0.2630
2025-07-01 23:05:12 - INFO - epoch:12/25 iteration:120/459 batch loss is :0.2431
2025-07-01 23:05:32 - INFO - epoch:12/25 iteration:125/459 batch loss is :0.3206
2025-07-01 23:05:51 - INFO - epoch:12/25 iteration:130/459 batch loss is :0.4179
2025-07-01 23:06:11 - INFO - epoch:12/25 iteration:135/459 batch loss is :0.2857
2025-07-01 23:06:30 - INFO - epoch:12/25 iteration:140/459 batch loss is :0.2608
2025-07-01 23:06:50 - INFO - epoch:12/25 iteration:145/459 batch loss is :0.2856
2025-07-01 23:07:08 - INFO - epoch:12/25 iteration:150/459 batch loss is :0.2720
2025-07-01 23:07:28 - INFO - epoch:12/25 iteration:155/459 batch loss is :0.2045
2025-07-01 23:07:47 - INFO - epoch:12/25 iteration:160/459 batch loss is :0.1699
2025-07-01 23:08:06 - INFO - epoch:12/25 iteration:165/459 batch loss is :0.2645
2025-07-01 23:08:26 - INFO - epoch:12/25 iteration:170/459 batch loss is :0.2154
2025-07-01 23:08:45 - INFO - epoch:12/25 iteration:175/459 batch loss is :0.1596
2025-07-01 23:09:04 - INFO - epoch:12/25 iteration:180/459 batch loss is :0.3008
2025-07-01 23:09:23 - INFO - epoch:12/25 iteration:185/459 batch loss is :0.4150
2025-07-01 23:09:43 - INFO - epoch:12/25 iteration:190/459 batch loss is :0.2689
2025-07-01 23:10:02 - INFO - epoch:12/25 iteration:195/459 batch loss is :0.2967
2025-07-01 23:10:22 - INFO - epoch:12/25 iteration:200/459 batch loss is :0.2120
2025-07-01 23:10:41 - INFO - epoch:12/25 iteration:205/459 batch loss is :0.2792
2025-07-01 23:11:01 - INFO - epoch:12/25 iteration:210/459 batch loss is :0.1927
2025-07-01 23:11:21 - INFO - epoch:12/25 iteration:215/459 batch loss is :0.1370
2025-07-01 23:11:40 - INFO - epoch:12/25 iteration:220/459 batch loss is :0.2517
2025-07-01 23:12:00 - INFO - epoch:12/25 iteration:225/459 batch loss is :0.2802
2025-07-01 23:12:19 - INFO - epoch:12/25 iteration:230/459 batch loss is :0.3667
2025-07-01 23:12:39 - INFO - epoch:12/25 iteration:235/459 batch loss is :0.2659
2025-07-01 23:12:58 - INFO - epoch:12/25 iteration:240/459 batch loss is :0.2754
2025-07-01 23:13:18 - INFO - epoch:12/25 iteration:245/459 batch loss is :0.2926
2025-07-01 23:13:38 - INFO - epoch:12/25 iteration:250/459 batch loss is :0.3410
2025-07-01 23:13:57 - INFO - epoch:12/25 iteration:255/459 batch loss is :0.2272
2025-07-01 23:14:17 - INFO - epoch:12/25 iteration:260/459 batch loss is :0.2320
2025-07-01 23:14:37 - INFO - epoch:12/25 iteration:265/459 batch loss is :0.2623
2025-07-01 23:14:56 - INFO - epoch:12/25 iteration:270/459 batch loss is :0.2156
2025-07-01 23:15:16 - INFO - epoch:12/25 iteration:275/459 batch loss is :0.2794
2025-07-01 23:15:35 - INFO - epoch:12/25 iteration:280/459 batch loss is :0.3327
2025-07-01 23:15:55 - INFO - epoch:12/25 iteration:285/459 batch loss is :0.4737
2025-07-01 23:16:14 - INFO - epoch:12/25 iteration:290/459 batch loss is :0.2696
2025-07-01 23:16:34 - INFO - epoch:12/25 iteration:295/459 batch loss is :0.2254
2025-07-01 23:16:53 - INFO - epoch:12/25 iteration:300/459 batch loss is :0.3638
2025-07-01 23:17:13 - INFO - epoch:12/25 iteration:305/459 batch loss is :0.2886
2025-07-01 23:17:32 - INFO - epoch:12/25 iteration:310/459 batch loss is :0.3769
2025-07-01 23:17:51 - INFO - epoch:12/25 iteration:315/459 batch loss is :0.3154
2025-07-01 23:18:11 - INFO - epoch:12/25 iteration:320/459 batch loss is :0.3475
2025-07-01 23:18:31 - INFO - epoch:12/25 iteration:325/459 batch loss is :0.2152
2025-07-01 23:18:50 - INFO - epoch:12/25 iteration:330/459 batch loss is :0.2082
2025-07-01 23:19:10 - INFO - epoch:12/25 iteration:335/459 batch loss is :0.2818
2025-07-01 23:19:29 - INFO - epoch:12/25 iteration:340/459 batch loss is :0.2425
2025-07-01 23:19:49 - INFO - epoch:12/25 iteration:345/459 batch loss is :0.3000
2025-07-01 23:20:08 - INFO - epoch:12/25 iteration:350/459 batch loss is :0.2313
2025-07-01 23:20:28 - INFO - epoch:12/25 iteration:355/459 batch loss is :0.2985
2025-07-01 23:20:48 - INFO - epoch:12/25 iteration:360/459 batch loss is :0.3319
2025-07-01 23:21:08 - INFO - epoch:12/25 iteration:365/459 batch loss is :0.1805
2025-07-01 23:21:27 - INFO - epoch:12/25 iteration:370/459 batch loss is :0.2447
2025-07-01 23:21:46 - INFO - epoch:12/25 iteration:375/459 batch loss is :0.1857
2025-07-01 23:22:05 - INFO - epoch:12/25 iteration:380/459 batch loss is :0.1925
2025-07-01 23:22:25 - INFO - epoch:12/25 iteration:385/459 batch loss is :0.3297
2025-07-01 23:22:45 - INFO - epoch:12/25 iteration:390/459 batch loss is :0.1872
2025-07-01 23:23:04 - INFO - epoch:12/25 iteration:395/459 batch loss is :0.2485
2025-07-01 23:23:24 - INFO - epoch:12/25 iteration:400/459 batch loss is :0.1825
2025-07-01 23:23:43 - INFO - epoch:12/25 iteration:405/459 batch loss is :0.4475
2025-07-01 23:24:02 - INFO - epoch:12/25 iteration:410/459 batch loss is :0.2678
2025-07-01 23:24:22 - INFO - epoch:12/25 iteration:415/459 batch loss is :0.2760
2025-07-01 23:24:42 - INFO - epoch:12/25 iteration:420/459 batch loss is :0.2830
2025-07-01 23:25:01 - INFO - epoch:12/25 iteration:425/459 batch loss is :0.2168
2025-07-01 23:25:21 - INFO - epoch:12/25 iteration:430/459 batch loss is :0.4328
2025-07-01 23:25:39 - INFO - epoch:12/25 iteration:435/459 batch loss is :0.3036
2025-07-01 23:25:57 - INFO - epoch:12/25 iteration:440/459 batch loss is :0.2431
2025-07-01 23:26:15 - INFO - epoch:12/25 iteration:445/459 batch loss is :0.3409
2025-07-01 23:26:33 - INFO - epoch:12/25 iteration:450/459 batch loss is :0.2556
2025-07-01 23:26:51 - INFO - epoch:12/25 iteration:455/459 batch loss is :0.3112
2025-07-01 23:27:02 - INFO - Epoch:12/25 Loss is :0.2872
2025-07-01 23:29:56 - INFO - epoch:13/25 iteration:0/459 batch loss is :0.3691
2025-07-01 23:30:17 - INFO - epoch:13/25 iteration:5/459 batch loss is :0.4641
2025-07-01 23:30:38 - INFO - epoch:13/25 iteration:10/459 batch loss is :0.3379
2025-07-01 23:30:59 - INFO - epoch:13/25 iteration:15/459 batch loss is :0.2322
2025-07-01 23:31:20 - INFO - epoch:13/25 iteration:20/459 batch loss is :0.2198
2025-07-01 23:31:40 - INFO - epoch:13/25 iteration:25/459 batch loss is :0.2150
2025-07-01 23:32:01 - INFO - epoch:13/25 iteration:30/459 batch loss is :0.2654
2025-07-01 23:32:21 - INFO - epoch:13/25 iteration:35/459 batch loss is :0.3055
2025-07-01 23:32:40 - INFO - epoch:13/25 iteration:40/459 batch loss is :0.2953
2025-07-01 23:33:00 - INFO - epoch:13/25 iteration:45/459 batch loss is :0.2400
2025-07-01 23:33:19 - INFO - epoch:13/25 iteration:50/459 batch loss is :0.2455
2025-07-01 23:33:39 - INFO - epoch:13/25 iteration:55/459 batch loss is :0.2348
2025-07-01 23:33:58 - INFO - epoch:13/25 iteration:60/459 batch loss is :0.2296
2025-07-01 23:34:18 - INFO - epoch:13/25 iteration:65/459 batch loss is :0.2547
2025-07-01 23:34:37 - INFO - epoch:13/25 iteration:70/459 batch loss is :0.1658
2025-07-01 23:34:57 - INFO - epoch:13/25 iteration:75/459 batch loss is :0.4393
2025-07-01 23:35:16 - INFO - epoch:13/25 iteration:80/459 batch loss is :0.2452
2025-07-01 23:35:35 - INFO - epoch:13/25 iteration:85/459 batch loss is :0.2945
2025-07-01 23:35:55 - INFO - epoch:13/25 iteration:90/459 batch loss is :0.2529
2025-07-01 23:36:15 - INFO - epoch:13/25 iteration:95/459 batch loss is :0.2784
2025-07-01 23:36:34 - INFO - epoch:13/25 iteration:100/459 batch loss is :0.2327
2025-07-01 23:36:54 - INFO - epoch:13/25 iteration:105/459 batch loss is :0.2815
2025-07-01 23:37:13 - INFO - epoch:13/25 iteration:110/459 batch loss is :0.3110
2025-07-01 23:37:33 - INFO - epoch:13/25 iteration:115/459 batch loss is :0.2981
2025-07-01 23:37:52 - INFO - epoch:13/25 iteration:120/459 batch loss is :0.2892
2025-07-01 23:38:12 - INFO - epoch:13/25 iteration:125/459 batch loss is :0.2532
2025-07-01 23:38:31 - INFO - epoch:13/25 iteration:130/459 batch loss is :0.1887
2025-07-01 23:38:50 - INFO - epoch:13/25 iteration:135/459 batch loss is :0.2987
2025-07-01 23:39:10 - INFO - epoch:13/25 iteration:140/459 batch loss is :0.2813
2025-07-01 23:39:29 - INFO - epoch:13/25 iteration:145/459 batch loss is :0.2108
2025-07-01 23:39:49 - INFO - epoch:13/25 iteration:150/459 batch loss is :0.2639
2025-07-01 23:40:09 - INFO - epoch:13/25 iteration:155/459 batch loss is :0.1541
2025-07-01 23:40:29 - INFO - epoch:13/25 iteration:160/459 batch loss is :0.2343
2025-07-01 23:40:48 - INFO - epoch:13/25 iteration:165/459 batch loss is :0.4037
2025-07-01 23:41:08 - INFO - epoch:13/25 iteration:170/459 batch loss is :0.1652
2025-07-01 23:41:27 - INFO - epoch:13/25 iteration:175/459 batch loss is :0.2826
2025-07-01 23:41:47 - INFO - epoch:13/25 iteration:180/459 batch loss is :0.3672
2025-07-01 23:42:06 - INFO - epoch:13/25 iteration:185/459 batch loss is :0.2515
2025-07-01 23:42:26 - INFO - epoch:13/25 iteration:190/459 batch loss is :0.3035
2025-07-01 23:42:46 - INFO - epoch:13/25 iteration:195/459 batch loss is :0.1940
2025-07-01 23:43:05 - INFO - epoch:13/25 iteration:200/459 batch loss is :0.2562
2025-07-01 23:43:24 - INFO - epoch:13/25 iteration:205/459 batch loss is :0.2447
2025-07-01 23:43:44 - INFO - epoch:13/25 iteration:210/459 batch loss is :0.2303
2025-07-01 23:44:03 - INFO - epoch:13/25 iteration:215/459 batch loss is :0.4179
2025-07-01 23:44:23 - INFO - epoch:13/25 iteration:220/459 batch loss is :0.3254
2025-07-01 23:44:42 - INFO - epoch:13/25 iteration:225/459 batch loss is :0.1774
2025-07-01 23:45:02 - INFO - epoch:13/25 iteration:230/459 batch loss is :0.2257
2025-07-01 23:45:21 - INFO - epoch:13/25 iteration:235/459 batch loss is :0.3450
2025-07-01 23:45:41 - INFO - epoch:13/25 iteration:240/459 batch loss is :0.2511
2025-07-01 23:46:00 - INFO - epoch:13/25 iteration:245/459 batch loss is :0.2118
2025-07-01 23:46:20 - INFO - epoch:13/25 iteration:250/459 batch loss is :0.2573
2025-07-01 23:46:39 - INFO - epoch:13/25 iteration:255/459 batch loss is :0.2480
2025-07-01 23:46:59 - INFO - epoch:13/25 iteration:260/459 batch loss is :0.2378
2025-07-01 23:47:19 - INFO - epoch:13/25 iteration:265/459 batch loss is :0.2852
2025-07-01 23:47:39 - INFO - epoch:13/25 iteration:270/459 batch loss is :0.5332
2025-07-01 23:47:58 - INFO - epoch:13/25 iteration:275/459 batch loss is :0.3268
2025-07-01 23:48:18 - INFO - epoch:13/25 iteration:280/459 batch loss is :0.3258
2025-07-01 23:48:37 - INFO - epoch:13/25 iteration:285/459 batch loss is :0.2728
2025-07-01 23:48:57 - INFO - epoch:13/25 iteration:290/459 batch loss is :0.3821
2025-07-01 23:49:16 - INFO - epoch:13/25 iteration:295/459 batch loss is :0.2587
2025-07-01 23:49:36 - INFO - epoch:13/25 iteration:300/459 batch loss is :0.1504
2025-07-01 23:49:55 - INFO - epoch:13/25 iteration:305/459 batch loss is :0.1623
2025-07-01 23:50:16 - INFO - epoch:13/25 iteration:310/459 batch loss is :0.3293
2025-07-01 23:50:35 - INFO - epoch:13/25 iteration:315/459 batch loss is :0.2449
2025-07-01 23:50:55 - INFO - epoch:13/25 iteration:320/459 batch loss is :0.1391
2025-07-01 23:51:14 - INFO - epoch:13/25 iteration:325/459 batch loss is :0.1790
2025-07-01 23:51:34 - INFO - epoch:13/25 iteration:330/459 batch loss is :0.2881
2025-07-01 23:51:54 - INFO - epoch:13/25 iteration:335/459 batch loss is :0.2529
2025-07-01 23:52:14 - INFO - epoch:13/25 iteration:340/459 batch loss is :0.2323
2025-07-01 23:52:34 - INFO - epoch:13/25 iteration:345/459 batch loss is :0.2475
2025-07-01 23:52:54 - INFO - epoch:13/25 iteration:350/459 batch loss is :0.1764
2025-07-01 23:53:14 - INFO - epoch:13/25 iteration:355/459 batch loss is :0.2852
2025-07-01 23:53:33 - INFO - epoch:13/25 iteration:360/459 batch loss is :0.2102
2025-07-01 23:53:53 - INFO - epoch:13/25 iteration:365/459 batch loss is :0.2841
2025-07-01 23:54:12 - INFO - epoch:13/25 iteration:370/459 batch loss is :0.3119
2025-07-01 23:54:32 - INFO - epoch:13/25 iteration:375/459 batch loss is :0.1785
2025-07-01 23:54:51 - INFO - epoch:13/25 iteration:380/459 batch loss is :0.3037
2025-07-01 23:55:10 - INFO - epoch:13/25 iteration:385/459 batch loss is :0.2482
2025-07-01 23:55:30 - INFO - epoch:13/25 iteration:390/459 batch loss is :0.3989
2025-07-01 23:55:49 - INFO - epoch:13/25 iteration:395/459 batch loss is :0.0859
2025-07-01 23:56:09 - INFO - epoch:13/25 iteration:400/459 batch loss is :0.1667
2025-07-01 23:56:29 - INFO - epoch:13/25 iteration:405/459 batch loss is :0.2384
2025-07-01 23:56:48 - INFO - epoch:13/25 iteration:410/459 batch loss is :0.3223
2025-07-01 23:57:08 - INFO - epoch:13/25 iteration:415/459 batch loss is :0.2944
2025-07-01 23:57:27 - INFO - epoch:13/25 iteration:420/459 batch loss is :0.2500
2025-07-01 23:57:47 - INFO - epoch:13/25 iteration:425/459 batch loss is :0.1083
2025-07-01 23:58:06 - INFO - epoch:13/25 iteration:430/459 batch loss is :0.1468
2025-07-01 23:58:24 - INFO - epoch:13/25 iteration:435/459 batch loss is :0.2291
2025-07-01 23:58:42 - INFO - epoch:13/25 iteration:440/459 batch loss is :0.1737
2025-07-01 23:59:00 - INFO - epoch:13/25 iteration:445/459 batch loss is :0.1909
2025-07-01 23:59:18 - INFO - epoch:13/25 iteration:450/459 batch loss is :0.2154
2025-07-01 23:59:36 - INFO - epoch:13/25 iteration:455/459 batch loss is :0.2224
2025-07-01 23:59:47 - INFO - Epoch:13/25 Loss is :0.2642
2025-07-02 00:02:39 - INFO - epoch:14/25 iteration:0/459 batch loss is :0.1822
2025-07-02 00:03:01 - INFO - epoch:14/25 iteration:5/459 batch loss is :0.3062
2025-07-02 00:03:22 - INFO - epoch:14/25 iteration:10/459 batch loss is :0.2564
2025-07-02 00:03:43 - INFO - epoch:14/25 iteration:15/459 batch loss is :0.2376
2025-07-02 00:04:02 - INFO - epoch:14/25 iteration:20/459 batch loss is :0.2743
2025-07-02 00:04:21 - INFO - epoch:14/25 iteration:25/459 batch loss is :0.3477
2025-07-02 00:04:40 - INFO - epoch:14/25 iteration:30/459 batch loss is :0.2445
2025-07-02 00:04:59 - INFO - epoch:14/25 iteration:35/459 batch loss is :0.3334
2025-07-02 00:05:18 - INFO - epoch:14/25 iteration:40/459 batch loss is :0.3230
2025-07-02 00:05:38 - INFO - epoch:14/25 iteration:45/459 batch loss is :0.1881
2025-07-02 00:05:57 - INFO - epoch:14/25 iteration:50/459 batch loss is :0.1628
2025-07-02 00:06:16 - INFO - epoch:14/25 iteration:55/459 batch loss is :0.2101
2025-07-02 00:06:35 - INFO - epoch:14/25 iteration:60/459 batch loss is :0.2245
2025-07-02 00:06:54 - INFO - epoch:14/25 iteration:65/459 batch loss is :0.1812
2025-07-02 00:07:13 - INFO - epoch:14/25 iteration:70/459 batch loss is :0.2716
2025-07-02 00:07:33 - INFO - epoch:14/25 iteration:75/459 batch loss is :0.2974
2025-07-02 00:07:52 - INFO - epoch:14/25 iteration:80/459 batch loss is :0.2543
2025-07-02 00:08:12 - INFO - epoch:14/25 iteration:85/459 batch loss is :0.2397
2025-07-02 00:08:31 - INFO - epoch:14/25 iteration:90/459 batch loss is :0.1719
2025-07-02 00:08:50 - INFO - epoch:14/25 iteration:95/459 batch loss is :0.1289
2025-07-02 00:09:09 - INFO - epoch:14/25 iteration:100/459 batch loss is :0.2910
2025-07-02 00:09:28 - INFO - epoch:14/25 iteration:105/459 batch loss is :0.5717
2025-07-02 00:09:47 - INFO - epoch:14/25 iteration:110/459 batch loss is :0.4429
2025-07-02 00:10:07 - INFO - epoch:14/25 iteration:115/459 batch loss is :0.2229
2025-07-02 00:10:27 - INFO - epoch:14/25 iteration:120/459 batch loss is :0.2359
2025-07-02 00:10:46 - INFO - epoch:14/25 iteration:125/459 batch loss is :0.2454
2025-07-02 00:11:06 - INFO - epoch:14/25 iteration:130/459 batch loss is :0.4195
2025-07-02 00:11:25 - INFO - epoch:14/25 iteration:135/459 batch loss is :0.2641
2025-07-02 00:11:44 - INFO - epoch:14/25 iteration:140/459 batch loss is :0.3025
2025-07-02 00:12:04 - INFO - epoch:14/25 iteration:145/459 batch loss is :0.3174
2025-07-02 00:12:24 - INFO - epoch:14/25 iteration:150/459 batch loss is :0.1897
2025-07-02 00:12:43 - INFO - epoch:14/25 iteration:155/459 batch loss is :0.2499
2025-07-02 00:13:03 - INFO - epoch:14/25 iteration:160/459 batch loss is :0.2221
2025-07-02 00:13:22 - INFO - epoch:14/25 iteration:165/459 batch loss is :0.3253
2025-07-02 00:13:41 - INFO - epoch:14/25 iteration:170/459 batch loss is :0.3481
2025-07-02 00:14:01 - INFO - epoch:14/25 iteration:175/459 batch loss is :0.2190
2025-07-02 00:14:20 - INFO - epoch:14/25 iteration:180/459 batch loss is :0.3834
2025-07-02 00:14:40 - INFO - epoch:14/25 iteration:185/459 batch loss is :0.1474
2025-07-02 00:14:59 - INFO - epoch:14/25 iteration:190/459 batch loss is :0.2324
2025-07-02 00:15:19 - INFO - epoch:14/25 iteration:195/459 batch loss is :0.2440
2025-07-02 00:15:38 - INFO - epoch:14/25 iteration:200/459 batch loss is :0.2948
2025-07-02 00:15:58 - INFO - epoch:14/25 iteration:205/459 batch loss is :0.3343
2025-07-02 00:16:17 - INFO - epoch:14/25 iteration:210/459 batch loss is :0.2340
2025-07-02 00:16:37 - INFO - epoch:14/25 iteration:215/459 batch loss is :0.2887
2025-07-02 00:16:56 - INFO - epoch:14/25 iteration:220/459 batch loss is :0.3441
2025-07-02 00:17:16 - INFO - epoch:14/25 iteration:225/459 batch loss is :0.1891
2025-07-02 00:17:35 - INFO - epoch:14/25 iteration:230/459 batch loss is :0.1561
2025-07-02 00:17:55 - INFO - epoch:14/25 iteration:235/459 batch loss is :0.3035
2025-07-02 00:18:14 - INFO - epoch:14/25 iteration:240/459 batch loss is :0.1952
2025-07-02 00:18:34 - INFO - epoch:14/25 iteration:245/459 batch loss is :0.2110
2025-07-02 00:18:53 - INFO - epoch:14/25 iteration:250/459 batch loss is :0.1308
2025-07-02 00:19:13 - INFO - epoch:14/25 iteration:255/459 batch loss is :0.2076
2025-07-02 00:19:32 - INFO - epoch:14/25 iteration:260/459 batch loss is :0.1759
2025-07-02 00:19:52 - INFO - epoch:14/25 iteration:265/459 batch loss is :0.4750
2025-07-02 00:20:11 - INFO - epoch:14/25 iteration:270/459 batch loss is :0.3943
2025-07-02 00:20:31 - INFO - epoch:14/25 iteration:275/459 batch loss is :0.2413
2025-07-02 00:20:50 - INFO - epoch:14/25 iteration:280/459 batch loss is :0.2484
2025-07-02 00:21:09 - INFO - epoch:14/25 iteration:285/459 batch loss is :0.1428
2025-07-02 00:21:29 - INFO - epoch:14/25 iteration:290/459 batch loss is :0.3147
2025-07-02 00:21:48 - INFO - epoch:14/25 iteration:295/459 batch loss is :0.3464
2025-07-02 00:22:08 - INFO - epoch:14/25 iteration:300/459 batch loss is :0.3150
2025-07-02 00:22:27 - INFO - epoch:14/25 iteration:305/459 batch loss is :0.1677
2025-07-02 00:22:47 - INFO - epoch:14/25 iteration:310/459 batch loss is :0.2510
2025-07-02 00:23:07 - INFO - epoch:14/25 iteration:315/459 batch loss is :0.1947
2025-07-02 00:23:26 - INFO - epoch:14/25 iteration:320/459 batch loss is :0.2174
2025-07-02 00:23:46 - INFO - epoch:14/25 iteration:325/459 batch loss is :0.1839
2025-07-02 00:24:05 - INFO - epoch:14/25 iteration:330/459 batch loss is :0.1536
2025-07-02 00:24:25 - INFO - epoch:14/25 iteration:335/459 batch loss is :0.1226
2025-07-02 00:24:44 - INFO - epoch:14/25 iteration:340/459 batch loss is :0.1699
2025-07-02 00:25:04 - INFO - epoch:14/25 iteration:345/459 batch loss is :0.2012
2025-07-02 00:25:23 - INFO - epoch:14/25 iteration:350/459 batch loss is :0.3534
2025-07-02 00:25:43 - INFO - epoch:14/25 iteration:355/459 batch loss is :0.2053
2025-07-02 00:26:02 - INFO - epoch:14/25 iteration:360/459 batch loss is :0.1793
2025-07-02 00:26:22 - INFO - epoch:14/25 iteration:365/459 batch loss is :0.2465
2025-07-02 00:26:41 - INFO - epoch:14/25 iteration:370/459 batch loss is :0.2066
2025-07-02 00:27:01 - INFO - epoch:14/25 iteration:375/459 batch loss is :0.2646
2025-07-02 00:27:20 - INFO - epoch:14/25 iteration:380/459 batch loss is :0.1430
2025-07-02 00:27:40 - INFO - epoch:14/25 iteration:385/459 batch loss is :0.2602
2025-07-02 00:27:59 - INFO - epoch:14/25 iteration:390/459 batch loss is :0.2219
2025-07-02 00:28:19 - INFO - epoch:14/25 iteration:395/459 batch loss is :0.2427
2025-07-02 00:28:38 - INFO - epoch:14/25 iteration:400/459 batch loss is :0.2612
2025-07-02 00:28:58 - INFO - epoch:14/25 iteration:405/459 batch loss is :0.1314
2025-07-02 00:29:17 - INFO - epoch:14/25 iteration:410/459 batch loss is :0.2592
2025-07-02 00:29:37 - INFO - epoch:14/25 iteration:415/459 batch loss is :0.2261
2025-07-02 00:29:56 - INFO - epoch:14/25 iteration:420/459 batch loss is :0.1261
2025-07-02 00:30:15 - INFO - epoch:14/25 iteration:425/459 batch loss is :0.1638
2025-07-02 00:30:34 - INFO - epoch:14/25 iteration:430/459 batch loss is :0.2547
2025-07-02 00:30:53 - INFO - epoch:14/25 iteration:435/459 batch loss is :0.1508
2025-07-02 00:31:11 - INFO - epoch:14/25 iteration:440/459 batch loss is :0.3621
2025-07-02 00:31:28 - INFO - epoch:14/25 iteration:445/459 batch loss is :0.2005
2025-07-02 00:31:46 - INFO - epoch:14/25 iteration:450/459 batch loss is :0.5434
2025-07-02 00:32:04 - INFO - epoch:14/25 iteration:455/459 batch loss is :0.2915
2025-07-02 00:32:17 - INFO - Epoch:14/25 Loss is :0.2474
2025-07-02 00:35:11 - INFO - epoch:15/25 iteration:0/459 batch loss is :0.2278
2025-07-02 00:35:32 - INFO - epoch:15/25 iteration:5/459 batch loss is :0.1767
2025-07-02 00:35:52 - INFO - epoch:15/25 iteration:10/459 batch loss is :0.3589
2025-07-02 00:36:13 - INFO - epoch:15/25 iteration:15/459 batch loss is :0.3753
2025-07-02 00:36:34 - INFO - epoch:15/25 iteration:20/459 batch loss is :0.1844
2025-07-02 00:36:54 - INFO - epoch:15/25 iteration:25/459 batch loss is :0.1940
2025-07-02 00:37:14 - INFO - epoch:15/25 iteration:30/459 batch loss is :0.2413
2025-07-02 00:37:33 - INFO - epoch:15/25 iteration:35/459 batch loss is :0.2942
2025-07-02 00:37:52 - INFO - epoch:15/25 iteration:40/459 batch loss is :0.2103
2025-07-02 00:38:12 - INFO - epoch:15/25 iteration:45/459 batch loss is :0.3113
2025-07-02 00:38:31 - INFO - epoch:15/25 iteration:50/459 batch loss is :0.1881
2025-07-02 00:38:51 - INFO - epoch:15/25 iteration:55/459 batch loss is :0.3403
2025-07-02 00:39:10 - INFO - epoch:15/25 iteration:60/459 batch loss is :0.3409
2025-07-02 00:39:30 - INFO - epoch:15/25 iteration:65/459 batch loss is :0.1588
2025-07-02 00:39:49 - INFO - epoch:15/25 iteration:70/459 batch loss is :0.1249
2025-07-02 00:40:09 - INFO - epoch:15/25 iteration:75/459 batch loss is :0.2016
2025-07-02 00:40:28 - INFO - epoch:15/25 iteration:80/459 batch loss is :0.1560
2025-07-02 00:40:48 - INFO - epoch:15/25 iteration:85/459 batch loss is :0.1952
2025-07-02 00:41:08 - INFO - epoch:15/25 iteration:90/459 batch loss is :0.2029
2025-07-02 00:41:27 - INFO - epoch:15/25 iteration:95/459 batch loss is :0.2207
2025-07-02 00:41:47 - INFO - epoch:15/25 iteration:100/459 batch loss is :0.2689
2025-07-02 00:42:07 - INFO - epoch:15/25 iteration:105/459 batch loss is :0.3112
2025-07-02 00:42:26 - INFO - epoch:15/25 iteration:110/459 batch loss is :0.1164
2025-07-02 00:42:46 - INFO - epoch:15/25 iteration:115/459 batch loss is :0.2629
2025-07-02 00:43:05 - INFO - epoch:15/25 iteration:120/459 batch loss is :0.1431
2025-07-02 00:43:24 - INFO - epoch:15/25 iteration:125/459 batch loss is :0.2849
2025-07-02 00:43:44 - INFO - epoch:15/25 iteration:130/459 batch loss is :0.2966
2025-07-02 00:44:04 - INFO - epoch:15/25 iteration:135/459 batch loss is :0.1665
2025-07-02 00:44:23 - INFO - epoch:15/25 iteration:140/459 batch loss is :0.2702
2025-07-02 00:44:43 - INFO - epoch:15/25 iteration:145/459 batch loss is :0.2031
2025-07-02 00:45:02 - INFO - epoch:15/25 iteration:150/459 batch loss is :0.1063
2025-07-02 00:45:22 - INFO - epoch:15/25 iteration:155/459 batch loss is :0.2771
2025-07-02 00:45:41 - INFO - epoch:15/25 iteration:160/459 batch loss is :0.1869
2025-07-02 00:46:01 - INFO - epoch:15/25 iteration:165/459 batch loss is :0.3301
2025-07-02 00:46:21 - INFO - epoch:15/25 iteration:170/459 batch loss is :0.4524
2025-07-02 00:46:40 - INFO - epoch:15/25 iteration:175/459 batch loss is :0.1997
2025-07-02 00:47:00 - INFO - epoch:15/25 iteration:180/459 batch loss is :0.1569
2025-07-02 00:47:19 - INFO - epoch:15/25 iteration:185/459 batch loss is :0.2484
2025-07-02 00:47:39 - INFO - epoch:15/25 iteration:190/459 batch loss is :0.2210
2025-07-02 00:47:58 - INFO - epoch:15/25 iteration:195/459 batch loss is :0.3070
2025-07-02 00:48:18 - INFO - epoch:15/25 iteration:200/459 batch loss is :0.1720
2025-07-02 00:48:37 - INFO - epoch:15/25 iteration:205/459 batch loss is :0.1510
2025-07-02 00:48:57 - INFO - epoch:15/25 iteration:210/459 batch loss is :0.1808
2025-07-02 00:49:16 - INFO - epoch:15/25 iteration:215/459 batch loss is :0.2515
2025-07-02 00:49:36 - INFO - epoch:15/25 iteration:220/459 batch loss is :0.1712
2025-07-02 00:49:55 - INFO - epoch:15/25 iteration:225/459 batch loss is :0.1284
2025-07-02 00:50:15 - INFO - epoch:15/25 iteration:230/459 batch loss is :0.2398
2025-07-02 00:50:34 - INFO - epoch:15/25 iteration:235/459 batch loss is :0.1997
2025-07-02 00:50:54 - INFO - epoch:15/25 iteration:240/459 batch loss is :0.1902
2025-07-02 00:51:13 - INFO - epoch:15/25 iteration:245/459 batch loss is :0.5172
2025-07-02 00:51:33 - INFO - epoch:15/25 iteration:250/459 batch loss is :0.2343
2025-07-02 00:51:52 - INFO - epoch:15/25 iteration:255/459 batch loss is :0.1784
2025-07-02 00:52:12 - INFO - epoch:15/25 iteration:260/459 batch loss is :0.1291
2025-07-02 00:52:31 - INFO - epoch:15/25 iteration:265/459 batch loss is :0.2901
2025-07-02 00:52:51 - INFO - epoch:15/25 iteration:270/459 batch loss is :0.3714
2025-07-02 00:53:11 - INFO - epoch:15/25 iteration:275/459 batch loss is :0.1696
2025-07-02 00:53:30 - INFO - epoch:15/25 iteration:280/459 batch loss is :0.2644
2025-07-02 00:53:50 - INFO - epoch:15/25 iteration:285/459 batch loss is :0.4334
2025-07-02 00:54:10 - INFO - epoch:15/25 iteration:290/459 batch loss is :0.1279
2025-07-02 00:54:29 - INFO - epoch:15/25 iteration:295/459 batch loss is :0.2756
2025-07-02 00:54:49 - INFO - epoch:15/25 iteration:300/459 batch loss is :0.1841
2025-07-02 00:55:08 - INFO - epoch:15/25 iteration:305/459 batch loss is :0.2030
2025-07-02 00:55:28 - INFO - epoch:15/25 iteration:310/459 batch loss is :0.2576
2025-07-02 00:55:47 - INFO - epoch:15/25 iteration:315/459 batch loss is :0.1880
2025-07-02 00:56:07 - INFO - epoch:15/25 iteration:320/459 batch loss is :0.3630
2025-07-02 00:56:26 - INFO - epoch:15/25 iteration:325/459 batch loss is :0.2795
2025-07-02 00:56:46 - INFO - epoch:15/25 iteration:330/459 batch loss is :0.1582
2025-07-02 00:57:05 - INFO - epoch:15/25 iteration:335/459 batch loss is :0.2332
2025-07-02 00:57:25 - INFO - epoch:15/25 iteration:340/459 batch loss is :0.1691
2025-07-02 00:57:44 - INFO - epoch:15/25 iteration:345/459 batch loss is :0.2070
2025-07-02 00:58:03 - INFO - epoch:15/25 iteration:350/459 batch loss is :0.2285
2025-07-02 00:58:23 - INFO - epoch:15/25 iteration:355/459 batch loss is :0.1819
2025-07-02 00:58:42 - INFO - epoch:15/25 iteration:360/459 batch loss is :0.1720
2025-07-02 00:59:02 - INFO - epoch:15/25 iteration:365/459 batch loss is :0.1815
2025-07-02 00:59:21 - INFO - epoch:15/25 iteration:370/459 batch loss is :0.1783
2025-07-02 00:59:40 - INFO - epoch:15/25 iteration:375/459 batch loss is :0.3671
2025-07-02 01:00:00 - INFO - epoch:15/25 iteration:380/459 batch loss is :0.2847
2025-07-02 01:00:19 - INFO - epoch:15/25 iteration:385/459 batch loss is :0.1681
2025-07-02 01:00:39 - INFO - epoch:15/25 iteration:390/459 batch loss is :0.1695
2025-07-02 01:00:58 - INFO - epoch:15/25 iteration:395/459 batch loss is :0.2035
2025-07-02 01:01:18 - INFO - epoch:15/25 iteration:400/459 batch loss is :0.3530
2025-07-02 01:01:38 - INFO - epoch:15/25 iteration:405/459 batch loss is :0.2155
2025-07-02 01:01:58 - INFO - epoch:15/25 iteration:410/459 batch loss is :0.1482
2025-07-02 01:02:17 - INFO - epoch:15/25 iteration:415/459 batch loss is :0.3015
2025-07-02 01:02:37 - INFO - epoch:15/25 iteration:420/459 batch loss is :0.1703
2025-07-02 01:02:56 - INFO - epoch:15/25 iteration:425/459 batch loss is :0.2631
2025-07-02 01:03:16 - INFO - epoch:15/25 iteration:430/459 batch loss is :0.2796
2025-07-02 01:03:34 - INFO - epoch:15/25 iteration:435/459 batch loss is :0.1492
2025-07-02 01:03:52 - INFO - epoch:15/25 iteration:440/459 batch loss is :0.1654
2025-07-02 01:04:09 - INFO - epoch:15/25 iteration:445/459 batch loss is :0.1467
2025-07-02 01:04:27 - INFO - epoch:15/25 iteration:450/459 batch loss is :0.2880
2025-07-02 01:04:45 - INFO - epoch:15/25 iteration:455/459 batch loss is :0.2285
2025-07-02 01:04:57 - INFO - Epoch:15/25 Loss is :0.2248
2025-07-02 01:14:10 - INFO - VAL loss :0.2568
2025-07-02 01:17:04 - INFO - epoch:16/25 iteration:0/459 batch loss is :0.2029
2025-07-02 01:17:25 - INFO - epoch:16/25 iteration:5/459 batch loss is :0.2386
2025-07-02 01:17:47 - INFO - epoch:16/25 iteration:10/459 batch loss is :0.3857
2025-07-02 01:18:09 - INFO - epoch:16/25 iteration:15/459 batch loss is :0.1204
2025-07-02 01:18:31 - INFO - epoch:16/25 iteration:20/459 batch loss is :0.1408
2025-07-02 01:18:52 - INFO - epoch:16/25 iteration:25/459 batch loss is :0.2308
2025-07-02 01:19:13 - INFO - epoch:16/25 iteration:30/459 batch loss is :0.1805
2025-07-02 01:19:34 - INFO - epoch:16/25 iteration:35/459 batch loss is :0.2082
2025-07-02 01:19:54 - INFO - epoch:16/25 iteration:40/459 batch loss is :0.1838
2025-07-02 01:20:14 - INFO - epoch:16/25 iteration:45/459 batch loss is :0.3460
2025-07-02 01:20:34 - INFO - epoch:16/25 iteration:50/459 batch loss is :0.1711
2025-07-02 01:20:53 - INFO - epoch:16/25 iteration:55/459 batch loss is :0.3133
2025-07-02 01:21:13 - INFO - epoch:16/25 iteration:60/459 batch loss is :0.1690
2025-07-02 01:21:32 - INFO - epoch:16/25 iteration:65/459 batch loss is :0.3252
2025-07-02 01:21:53 - INFO - epoch:16/25 iteration:70/459 batch loss is :0.2303
2025-07-02 01:22:12 - INFO - epoch:16/25 iteration:75/459 batch loss is :0.4153
2025-07-02 01:22:32 - INFO - epoch:16/25 iteration:80/459 batch loss is :0.1286
2025-07-02 01:22:52 - INFO - epoch:16/25 iteration:85/459 batch loss is :0.2152
2025-07-02 01:23:11 - INFO - epoch:16/25 iteration:90/459 batch loss is :0.2491
2025-07-02 01:23:31 - INFO - epoch:16/25 iteration:95/459 batch loss is :0.1539
2025-07-02 01:23:51 - INFO - epoch:16/25 iteration:100/459 batch loss is :0.2243
2025-07-02 01:24:10 - INFO - epoch:16/25 iteration:105/459 batch loss is :0.1341
2025-07-02 01:24:29 - INFO - epoch:16/25 iteration:110/459 batch loss is :0.1946
2025-07-02 01:24:49 - INFO - epoch:16/25 iteration:115/459 batch loss is :0.2694
2025-07-02 01:25:09 - INFO - epoch:16/25 iteration:120/459 batch loss is :0.1997
2025-07-02 01:25:28 - INFO - epoch:16/25 iteration:125/459 batch loss is :0.1937
2025-07-02 01:25:48 - INFO - epoch:16/25 iteration:130/459 batch loss is :0.1776
2025-07-02 01:26:08 - INFO - epoch:16/25 iteration:135/459 batch loss is :0.1827
2025-07-02 01:26:27 - INFO - epoch:16/25 iteration:140/459 batch loss is :0.1755
2025-07-02 01:26:47 - INFO - epoch:16/25 iteration:145/459 batch loss is :0.2566
2025-07-02 01:27:06 - INFO - epoch:16/25 iteration:150/459 batch loss is :0.1286
2025-07-02 01:27:26 - INFO - epoch:16/25 iteration:155/459 batch loss is :0.2367
2025-07-02 01:27:45 - INFO - epoch:16/25 iteration:160/459 batch loss is :0.1868
2025-07-02 01:28:04 - INFO - epoch:16/25 iteration:165/459 batch loss is :0.2437
2025-07-02 01:28:24 - INFO - epoch:16/25 iteration:170/459 batch loss is :0.1871
2025-07-02 01:28:43 - INFO - epoch:16/25 iteration:175/459 batch loss is :0.1640
2025-07-02 01:29:03 - INFO - epoch:16/25 iteration:180/459 batch loss is :0.2704
2025-07-02 01:29:22 - INFO - epoch:16/25 iteration:185/459 batch loss is :0.1368
2025-07-02 01:29:42 - INFO - epoch:16/25 iteration:190/459 batch loss is :0.1292
2025-07-02 01:30:01 - INFO - epoch:16/25 iteration:195/459 batch loss is :0.2711
2025-07-02 01:30:21 - INFO - epoch:16/25 iteration:200/459 batch loss is :0.2355
2025-07-02 01:30:40 - INFO - epoch:16/25 iteration:205/459 batch loss is :0.1626
2025-07-02 01:31:00 - INFO - epoch:16/25 iteration:210/459 batch loss is :0.2915
2025-07-02 01:31:19 - INFO - epoch:16/25 iteration:215/459 batch loss is :0.2748
2025-07-02 01:31:39 - INFO - epoch:16/25 iteration:220/459 batch loss is :0.2011
2025-07-02 01:31:58 - INFO - epoch:16/25 iteration:225/459 batch loss is :0.1282
2025-07-02 01:32:18 - INFO - epoch:16/25 iteration:230/459 batch loss is :0.3212
2025-07-02 01:32:37 - INFO - epoch:16/25 iteration:235/459 batch loss is :0.1384
2025-07-02 01:32:57 - INFO - epoch:16/25 iteration:240/459 batch loss is :0.1723
2025-07-02 01:33:16 - INFO - epoch:16/25 iteration:245/459 batch loss is :0.2269
2025-07-02 01:33:35 - INFO - epoch:16/25 iteration:250/459 batch loss is :0.1653
2025-07-02 01:33:55 - INFO - epoch:16/25 iteration:255/459 batch loss is :0.3868
2025-07-02 01:34:14 - INFO - epoch:16/25 iteration:260/459 batch loss is :0.2397
2025-07-02 01:34:34 - INFO - epoch:16/25 iteration:265/459 batch loss is :0.2389
2025-07-02 01:34:54 - INFO - epoch:16/25 iteration:270/459 batch loss is :0.1386
2025-07-02 01:35:13 - INFO - epoch:16/25 iteration:275/459 batch loss is :0.2120
2025-07-02 01:35:33 - INFO - epoch:16/25 iteration:280/459 batch loss is :0.1907
2025-07-02 01:35:52 - INFO - epoch:16/25 iteration:285/459 batch loss is :0.1271
2025-07-02 01:36:12 - INFO - epoch:16/25 iteration:290/459 batch loss is :0.1596
2025-07-02 01:36:31 - INFO - epoch:16/25 iteration:295/459 batch loss is :0.2332
2025-07-02 01:36:51 - INFO - epoch:16/25 iteration:300/459 batch loss is :0.3997
2025-07-02 01:37:10 - INFO - epoch:16/25 iteration:305/459 batch loss is :0.2548
2025-07-02 01:37:30 - INFO - epoch:16/25 iteration:310/459 batch loss is :0.2579
2025-07-02 01:37:49 - INFO - epoch:16/25 iteration:315/459 batch loss is :0.1358
2025-07-02 01:38:09 - INFO - epoch:16/25 iteration:320/459 batch loss is :0.1704
2025-07-02 01:38:28 - INFO - epoch:16/25 iteration:325/459 batch loss is :0.1843
2025-07-02 01:38:47 - INFO - epoch:16/25 iteration:330/459 batch loss is :0.2646
2025-07-02 01:39:07 - INFO - epoch:16/25 iteration:335/459 batch loss is :0.1971
2025-07-02 01:39:26 - INFO - epoch:16/25 iteration:340/459 batch loss is :0.1981
2025-07-02 01:39:45 - INFO - epoch:16/25 iteration:345/459 batch loss is :0.3409
2025-07-02 01:40:05 - INFO - epoch:16/25 iteration:350/459 batch loss is :0.1061
2025-07-02 01:40:24 - INFO - epoch:16/25 iteration:355/459 batch loss is :0.1728
2025-07-02 01:40:44 - INFO - epoch:16/25 iteration:360/459 batch loss is :0.1325
2025-07-02 01:41:03 - INFO - epoch:16/25 iteration:365/459 batch loss is :0.1834
2025-07-02 01:41:23 - INFO - epoch:16/25 iteration:370/459 batch loss is :0.1539
2025-07-02 01:41:42 - INFO - epoch:16/25 iteration:375/459 batch loss is :0.2813
2025-07-02 01:42:02 - INFO - epoch:16/25 iteration:380/459 batch loss is :0.2005
2025-07-02 01:42:22 - INFO - epoch:16/25 iteration:385/459 batch loss is :0.3099
2025-07-02 01:42:41 - INFO - epoch:16/25 iteration:390/459 batch loss is :0.2176
2025-07-02 01:43:01 - INFO - epoch:16/25 iteration:395/459 batch loss is :0.1515
2025-07-02 01:43:20 - INFO - epoch:16/25 iteration:400/459 batch loss is :0.2625
2025-07-02 01:43:40 - INFO - epoch:16/25 iteration:405/459 batch loss is :0.2066
2025-07-02 01:44:00 - INFO - epoch:16/25 iteration:410/459 batch loss is :0.1497
2025-07-02 01:44:19 - INFO - epoch:16/25 iteration:415/459 batch loss is :0.2451
2025-07-02 01:44:39 - INFO - epoch:16/25 iteration:420/459 batch loss is :0.2613
2025-07-02 01:44:58 - INFO - epoch:16/25 iteration:425/459 batch loss is :0.1750
2025-07-02 01:45:18 - INFO - epoch:16/25 iteration:430/459 batch loss is :0.1227
2025-07-02 01:45:36 - INFO - epoch:16/25 iteration:435/459 batch loss is :0.1594
2025-07-02 01:45:54 - INFO - epoch:16/25 iteration:440/459 batch loss is :0.2651
2025-07-02 01:46:12 - INFO - epoch:16/25 iteration:445/459 batch loss is :0.3827
2025-07-02 01:46:30 - INFO - epoch:16/25 iteration:450/459 batch loss is :0.1749
2025-07-02 01:46:47 - INFO - epoch:16/25 iteration:455/459 batch loss is :0.2469
2025-07-02 01:46:59 - INFO - Epoch:16/25 Loss is :0.2044
2025-07-02 01:49:55 - INFO - epoch:17/25 iteration:0/459 batch loss is :0.1535
2025-07-02 01:50:16 - INFO - epoch:17/25 iteration:5/459 batch loss is :0.1049
2025-07-02 01:50:37 - INFO - epoch:17/25 iteration:10/459 batch loss is :0.3246
2025-07-02 01:50:58 - INFO - epoch:17/25 iteration:15/459 batch loss is :0.3409
2025-07-02 01:51:19 - INFO - epoch:17/25 iteration:20/459 batch loss is :0.1803
2025-07-02 01:51:39 - INFO - epoch:17/25 iteration:25/459 batch loss is :0.0889
2025-07-02 01:51:59 - INFO - epoch:17/25 iteration:30/459 batch loss is :0.2831
2025-07-02 01:52:19 - INFO - epoch:17/25 iteration:35/459 batch loss is :0.1987
2025-07-02 01:52:38 - INFO - epoch:17/25 iteration:40/459 batch loss is :0.2150
2025-07-02 01:52:58 - INFO - epoch:17/25 iteration:45/459 batch loss is :0.1977
2025-07-02 01:53:18 - INFO - epoch:17/25 iteration:50/459 batch loss is :0.1241
2025-07-02 01:53:37 - INFO - epoch:17/25 iteration:55/459 batch loss is :0.2356
2025-07-02 01:53:56 - INFO - epoch:17/25 iteration:60/459 batch loss is :0.3003
2025-07-02 01:54:16 - INFO - epoch:17/25 iteration:65/459 batch loss is :0.1966
2025-07-02 01:54:35 - INFO - epoch:17/25 iteration:70/459 batch loss is :0.1582
2025-07-02 01:54:54 - INFO - epoch:17/25 iteration:75/459 batch loss is :0.1723
2025-07-02 01:55:14 - INFO - epoch:17/25 iteration:80/459 batch loss is :0.0766
2025-07-02 01:55:34 - INFO - epoch:17/25 iteration:85/459 batch loss is :0.1780
2025-07-02 01:55:53 - INFO - epoch:17/25 iteration:90/459 batch loss is :0.0560
2025-07-02 01:56:13 - INFO - epoch:17/25 iteration:95/459 batch loss is :0.1491
2025-07-02 01:56:32 - INFO - epoch:17/25 iteration:100/459 batch loss is :0.2148
2025-07-02 01:56:52 - INFO - epoch:17/25 iteration:105/459 batch loss is :0.1571
2025-07-02 01:57:11 - INFO - epoch:17/25 iteration:110/459 batch loss is :0.0620
2025-07-02 01:57:31 - INFO - epoch:17/25 iteration:115/459 batch loss is :0.1382
2025-07-02 01:57:51 - INFO - epoch:17/25 iteration:120/459 batch loss is :0.1229
2025-07-02 01:58:11 - INFO - epoch:17/25 iteration:125/459 batch loss is :0.2004
2025-07-02 01:58:30 - INFO - epoch:17/25 iteration:130/459 batch loss is :0.1475
2025-07-02 01:58:49 - INFO - epoch:17/25 iteration:135/459 batch loss is :0.2086
2025-07-02 01:59:09 - INFO - epoch:17/25 iteration:140/459 batch loss is :0.3063
2025-07-02 01:59:29 - INFO - epoch:17/25 iteration:145/459 batch loss is :0.1486
2025-07-02 01:59:48 - INFO - epoch:17/25 iteration:150/459 batch loss is :0.1630
2025-07-02 02:00:08 - INFO - epoch:17/25 iteration:155/459 batch loss is :0.1659
2025-07-02 02:00:27 - INFO - epoch:17/25 iteration:160/459 batch loss is :0.1939
2025-07-02 02:00:47 - INFO - epoch:17/25 iteration:165/459 batch loss is :0.0839
2025-07-02 02:01:06 - INFO - epoch:17/25 iteration:170/459 batch loss is :0.1292
2025-07-02 02:01:26 - INFO - epoch:17/25 iteration:175/459 batch loss is :0.1458
2025-07-02 02:01:45 - INFO - epoch:17/25 iteration:180/459 batch loss is :0.1563
2025-07-02 02:02:05 - INFO - epoch:17/25 iteration:185/459 batch loss is :0.1203
2025-07-02 02:02:24 - INFO - epoch:17/25 iteration:190/459 batch loss is :0.1327
2025-07-02 02:02:44 - INFO - epoch:17/25 iteration:195/459 batch loss is :0.1925
2025-07-02 02:03:03 - INFO - epoch:17/25 iteration:200/459 batch loss is :0.2309
2025-07-02 02:03:23 - INFO - epoch:17/25 iteration:205/459 batch loss is :0.2268
2025-07-02 02:03:42 - INFO - epoch:17/25 iteration:210/459 batch loss is :0.0680
2025-07-02 02:04:02 - INFO - epoch:17/25 iteration:215/459 batch loss is :0.1691
2025-07-02 02:04:21 - INFO - epoch:17/25 iteration:220/459 batch loss is :0.1902
2025-07-02 02:04:41 - INFO - epoch:17/25 iteration:225/459 batch loss is :0.3042
2025-07-02 02:05:00 - INFO - epoch:17/25 iteration:230/459 batch loss is :0.1066
2025-07-02 02:05:20 - INFO - epoch:17/25 iteration:235/459 batch loss is :0.2745
2025-07-02 02:05:39 - INFO - epoch:17/25 iteration:240/459 batch loss is :0.3090
2025-07-02 02:05:59 - INFO - epoch:17/25 iteration:245/459 batch loss is :0.1813
2025-07-02 02:06:18 - INFO - epoch:17/25 iteration:250/459 batch loss is :0.2675
2025-07-02 02:06:38 - INFO - epoch:17/25 iteration:255/459 batch loss is :0.2164
2025-07-02 02:06:58 - INFO - epoch:17/25 iteration:260/459 batch loss is :0.1401
2025-07-02 02:07:18 - INFO - epoch:17/25 iteration:265/459 batch loss is :0.0815
2025-07-02 02:07:37 - INFO - epoch:17/25 iteration:270/459 batch loss is :0.1574
2025-07-02 02:07:57 - INFO - epoch:17/25 iteration:275/459 batch loss is :0.1112
2025-07-02 02:08:16 - INFO - epoch:17/25 iteration:280/459 batch loss is :0.1489
2025-07-02 02:08:36 - INFO - epoch:17/25 iteration:285/459 batch loss is :0.1356
2025-07-02 02:08:55 - INFO - epoch:17/25 iteration:290/459 batch loss is :0.1694
2025-07-02 02:09:17 - INFO - epoch:17/25 iteration:295/459 batch loss is :0.2143
2025-07-02 02:09:38 - INFO - epoch:17/25 iteration:300/459 batch loss is :0.2259
2025-07-02 02:09:58 - INFO - epoch:17/25 iteration:305/459 batch loss is :0.1502
2025-07-02 02:10:18 - INFO - epoch:17/25 iteration:310/459 batch loss is :0.0773
2025-07-02 02:10:38 - INFO - epoch:17/25 iteration:315/459 batch loss is :0.1127
2025-07-02 02:10:57 - INFO - epoch:17/25 iteration:320/459 batch loss is :0.2992
2025-07-02 02:11:17 - INFO - epoch:17/25 iteration:325/459 batch loss is :0.2290
2025-07-02 02:11:37 - INFO - epoch:17/25 iteration:330/459 batch loss is :0.1689
2025-07-02 02:11:57 - INFO - epoch:17/25 iteration:335/459 batch loss is :0.2453
2025-07-02 02:12:17 - INFO - epoch:17/25 iteration:340/459 batch loss is :0.2302
2025-07-02 02:12:36 - INFO - epoch:17/25 iteration:345/459 batch loss is :0.2380
2025-07-02 02:12:56 - INFO - epoch:17/25 iteration:350/459 batch loss is :0.2676
2025-07-02 02:13:16 - INFO - epoch:17/25 iteration:355/459 batch loss is :0.0933
2025-07-02 02:13:35 - INFO - epoch:17/25 iteration:360/459 batch loss is :0.2600
2025-07-02 02:13:54 - INFO - epoch:17/25 iteration:365/459 batch loss is :0.0916
2025-07-02 02:14:14 - INFO - epoch:17/25 iteration:370/459 batch loss is :0.2626
2025-07-02 02:14:33 - INFO - epoch:17/25 iteration:375/459 batch loss is :0.2051
2025-07-02 02:14:53 - INFO - epoch:17/25 iteration:380/459 batch loss is :0.1820
2025-07-02 02:15:12 - INFO - epoch:17/25 iteration:385/459 batch loss is :0.1509
2025-07-02 02:15:32 - INFO - epoch:17/25 iteration:390/459 batch loss is :0.1382
2025-07-02 02:15:51 - INFO - epoch:17/25 iteration:395/459 batch loss is :0.0866
2025-07-02 02:16:11 - INFO - epoch:17/25 iteration:400/459 batch loss is :0.1659
2025-07-02 02:16:30 - INFO - epoch:17/25 iteration:405/459 batch loss is :0.1547
2025-07-02 02:16:50 - INFO - epoch:17/25 iteration:410/459 batch loss is :0.1261
2025-07-02 02:17:09 - INFO - epoch:17/25 iteration:415/459 batch loss is :0.1178
2025-07-02 02:17:29 - INFO - epoch:17/25 iteration:420/459 batch loss is :0.1970
2025-07-02 02:17:48 - INFO - epoch:17/25 iteration:425/459 batch loss is :0.1251
2025-07-02 02:18:07 - INFO - epoch:17/25 iteration:430/459 batch loss is :0.2349
2025-07-02 02:18:26 - INFO - epoch:17/25 iteration:435/459 batch loss is :0.1306
2025-07-02 02:18:44 - INFO - epoch:17/25 iteration:440/459 batch loss is :0.0763
2025-07-02 02:19:02 - INFO - epoch:17/25 iteration:445/459 batch loss is :0.1359
2025-07-02 02:19:20 - INFO - epoch:17/25 iteration:450/459 batch loss is :0.2044
2025-07-02 02:19:38 - INFO - epoch:17/25 iteration:455/459 batch loss is :0.2167
2025-07-02 02:19:49 - INFO - Epoch:17/25 Loss is :0.1806
2025-07-02 02:22:42 - INFO - epoch:18/25 iteration:0/459 batch loss is :0.0999
2025-07-02 02:23:03 - INFO - epoch:18/25 iteration:5/459 batch loss is :0.2554
2025-07-02 02:23:24 - INFO - epoch:18/25 iteration:10/459 batch loss is :0.1570
2025-07-02 02:23:45 - INFO - epoch:18/25 iteration:15/459 batch loss is :0.2081
2025-07-02 02:24:05 - INFO - epoch:18/25 iteration:20/459 batch loss is :0.1814
2025-07-02 02:24:25 - INFO - epoch:18/25 iteration:25/459 batch loss is :0.1132
2025-07-02 02:24:45 - INFO - epoch:18/25 iteration:30/459 batch loss is :0.2110
2025-07-02 02:25:04 - INFO - epoch:18/25 iteration:35/459 batch loss is :0.1442
2025-07-02 02:25:23 - INFO - epoch:18/25 iteration:40/459 batch loss is :0.1235
2025-07-02 02:25:43 - INFO - epoch:18/25 iteration:45/459 batch loss is :0.2467
2025-07-02 02:26:02 - INFO - epoch:18/25 iteration:50/459 batch loss is :0.2183
2025-07-02 02:26:22 - INFO - epoch:18/25 iteration:55/459 batch loss is :0.1849
2025-07-02 02:26:41 - INFO - epoch:18/25 iteration:60/459 batch loss is :0.1870
2025-07-02 02:27:01 - INFO - epoch:18/25 iteration:65/459 batch loss is :0.1305
2025-07-02 02:27:21 - INFO - epoch:18/25 iteration:70/459 batch loss is :0.2079
2025-07-02 02:27:40 - INFO - epoch:18/25 iteration:75/459 batch loss is :0.1053
2025-07-02 02:28:00 - INFO - epoch:18/25 iteration:80/459 batch loss is :0.1349
2025-07-02 02:28:19 - INFO - epoch:18/25 iteration:85/459 batch loss is :0.1599
2025-07-02 02:28:39 - INFO - epoch:18/25 iteration:90/459 batch loss is :0.1728
2025-07-02 02:28:58 - INFO - epoch:18/25 iteration:95/459 batch loss is :0.0973
2025-07-02 02:29:18 - INFO - epoch:18/25 iteration:100/459 batch loss is :0.3716
2025-07-02 02:29:37 - INFO - epoch:18/25 iteration:105/459 batch loss is :0.2366
2025-07-02 02:29:57 - INFO - epoch:18/25 iteration:110/459 batch loss is :0.1021
2025-07-02 02:30:16 - INFO - epoch:18/25 iteration:115/459 batch loss is :0.0862
2025-07-02 02:30:36 - INFO - epoch:18/25 iteration:120/459 batch loss is :0.1333
2025-07-02 02:30:55 - INFO - epoch:18/25 iteration:125/459 batch loss is :0.1294
2025-07-02 02:31:15 - INFO - epoch:18/25 iteration:130/459 batch loss is :0.1284
2025-07-02 02:31:35 - INFO - epoch:18/25 iteration:135/459 batch loss is :0.1528
2025-07-02 02:31:54 - INFO - epoch:18/25 iteration:140/459 batch loss is :0.0943
2025-07-02 02:32:14 - INFO - epoch:18/25 iteration:145/459 batch loss is :0.2519
2025-07-02 02:32:33 - INFO - epoch:18/25 iteration:150/459 batch loss is :0.1559
2025-07-02 02:32:52 - INFO - epoch:18/25 iteration:155/459 batch loss is :0.2965
2025-07-02 02:33:12 - INFO - epoch:18/25 iteration:160/459 batch loss is :0.3060
2025-07-02 02:33:31 - INFO - epoch:18/25 iteration:165/459 batch loss is :0.3560
2025-07-02 02:33:51 - INFO - epoch:18/25 iteration:170/459 batch loss is :0.0662
2025-07-02 02:34:10 - INFO - epoch:18/25 iteration:175/459 batch loss is :0.1065
2025-07-02 02:34:30 - INFO - epoch:18/25 iteration:180/459 batch loss is :0.1939
2025-07-02 02:34:49 - INFO - epoch:18/25 iteration:185/459 batch loss is :0.2472
2025-07-02 02:35:09 - INFO - epoch:18/25 iteration:190/459 batch loss is :0.1711
2025-07-02 02:35:28 - INFO - epoch:18/25 iteration:195/459 batch loss is :0.1180
2025-07-02 02:35:48 - INFO - epoch:18/25 iteration:200/459 batch loss is :0.1272
2025-07-02 02:36:07 - INFO - epoch:18/25 iteration:205/459 batch loss is :0.1071
2025-07-02 02:36:27 - INFO - epoch:18/25 iteration:210/459 batch loss is :0.1542
2025-07-02 02:36:47 - INFO - epoch:18/25 iteration:215/459 batch loss is :0.1360
2025-07-02 02:37:06 - INFO - epoch:18/25 iteration:220/459 batch loss is :0.1832
2025-07-02 02:37:25 - INFO - epoch:18/25 iteration:225/459 batch loss is :0.0974
2025-07-02 02:37:45 - INFO - epoch:18/25 iteration:230/459 batch loss is :0.2023
2025-07-02 02:38:04 - INFO - epoch:18/25 iteration:235/459 batch loss is :0.1517
2025-07-02 02:38:24 - INFO - epoch:18/25 iteration:240/459 batch loss is :0.1477
2025-07-02 02:38:43 - INFO - epoch:18/25 iteration:245/459 batch loss is :0.1067
2025-07-02 02:39:03 - INFO - epoch:18/25 iteration:250/459 batch loss is :0.1183
2025-07-02 02:39:22 - INFO - epoch:18/25 iteration:255/459 batch loss is :0.1618
2025-07-02 02:39:42 - INFO - epoch:18/25 iteration:260/459 batch loss is :0.1610
2025-07-02 02:40:01 - INFO - epoch:18/25 iteration:265/459 batch loss is :0.2775
2025-07-02 02:40:21 - INFO - epoch:18/25 iteration:270/459 batch loss is :0.1362
2025-07-02 02:40:40 - INFO - epoch:18/25 iteration:275/459 batch loss is :0.1247
2025-07-02 02:41:00 - INFO - epoch:18/25 iteration:280/459 batch loss is :0.1600
2025-07-02 02:41:20 - INFO - epoch:18/25 iteration:285/459 batch loss is :0.2230
2025-07-02 02:41:39 - INFO - epoch:18/25 iteration:290/459 batch loss is :0.1184
2025-07-02 02:41:59 - INFO - epoch:18/25 iteration:295/459 batch loss is :0.1354
2025-07-02 02:42:19 - INFO - epoch:18/25 iteration:300/459 batch loss is :0.0851
2025-07-02 02:42:38 - INFO - epoch:18/25 iteration:305/459 batch loss is :0.1098
2025-07-02 02:42:57 - INFO - epoch:18/25 iteration:310/459 batch loss is :0.1983
2025-07-02 02:43:17 - INFO - epoch:18/25 iteration:315/459 batch loss is :0.1415
2025-07-02 02:43:36 - INFO - epoch:18/25 iteration:320/459 batch loss is :0.0865
2025-07-02 02:43:56 - INFO - epoch:18/25 iteration:325/459 batch loss is :0.1306
2025-07-02 02:44:16 - INFO - epoch:18/25 iteration:330/459 batch loss is :0.2248
2025-07-02 02:44:35 - INFO - epoch:18/25 iteration:335/459 batch loss is :0.1023
2025-07-02 02:44:55 - INFO - epoch:18/25 iteration:340/459 batch loss is :0.1416
2025-07-02 02:45:15 - INFO - epoch:18/25 iteration:345/459 batch loss is :0.1724
2025-07-02 02:45:34 - INFO - epoch:18/25 iteration:350/459 batch loss is :0.1441
2025-07-02 02:45:54 - INFO - epoch:18/25 iteration:355/459 batch loss is :0.1315
2025-07-02 02:46:14 - INFO - epoch:18/25 iteration:360/459 batch loss is :0.2303
2025-07-02 02:46:34 - INFO - epoch:18/25 iteration:365/459 batch loss is :0.2821
2025-07-02 02:46:54 - INFO - epoch:18/25 iteration:370/459 batch loss is :0.1166
2025-07-02 02:47:13 - INFO - epoch:18/25 iteration:375/459 batch loss is :0.1389
2025-07-02 02:47:33 - INFO - epoch:18/25 iteration:380/459 batch loss is :0.0780
2025-07-02 02:47:53 - INFO - epoch:18/25 iteration:385/459 batch loss is :0.1474
2025-07-02 02:48:13 - INFO - epoch:18/25 iteration:390/459 batch loss is :0.2443
2025-07-02 02:48:33 - INFO - epoch:18/25 iteration:395/459 batch loss is :0.1204
2025-07-02 02:48:52 - INFO - epoch:18/25 iteration:400/459 batch loss is :0.1674
2025-07-02 02:49:12 - INFO - epoch:18/25 iteration:405/459 batch loss is :0.1166
2025-07-02 02:49:32 - INFO - epoch:18/25 iteration:410/459 batch loss is :0.2818
2025-07-02 02:49:52 - INFO - epoch:18/25 iteration:415/459 batch loss is :0.1397
2025-07-02 02:50:11 - INFO - epoch:18/25 iteration:420/459 batch loss is :0.2178
2025-07-02 02:50:31 - INFO - epoch:18/25 iteration:425/459 batch loss is :0.1467
2025-07-02 02:50:51 - INFO - epoch:18/25 iteration:430/459 batch loss is :0.1165
2025-07-02 02:51:09 - INFO - epoch:18/25 iteration:435/459 batch loss is :0.1779
2025-07-02 02:51:27 - INFO - epoch:18/25 iteration:440/459 batch loss is :0.2305
2025-07-02 02:51:45 - INFO - epoch:18/25 iteration:445/459 batch loss is :0.2065
2025-07-02 02:52:03 - INFO - epoch:18/25 iteration:450/459 batch loss is :0.1862
2025-07-02 02:52:21 - INFO - epoch:18/25 iteration:455/459 batch loss is :0.1474
2025-07-02 02:52:32 - INFO - Epoch:18/25 Loss is :0.1634
2025-07-02 02:55:35 - INFO - epoch:19/25 iteration:0/459 batch loss is :0.1511
2025-07-02 02:55:56 - INFO - epoch:19/25 iteration:5/459 batch loss is :0.0391
2025-07-02 02:56:16 - INFO - epoch:19/25 iteration:10/459 batch loss is :0.1641
2025-07-02 02:56:38 - INFO - epoch:19/25 iteration:15/459 batch loss is :0.1568
2025-07-02 02:56:59 - INFO - epoch:19/25 iteration:20/459 batch loss is :0.1614
2025-07-02 02:57:19 - INFO - epoch:19/25 iteration:25/459 batch loss is :0.0784
2025-07-02 02:57:40 - INFO - epoch:19/25 iteration:30/459 batch loss is :0.1277
2025-07-02 02:58:00 - INFO - epoch:19/25 iteration:35/459 batch loss is :0.1206
2025-07-02 02:58:20 - INFO - epoch:19/25 iteration:40/459 batch loss is :0.1279
2025-07-02 02:58:39 - INFO - epoch:19/25 iteration:45/459 batch loss is :0.1127
2025-07-02 02:58:59 - INFO - epoch:19/25 iteration:50/459 batch loss is :0.0712
2025-07-02 02:59:18 - INFO - epoch:19/25 iteration:55/459 batch loss is :0.1556
2025-07-02 02:59:38 - INFO - epoch:19/25 iteration:60/459 batch loss is :0.1734
2025-07-02 02:59:57 - INFO - epoch:19/25 iteration:65/459 batch loss is :0.1624
2025-07-02 03:00:17 - INFO - epoch:19/25 iteration:70/459 batch loss is :0.0878
2025-07-02 03:00:37 - INFO - epoch:19/25 iteration:75/459 batch loss is :0.1442
2025-07-02 03:00:56 - INFO - epoch:19/25 iteration:80/459 batch loss is :0.0862
2025-07-02 03:01:16 - INFO - epoch:19/25 iteration:85/459 batch loss is :0.1419
2025-07-02 03:01:35 - INFO - epoch:19/25 iteration:90/459 batch loss is :0.1156
2025-07-02 03:01:55 - INFO - epoch:19/25 iteration:95/459 batch loss is :0.0908
2025-07-02 03:02:14 - INFO - epoch:19/25 iteration:100/459 batch loss is :0.1283
2025-07-02 03:02:34 - INFO - epoch:19/25 iteration:105/459 batch loss is :0.2531
2025-07-02 03:02:53 - INFO - epoch:19/25 iteration:110/459 batch loss is :0.1110
2025-07-02 03:03:13 - INFO - epoch:19/25 iteration:115/459 batch loss is :0.0749
2025-07-02 03:03:33 - INFO - epoch:19/25 iteration:120/459 batch loss is :0.2293
2025-07-02 03:03:53 - INFO - epoch:19/25 iteration:125/459 batch loss is :0.1439
2025-07-02 03:04:12 - INFO - epoch:19/25 iteration:130/459 batch loss is :0.1753
2025-07-02 03:04:32 - INFO - epoch:19/25 iteration:135/459 batch loss is :0.1119
2025-07-02 03:04:51 - INFO - epoch:19/25 iteration:140/459 batch loss is :0.2096
2025-07-02 03:05:11 - INFO - epoch:19/25 iteration:145/459 batch loss is :0.1244
2025-07-02 03:05:30 - INFO - epoch:19/25 iteration:150/459 batch loss is :0.1307
2025-07-02 03:05:50 - INFO - epoch:19/25 iteration:155/459 batch loss is :0.1476
2025-07-02 03:06:09 - INFO - epoch:19/25 iteration:160/459 batch loss is :0.1290
2025-07-02 03:06:29 - INFO - epoch:19/25 iteration:165/459 batch loss is :0.1894
2025-07-02 03:06:48 - INFO - epoch:19/25 iteration:170/459 batch loss is :0.1774
2025-07-02 03:07:08 - INFO - epoch:19/25 iteration:175/459 batch loss is :0.0503
2025-07-02 03:07:27 - INFO - epoch:19/25 iteration:180/459 batch loss is :0.0759
2025-07-02 03:07:47 - INFO - epoch:19/25 iteration:185/459 batch loss is :0.1397
2025-07-02 03:08:07 - INFO - epoch:19/25 iteration:190/459 batch loss is :0.2882
2025-07-02 03:08:27 - INFO - epoch:19/25 iteration:195/459 batch loss is :0.2171
2025-07-02 03:08:46 - INFO - epoch:19/25 iteration:200/459 batch loss is :0.1394
2025-07-02 03:09:06 - INFO - epoch:19/25 iteration:205/459 batch loss is :0.1156
2025-07-02 03:09:25 - INFO - epoch:19/25 iteration:210/459 batch loss is :0.1914
2025-07-02 03:09:45 - INFO - epoch:19/25 iteration:215/459 batch loss is :0.1384
2025-07-02 03:10:04 - INFO - epoch:19/25 iteration:220/459 batch loss is :0.1209
2025-07-02 03:10:24 - INFO - epoch:19/25 iteration:225/459 batch loss is :0.1026
2025-07-02 03:10:43 - INFO - epoch:19/25 iteration:230/459 batch loss is :0.1417
2025-07-02 03:11:03 - INFO - epoch:19/25 iteration:235/459 batch loss is :0.1351
2025-07-02 03:11:22 - INFO - epoch:19/25 iteration:240/459 batch loss is :0.0899
2025-07-02 03:11:42 - INFO - epoch:19/25 iteration:245/459 batch loss is :0.0916
2025-07-02 03:12:01 - INFO - epoch:19/25 iteration:250/459 batch loss is :0.1521
2025-07-02 03:12:21 - INFO - epoch:19/25 iteration:255/459 batch loss is :0.1842
2025-07-02 03:12:40 - INFO - epoch:19/25 iteration:260/459 batch loss is :0.0821
2025-07-02 03:13:00 - INFO - epoch:19/25 iteration:265/459 batch loss is :0.1425
2025-07-02 03:13:19 - INFO - epoch:19/25 iteration:270/459 batch loss is :0.0783
2025-07-02 03:13:39 - INFO - epoch:19/25 iteration:275/459 batch loss is :0.1022
2025-07-02 03:13:59 - INFO - epoch:19/25 iteration:280/459 batch loss is :0.1116
2025-07-02 03:14:18 - INFO - epoch:19/25 iteration:285/459 batch loss is :0.0648
2025-07-02 03:14:37 - INFO - epoch:19/25 iteration:290/459 batch loss is :0.1108
2025-07-02 03:14:58 - INFO - epoch:19/25 iteration:295/459 batch loss is :0.1488
2025-07-02 03:15:17 - INFO - epoch:19/25 iteration:300/459 batch loss is :0.1504
2025-07-02 03:15:37 - INFO - epoch:19/25 iteration:305/459 batch loss is :0.1208
2025-07-02 03:15:56 - INFO - epoch:19/25 iteration:310/459 batch loss is :0.1092
2025-07-02 03:16:15 - INFO - epoch:19/25 iteration:315/459 batch loss is :0.1097
2025-07-02 03:16:35 - INFO - epoch:19/25 iteration:320/459 batch loss is :0.3077
2025-07-02 03:16:54 - INFO - epoch:19/25 iteration:325/459 batch loss is :0.1486
2025-07-02 03:17:14 - INFO - epoch:19/25 iteration:330/459 batch loss is :0.1502
2025-07-02 03:17:33 - INFO - epoch:19/25 iteration:335/459 batch loss is :0.2093
2025-07-02 03:17:53 - INFO - epoch:19/25 iteration:340/459 batch loss is :0.2037
2025-07-02 03:18:12 - INFO - epoch:19/25 iteration:345/459 batch loss is :0.2116
2025-07-02 03:18:32 - INFO - epoch:19/25 iteration:350/459 batch loss is :0.1298
2025-07-02 03:18:52 - INFO - epoch:19/25 iteration:355/459 batch loss is :0.1239
2025-07-02 03:19:11 - INFO - epoch:19/25 iteration:360/459 batch loss is :0.1141
2025-07-02 03:19:31 - INFO - epoch:19/25 iteration:365/459 batch loss is :0.2275
2025-07-02 03:19:50 - INFO - epoch:19/25 iteration:370/459 batch loss is :0.0703
2025-07-02 03:20:10 - INFO - epoch:19/25 iteration:375/459 batch loss is :0.2005
2025-07-02 03:20:29 - INFO - epoch:19/25 iteration:380/459 batch loss is :0.2058
2025-07-02 03:20:49 - INFO - epoch:19/25 iteration:385/459 batch loss is :0.0935
2025-07-02 03:21:09 - INFO - epoch:19/25 iteration:390/459 batch loss is :0.1582
2025-07-02 03:21:28 - INFO - epoch:19/25 iteration:395/459 batch loss is :0.2514
2025-07-02 03:21:48 - INFO - epoch:19/25 iteration:400/459 batch loss is :0.1064
2025-07-02 03:22:08 - INFO - epoch:19/25 iteration:405/459 batch loss is :0.0794
2025-07-02 03:22:27 - INFO - epoch:19/25 iteration:410/459 batch loss is :0.1764
2025-07-02 03:22:46 - INFO - epoch:19/25 iteration:415/459 batch loss is :0.1120
2025-07-02 03:23:06 - INFO - epoch:19/25 iteration:420/459 batch loss is :0.0668
2025-07-02 03:23:25 - INFO - epoch:19/25 iteration:425/459 batch loss is :0.1531
2025-07-02 03:23:45 - INFO - epoch:19/25 iteration:430/459 batch loss is :0.1125
2025-07-02 03:24:03 - INFO - epoch:19/25 iteration:435/459 batch loss is :0.0886
2025-07-02 03:24:21 - INFO - epoch:19/25 iteration:440/459 batch loss is :0.2434
2025-07-02 03:24:39 - INFO - epoch:19/25 iteration:445/459 batch loss is :0.2418
2025-07-02 03:24:56 - INFO - epoch:19/25 iteration:450/459 batch loss is :0.2051
2025-07-02 03:25:15 - INFO - epoch:19/25 iteration:455/459 batch loss is :0.2163
2025-07-02 03:25:28 - INFO - Epoch:19/25 Loss is :0.1496
2025-07-02 03:28:21 - INFO - epoch:20/25 iteration:0/459 batch loss is :0.1598
2025-07-02 03:28:41 - INFO - epoch:20/25 iteration:5/459 batch loss is :0.0897
2025-07-02 03:29:02 - INFO - epoch:20/25 iteration:10/459 batch loss is :0.0946
2025-07-02 03:29:22 - INFO - epoch:20/25 iteration:15/459 batch loss is :0.0682
2025-07-02 03:29:43 - INFO - epoch:20/25 iteration:20/459 batch loss is :0.0961
2025-07-02 03:30:04 - INFO - epoch:20/25 iteration:25/459 batch loss is :0.0923
2025-07-02 03:30:25 - INFO - epoch:20/25 iteration:30/459 batch loss is :0.1614
2025-07-02 03:30:46 - INFO - epoch:20/25 iteration:35/459 batch loss is :0.1677
2025-07-02 03:31:06 - INFO - epoch:20/25 iteration:40/459 batch loss is :0.0867
2025-07-02 03:31:25 - INFO - epoch:20/25 iteration:45/459 batch loss is :0.1064
2025-07-02 03:31:45 - INFO - epoch:20/25 iteration:50/459 batch loss is :0.0763
2025-07-02 03:32:04 - INFO - epoch:20/25 iteration:55/459 batch loss is :0.1342
2025-07-02 03:32:24 - INFO - epoch:20/25 iteration:60/459 batch loss is :0.0567
2025-07-02 03:32:43 - INFO - epoch:20/25 iteration:65/459 batch loss is :0.0797
2025-07-02 03:33:03 - INFO - epoch:20/25 iteration:70/459 batch loss is :0.0732
2025-07-02 03:33:22 - INFO - epoch:20/25 iteration:75/459 batch loss is :0.1296
2025-07-02 03:33:42 - INFO - epoch:20/25 iteration:80/459 batch loss is :0.2318
2025-07-02 03:34:01 - INFO - epoch:20/25 iteration:85/459 batch loss is :0.1099
2025-07-02 03:34:21 - INFO - epoch:20/25 iteration:90/459 batch loss is :0.1139
2025-07-02 03:34:40 - INFO - epoch:20/25 iteration:95/459 batch loss is :0.0859
2025-07-02 03:35:00 - INFO - epoch:20/25 iteration:100/459 batch loss is :0.0943
2025-07-02 03:35:20 - INFO - epoch:20/25 iteration:105/459 batch loss is :0.0815
2025-07-02 03:35:39 - INFO - epoch:20/25 iteration:110/459 batch loss is :0.1538
2025-07-02 03:35:59 - INFO - epoch:20/25 iteration:115/459 batch loss is :0.1326
2025-07-02 03:36:18 - INFO - epoch:20/25 iteration:120/459 batch loss is :0.0793
2025-07-02 03:36:38 - INFO - epoch:20/25 iteration:125/459 batch loss is :0.1513
2025-07-02 03:36:57 - INFO - epoch:20/25 iteration:130/459 batch loss is :0.1659
2025-07-02 03:37:17 - INFO - epoch:20/25 iteration:135/459 batch loss is :0.1398
2025-07-02 03:37:36 - INFO - epoch:20/25 iteration:140/459 batch loss is :0.1130
2025-07-02 03:37:55 - INFO - epoch:20/25 iteration:145/459 batch loss is :0.0937
2025-07-02 03:38:15 - INFO - epoch:20/25 iteration:150/459 batch loss is :0.2461
2025-07-02 03:38:35 - INFO - epoch:20/25 iteration:155/459 batch loss is :0.0885
2025-07-02 03:38:54 - INFO - epoch:20/25 iteration:160/459 batch loss is :0.1055
2025-07-02 03:39:13 - INFO - epoch:20/25 iteration:165/459 batch loss is :0.1674
2025-07-02 03:39:33 - INFO - epoch:20/25 iteration:170/459 batch loss is :0.1531
2025-07-02 03:39:52 - INFO - epoch:20/25 iteration:175/459 batch loss is :0.2790
2025-07-02 03:40:12 - INFO - epoch:20/25 iteration:180/459 batch loss is :0.3507
2025-07-02 03:40:31 - INFO - epoch:20/25 iteration:185/459 batch loss is :0.0837
2025-07-02 03:40:51 - INFO - epoch:20/25 iteration:190/459 batch loss is :0.0521
2025-07-02 03:41:11 - INFO - epoch:20/25 iteration:195/459 batch loss is :0.0559
2025-07-02 03:41:30 - INFO - epoch:20/25 iteration:200/459 batch loss is :0.1461
2025-07-02 03:41:50 - INFO - epoch:20/25 iteration:205/459 batch loss is :0.0525
2025-07-02 03:42:10 - INFO - epoch:20/25 iteration:210/459 batch loss is :0.1955
2025-07-02 03:42:29 - INFO - epoch:20/25 iteration:215/459 batch loss is :0.2028
2025-07-02 03:42:49 - INFO - epoch:20/25 iteration:220/459 batch loss is :0.0810
2025-07-02 03:43:08 - INFO - epoch:20/25 iteration:225/459 batch loss is :0.1198
2025-07-02 03:43:28 - INFO - epoch:20/25 iteration:230/459 batch loss is :0.1842
2025-07-02 03:43:47 - INFO - epoch:20/25 iteration:235/459 batch loss is :0.1144
2025-07-02 03:44:07 - INFO - epoch:20/25 iteration:240/459 batch loss is :0.1260
2025-07-02 03:44:26 - INFO - epoch:20/25 iteration:245/459 batch loss is :0.1459
2025-07-02 03:44:46 - INFO - epoch:20/25 iteration:250/459 batch loss is :0.0793
2025-07-02 03:45:05 - INFO - epoch:20/25 iteration:255/459 batch loss is :0.1996
2025-07-02 03:45:25 - INFO - epoch:20/25 iteration:260/459 batch loss is :0.0984
2025-07-02 03:45:44 - INFO - epoch:20/25 iteration:265/459 batch loss is :0.1346
2025-07-02 03:46:04 - INFO - epoch:20/25 iteration:270/459 batch loss is :0.1897
2025-07-02 03:46:23 - INFO - epoch:20/25 iteration:275/459 batch loss is :0.3136
2025-07-02 03:46:43 - INFO - epoch:20/25 iteration:280/459 batch loss is :0.1205
2025-07-02 03:47:02 - INFO - epoch:20/25 iteration:285/459 batch loss is :0.0798
2025-07-02 03:47:22 - INFO - epoch:20/25 iteration:290/459 batch loss is :0.0600
2025-07-02 03:47:41 - INFO - epoch:20/25 iteration:295/459 batch loss is :0.1253
2025-07-02 03:48:01 - INFO - epoch:20/25 iteration:300/459 batch loss is :0.1257
2025-07-02 03:48:20 - INFO - epoch:20/25 iteration:305/459 batch loss is :0.0510
2025-07-02 03:48:40 - INFO - epoch:20/25 iteration:310/459 batch loss is :0.1125
2025-07-02 03:48:59 - INFO - epoch:20/25 iteration:315/459 batch loss is :0.1369
2025-07-02 03:49:19 - INFO - epoch:20/25 iteration:320/459 batch loss is :0.1300
2025-07-02 03:49:38 - INFO - epoch:20/25 iteration:325/459 batch loss is :0.0947
2025-07-02 03:49:57 - INFO - epoch:20/25 iteration:330/459 batch loss is :0.0564
2025-07-02 03:50:17 - INFO - epoch:20/25 iteration:335/459 batch loss is :0.1613
2025-07-02 03:50:36 - INFO - epoch:20/25 iteration:340/459 batch loss is :0.0797
2025-07-02 03:50:56 - INFO - epoch:20/25 iteration:345/459 batch loss is :0.0696
2025-07-02 03:51:15 - INFO - epoch:20/25 iteration:350/459 batch loss is :0.1382
2025-07-02 03:51:35 - INFO - epoch:20/25 iteration:355/459 batch loss is :0.1951
2025-07-02 03:51:55 - INFO - epoch:20/25 iteration:360/459 batch loss is :0.1338
2025-07-02 03:52:14 - INFO - epoch:20/25 iteration:365/459 batch loss is :0.1014
2025-07-02 03:52:34 - INFO - epoch:20/25 iteration:370/459 batch loss is :0.1670
2025-07-02 03:52:53 - INFO - epoch:20/25 iteration:375/459 batch loss is :0.1380
2025-07-02 03:53:13 - INFO - epoch:20/25 iteration:380/459 batch loss is :0.1457
2025-07-02 03:53:32 - INFO - epoch:20/25 iteration:385/459 batch loss is :0.2386
2025-07-02 03:53:52 - INFO - epoch:20/25 iteration:390/459 batch loss is :0.0824
2025-07-02 03:54:12 - INFO - epoch:20/25 iteration:395/459 batch loss is :0.3468
2025-07-02 03:54:31 - INFO - epoch:20/25 iteration:400/459 batch loss is :0.0525
2025-07-02 03:54:51 - INFO - epoch:20/25 iteration:405/459 batch loss is :0.1291
2025-07-02 03:55:11 - INFO - epoch:20/25 iteration:410/459 batch loss is :0.1579
2025-07-02 03:55:30 - INFO - epoch:20/25 iteration:415/459 batch loss is :0.1410
2025-07-02 03:55:50 - INFO - epoch:20/25 iteration:420/459 batch loss is :0.1083
2025-07-02 03:56:09 - INFO - epoch:20/25 iteration:425/459 batch loss is :0.0634
2025-07-02 03:56:28 - INFO - epoch:20/25 iteration:430/459 batch loss is :0.0988
2025-07-02 03:56:47 - INFO - epoch:20/25 iteration:435/459 batch loss is :0.0746
2025-07-02 03:57:05 - INFO - epoch:20/25 iteration:440/459 batch loss is :0.1333
2025-07-02 03:57:22 - INFO - epoch:20/25 iteration:445/459 batch loss is :0.1711
2025-07-02 03:57:40 - INFO - epoch:20/25 iteration:450/459 batch loss is :0.1806
2025-07-02 03:57:58 - INFO - epoch:20/25 iteration:455/459 batch loss is :0.1463
2025-07-02 03:58:09 - INFO - Epoch:20/25 Loss is :0.1193
2025-07-02 04:07:25 - INFO - VAL loss :0.1945
2025-07-02 04:10:13 - INFO - epoch:21/25 iteration:0/459 batch loss is :0.1053
2025-07-02 04:10:34 - INFO - epoch:21/25 iteration:5/459 batch loss is :0.1109
2025-07-02 04:10:55 - INFO - epoch:21/25 iteration:10/459 batch loss is :0.0929
2025-07-02 04:11:16 - INFO - epoch:21/25 iteration:15/459 batch loss is :0.1377
2025-07-02 04:11:37 - INFO - epoch:21/25 iteration:20/459 batch loss is :0.0868
2025-07-02 04:11:58 - INFO - epoch:21/25 iteration:25/459 batch loss is :0.1172
2025-07-02 04:12:20 - INFO - epoch:21/25 iteration:30/459 batch loss is :0.1625
2025-07-02 04:12:41 - INFO - epoch:21/25 iteration:35/459 batch loss is :0.0590
2025-07-02 04:13:02 - INFO - epoch:21/25 iteration:40/459 batch loss is :0.1199
2025-07-02 04:13:23 - INFO - epoch:21/25 iteration:45/459 batch loss is :0.0716
2025-07-02 04:13:44 - INFO - epoch:21/25 iteration:50/459 batch loss is :0.0610
2025-07-02 04:14:04 - INFO - epoch:21/25 iteration:55/459 batch loss is :0.0752
2025-07-02 04:14:24 - INFO - epoch:21/25 iteration:60/459 batch loss is :0.2085
2025-07-02 04:14:43 - INFO - epoch:21/25 iteration:65/459 batch loss is :0.2805
2025-07-02 04:15:03 - INFO - epoch:21/25 iteration:70/459 batch loss is :0.0624
2025-07-02 04:15:22 - INFO - epoch:21/25 iteration:75/459 batch loss is :0.1748
2025-07-02 04:15:42 - INFO - epoch:21/25 iteration:80/459 batch loss is :0.2322
2025-07-02 04:16:02 - INFO - epoch:21/25 iteration:85/459 batch loss is :0.0882
2025-07-02 04:16:21 - INFO - epoch:21/25 iteration:90/459 batch loss is :0.0506
2025-07-02 04:16:41 - INFO - epoch:21/25 iteration:95/459 batch loss is :0.1820
2025-07-02 04:17:01 - INFO - epoch:21/25 iteration:100/459 batch loss is :0.0584
2025-07-02 04:17:21 - INFO - epoch:21/25 iteration:105/459 batch loss is :0.0712
2025-07-02 04:17:41 - INFO - epoch:21/25 iteration:110/459 batch loss is :0.0850
2025-07-02 04:18:00 - INFO - epoch:21/25 iteration:115/459 batch loss is :0.0688
2025-07-02 04:18:20 - INFO - epoch:21/25 iteration:120/459 batch loss is :0.1269
2025-07-02 04:18:40 - INFO - epoch:21/25 iteration:125/459 batch loss is :0.1932
2025-07-02 04:19:00 - INFO - epoch:21/25 iteration:130/459 batch loss is :0.1503
2025-07-02 04:19:20 - INFO - epoch:21/25 iteration:135/459 batch loss is :0.0659
2025-07-02 04:19:40 - INFO - epoch:21/25 iteration:140/459 batch loss is :0.1299
2025-07-02 04:19:59 - INFO - epoch:21/25 iteration:145/459 batch loss is :0.0920
2025-07-02 04:20:19 - INFO - epoch:21/25 iteration:150/459 batch loss is :0.1367
2025-07-02 04:20:38 - INFO - epoch:21/25 iteration:155/459 batch loss is :0.0795
2025-07-02 04:20:58 - INFO - epoch:21/25 iteration:160/459 batch loss is :0.0865
2025-07-02 04:21:17 - INFO - epoch:21/25 iteration:165/459 batch loss is :0.1093
2025-07-02 04:21:37 - INFO - epoch:21/25 iteration:170/459 batch loss is :0.1126
2025-07-02 04:21:56 - INFO - epoch:21/25 iteration:175/459 batch loss is :0.0597
2025-07-02 04:22:16 - INFO - epoch:21/25 iteration:180/459 batch loss is :0.1135
2025-07-02 04:22:35 - INFO - epoch:21/25 iteration:185/459 batch loss is :0.0643
2025-07-02 04:22:55 - INFO - epoch:21/25 iteration:190/459 batch loss is :0.1803
2025-07-02 04:23:14 - INFO - epoch:21/25 iteration:195/459 batch loss is :0.1097
2025-07-02 04:23:34 - INFO - epoch:21/25 iteration:200/459 batch loss is :0.1014
2025-07-02 04:23:53 - INFO - epoch:21/25 iteration:205/459 batch loss is :0.0722
2025-07-02 04:24:13 - INFO - epoch:21/25 iteration:210/459 batch loss is :0.0983
2025-07-02 04:24:32 - INFO - epoch:21/25 iteration:215/459 batch loss is :0.1771
2025-07-02 04:24:52 - INFO - epoch:21/25 iteration:220/459 batch loss is :0.0957
2025-07-02 04:25:11 - INFO - epoch:21/25 iteration:225/459 batch loss is :0.0534
2025-07-02 04:25:31 - INFO - epoch:21/25 iteration:230/459 batch loss is :0.0765
2025-07-02 04:25:51 - INFO - epoch:21/25 iteration:235/459 batch loss is :0.0875
2025-07-02 04:26:10 - INFO - epoch:21/25 iteration:240/459 batch loss is :0.1505
2025-07-02 04:26:30 - INFO - epoch:21/25 iteration:245/459 batch loss is :0.1336
2025-07-02 04:26:49 - INFO - epoch:21/25 iteration:250/459 batch loss is :0.0868
2025-07-02 04:27:09 - INFO - epoch:21/25 iteration:255/459 batch loss is :0.1015
2025-07-02 04:27:29 - INFO - epoch:21/25 iteration:260/459 batch loss is :0.1063
2025-07-02 04:27:48 - INFO - epoch:21/25 iteration:265/459 batch loss is :0.1237
2025-07-02 04:28:08 - INFO - epoch:21/25 iteration:270/459 batch loss is :0.0966
2025-07-02 04:28:27 - INFO - epoch:21/25 iteration:275/459 batch loss is :0.0553
2025-07-02 04:28:47 - INFO - epoch:21/25 iteration:280/459 batch loss is :0.0420
2025-07-02 04:29:06 - INFO - epoch:21/25 iteration:285/459 batch loss is :0.0968
2025-07-02 04:29:26 - INFO - epoch:21/25 iteration:290/459 batch loss is :0.1549
2025-07-02 04:29:46 - INFO - epoch:21/25 iteration:295/459 batch loss is :0.0743
2025-07-02 04:30:05 - INFO - epoch:21/25 iteration:300/459 batch loss is :0.1176
2025-07-02 04:30:25 - INFO - epoch:21/25 iteration:305/459 batch loss is :0.1036
2025-07-02 04:30:44 - INFO - epoch:21/25 iteration:310/459 batch loss is :0.1046
2025-07-02 04:31:04 - INFO - epoch:21/25 iteration:315/459 batch loss is :0.1067
2025-07-02 04:31:23 - INFO - epoch:21/25 iteration:320/459 batch loss is :0.1263
2025-07-02 04:31:43 - INFO - epoch:21/25 iteration:325/459 batch loss is :0.0842
2025-07-02 04:32:02 - INFO - epoch:21/25 iteration:330/459 batch loss is :0.1034
2025-07-02 04:32:22 - INFO - epoch:21/25 iteration:335/459 batch loss is :0.1165
2025-07-02 04:32:42 - INFO - epoch:21/25 iteration:340/459 batch loss is :0.0884
2025-07-02 04:33:01 - INFO - epoch:21/25 iteration:345/459 batch loss is :0.0896
2025-07-02 04:33:21 - INFO - epoch:21/25 iteration:350/459 batch loss is :0.0798
2025-07-02 04:33:40 - INFO - epoch:21/25 iteration:355/459 batch loss is :0.0725
2025-07-02 04:34:00 - INFO - epoch:21/25 iteration:360/459 batch loss is :0.0925
2025-07-02 04:34:19 - INFO - epoch:21/25 iteration:365/459 batch loss is :0.1253
2025-07-02 04:34:39 - INFO - epoch:21/25 iteration:370/459 batch loss is :0.1133
2025-07-02 04:34:58 - INFO - epoch:21/25 iteration:375/459 batch loss is :0.0981
2025-07-02 04:35:18 - INFO - epoch:21/25 iteration:380/459 batch loss is :0.0677
2025-07-02 04:35:37 - INFO - epoch:21/25 iteration:385/459 batch loss is :0.0668
2025-07-02 04:35:57 - INFO - epoch:21/25 iteration:390/459 batch loss is :0.0911
2025-07-02 04:36:17 - INFO - epoch:21/25 iteration:395/459 batch loss is :0.0865
2025-07-02 04:36:36 - INFO - epoch:21/25 iteration:400/459 batch loss is :0.0793
2025-07-02 04:36:55 - INFO - epoch:21/25 iteration:405/459 batch loss is :0.1481
2025-07-02 04:37:15 - INFO - epoch:21/25 iteration:410/459 batch loss is :0.2291
2025-07-02 04:37:34 - INFO - epoch:21/25 iteration:415/459 batch loss is :0.1403
2025-07-02 04:37:54 - INFO - epoch:21/25 iteration:420/459 batch loss is :0.0895
2025-07-02 04:38:13 - INFO - epoch:21/25 iteration:425/459 batch loss is :0.0597
2025-07-02 04:38:33 - INFO - epoch:21/25 iteration:430/459 batch loss is :0.1165
2025-07-02 04:38:51 - INFO - epoch:21/25 iteration:435/459 batch loss is :0.1585
2025-07-02 04:39:09 - INFO - epoch:21/25 iteration:440/459 batch loss is :0.1686
2025-07-02 04:39:27 - INFO - epoch:21/25 iteration:445/459 batch loss is :0.1172
2025-07-02 04:39:45 - INFO - epoch:21/25 iteration:450/459 batch loss is :0.1610
2025-07-02 04:40:02 - INFO - epoch:21/25 iteration:455/459 batch loss is :0.1736
2025-07-02 04:40:14 - INFO - Epoch:21/25 Loss is :0.1148
2025-07-02 04:43:14 - INFO - epoch:22/25 iteration:0/459 batch loss is :0.1306
2025-07-02 04:43:35 - INFO - epoch:22/25 iteration:5/459 batch loss is :0.1051
2025-07-02 04:43:56 - INFO - epoch:22/25 iteration:10/459 batch loss is :0.0824
2025-07-02 04:44:17 - INFO - epoch:22/25 iteration:15/459 batch loss is :0.2104
2025-07-02 04:44:38 - INFO - epoch:22/25 iteration:20/459 batch loss is :0.0944
2025-07-02 04:44:58 - INFO - epoch:22/25 iteration:25/459 batch loss is :0.2461
2025-07-02 04:45:19 - INFO - epoch:22/25 iteration:30/459 batch loss is :0.1792
2025-07-02 04:45:39 - INFO - epoch:22/25 iteration:35/459 batch loss is :0.0386
2025-07-02 04:45:59 - INFO - epoch:22/25 iteration:40/459 batch loss is :0.1295
2025-07-02 04:46:19 - INFO - epoch:22/25 iteration:45/459 batch loss is :0.1823
2025-07-02 04:46:38 - INFO - epoch:22/25 iteration:50/459 batch loss is :0.1194
2025-07-02 04:46:58 - INFO - epoch:22/25 iteration:55/459 batch loss is :0.1608
2025-07-02 04:47:17 - INFO - epoch:22/25 iteration:60/459 batch loss is :0.0734
2025-07-02 04:47:37 - INFO - epoch:22/25 iteration:65/459 batch loss is :0.0773
2025-07-02 04:47:56 - INFO - epoch:22/25 iteration:70/459 batch loss is :0.0883
2025-07-02 04:48:16 - INFO - epoch:22/25 iteration:75/459 batch loss is :0.0533
2025-07-02 04:48:35 - INFO - epoch:22/25 iteration:80/459 batch loss is :0.1051
2025-07-02 04:48:55 - INFO - epoch:22/25 iteration:85/459 batch loss is :0.0302
2025-07-02 04:49:14 - INFO - epoch:22/25 iteration:90/459 batch loss is :0.1422
2025-07-02 04:49:34 - INFO - epoch:22/25 iteration:95/459 batch loss is :0.0675
2025-07-02 04:49:53 - INFO - epoch:22/25 iteration:100/459 batch loss is :0.0862
2025-07-02 04:50:13 - INFO - epoch:22/25 iteration:105/459 batch loss is :0.0486
2025-07-02 04:50:33 - INFO - epoch:22/25 iteration:110/459 batch loss is :0.2623
2025-07-02 04:50:52 - INFO - epoch:22/25 iteration:115/459 batch loss is :0.1083
2025-07-02 04:51:12 - INFO - epoch:22/25 iteration:120/459 batch loss is :0.1538
2025-07-02 04:51:31 - INFO - epoch:22/25 iteration:125/459 batch loss is :0.1105
2025-07-02 04:51:51 - INFO - epoch:22/25 iteration:130/459 batch loss is :0.0541
2025-07-02 04:52:11 - INFO - epoch:22/25 iteration:135/459 batch loss is :0.2811
2025-07-02 04:52:30 - INFO - epoch:22/25 iteration:140/459 batch loss is :0.1178
2025-07-02 04:52:50 - INFO - epoch:22/25 iteration:145/459 batch loss is :0.0507
2025-07-02 04:53:09 - INFO - epoch:22/25 iteration:150/459 batch loss is :0.0785
2025-07-02 04:53:29 - INFO - epoch:22/25 iteration:155/459 batch loss is :0.0867
2025-07-02 04:53:48 - INFO - epoch:22/25 iteration:160/459 batch loss is :0.1008
2025-07-02 04:54:08 - INFO - epoch:22/25 iteration:165/459 batch loss is :0.2342
2025-07-02 04:54:27 - INFO - epoch:22/25 iteration:170/459 batch loss is :0.0465
2025-07-02 04:54:47 - INFO - epoch:22/25 iteration:175/459 batch loss is :0.0566
2025-07-02 04:55:06 - INFO - epoch:22/25 iteration:180/459 batch loss is :0.0520
2025-07-02 04:55:26 - INFO - epoch:22/25 iteration:185/459 batch loss is :0.0810
2025-07-02 04:55:45 - INFO - epoch:22/25 iteration:190/459 batch loss is :0.0800
2025-07-02 04:56:05 - INFO - epoch:22/25 iteration:195/459 batch loss is :0.0960
2025-07-02 04:56:25 - INFO - epoch:22/25 iteration:200/459 batch loss is :0.1201
2025-07-02 04:56:44 - INFO - epoch:22/25 iteration:205/459 batch loss is :0.0662
2025-07-02 04:57:04 - INFO - epoch:22/25 iteration:210/459 batch loss is :0.1836
2025-07-02 04:57:23 - INFO - epoch:22/25 iteration:215/459 batch loss is :0.0869
2025-07-02 04:57:43 - INFO - epoch:22/25 iteration:220/459 batch loss is :0.1384
2025-07-02 04:58:02 - INFO - epoch:22/25 iteration:225/459 batch loss is :0.1166
2025-07-02 04:58:21 - INFO - epoch:22/25 iteration:230/459 batch loss is :0.0503
2025-07-02 04:58:41 - INFO - epoch:22/25 iteration:235/459 batch loss is :0.1463
2025-07-02 04:59:00 - INFO - epoch:22/25 iteration:240/459 batch loss is :0.0450
2025-07-02 04:59:20 - INFO - epoch:22/25 iteration:245/459 batch loss is :0.1370
2025-07-02 04:59:40 - INFO - epoch:22/25 iteration:250/459 batch loss is :0.1144
2025-07-02 04:59:59 - INFO - epoch:22/25 iteration:255/459 batch loss is :0.2189
2025-07-02 05:00:19 - INFO - epoch:22/25 iteration:260/459 batch loss is :0.1388
2025-07-02 05:00:38 - INFO - epoch:22/25 iteration:265/459 batch loss is :0.0770
2025-07-02 05:00:58 - INFO - epoch:22/25 iteration:270/459 batch loss is :0.1771
2025-07-02 05:01:17 - INFO - epoch:22/25 iteration:275/459 batch loss is :0.1428
2025-07-02 05:01:37 - INFO - epoch:22/25 iteration:280/459 batch loss is :0.0640
2025-07-02 05:01:56 - INFO - epoch:22/25 iteration:285/459 batch loss is :0.2392
2025-07-02 05:02:16 - INFO - epoch:22/25 iteration:290/459 batch loss is :0.1385
2025-07-02 05:02:35 - INFO - epoch:22/25 iteration:295/459 batch loss is :0.1344
2025-07-02 05:02:55 - INFO - epoch:22/25 iteration:300/459 batch loss is :0.0797
2025-07-02 05:03:15 - INFO - epoch:22/25 iteration:305/459 batch loss is :0.1352
2025-07-02 05:03:34 - INFO - epoch:22/25 iteration:310/459 batch loss is :0.1496
2025-07-02 05:03:54 - INFO - epoch:22/25 iteration:315/459 batch loss is :0.1536
2025-07-02 05:04:13 - INFO - epoch:22/25 iteration:320/459 batch loss is :0.0477
2025-07-02 05:04:33 - INFO - epoch:22/25 iteration:325/459 batch loss is :0.0836
2025-07-02 05:04:52 - INFO - epoch:22/25 iteration:330/459 batch loss is :0.0825
2025-07-02 05:05:12 - INFO - epoch:22/25 iteration:335/459 batch loss is :0.1629
2025-07-02 05:05:31 - INFO - epoch:22/25 iteration:340/459 batch loss is :0.0984
2025-07-02 05:05:51 - INFO - epoch:22/25 iteration:345/459 batch loss is :0.0895
2025-07-02 05:06:10 - INFO - epoch:22/25 iteration:350/459 batch loss is :0.1028
2025-07-02 05:06:30 - INFO - epoch:22/25 iteration:355/459 batch loss is :0.0818
2025-07-02 05:06:50 - INFO - epoch:22/25 iteration:360/459 batch loss is :0.1240
2025-07-02 05:07:10 - INFO - epoch:22/25 iteration:365/459 batch loss is :0.0450
2025-07-02 05:07:29 - INFO - epoch:22/25 iteration:370/459 batch loss is :0.1577
2025-07-02 05:07:49 - INFO - epoch:22/25 iteration:375/459 batch loss is :0.0570
2025-07-02 05:08:09 - INFO - epoch:22/25 iteration:380/459 batch loss is :0.0808
2025-07-02 05:08:28 - INFO - epoch:22/25 iteration:385/459 batch loss is :0.1183
2025-07-02 05:08:48 - INFO - epoch:22/25 iteration:390/459 batch loss is :0.0615
2025-07-02 05:09:08 - INFO - epoch:22/25 iteration:395/459 batch loss is :0.1368
2025-07-02 05:09:27 - INFO - epoch:22/25 iteration:400/459 batch loss is :0.0491
2025-07-02 05:09:47 - INFO - epoch:22/25 iteration:405/459 batch loss is :0.0559
2025-07-02 05:10:07 - INFO - epoch:22/25 iteration:410/459 batch loss is :0.1638
2025-07-02 05:10:27 - INFO - epoch:22/25 iteration:415/459 batch loss is :0.1022
2025-07-02 05:10:47 - INFO - epoch:22/25 iteration:420/459 batch loss is :0.1786
2025-07-02 05:11:07 - INFO - epoch:22/25 iteration:425/459 batch loss is :0.0639
2025-07-02 05:11:26 - INFO - epoch:22/25 iteration:430/459 batch loss is :0.0956
2025-07-02 05:11:45 - INFO - epoch:22/25 iteration:435/459 batch loss is :0.0519
2025-07-02 05:12:02 - INFO - epoch:22/25 iteration:440/459 batch loss is :0.0774
2025-07-02 05:12:20 - INFO - epoch:22/25 iteration:445/459 batch loss is :0.0875
2025-07-02 05:12:38 - INFO - epoch:22/25 iteration:450/459 batch loss is :0.1051
2025-07-02 05:12:56 - INFO - epoch:22/25 iteration:455/459 batch loss is :0.1276
2025-07-02 05:13:08 - INFO - Epoch:22/25 Loss is :0.1106
2025-07-02 05:16:05 - INFO - epoch:23/25 iteration:0/459 batch loss is :0.1132
2025-07-02 05:16:25 - INFO - epoch:23/25 iteration:5/459 batch loss is :0.1476
2025-07-02 05:16:47 - INFO - epoch:23/25 iteration:10/459 batch loss is :0.0905
2025-07-02 05:17:08 - INFO - epoch:23/25 iteration:15/459 batch loss is :0.1600
2025-07-02 05:17:29 - INFO - epoch:23/25 iteration:20/459 batch loss is :0.1179
2025-07-02 05:17:49 - INFO - epoch:23/25 iteration:25/459 batch loss is :0.2492
2025-07-02 05:18:10 - INFO - epoch:23/25 iteration:30/459 batch loss is :0.1136
2025-07-02 05:18:30 - INFO - epoch:23/25 iteration:35/459 batch loss is :0.0484
2025-07-02 05:18:50 - INFO - epoch:23/25 iteration:40/459 batch loss is :0.0762
2025-07-02 05:19:09 - INFO - epoch:23/25 iteration:45/459 batch loss is :0.0407
2025-07-02 05:19:29 - INFO - epoch:23/25 iteration:50/459 batch loss is :0.1264
2025-07-02 05:19:48 - INFO - epoch:23/25 iteration:55/459 batch loss is :0.0975
2025-07-02 05:20:08 - INFO - epoch:23/25 iteration:60/459 batch loss is :0.1017
2025-07-02 05:20:28 - INFO - epoch:23/25 iteration:65/459 batch loss is :0.1457
2025-07-02 05:20:47 - INFO - epoch:23/25 iteration:70/459 batch loss is :0.1077
2025-07-02 05:21:07 - INFO - epoch:23/25 iteration:75/459 batch loss is :0.1054
2025-07-02 05:21:26 - INFO - epoch:23/25 iteration:80/459 batch loss is :0.1162
2025-07-02 05:21:46 - INFO - epoch:23/25 iteration:85/459 batch loss is :0.0948
2025-07-02 05:22:06 - INFO - epoch:23/25 iteration:90/459 batch loss is :0.0853
2025-07-02 05:22:26 - INFO - epoch:23/25 iteration:95/459 batch loss is :0.0885
2025-07-02 05:22:45 - INFO - epoch:23/25 iteration:100/459 batch loss is :0.1543
2025-07-02 05:23:05 - INFO - epoch:23/25 iteration:105/459 batch loss is :0.1338
2025-07-02 05:23:25 - INFO - epoch:23/25 iteration:110/459 batch loss is :0.1315
2025-07-02 05:23:44 - INFO - epoch:23/25 iteration:115/459 batch loss is :0.0876
2025-07-02 05:24:04 - INFO - epoch:23/25 iteration:120/459 batch loss is :0.1034
2025-07-02 05:24:23 - INFO - epoch:23/25 iteration:125/459 batch loss is :0.0538
2025-07-02 05:24:43 - INFO - epoch:23/25 iteration:130/459 batch loss is :0.1629
2025-07-02 05:25:02 - INFO - epoch:23/25 iteration:135/459 batch loss is :0.0632
2025-07-02 05:25:22 - INFO - epoch:23/25 iteration:140/459 batch loss is :0.1341
2025-07-02 05:25:42 - INFO - epoch:23/25 iteration:145/459 batch loss is :0.1253
2025-07-02 05:26:02 - INFO - epoch:23/25 iteration:150/459 batch loss is :0.1519
2025-07-02 05:26:21 - INFO - epoch:23/25 iteration:155/459 batch loss is :0.1842
2025-07-02 05:26:41 - INFO - epoch:23/25 iteration:160/459 batch loss is :0.1582
2025-07-02 05:27:00 - INFO - epoch:23/25 iteration:165/459 batch loss is :0.0869
2025-07-02 05:27:20 - INFO - epoch:23/25 iteration:170/459 batch loss is :0.1037
2025-07-02 05:27:39 - INFO - epoch:23/25 iteration:175/459 batch loss is :0.0413
2025-07-02 05:27:59 - INFO - epoch:23/25 iteration:180/459 batch loss is :0.0928
2025-07-02 05:28:19 - INFO - epoch:23/25 iteration:185/459 batch loss is :0.0444
2025-07-02 05:28:38 - INFO - epoch:23/25 iteration:190/459 batch loss is :0.0793
2025-07-02 05:28:58 - INFO - epoch:23/25 iteration:195/459 batch loss is :0.0725
2025-07-02 05:29:17 - INFO - epoch:23/25 iteration:200/459 batch loss is :0.0701
2025-07-02 05:29:37 - INFO - epoch:23/25 iteration:205/459 batch loss is :0.1021
2025-07-02 05:29:57 - INFO - epoch:23/25 iteration:210/459 batch loss is :0.1267
2025-07-02 05:30:16 - INFO - epoch:23/25 iteration:215/459 batch loss is :0.1808
2025-07-02 05:30:36 - INFO - epoch:23/25 iteration:220/459 batch loss is :0.1231
2025-07-02 05:30:55 - INFO - epoch:23/25 iteration:225/459 batch loss is :0.0915
2025-07-02 05:31:15 - INFO - epoch:23/25 iteration:230/459 batch loss is :0.1219
2025-07-02 05:31:34 - INFO - epoch:23/25 iteration:235/459 batch loss is :0.1125
2025-07-02 05:31:54 - INFO - epoch:23/25 iteration:240/459 batch loss is :0.1265
2025-07-02 05:32:13 - INFO - epoch:23/25 iteration:245/459 batch loss is :0.1287
2025-07-02 05:32:33 - INFO - epoch:23/25 iteration:250/459 batch loss is :0.0494
2025-07-02 05:32:53 - INFO - epoch:23/25 iteration:255/459 batch loss is :0.1589
2025-07-02 05:33:12 - INFO - epoch:23/25 iteration:260/459 batch loss is :0.1231
2025-07-02 05:33:32 - INFO - epoch:23/25 iteration:265/459 batch loss is :0.0424
2025-07-02 05:33:51 - INFO - epoch:23/25 iteration:270/459 batch loss is :0.1207
2025-07-02 05:34:11 - INFO - epoch:23/25 iteration:275/459 batch loss is :0.1480
2025-07-02 05:34:31 - INFO - epoch:23/25 iteration:280/459 batch loss is :0.1344
2025-07-02 05:34:50 - INFO - epoch:23/25 iteration:285/459 batch loss is :0.1245
2025-07-02 05:35:10 - INFO - epoch:23/25 iteration:290/459 batch loss is :0.1314
2025-07-02 05:35:29 - INFO - epoch:23/25 iteration:295/459 batch loss is :0.0449
2025-07-02 05:35:49 - INFO - epoch:23/25 iteration:300/459 batch loss is :0.1328
2025-07-02 05:36:09 - INFO - epoch:23/25 iteration:305/459 batch loss is :0.1161
2025-07-02 05:36:29 - INFO - epoch:23/25 iteration:310/459 batch loss is :0.1016
2025-07-02 05:36:48 - INFO - epoch:23/25 iteration:315/459 batch loss is :0.1235
2025-07-02 05:37:08 - INFO - epoch:23/25 iteration:320/459 batch loss is :0.0615
2025-07-02 05:37:27 - INFO - epoch:23/25 iteration:325/459 batch loss is :0.1413
2025-07-02 05:37:47 - INFO - epoch:23/25 iteration:330/459 batch loss is :0.1457
2025-07-02 05:38:06 - INFO - epoch:23/25 iteration:335/459 batch loss is :0.2584
2025-07-02 05:38:26 - INFO - epoch:23/25 iteration:340/459 batch loss is :0.1466
2025-07-02 05:38:45 - INFO - epoch:23/25 iteration:345/459 batch loss is :0.1322
2025-07-02 05:39:05 - INFO - epoch:23/25 iteration:350/459 batch loss is :0.0930
2025-07-02 05:39:24 - INFO - epoch:23/25 iteration:355/459 batch loss is :0.0831
2025-07-02 05:39:44 - INFO - epoch:23/25 iteration:360/459 batch loss is :0.0349
2025-07-02 05:40:04 - INFO - epoch:23/25 iteration:365/459 batch loss is :0.1238
2025-07-02 05:40:24 - INFO - epoch:23/25 iteration:370/459 batch loss is :0.1142
2025-07-02 05:40:43 - INFO - epoch:23/25 iteration:375/459 batch loss is :0.1173
2025-07-02 05:41:03 - INFO - epoch:23/25 iteration:380/459 batch loss is :0.0717
2025-07-02 05:41:23 - INFO - epoch:23/25 iteration:385/459 batch loss is :0.0782
2025-07-02 05:41:43 - INFO - epoch:23/25 iteration:390/459 batch loss is :0.2250
2025-07-02 05:42:02 - INFO - epoch:23/25 iteration:395/459 batch loss is :0.0743
2025-07-02 05:42:22 - INFO - epoch:23/25 iteration:400/459 batch loss is :0.0332
2025-07-02 05:42:41 - INFO - epoch:23/25 iteration:405/459 batch loss is :0.0717
2025-07-02 05:43:01 - INFO - epoch:23/25 iteration:410/459 batch loss is :0.0460
2025-07-02 05:43:20 - INFO - epoch:23/25 iteration:415/459 batch loss is :0.0866
2025-07-02 05:43:40 - INFO - epoch:23/25 iteration:420/459 batch loss is :0.1107
2025-07-02 05:44:00 - INFO - epoch:23/25 iteration:425/459 batch loss is :0.1921
2025-07-02 05:44:19 - INFO - epoch:23/25 iteration:430/459 batch loss is :0.1084
2025-07-02 05:44:37 - INFO - epoch:23/25 iteration:435/459 batch loss is :0.1060
2025-07-02 05:44:55 - INFO - epoch:23/25 iteration:440/459 batch loss is :0.3121
2025-07-02 05:45:13 - INFO - epoch:23/25 iteration:445/459 batch loss is :0.1908
2025-07-02 05:45:31 - INFO - epoch:23/25 iteration:450/459 batch loss is :0.1039
2025-07-02 05:45:49 - INFO - epoch:23/25 iteration:455/459 batch loss is :0.1515
2025-07-02 05:46:00 - INFO - Epoch:23/25 Loss is :0.1092
2025-07-02 05:48:57 - INFO - epoch:24/25 iteration:0/459 batch loss is :0.1082
2025-07-02 05:49:18 - INFO - epoch:24/25 iteration:5/459 batch loss is :0.0937
2025-07-02 05:49:38 - INFO - epoch:24/25 iteration:10/459 batch loss is :0.1520
2025-07-02 05:49:59 - INFO - epoch:24/25 iteration:15/459 batch loss is :0.0836
2025-07-02 05:50:21 - INFO - epoch:24/25 iteration:20/459 batch loss is :0.0929
2025-07-02 05:50:41 - INFO - epoch:24/25 iteration:25/459 batch loss is :0.2246
2025-07-02 05:51:01 - INFO - epoch:24/25 iteration:30/459 batch loss is :0.1132
2025-07-02 05:51:21 - INFO - epoch:24/25 iteration:35/459 batch loss is :0.0830
2025-07-02 05:51:40 - INFO - epoch:24/25 iteration:40/459 batch loss is :0.1243
2025-07-02 05:52:00 - INFO - epoch:24/25 iteration:45/459 batch loss is :0.0775
2025-07-02 05:52:19 - INFO - epoch:24/25 iteration:50/459 batch loss is :0.0681
2025-07-02 05:52:38 - INFO - epoch:24/25 iteration:55/459 batch loss is :0.2090
2025-07-02 05:52:58 - INFO - epoch:24/25 iteration:60/459 batch loss is :0.0825
2025-07-02 05:53:17 - INFO - epoch:24/25 iteration:65/459 batch loss is :0.1564
2025-07-02 05:53:37 - INFO - epoch:24/25 iteration:70/459 batch loss is :0.0964
2025-07-02 05:53:56 - INFO - epoch:24/25 iteration:75/459 batch loss is :0.0573
2025-07-02 05:54:16 - INFO - epoch:24/25 iteration:80/459 batch loss is :0.2468
2025-07-02 05:54:35 - INFO - epoch:24/25 iteration:85/459 batch loss is :0.0751
2025-07-02 05:54:55 - INFO - epoch:24/25 iteration:90/459 batch loss is :0.1388
2025-07-02 05:55:14 - INFO - epoch:24/25 iteration:95/459 batch loss is :0.0637
2025-07-02 05:55:33 - INFO - epoch:24/25 iteration:100/459 batch loss is :0.0650
2025-07-02 05:55:53 - INFO - epoch:24/25 iteration:105/459 batch loss is :0.0606
2025-07-02 05:56:12 - INFO - epoch:24/25 iteration:110/459 batch loss is :0.1779
2025-07-02 05:56:32 - INFO - epoch:24/25 iteration:115/459 batch loss is :0.1238
2025-07-02 05:56:51 - INFO - epoch:24/25 iteration:120/459 batch loss is :0.0636
2025-07-02 05:57:11 - INFO - epoch:24/25 iteration:125/459 batch loss is :0.0847
2025-07-02 05:57:30 - INFO - epoch:24/25 iteration:130/459 batch loss is :0.0739
2025-07-02 05:57:50 - INFO - epoch:24/25 iteration:135/459 batch loss is :0.0849
2025-07-02 05:58:09 - INFO - epoch:24/25 iteration:140/459 batch loss is :0.0496
2025-07-02 05:58:29 - INFO - epoch:24/25 iteration:145/459 batch loss is :0.0781
2025-07-02 05:58:48 - INFO - epoch:24/25 iteration:150/459 batch loss is :0.0558
2025-07-02 05:59:08 - INFO - epoch:24/25 iteration:155/459 batch loss is :0.0657
2025-07-02 05:59:28 - INFO - epoch:24/25 iteration:160/459 batch loss is :0.2361
2025-07-02 05:59:47 - INFO - epoch:24/25 iteration:165/459 batch loss is :0.0367
2025-07-02 06:00:06 - INFO - epoch:24/25 iteration:170/459 batch loss is :0.0895
2025-07-02 06:00:26 - INFO - epoch:24/25 iteration:175/459 batch loss is :0.0694
2025-07-02 06:00:46 - INFO - epoch:24/25 iteration:180/459 batch loss is :0.1194
2025-07-02 06:01:05 - INFO - epoch:24/25 iteration:185/459 batch loss is :0.1658
2025-07-02 06:01:25 - INFO - epoch:24/25 iteration:190/459 batch loss is :0.0801
2025-07-02 06:01:44 - INFO - epoch:24/25 iteration:195/459 batch loss is :0.0867
2025-07-02 06:02:04 - INFO - epoch:24/25 iteration:200/459 batch loss is :0.0437
2025-07-02 06:02:23 - INFO - epoch:24/25 iteration:205/459 batch loss is :0.0402
2025-07-02 06:02:43 - INFO - epoch:24/25 iteration:210/459 batch loss is :0.0796
2025-07-02 06:03:02 - INFO - epoch:24/25 iteration:215/459 batch loss is :0.1365
2025-07-02 06:03:21 - INFO - epoch:24/25 iteration:220/459 batch loss is :0.0818
2025-07-02 06:03:41 - INFO - epoch:24/25 iteration:225/459 batch loss is :0.0831
2025-07-02 06:04:01 - INFO - epoch:24/25 iteration:230/459 batch loss is :0.0740
2025-07-02 06:04:21 - INFO - epoch:24/25 iteration:235/459 batch loss is :0.1492
2025-07-02 06:04:40 - INFO - epoch:24/25 iteration:240/459 batch loss is :0.0887
2025-07-02 06:04:59 - INFO - epoch:24/25 iteration:245/459 batch loss is :0.1243
2025-07-02 06:05:19 - INFO - epoch:24/25 iteration:250/459 batch loss is :0.0831
2025-07-02 06:05:39 - INFO - epoch:24/25 iteration:255/459 batch loss is :0.1268
2025-07-02 06:05:58 - INFO - epoch:24/25 iteration:260/459 batch loss is :0.1706
2025-07-02 06:06:18 - INFO - epoch:24/25 iteration:265/459 batch loss is :0.1654
2025-07-02 06:06:37 - INFO - epoch:24/25 iteration:270/459 batch loss is :0.0765
2025-07-02 06:06:57 - INFO - epoch:24/25 iteration:275/459 batch loss is :0.0709
2025-07-02 06:07:16 - INFO - epoch:24/25 iteration:280/459 batch loss is :0.0909
2025-07-02 06:07:36 - INFO - epoch:24/25 iteration:285/459 batch loss is :0.1558
2025-07-02 06:07:55 - INFO - epoch:24/25 iteration:290/459 batch loss is :0.0984
2025-07-02 06:08:15 - INFO - epoch:24/25 iteration:295/459 batch loss is :0.1780
2025-07-02 06:08:34 - INFO - epoch:24/25 iteration:300/459 batch loss is :0.0476
2025-07-02 06:08:53 - INFO - epoch:24/25 iteration:305/459 batch loss is :0.0955
2025-07-02 06:09:13 - INFO - epoch:24/25 iteration:310/459 batch loss is :0.1003
2025-07-02 06:09:33 - INFO - epoch:24/25 iteration:315/459 batch loss is :0.1479
2025-07-02 06:09:52 - INFO - epoch:24/25 iteration:320/459 batch loss is :0.0680
2025-07-02 06:10:12 - INFO - epoch:24/25 iteration:325/459 batch loss is :0.1039
2025-07-02 06:10:31 - INFO - epoch:24/25 iteration:330/459 batch loss is :0.0950
2025-07-02 06:10:51 - INFO - epoch:24/25 iteration:335/459 batch loss is :0.0828
2025-07-02 06:11:10 - INFO - epoch:24/25 iteration:340/459 batch loss is :0.0457
2025-07-02 06:11:30 - INFO - epoch:24/25 iteration:345/459 batch loss is :0.0703
2025-07-02 06:11:50 - INFO - epoch:24/25 iteration:350/459 batch loss is :0.0801
2025-07-02 06:12:09 - INFO - epoch:24/25 iteration:355/459 batch loss is :0.0643
2025-07-02 06:12:29 - INFO - epoch:24/25 iteration:360/459 batch loss is :0.0443
2025-07-02 06:12:49 - INFO - epoch:24/25 iteration:365/459 batch loss is :0.0683
2025-07-02 06:13:08 - INFO - epoch:24/25 iteration:370/459 batch loss is :0.1411
2025-07-02 06:13:28 - INFO - epoch:24/25 iteration:375/459 batch loss is :0.0259
2025-07-02 06:13:47 - INFO - epoch:24/25 iteration:380/459 batch loss is :0.0510
2025-07-02 06:14:07 - INFO - epoch:24/25 iteration:385/459 batch loss is :0.1166
2025-07-02 06:14:27 - INFO - epoch:24/25 iteration:390/459 batch loss is :0.0849
2025-07-02 06:14:46 - INFO - epoch:24/25 iteration:395/459 batch loss is :0.1985
2025-07-02 06:15:06 - INFO - epoch:24/25 iteration:400/459 batch loss is :0.1227
2025-07-02 06:15:26 - INFO - epoch:24/25 iteration:405/459 batch loss is :0.3169
2025-07-02 06:15:45 - INFO - epoch:24/25 iteration:410/459 batch loss is :0.2015
2025-07-02 06:16:05 - INFO - epoch:24/25 iteration:415/459 batch loss is :0.1744
2025-07-02 06:16:25 - INFO - epoch:24/25 iteration:420/459 batch loss is :0.1842
2025-07-02 06:16:44 - INFO - epoch:24/25 iteration:425/459 batch loss is :0.1087
2025-07-02 06:17:04 - INFO - epoch:24/25 iteration:430/459 batch loss is :0.0855
2025-07-02 06:17:22 - INFO - epoch:24/25 iteration:435/459 batch loss is :0.0791
2025-07-02 06:17:40 - INFO - epoch:24/25 iteration:440/459 batch loss is :0.0678
2025-07-02 06:17:58 - INFO - epoch:24/25 iteration:445/459 batch loss is :0.0894
2025-07-02 06:18:16 - INFO - epoch:24/25 iteration:450/459 batch loss is :0.1581
2025-07-02 06:18:34 - INFO - epoch:24/25 iteration:455/459 batch loss is :0.0913
2025-07-02 06:18:47 - INFO - Epoch:24/25 Loss is :0.1060
2025-07-02 06:28:35 - INFO - VAL loss :0.1881
2025-07-02 06:28:36 - INFO - fold number:1
2025-07-02 06:31:34 - INFO - epoch:0/25 iteration:0/459 batch loss is :0.0492
2025-07-02 06:31:55 - INFO - epoch:0/25 iteration:5/459 batch loss is :0.0879
2025-07-02 06:32:16 - INFO - epoch:0/25 iteration:10/459 batch loss is :0.0939
2025-07-02 06:32:36 - INFO - epoch:0/25 iteration:15/459 batch loss is :0.1095
2025-07-02 06:32:58 - INFO - epoch:0/25 iteration:20/459 batch loss is :0.1391
2025-07-02 06:33:18 - INFO - epoch:0/25 iteration:25/459 batch loss is :0.1083
2025-07-02 06:33:39 - INFO - epoch:0/25 iteration:30/459 batch loss is :0.1061
2025-07-02 06:33:59 - INFO - epoch:0/25 iteration:35/459 batch loss is :0.0643
2025-07-02 06:34:19 - INFO - epoch:0/25 iteration:40/459 batch loss is :0.1017
2025-07-02 06:34:39 - INFO - epoch:0/25 iteration:45/459 batch loss is :0.2293
2025-07-02 06:34:58 - INFO - epoch:0/25 iteration:50/459 batch loss is :0.2335
2025-07-02 06:35:18 - INFO - epoch:0/25 iteration:55/459 batch loss is :0.1001
2025-07-02 06:35:37 - INFO - epoch:0/25 iteration:60/459 batch loss is :0.1376
2025-07-02 06:35:57 - INFO - epoch:0/25 iteration:65/459 batch loss is :0.1576
2025-07-02 06:36:17 - INFO - epoch:0/25 iteration:70/459 batch loss is :0.0532
2025-07-02 06:36:36 - INFO - epoch:0/25 iteration:75/459 batch loss is :0.0693
2025-07-02 06:36:56 - INFO - epoch:0/25 iteration:80/459 batch loss is :0.1826
2025-07-02 06:37:15 - INFO - epoch:0/25 iteration:85/459 batch loss is :0.1626
2025-07-02 06:37:35 - INFO - epoch:0/25 iteration:90/459 batch loss is :0.1299
2025-07-02 06:37:54 - INFO - epoch:0/25 iteration:95/459 batch loss is :0.1009
2025-07-02 06:38:14 - INFO - epoch:0/25 iteration:100/459 batch loss is :0.1127
2025-07-02 06:38:33 - INFO - epoch:0/25 iteration:105/459 batch loss is :0.0753
2025-07-02 06:38:53 - INFO - epoch:0/25 iteration:110/459 batch loss is :0.3114
2025-07-02 06:39:12 - INFO - epoch:0/25 iteration:115/459 batch loss is :0.1047
2025-07-02 06:39:31 - INFO - epoch:0/25 iteration:120/459 batch loss is :0.1388
2025-07-02 06:39:51 - INFO - epoch:0/25 iteration:125/459 batch loss is :0.0842
2025-07-02 06:40:10 - INFO - epoch:0/25 iteration:130/459 batch loss is :0.1664
2025-07-02 06:40:30 - INFO - epoch:0/25 iteration:135/459 batch loss is :0.1226
2025-07-02 06:40:49 - INFO - epoch:0/25 iteration:140/459 batch loss is :0.0866
2025-07-02 06:41:09 - INFO - epoch:0/25 iteration:145/459 batch loss is :0.1661
2025-07-02 06:41:29 - INFO - epoch:0/25 iteration:150/459 batch loss is :0.1122
2025-07-02 06:41:48 - INFO - epoch:0/25 iteration:155/459 batch loss is :0.0635
2025-07-02 06:42:08 - INFO - epoch:0/25 iteration:160/459 batch loss is :0.0842
2025-07-02 06:42:28 - INFO - epoch:0/25 iteration:165/459 batch loss is :0.0693
2025-07-02 06:42:47 - INFO - epoch:0/25 iteration:170/459 batch loss is :0.1324
2025-07-02 06:43:07 - INFO - epoch:0/25 iteration:175/459 batch loss is :0.0751
2025-07-02 06:43:27 - INFO - epoch:0/25 iteration:180/459 batch loss is :0.0985
2025-07-02 06:43:46 - INFO - epoch:0/25 iteration:185/459 batch loss is :0.0976
2025-07-02 06:44:06 - INFO - epoch:0/25 iteration:190/459 batch loss is :0.0837
2025-07-02 06:44:25 - INFO - epoch:0/25 iteration:195/459 batch loss is :0.1029
2025-07-02 06:44:45 - INFO - epoch:0/25 iteration:200/459 batch loss is :0.0987
2025-07-02 06:45:04 - INFO - epoch:0/25 iteration:205/459 batch loss is :0.1626
2025-07-02 06:45:24 - INFO - epoch:0/25 iteration:210/459 batch loss is :0.0861
2025-07-02 06:45:43 - INFO - epoch:0/25 iteration:215/459 batch loss is :0.1062
2025-07-02 06:46:03 - INFO - epoch:0/25 iteration:220/459 batch loss is :0.0837
2025-07-02 06:46:23 - INFO - epoch:0/25 iteration:225/459 batch loss is :0.1271
2025-07-02 06:46:42 - INFO - epoch:0/25 iteration:230/459 batch loss is :0.0583
2025-07-02 06:47:02 - INFO - epoch:0/25 iteration:235/459 batch loss is :0.0779
2025-07-02 06:47:21 - INFO - epoch:0/25 iteration:240/459 batch loss is :0.0714
2025-07-02 06:47:41 - INFO - epoch:0/25 iteration:245/459 batch loss is :0.1243
2025-07-02 06:48:01 - INFO - epoch:0/25 iteration:250/459 batch loss is :0.6863
2025-07-02 06:48:20 - INFO - epoch:0/25 iteration:255/459 batch loss is :0.0600
2025-07-02 06:48:40 - INFO - epoch:0/25 iteration:260/459 batch loss is :0.0528
2025-07-02 06:49:00 - INFO - epoch:0/25 iteration:265/459 batch loss is :0.1072
2025-07-02 06:49:20 - INFO - epoch:0/25 iteration:270/459 batch loss is :0.0740
2025-07-02 06:49:39 - INFO - epoch:0/25 iteration:275/459 batch loss is :0.0545
2025-07-02 06:49:59 - INFO - epoch:0/25 iteration:280/459 batch loss is :0.3506
2025-07-02 06:50:18 - INFO - epoch:0/25 iteration:285/459 batch loss is :0.1732
2025-07-02 06:50:38 - INFO - epoch:0/25 iteration:290/459 batch loss is :0.1685
2025-07-02 06:50:58 - INFO - epoch:0/25 iteration:295/459 batch loss is :0.1818
2025-07-02 06:51:18 - INFO - epoch:0/25 iteration:300/459 batch loss is :0.1494
2025-07-02 06:51:37 - INFO - epoch:0/25 iteration:305/459 batch loss is :0.0988
2025-07-02 06:51:57 - INFO - epoch:0/25 iteration:310/459 batch loss is :0.0968
2025-07-02 06:52:16 - INFO - epoch:0/25 iteration:315/459 batch loss is :0.0345
2025-07-02 06:52:36 - INFO - epoch:0/25 iteration:320/459 batch loss is :0.0861
2025-07-02 06:52:56 - INFO - epoch:0/25 iteration:325/459 batch loss is :0.0961
2025-07-02 06:53:16 - INFO - epoch:0/25 iteration:330/459 batch loss is :0.1404
2025-07-02 06:53:35 - INFO - epoch:0/25 iteration:335/459 batch loss is :0.1911
2025-07-02 06:53:55 - INFO - epoch:0/25 iteration:340/459 batch loss is :0.1661
2025-07-02 06:54:15 - INFO - epoch:0/25 iteration:345/459 batch loss is :0.3024
2025-07-02 06:54:35 - INFO - epoch:0/25 iteration:350/459 batch loss is :0.0853
2025-07-02 06:54:54 - INFO - epoch:0/25 iteration:355/459 batch loss is :0.0845
2025-07-02 06:55:14 - INFO - epoch:0/25 iteration:360/459 batch loss is :0.2156
2025-07-02 06:55:33 - INFO - epoch:0/25 iteration:365/459 batch loss is :0.0872
2025-07-02 06:55:53 - INFO - epoch:0/25 iteration:370/459 batch loss is :0.1143
2025-07-02 06:56:12 - INFO - epoch:0/25 iteration:375/459 batch loss is :0.0903
2025-07-02 06:56:32 - INFO - epoch:0/25 iteration:380/459 batch loss is :0.1462
2025-07-02 06:56:52 - INFO - epoch:0/25 iteration:385/459 batch loss is :0.1129
2025-07-02 06:57:12 - INFO - epoch:0/25 iteration:390/459 batch loss is :0.2860
2025-07-02 06:57:31 - INFO - epoch:0/25 iteration:395/459 batch loss is :0.0365
2025-07-02 06:57:51 - INFO - epoch:0/25 iteration:400/459 batch loss is :0.1409
2025-07-02 06:58:10 - INFO - epoch:0/25 iteration:405/459 batch loss is :0.1235
2025-07-02 06:58:30 - INFO - epoch:0/25 iteration:410/459 batch loss is :0.1113
2025-07-02 06:58:49 - INFO - epoch:0/25 iteration:415/459 batch loss is :0.1190
2025-07-02 06:59:09 - INFO - epoch:0/25 iteration:420/459 batch loss is :0.1233
2025-07-02 06:59:29 - INFO - epoch:0/25 iteration:425/459 batch loss is :0.0767
2025-07-02 06:59:48 - INFO - epoch:0/25 iteration:430/459 batch loss is :0.0927
2025-07-02 07:00:06 - INFO - epoch:0/25 iteration:435/459 batch loss is :0.1071
2025-07-02 07:00:24 - INFO - epoch:0/25 iteration:440/459 batch loss is :0.1436
2025-07-02 07:00:42 - INFO - epoch:0/25 iteration:445/459 batch loss is :0.0968
2025-07-02 07:01:00 - INFO - epoch:0/25 iteration:450/459 batch loss is :0.0771
2025-07-02 07:01:18 - INFO - epoch:0/25 iteration:455/459 batch loss is :0.0852
2025-07-02 07:01:30 - INFO - Epoch:0/25 Loss is :0.1244
2025-07-02 07:11:04 - INFO - VAL loss :0.1005
2025-07-02 07:14:03 - INFO - epoch:1/25 iteration:0/459 batch loss is :0.1497
2025-07-02 07:14:24 - INFO - epoch:1/25 iteration:5/459 batch loss is :0.0790
2025-07-02 07:14:45 - INFO - epoch:1/25 iteration:10/459 batch loss is :0.1700
2025-07-02 07:15:05 - INFO - epoch:1/25 iteration:15/459 batch loss is :0.1771
2025-07-02 07:15:26 - INFO - epoch:1/25 iteration:20/459 batch loss is :0.1258
2025-07-02 07:15:46 - INFO - epoch:1/25 iteration:25/459 batch loss is :0.0805
2025-07-02 07:16:07 - INFO - epoch:1/25 iteration:30/459 batch loss is :0.1076
2025-07-02 07:16:27 - INFO - epoch:1/25 iteration:35/459 batch loss is :0.1064
2025-07-02 07:16:47 - INFO - epoch:1/25 iteration:40/459 batch loss is :0.0982
2025-07-02 07:17:07 - INFO - epoch:1/25 iteration:45/459 batch loss is :0.0885
2025-07-02 07:17:26 - INFO - epoch:1/25 iteration:50/459 batch loss is :0.2357
2025-07-02 07:17:46 - INFO - epoch:1/25 iteration:55/459 batch loss is :0.1432
2025-07-02 07:18:05 - INFO - epoch:1/25 iteration:60/459 batch loss is :0.0980
2025-07-02 07:18:25 - INFO - epoch:1/25 iteration:65/459 batch loss is :0.0913
2025-07-02 07:18:44 - INFO - epoch:1/25 iteration:70/459 batch loss is :0.0574
2025-07-02 07:19:03 - INFO - epoch:1/25 iteration:75/459 batch loss is :0.0872
2025-07-02 07:19:23 - INFO - epoch:1/25 iteration:80/459 batch loss is :0.0716
2025-07-02 07:19:42 - INFO - epoch:1/25 iteration:85/459 batch loss is :0.0689
2025-07-02 07:20:02 - INFO - epoch:1/25 iteration:90/459 batch loss is :0.0600
2025-07-02 07:20:21 - INFO - epoch:1/25 iteration:95/459 batch loss is :0.0506
2025-07-02 07:20:41 - INFO - epoch:1/25 iteration:100/459 batch loss is :0.0940
2025-07-02 07:21:00 - INFO - epoch:1/25 iteration:105/459 batch loss is :0.1482
2025-07-02 07:21:19 - INFO - epoch:1/25 iteration:110/459 batch loss is :0.0701
2025-07-02 07:21:39 - INFO - epoch:1/25 iteration:115/459 batch loss is :0.0724
2025-07-02 07:21:59 - INFO - epoch:1/25 iteration:120/459 batch loss is :0.0825
2025-07-02 07:22:18 - INFO - epoch:1/25 iteration:125/459 batch loss is :0.1075
2025-07-02 07:22:38 - INFO - epoch:1/25 iteration:130/459 batch loss is :0.2513
2025-07-02 07:22:57 - INFO - epoch:1/25 iteration:135/459 batch loss is :0.1660
2025-07-02 07:23:17 - INFO - epoch:1/25 iteration:140/459 batch loss is :0.0805
2025-07-02 07:23:36 - INFO - epoch:1/25 iteration:145/459 batch loss is :0.0901
2025-07-02 07:23:56 - INFO - epoch:1/25 iteration:150/459 batch loss is :0.1241
2025-07-02 07:24:15 - INFO - epoch:1/25 iteration:155/459 batch loss is :0.1654
2025-07-02 07:24:35 - INFO - epoch:1/25 iteration:160/459 batch loss is :0.0990
2025-07-02 07:24:54 - INFO - epoch:1/25 iteration:165/459 batch loss is :0.1270
2025-07-02 07:25:14 - INFO - epoch:1/25 iteration:170/459 batch loss is :0.2681
2025-07-02 07:25:33 - INFO - epoch:1/25 iteration:175/459 batch loss is :0.1302
2025-07-02 07:25:53 - INFO - epoch:1/25 iteration:180/459 batch loss is :0.0928
2025-07-02 07:26:12 - INFO - epoch:1/25 iteration:185/459 batch loss is :0.1238
2025-07-02 07:26:32 - INFO - epoch:1/25 iteration:190/459 batch loss is :0.1079
2025-07-02 07:26:52 - INFO - epoch:1/25 iteration:195/459 batch loss is :0.1228
2025-07-02 07:27:12 - INFO - epoch:1/25 iteration:200/459 batch loss is :0.1513
2025-07-02 07:27:31 - INFO - epoch:1/25 iteration:205/459 batch loss is :0.0843
2025-07-02 07:27:51 - INFO - epoch:1/25 iteration:210/459 batch loss is :0.0734
2025-07-02 07:28:10 - INFO - epoch:1/25 iteration:215/459 batch loss is :0.0548
2025-07-02 07:28:29 - INFO - epoch:1/25 iteration:220/459 batch loss is :0.0590
2025-07-02 07:28:49 - INFO - epoch:1/25 iteration:225/459 batch loss is :0.0981
2025-07-02 07:29:08 - INFO - epoch:1/25 iteration:230/459 batch loss is :0.1404
2025-07-02 07:29:28 - INFO - epoch:1/25 iteration:235/459 batch loss is :0.1439
2025-07-02 07:29:48 - INFO - epoch:1/25 iteration:240/459 batch loss is :0.0602
2025-07-02 07:30:07 - INFO - epoch:1/25 iteration:245/459 batch loss is :0.1771
2025-07-02 07:30:27 - INFO - epoch:1/25 iteration:250/459 batch loss is :0.1526
2025-07-02 07:30:46 - INFO - epoch:1/25 iteration:255/459 batch loss is :0.1421
2025-07-02 07:31:06 - INFO - epoch:1/25 iteration:260/459 batch loss is :0.0583
2025-07-02 07:31:25 - INFO - epoch:1/25 iteration:265/459 batch loss is :0.3342
2025-07-02 07:31:45 - INFO - epoch:1/25 iteration:270/459 batch loss is :0.1024
2025-07-02 07:32:05 - INFO - epoch:1/25 iteration:275/459 batch loss is :0.0911
2025-07-02 07:32:24 - INFO - epoch:1/25 iteration:280/459 batch loss is :0.2294
2025-07-02 07:32:43 - INFO - epoch:1/25 iteration:285/459 batch loss is :0.0692
2025-07-02 07:33:03 - INFO - epoch:1/25 iteration:290/459 batch loss is :0.0898
2025-07-02 07:33:22 - INFO - epoch:1/25 iteration:295/459 batch loss is :0.1526
2025-07-02 07:33:42 - INFO - epoch:1/25 iteration:300/459 batch loss is :0.0501
2025-07-02 07:34:02 - INFO - epoch:1/25 iteration:305/459 batch loss is :0.1404
2025-07-02 07:34:21 - INFO - epoch:1/25 iteration:310/459 batch loss is :0.2096
2025-07-02 07:34:41 - INFO - epoch:1/25 iteration:315/459 batch loss is :0.0374
2025-07-02 07:35:00 - INFO - epoch:1/25 iteration:320/459 batch loss is :0.1539
2025-07-02 07:35:20 - INFO - epoch:1/25 iteration:325/459 batch loss is :0.0939
2025-07-02 07:35:40 - INFO - epoch:1/25 iteration:330/459 batch loss is :0.2225
2025-07-02 07:35:59 - INFO - epoch:1/25 iteration:335/459 batch loss is :0.0629
2025-07-02 07:36:18 - INFO - epoch:1/25 iteration:340/459 batch loss is :0.0726
2025-07-02 07:36:37 - INFO - epoch:1/25 iteration:345/459 batch loss is :0.0998
2025-07-02 07:36:57 - INFO - epoch:1/25 iteration:350/459 batch loss is :0.0538
2025-07-02 07:37:16 - INFO - epoch:1/25 iteration:355/459 batch loss is :0.0999
2025-07-02 07:37:36 - INFO - epoch:1/25 iteration:360/459 batch loss is :0.1331
2025-07-02 07:37:55 - INFO - epoch:1/25 iteration:365/459 batch loss is :0.2054
2025-07-02 07:38:14 - INFO - epoch:1/25 iteration:370/459 batch loss is :0.1397
2025-07-02 07:38:34 - INFO - epoch:1/25 iteration:375/459 batch loss is :0.0975
2025-07-02 07:38:53 - INFO - epoch:1/25 iteration:380/459 batch loss is :0.0527
2025-07-02 07:39:13 - INFO - epoch:1/25 iteration:385/459 batch loss is :0.0555
2025-07-02 07:39:32 - INFO - epoch:1/25 iteration:390/459 batch loss is :0.0809
2025-07-02 07:39:52 - INFO - epoch:1/25 iteration:395/459 batch loss is :0.1285
2025-07-02 07:40:11 - INFO - epoch:1/25 iteration:400/459 batch loss is :0.0338
2025-07-02 07:40:31 - INFO - epoch:1/25 iteration:405/459 batch loss is :0.1154
2025-07-02 07:40:50 - INFO - epoch:1/25 iteration:410/459 batch loss is :0.0735
2025-07-02 07:41:10 - INFO - epoch:1/25 iteration:415/459 batch loss is :0.1709
2025-07-02 07:41:29 - INFO - epoch:1/25 iteration:420/459 batch loss is :0.1117
2025-07-02 07:41:48 - INFO - epoch:1/25 iteration:425/459 batch loss is :0.0505
2025-07-02 07:42:08 - INFO - epoch:1/25 iteration:430/459 batch loss is :0.0750
2025-07-02 07:42:26 - INFO - epoch:1/25 iteration:435/459 batch loss is :0.0217
2025-07-02 07:42:45 - INFO - epoch:1/25 iteration:440/459 batch loss is :0.1774
2025-07-02 07:43:02 - INFO - epoch:1/25 iteration:445/459 batch loss is :0.1203
2025-07-02 07:43:20 - INFO - epoch:1/25 iteration:450/459 batch loss is :0.0342
2025-07-02 07:43:38 - INFO - epoch:1/25 iteration:455/459 batch loss is :0.1653
2025-07-02 07:43:50 - INFO - Epoch:1/25 Loss is :0.1213
2025-07-02 07:46:47 - INFO - epoch:2/25 iteration:0/459 batch loss is :0.0830
2025-07-02 07:47:08 - INFO - epoch:2/25 iteration:5/459 batch loss is :0.0634
2025-07-02 07:47:29 - INFO - epoch:2/25 iteration:10/459 batch loss is :0.0984
2025-07-02 07:47:50 - INFO - epoch:2/25 iteration:15/459 batch loss is :0.0795
2025-07-02 07:48:11 - INFO - epoch:2/25 iteration:20/459 batch loss is :0.0857
2025-07-02 07:48:31 - INFO - epoch:2/25 iteration:25/459 batch loss is :0.0881
2025-07-02 07:48:52 - INFO - epoch:2/25 iteration:30/459 batch loss is :0.2572
2025-07-02 07:49:12 - INFO - epoch:2/25 iteration:35/459 batch loss is :0.0767
2025-07-02 07:49:31 - INFO - epoch:2/25 iteration:40/459 batch loss is :0.1115
2025-07-02 07:49:51 - INFO - epoch:2/25 iteration:45/459 batch loss is :0.1178
2025-07-02 07:50:10 - INFO - epoch:2/25 iteration:50/459 batch loss is :0.1498
2025-07-02 07:50:30 - INFO - epoch:2/25 iteration:55/459 batch loss is :0.0386
2025-07-02 07:50:50 - INFO - epoch:2/25 iteration:60/459 batch loss is :0.0852
2025-07-02 07:51:09 - INFO - epoch:2/25 iteration:65/459 batch loss is :0.0574
2025-07-02 07:51:29 - INFO - epoch:2/25 iteration:70/459 batch loss is :0.0737
2025-07-02 07:51:48 - INFO - epoch:2/25 iteration:75/459 batch loss is :0.1212
2025-07-02 07:52:08 - INFO - epoch:2/25 iteration:80/459 batch loss is :0.0693
2025-07-02 07:52:27 - INFO - epoch:2/25 iteration:85/459 batch loss is :0.0483
2025-07-02 07:52:47 - INFO - epoch:2/25 iteration:90/459 batch loss is :0.1032
2025-07-02 07:53:07 - INFO - epoch:2/25 iteration:95/459 batch loss is :0.1282
2025-07-02 07:53:26 - INFO - epoch:2/25 iteration:100/459 batch loss is :0.1043
2025-07-02 07:53:46 - INFO - epoch:2/25 iteration:105/459 batch loss is :0.1297
2025-07-02 07:54:06 - INFO - epoch:2/25 iteration:110/459 batch loss is :0.1177
2025-07-02 07:54:26 - INFO - epoch:2/25 iteration:115/459 batch loss is :0.0723
2025-07-02 07:54:45 - INFO - epoch:2/25 iteration:120/459 batch loss is :0.1642
2025-07-02 07:55:05 - INFO - epoch:2/25 iteration:125/459 batch loss is :0.0747
2025-07-02 07:55:24 - INFO - epoch:2/25 iteration:130/459 batch loss is :0.1527
2025-07-02 07:55:44 - INFO - epoch:2/25 iteration:135/459 batch loss is :0.5207
2025-07-02 07:56:03 - INFO - epoch:2/25 iteration:140/459 batch loss is :0.0997
2025-07-02 07:56:23 - INFO - epoch:2/25 iteration:145/459 batch loss is :0.2401
2025-07-02 07:56:42 - INFO - epoch:2/25 iteration:150/459 batch loss is :0.0783
2025-07-02 07:57:02 - INFO - epoch:2/25 iteration:155/459 batch loss is :0.2349
2025-07-02 07:57:22 - INFO - epoch:2/25 iteration:160/459 batch loss is :0.0530
2025-07-02 07:57:41 - INFO - epoch:2/25 iteration:165/459 batch loss is :0.0872
2025-07-02 07:58:01 - INFO - epoch:2/25 iteration:170/459 batch loss is :0.1213
2025-07-02 07:58:21 - INFO - epoch:2/25 iteration:175/459 batch loss is :0.0986
2025-07-02 07:58:40 - INFO - epoch:2/25 iteration:180/459 batch loss is :0.1329
2025-07-02 07:59:00 - INFO - epoch:2/25 iteration:185/459 batch loss is :0.0988
2025-07-02 07:59:19 - INFO - epoch:2/25 iteration:190/459 batch loss is :0.0461
2025-07-02 07:59:39 - INFO - epoch:2/25 iteration:195/459 batch loss is :0.0652
2025-07-02 07:59:59 - INFO - epoch:2/25 iteration:200/459 batch loss is :0.1221
2025-07-02 08:00:19 - INFO - epoch:2/25 iteration:205/459 batch loss is :0.1711
2025-07-02 08:00:38 - INFO - epoch:2/25 iteration:210/459 batch loss is :0.0784
2025-07-02 08:00:58 - INFO - epoch:2/25 iteration:215/459 batch loss is :0.0782
2025-07-02 08:01:18 - INFO - epoch:2/25 iteration:220/459 batch loss is :0.1834
2025-07-02 08:01:38 - INFO - epoch:2/25 iteration:225/459 batch loss is :0.0537
2025-07-02 08:01:58 - INFO - epoch:2/25 iteration:230/459 batch loss is :0.0706
2025-07-02 08:02:17 - INFO - epoch:2/25 iteration:235/459 batch loss is :0.1000
2025-07-02 08:02:37 - INFO - epoch:2/25 iteration:240/459 batch loss is :0.0818
2025-07-02 08:02:57 - INFO - epoch:2/25 iteration:245/459 batch loss is :0.1204
2025-07-02 08:03:17 - INFO - epoch:2/25 iteration:250/459 batch loss is :0.2718
2025-07-02 08:03:37 - INFO - epoch:2/25 iteration:255/459 batch loss is :0.1215
2025-07-02 08:03:57 - INFO - epoch:2/25 iteration:260/459 batch loss is :0.0620
2025-07-02 08:04:17 - INFO - epoch:2/25 iteration:265/459 batch loss is :0.1096
2025-07-02 08:04:36 - INFO - epoch:2/25 iteration:270/459 batch loss is :0.1413
2025-07-02 08:04:55 - INFO - epoch:2/25 iteration:275/459 batch loss is :0.1195
2025-07-02 08:05:15 - INFO - epoch:2/25 iteration:280/459 batch loss is :0.0886
2025-07-02 08:05:35 - INFO - epoch:2/25 iteration:285/459 batch loss is :0.1925
2025-07-02 08:05:54 - INFO - epoch:2/25 iteration:290/459 batch loss is :0.0679
2025-07-02 08:06:14 - INFO - epoch:2/25 iteration:295/459 batch loss is :0.1068
2025-07-02 08:06:33 - INFO - epoch:2/25 iteration:300/459 batch loss is :0.0839
2025-07-02 08:06:53 - INFO - epoch:2/25 iteration:305/459 batch loss is :0.1205
2025-07-02 08:07:12 - INFO - epoch:2/25 iteration:310/459 batch loss is :0.0628
2025-07-02 08:07:32 - INFO - epoch:2/25 iteration:315/459 batch loss is :0.1154
2025-07-02 08:07:51 - INFO - epoch:2/25 iteration:320/459 batch loss is :0.1045
2025-07-02 08:08:11 - INFO - epoch:2/25 iteration:325/459 batch loss is :0.1478
2025-07-02 08:08:31 - INFO - epoch:2/25 iteration:330/459 batch loss is :0.1305
2025-07-02 08:08:51 - INFO - epoch:2/25 iteration:335/459 batch loss is :0.1906
2025-07-02 08:09:10 - INFO - epoch:2/25 iteration:340/459 batch loss is :0.0788
2025-07-02 08:09:30 - INFO - epoch:2/25 iteration:345/459 batch loss is :0.0629
2025-07-02 08:09:50 - INFO - epoch:2/25 iteration:350/459 batch loss is :0.1280
2025-07-02 08:10:10 - INFO - epoch:2/25 iteration:355/459 batch loss is :0.0948
2025-07-02 08:10:29 - INFO - epoch:2/25 iteration:360/459 batch loss is :0.0778
2025-07-02 08:10:49 - INFO - epoch:2/25 iteration:365/459 batch loss is :0.1195
2025-07-02 08:11:09 - INFO - epoch:2/25 iteration:370/459 batch loss is :0.0683
2025-07-02 08:11:29 - INFO - epoch:2/25 iteration:375/459 batch loss is :0.0467
2025-07-02 08:11:48 - INFO - epoch:2/25 iteration:380/459 batch loss is :0.1546
2025-07-02 08:12:08 - INFO - epoch:2/25 iteration:385/459 batch loss is :0.0474
2025-07-02 08:12:27 - INFO - epoch:2/25 iteration:390/459 batch loss is :0.1253
2025-07-02 08:12:47 - INFO - epoch:2/25 iteration:395/459 batch loss is :0.1033
2025-07-02 08:13:06 - INFO - epoch:2/25 iteration:400/459 batch loss is :0.1295
2025-07-02 08:13:26 - INFO - epoch:2/25 iteration:405/459 batch loss is :0.0325
2025-07-02 08:13:46 - INFO - epoch:2/25 iteration:410/459 batch loss is :0.1416
2025-07-02 08:14:06 - INFO - epoch:2/25 iteration:415/459 batch loss is :0.1498
2025-07-02 08:14:26 - INFO - epoch:2/25 iteration:420/459 batch loss is :0.0844
2025-07-02 08:14:46 - INFO - epoch:2/25 iteration:425/459 batch loss is :0.1977
2025-07-02 08:15:05 - INFO - epoch:2/25 iteration:430/459 batch loss is :0.0859
2025-07-02 08:15:24 - INFO - epoch:2/25 iteration:435/459 batch loss is :0.0425
2025-07-02 08:15:42 - INFO - epoch:2/25 iteration:440/459 batch loss is :0.0685
2025-07-02 08:16:00 - INFO - epoch:2/25 iteration:445/459 batch loss is :0.0711
2025-07-02 08:16:18 - INFO - epoch:2/25 iteration:450/459 batch loss is :0.2481
2025-07-02 08:16:36 - INFO - epoch:2/25 iteration:455/459 batch loss is :0.0744
2025-07-02 08:16:48 - INFO - Epoch:2/25 Loss is :0.1189
2025-07-02 08:19:39 - INFO - epoch:3/25 iteration:0/459 batch loss is :0.1014
2025-07-02 08:20:01 - INFO - epoch:3/25 iteration:5/459 batch loss is :0.1139
2025-07-02 08:20:23 - INFO - epoch:3/25 iteration:10/459 batch loss is :0.2384
2025-07-02 08:20:45 - INFO - epoch:3/25 iteration:15/459 batch loss is :0.0667
2025-07-02 08:21:05 - INFO - epoch:3/25 iteration:20/459 batch loss is :0.0756
2025-07-02 08:21:24 - INFO - epoch:3/25 iteration:25/459 batch loss is :0.0669
2025-07-02 08:21:43 - INFO - epoch:3/25 iteration:30/459 batch loss is :0.0867
2025-07-02 08:22:02 - INFO - epoch:3/25 iteration:35/459 batch loss is :0.5211
2025-07-02 08:22:21 - INFO - epoch:3/25 iteration:40/459 batch loss is :0.0894
2025-07-02 08:22:40 - INFO - epoch:3/25 iteration:45/459 batch loss is :0.1138
2025-07-02 08:23:00 - INFO - epoch:3/25 iteration:50/459 batch loss is :0.1119
2025-07-02 08:23:19 - INFO - epoch:3/25 iteration:55/459 batch loss is :0.0947
2025-07-02 08:23:39 - INFO - epoch:3/25 iteration:60/459 batch loss is :0.0791
2025-07-02 08:23:58 - INFO - epoch:3/25 iteration:65/459 batch loss is :0.0749
2025-07-02 08:24:17 - INFO - epoch:3/25 iteration:70/459 batch loss is :0.0775
2025-07-02 08:24:36 - INFO - epoch:3/25 iteration:75/459 batch loss is :0.2057
2025-07-02 08:24:55 - INFO - epoch:3/25 iteration:80/459 batch loss is :0.1603
2025-07-02 08:25:14 - INFO - epoch:3/25 iteration:85/459 batch loss is :0.1047
2025-07-02 08:25:34 - INFO - epoch:3/25 iteration:90/459 batch loss is :0.1245
2025-07-02 08:25:53 - INFO - epoch:3/25 iteration:95/459 batch loss is :0.0774
2025-07-02 08:26:12 - INFO - epoch:3/25 iteration:100/459 batch loss is :0.1146
2025-07-02 08:26:32 - INFO - epoch:3/25 iteration:105/459 batch loss is :0.1543
2025-07-02 08:26:51 - INFO - epoch:3/25 iteration:110/459 batch loss is :0.0846
2025-07-02 08:27:10 - INFO - epoch:3/25 iteration:115/459 batch loss is :0.2087
2025-07-02 08:27:30 - INFO - epoch:3/25 iteration:120/459 batch loss is :0.0780
2025-07-02 08:27:49 - INFO - epoch:3/25 iteration:125/459 batch loss is :0.0508
2025-07-02 08:28:09 - INFO - epoch:3/25 iteration:130/459 batch loss is :0.1431
2025-07-02 08:28:28 - INFO - epoch:3/25 iteration:135/459 batch loss is :0.0602
2025-07-02 08:28:47 - INFO - epoch:3/25 iteration:140/459 batch loss is :0.0784
2025-07-02 08:29:07 - INFO - epoch:3/25 iteration:145/459 batch loss is :0.0907
2025-07-02 08:29:27 - INFO - epoch:3/25 iteration:150/459 batch loss is :0.0592
2025-07-02 08:29:46 - INFO - epoch:3/25 iteration:155/459 batch loss is :0.1025
2025-07-02 08:30:06 - INFO - epoch:3/25 iteration:160/459 batch loss is :0.0796
2025-07-02 08:30:25 - INFO - epoch:3/25 iteration:165/459 batch loss is :0.0987
2025-07-02 08:30:45 - INFO - epoch:3/25 iteration:170/459 batch loss is :0.1441
2025-07-02 08:31:04 - INFO - epoch:3/25 iteration:175/459 batch loss is :0.0664
2025-07-02 08:31:24 - INFO - epoch:3/25 iteration:180/459 batch loss is :0.1190
2025-07-02 08:31:43 - INFO - epoch:3/25 iteration:185/459 batch loss is :0.0935
2025-07-02 08:32:03 - INFO - epoch:3/25 iteration:190/459 batch loss is :0.0716
2025-07-02 08:32:22 - INFO - epoch:3/25 iteration:195/459 batch loss is :0.0951
2025-07-02 08:32:42 - INFO - epoch:3/25 iteration:200/459 batch loss is :0.0908
2025-07-02 08:33:01 - INFO - epoch:3/25 iteration:205/459 batch loss is :0.0298
2025-07-02 08:33:21 - INFO - epoch:3/25 iteration:210/459 batch loss is :0.1084
2025-07-02 08:33:40 - INFO - epoch:3/25 iteration:215/459 batch loss is :0.1141
2025-07-02 08:34:00 - INFO - epoch:3/25 iteration:220/459 batch loss is :0.0535
2025-07-02 08:34:19 - INFO - epoch:3/25 iteration:225/459 batch loss is :0.0701
2025-07-02 08:34:39 - INFO - epoch:3/25 iteration:230/459 batch loss is :0.0596
2025-07-02 08:34:58 - INFO - epoch:3/25 iteration:235/459 batch loss is :0.1086
2025-07-02 08:35:18 - INFO - epoch:3/25 iteration:240/459 batch loss is :0.3300
2025-07-02 08:35:38 - INFO - epoch:3/25 iteration:245/459 batch loss is :0.0824
2025-07-02 08:35:58 - INFO - epoch:3/25 iteration:250/459 batch loss is :0.1056
2025-07-02 08:36:17 - INFO - epoch:3/25 iteration:255/459 batch loss is :0.0379
2025-07-02 08:36:37 - INFO - epoch:3/25 iteration:260/459 batch loss is :0.1069
2025-07-02 08:36:56 - INFO - epoch:3/25 iteration:265/459 batch loss is :0.1141
2025-07-02 08:37:16 - INFO - epoch:3/25 iteration:270/459 batch loss is :0.0610
2025-07-02 08:37:35 - INFO - epoch:3/25 iteration:275/459 batch loss is :0.1325
2025-07-02 08:37:55 - INFO - epoch:3/25 iteration:280/459 batch loss is :0.1728
2025-07-02 08:38:14 - INFO - epoch:3/25 iteration:285/459 batch loss is :0.1723
2025-07-02 08:38:33 - INFO - epoch:3/25 iteration:290/459 batch loss is :0.0516
2025-07-02 08:38:52 - INFO - epoch:3/25 iteration:295/459 batch loss is :0.0502
2025-07-02 08:39:12 - INFO - epoch:3/25 iteration:300/459 batch loss is :0.0970
2025-07-02 08:39:32 - INFO - epoch:3/25 iteration:305/459 batch loss is :0.1675
2025-07-02 08:39:51 - INFO - epoch:3/25 iteration:310/459 batch loss is :0.2064
2025-07-02 08:40:11 - INFO - epoch:3/25 iteration:315/459 batch loss is :0.2328
2025-07-02 08:40:30 - INFO - epoch:3/25 iteration:320/459 batch loss is :0.1575
2025-07-02 08:40:50 - INFO - epoch:3/25 iteration:325/459 batch loss is :0.0904
2025-07-02 08:41:09 - INFO - epoch:3/25 iteration:330/459 batch loss is :0.0597
2025-07-02 08:41:28 - INFO - epoch:3/25 iteration:335/459 batch loss is :0.0569
2025-07-02 08:41:48 - INFO - epoch:3/25 iteration:340/459 batch loss is :0.1248
2025-07-02 08:42:08 - INFO - epoch:3/25 iteration:345/459 batch loss is :0.1003
2025-07-02 08:42:27 - INFO - epoch:3/25 iteration:350/459 batch loss is :0.1512
2025-07-02 08:42:46 - INFO - epoch:3/25 iteration:355/459 batch loss is :0.0673
2025-07-02 08:43:06 - INFO - epoch:3/25 iteration:360/459 batch loss is :0.0485
2025-07-02 08:43:25 - INFO - epoch:3/25 iteration:365/459 batch loss is :0.0777
2025-07-02 08:43:45 - INFO - epoch:3/25 iteration:370/459 batch loss is :0.0949
2025-07-02 08:44:04 - INFO - epoch:3/25 iteration:375/459 batch loss is :0.1023
2025-07-02 08:44:24 - INFO - epoch:3/25 iteration:380/459 batch loss is :0.0712
2025-07-02 08:44:44 - INFO - epoch:3/25 iteration:385/459 batch loss is :0.1883
2025-07-02 08:45:03 - INFO - epoch:3/25 iteration:390/459 batch loss is :0.0480
2025-07-02 08:45:22 - INFO - epoch:3/25 iteration:395/459 batch loss is :0.1638
2025-07-02 08:45:42 - INFO - epoch:3/25 iteration:400/459 batch loss is :0.0764
2025-07-02 08:46:02 - INFO - epoch:3/25 iteration:405/459 batch loss is :0.0747
2025-07-02 08:46:21 - INFO - epoch:3/25 iteration:410/459 batch loss is :0.0627
2025-07-02 08:46:41 - INFO - epoch:3/25 iteration:415/459 batch loss is :0.1295
2025-07-02 08:47:00 - INFO - epoch:3/25 iteration:420/459 batch loss is :0.2468
2025-07-02 08:47:19 - INFO - epoch:3/25 iteration:425/459 batch loss is :0.1283
2025-07-02 08:47:39 - INFO - epoch:3/25 iteration:430/459 batch loss is :0.1098
2025-07-02 08:47:57 - INFO - epoch:3/25 iteration:435/459 batch loss is :0.1247
2025-07-02 08:48:15 - INFO - epoch:3/25 iteration:440/459 batch loss is :0.1096
2025-07-02 08:48:33 - INFO - epoch:3/25 iteration:445/459 batch loss is :0.0509
2025-07-02 08:48:51 - INFO - epoch:3/25 iteration:450/459 batch loss is :0.0844
2025-07-02 08:49:09 - INFO - epoch:3/25 iteration:455/459 batch loss is :0.0813
2025-07-02 08:49:21 - INFO - Epoch:3/25 Loss is :0.1157
2025-07-02 08:52:18 - INFO - epoch:4/25 iteration:0/459 batch loss is :0.0743
2025-07-02 08:52:39 - INFO - epoch:4/25 iteration:5/459 batch loss is :0.1019
2025-07-02 08:52:59 - INFO - epoch:4/25 iteration:10/459 batch loss is :0.1023
2025-07-02 08:53:20 - INFO - epoch:4/25 iteration:15/459 batch loss is :0.1018
2025-07-02 08:53:41 - INFO - epoch:4/25 iteration:20/459 batch loss is :0.2265
2025-07-02 08:54:01 - INFO - epoch:4/25 iteration:25/459 batch loss is :0.0689
2025-07-02 08:54:21 - INFO - epoch:4/25 iteration:30/459 batch loss is :0.1351
2025-07-02 08:54:40 - INFO - epoch:4/25 iteration:35/459 batch loss is :0.0959
2025-07-02 08:54:59 - INFO - epoch:4/25 iteration:40/459 batch loss is :0.1153
2025-07-02 08:55:19 - INFO - epoch:4/25 iteration:45/459 batch loss is :0.0718
2025-07-02 08:55:38 - INFO - epoch:4/25 iteration:50/459 batch loss is :0.1271
2025-07-02 08:55:58 - INFO - epoch:4/25 iteration:55/459 batch loss is :0.0588
2025-07-02 08:56:17 - INFO - epoch:4/25 iteration:60/459 batch loss is :0.1518
2025-07-02 08:56:37 - INFO - epoch:4/25 iteration:65/459 batch loss is :0.0833
2025-07-02 08:56:56 - INFO - epoch:4/25 iteration:70/459 batch loss is :0.0629
2025-07-02 08:57:16 - INFO - epoch:4/25 iteration:75/459 batch loss is :0.0561
2025-07-02 08:57:35 - INFO - epoch:4/25 iteration:80/459 batch loss is :0.0940
2025-07-02 08:57:54 - INFO - epoch:4/25 iteration:85/459 batch loss is :0.1978
2025-07-02 08:58:13 - INFO - epoch:4/25 iteration:90/459 batch loss is :0.1300
2025-07-02 08:58:33 - INFO - epoch:4/25 iteration:95/459 batch loss is :0.0732
2025-07-02 08:58:52 - INFO - epoch:4/25 iteration:100/459 batch loss is :0.0783
2025-07-02 08:59:12 - INFO - epoch:4/25 iteration:105/459 batch loss is :0.1831
2025-07-02 08:59:31 - INFO - epoch:4/25 iteration:110/459 batch loss is :0.1101
2025-07-02 08:59:51 - INFO - epoch:4/25 iteration:115/459 batch loss is :0.1153
2025-07-02 09:00:10 - INFO - epoch:4/25 iteration:120/459 batch loss is :0.1692
2025-07-02 09:00:30 - INFO - epoch:4/25 iteration:125/459 batch loss is :0.0826
2025-07-02 09:00:49 - INFO - epoch:4/25 iteration:130/459 batch loss is :0.0739
2025-07-02 09:01:08 - INFO - epoch:4/25 iteration:135/459 batch loss is :0.0775
2025-07-02 09:01:28 - INFO - epoch:4/25 iteration:140/459 batch loss is :0.1050
2025-07-02 09:01:47 - INFO - epoch:4/25 iteration:145/459 batch loss is :0.0839
2025-07-02 09:02:07 - INFO - epoch:4/25 iteration:150/459 batch loss is :0.0943
2025-07-02 09:02:26 - INFO - epoch:4/25 iteration:155/459 batch loss is :0.1081
2025-07-02 09:02:46 - INFO - epoch:4/25 iteration:160/459 batch loss is :0.0322
2025-07-02 09:03:06 - INFO - epoch:4/25 iteration:165/459 batch loss is :0.1230
2025-07-02 09:03:25 - INFO - epoch:4/25 iteration:170/459 batch loss is :0.1166
2025-07-02 09:03:44 - INFO - epoch:4/25 iteration:175/459 batch loss is :0.0587
2025-07-02 09:04:03 - INFO - epoch:4/25 iteration:180/459 batch loss is :0.1989
2025-07-02 09:04:23 - INFO - epoch:4/25 iteration:185/459 batch loss is :0.0994
2025-07-02 09:04:42 - INFO - epoch:4/25 iteration:190/459 batch loss is :0.1091
2025-07-02 09:05:02 - INFO - epoch:4/25 iteration:195/459 batch loss is :0.1585
2025-07-02 09:05:21 - INFO - epoch:4/25 iteration:200/459 batch loss is :0.1245
2025-07-02 09:05:41 - INFO - epoch:4/25 iteration:205/459 batch loss is :0.0908
2025-07-02 09:06:01 - INFO - epoch:4/25 iteration:210/459 batch loss is :0.1041
2025-07-02 09:06:20 - INFO - epoch:4/25 iteration:215/459 batch loss is :0.1126
2025-07-02 09:06:40 - INFO - epoch:4/25 iteration:220/459 batch loss is :0.0620
2025-07-02 09:07:00 - INFO - epoch:4/25 iteration:225/459 batch loss is :0.1778
2025-07-02 09:07:19 - INFO - epoch:4/25 iteration:230/459 batch loss is :0.1181
2025-07-02 09:07:38 - INFO - epoch:4/25 iteration:235/459 batch loss is :0.1550
2025-07-02 09:07:57 - INFO - epoch:4/25 iteration:240/459 batch loss is :0.1424
2025-07-02 09:08:17 - INFO - epoch:4/25 iteration:245/459 batch loss is :0.0644
2025-07-02 09:08:36 - INFO - epoch:4/25 iteration:250/459 batch loss is :0.0553
2025-07-02 09:08:56 - INFO - epoch:4/25 iteration:255/459 batch loss is :0.0758
2025-07-02 09:09:15 - INFO - epoch:4/25 iteration:260/459 batch loss is :0.0273
2025-07-02 09:09:35 - INFO - epoch:4/25 iteration:265/459 batch loss is :0.0737
2025-07-02 09:09:54 - INFO - epoch:4/25 iteration:270/459 batch loss is :0.1033
2025-07-02 09:10:14 - INFO - epoch:4/25 iteration:275/459 batch loss is :0.0646
2025-07-02 09:10:33 - INFO - epoch:4/25 iteration:280/459 batch loss is :0.0415
2025-07-02 09:10:52 - INFO - epoch:4/25 iteration:285/459 batch loss is :0.1226
2025-07-02 09:11:12 - INFO - epoch:4/25 iteration:290/459 batch loss is :0.2920
2025-07-02 09:11:31 - INFO - epoch:4/25 iteration:295/459 batch loss is :0.0705
2025-07-02 09:11:50 - INFO - epoch:4/25 iteration:300/459 batch loss is :0.1046
2025-07-02 09:12:10 - INFO - epoch:4/25 iteration:305/459 batch loss is :0.1498
2025-07-02 09:12:29 - INFO - epoch:4/25 iteration:310/459 batch loss is :0.1005
2025-07-02 09:12:49 - INFO - epoch:4/25 iteration:315/459 batch loss is :0.1558
2025-07-02 09:13:08 - INFO - epoch:4/25 iteration:320/459 batch loss is :0.0935
2025-07-02 09:13:27 - INFO - epoch:4/25 iteration:325/459 batch loss is :0.5617
2025-07-02 09:13:47 - INFO - epoch:4/25 iteration:330/459 batch loss is :0.0551
2025-07-02 09:14:05 - INFO - epoch:4/25 iteration:335/459 batch loss is :0.1631
2025-07-02 09:14:25 - INFO - epoch:4/25 iteration:340/459 batch loss is :0.0676
2025-07-02 09:14:44 - INFO - epoch:4/25 iteration:345/459 batch loss is :0.2063
2025-07-02 09:15:04 - INFO - epoch:4/25 iteration:350/459 batch loss is :0.0554
2025-07-02 09:15:23 - INFO - epoch:4/25 iteration:355/459 batch loss is :0.0588
2025-07-02 09:15:43 - INFO - epoch:4/25 iteration:360/459 batch loss is :0.0552
2025-07-02 09:16:03 - INFO - epoch:4/25 iteration:365/459 batch loss is :0.0929
2025-07-02 09:16:22 - INFO - epoch:4/25 iteration:370/459 batch loss is :0.1488
2025-07-02 09:16:42 - INFO - epoch:4/25 iteration:375/459 batch loss is :0.0940
2025-07-02 09:17:01 - INFO - epoch:4/25 iteration:380/459 batch loss is :0.0933
2025-07-02 09:17:21 - INFO - epoch:4/25 iteration:385/459 batch loss is :0.1196
2025-07-02 09:17:40 - INFO - epoch:4/25 iteration:390/459 batch loss is :0.0546
2025-07-02 09:18:00 - INFO - epoch:4/25 iteration:395/459 batch loss is :0.0542
2025-07-02 09:18:19 - INFO - epoch:4/25 iteration:400/459 batch loss is :0.0929
2025-07-02 09:18:39 - INFO - epoch:4/25 iteration:405/459 batch loss is :0.1028
2025-07-02 09:18:58 - INFO - epoch:4/25 iteration:410/459 batch loss is :0.1036
2025-07-02 09:19:17 - INFO - epoch:4/25 iteration:415/459 batch loss is :0.1052
2025-07-02 09:19:37 - INFO - epoch:4/25 iteration:420/459 batch loss is :0.0752
2025-07-02 09:19:56 - INFO - epoch:4/25 iteration:425/459 batch loss is :0.0467
2025-07-02 09:20:15 - INFO - epoch:4/25 iteration:430/459 batch loss is :0.1148
2025-07-02 09:20:34 - INFO - epoch:4/25 iteration:435/459 batch loss is :0.1042
2025-07-02 09:20:51 - INFO - epoch:4/25 iteration:440/459 batch loss is :0.1475
2025-07-02 09:21:09 - INFO - epoch:4/25 iteration:445/459 batch loss is :0.1176
2025-07-02 09:21:27 - INFO - epoch:4/25 iteration:450/459 batch loss is :0.1795
2025-07-02 09:21:45 - INFO - epoch:4/25 iteration:455/459 batch loss is :0.1922
2025-07-02 09:21:58 - INFO - Epoch:4/25 Loss is :0.1148
2025-07-02 09:24:30 - INFO - epoch:5/25 iteration:0/459 batch loss is :0.0738
2025-07-02 09:24:53 - INFO - epoch:5/25 iteration:5/459 batch loss is :0.1155
2025-07-02 09:25:15 - INFO - epoch:5/25 iteration:10/459 batch loss is :0.0700
2025-07-02 09:25:34 - INFO - epoch:5/25 iteration:15/459 batch loss is :0.0608
2025-07-02 09:25:54 - INFO - epoch:5/25 iteration:20/459 batch loss is :0.1405
2025-07-02 09:26:13 - INFO - epoch:5/25 iteration:25/459 batch loss is :0.2581
2025-07-02 09:26:32 - INFO - epoch:5/25 iteration:30/459 batch loss is :0.0794
2025-07-02 09:26:50 - INFO - epoch:5/25 iteration:35/459 batch loss is :0.0577
2025-07-02 09:27:10 - INFO - epoch:5/25 iteration:40/459 batch loss is :0.1457
2025-07-02 09:27:28 - INFO - epoch:5/25 iteration:45/459 batch loss is :0.1122
2025-07-02 09:27:48 - INFO - epoch:5/25 iteration:50/459 batch loss is :0.1678
2025-07-02 09:28:07 - INFO - epoch:5/25 iteration:55/459 batch loss is :0.1030
2025-07-02 09:28:27 - INFO - epoch:5/25 iteration:60/459 batch loss is :0.1758
2025-07-02 09:28:46 - INFO - epoch:5/25 iteration:65/459 batch loss is :0.1212
2025-07-02 09:29:06 - INFO - epoch:5/25 iteration:70/459 batch loss is :0.3749
2025-07-02 09:29:25 - INFO - epoch:5/25 iteration:75/459 batch loss is :0.1045
2025-07-02 09:29:45 - INFO - epoch:5/25 iteration:80/459 batch loss is :0.0560
2025-07-02 09:30:05 - INFO - epoch:5/25 iteration:85/459 batch loss is :0.0488
2025-07-02 09:30:25 - INFO - epoch:5/25 iteration:90/459 batch loss is :0.0317
2025-07-02 09:30:44 - INFO - epoch:5/25 iteration:95/459 batch loss is :0.0667
2025-07-02 09:31:04 - INFO - epoch:5/25 iteration:100/459 batch loss is :0.0950
2025-07-02 09:31:24 - INFO - epoch:5/25 iteration:105/459 batch loss is :0.0701
2025-07-02 09:31:44 - INFO - epoch:5/25 iteration:110/459 batch loss is :0.1100
2025-07-02 09:32:04 - INFO - epoch:5/25 iteration:115/459 batch loss is :0.2148
2025-07-02 09:32:24 - INFO - epoch:5/25 iteration:120/459 batch loss is :0.0554
2025-07-02 09:32:44 - INFO - epoch:5/25 iteration:125/459 batch loss is :0.0409
2025-07-02 09:33:04 - INFO - epoch:5/25 iteration:130/459 batch loss is :0.0978
2025-07-02 09:33:24 - INFO - epoch:5/25 iteration:135/459 batch loss is :0.1522
2025-07-02 09:33:45 - INFO - epoch:5/25 iteration:140/459 batch loss is :0.0643
2025-07-02 09:34:05 - INFO - epoch:5/25 iteration:145/459 batch loss is :0.0812
2025-07-02 09:34:26 - INFO - epoch:5/25 iteration:150/459 batch loss is :0.1453
2025-07-02 09:34:45 - INFO - epoch:5/25 iteration:155/459 batch loss is :0.1422
2025-07-02 09:35:05 - INFO - epoch:5/25 iteration:160/459 batch loss is :0.1574
2025-07-02 09:35:25 - INFO - epoch:5/25 iteration:165/459 batch loss is :0.0455
2025-07-02 09:35:45 - INFO - epoch:5/25 iteration:170/459 batch loss is :0.1228
2025-07-02 09:36:05 - INFO - epoch:5/25 iteration:175/459 batch loss is :0.0795
2025-07-02 09:36:25 - INFO - epoch:5/25 iteration:180/459 batch loss is :0.0889
2025-07-02 09:36:44 - INFO - epoch:5/25 iteration:185/459 batch loss is :0.1289
2025-07-02 09:37:05 - INFO - epoch:5/25 iteration:190/459 batch loss is :0.1101
2025-07-02 09:37:25 - INFO - epoch:5/25 iteration:195/459 batch loss is :0.0499
2025-07-02 09:37:45 - INFO - epoch:5/25 iteration:200/459 batch loss is :0.0979
2025-07-02 09:38:05 - INFO - epoch:5/25 iteration:205/459 batch loss is :0.1282
2025-07-02 09:38:25 - INFO - epoch:5/25 iteration:210/459 batch loss is :0.0888
2025-07-02 09:38:44 - INFO - epoch:5/25 iteration:215/459 batch loss is :0.0544
2025-07-02 09:39:05 - INFO - epoch:5/25 iteration:220/459 batch loss is :0.0685
2025-07-02 09:39:25 - INFO - epoch:5/25 iteration:225/459 batch loss is :0.0816
2025-07-02 09:39:45 - INFO - epoch:5/25 iteration:230/459 batch loss is :0.0824
2025-07-02 09:40:05 - INFO - epoch:5/25 iteration:235/459 batch loss is :0.0795
2025-07-02 09:40:25 - INFO - epoch:5/25 iteration:240/459 batch loss is :0.0764
2025-07-02 09:40:45 - INFO - epoch:5/25 iteration:245/459 batch loss is :0.1226
2025-07-02 09:41:05 - INFO - epoch:5/25 iteration:250/459 batch loss is :0.0385
2025-07-02 09:41:25 - INFO - epoch:5/25 iteration:255/459 batch loss is :0.0982
2025-07-02 09:41:45 - INFO - epoch:5/25 iteration:260/459 batch loss is :0.0765
2025-07-02 09:42:05 - INFO - epoch:5/25 iteration:265/459 batch loss is :0.1425
2025-07-02 09:42:24 - INFO - epoch:5/25 iteration:270/459 batch loss is :0.0866
2025-07-02 09:42:44 - INFO - epoch:5/25 iteration:275/459 batch loss is :0.0901
2025-07-02 09:43:05 - INFO - epoch:5/25 iteration:280/459 batch loss is :0.0724
2025-07-02 09:43:24 - INFO - epoch:5/25 iteration:285/459 batch loss is :0.1178
2025-07-02 09:43:45 - INFO - epoch:5/25 iteration:290/459 batch loss is :0.0773
2025-07-02 09:44:04 - INFO - epoch:5/25 iteration:295/459 batch loss is :0.2128
2025-07-02 09:44:25 - INFO - epoch:5/25 iteration:300/459 batch loss is :0.0541
2025-07-02 09:44:44 - INFO - epoch:5/25 iteration:305/459 batch loss is :0.1040
2025-07-02 09:45:05 - INFO - epoch:5/25 iteration:310/459 batch loss is :0.1584
2025-07-02 09:45:24 - INFO - epoch:5/25 iteration:315/459 batch loss is :0.1185
2025-07-02 09:45:45 - INFO - epoch:5/25 iteration:320/459 batch loss is :0.0996
2025-07-02 09:46:04 - INFO - epoch:5/25 iteration:325/459 batch loss is :0.0864
2025-07-02 09:46:25 - INFO - epoch:5/25 iteration:330/459 batch loss is :0.1757
2025-07-02 09:46:45 - INFO - epoch:5/25 iteration:335/459 batch loss is :0.0482
2025-07-02 09:47:07 - INFO - epoch:5/25 iteration:340/459 batch loss is :0.0838
2025-07-02 09:47:29 - INFO - epoch:5/25 iteration:345/459 batch loss is :0.0639
2025-07-02 09:47:51 - INFO - epoch:5/25 iteration:350/459 batch loss is :0.1699
2025-07-02 09:48:11 - INFO - epoch:5/25 iteration:355/459 batch loss is :0.1501
2025-07-02 09:48:32 - INFO - epoch:5/25 iteration:360/459 batch loss is :0.0566
2025-07-02 09:48:52 - INFO - epoch:5/25 iteration:365/459 batch loss is :0.0596
2025-07-02 09:49:15 - INFO - epoch:5/25 iteration:370/459 batch loss is :0.2118
2025-07-02 09:49:35 - INFO - epoch:5/25 iteration:375/459 batch loss is :0.1932
2025-07-02 09:49:56 - INFO - epoch:5/25 iteration:380/459 batch loss is :0.1138
2025-07-02 09:50:17 - INFO - epoch:5/25 iteration:385/459 batch loss is :0.1916
2025-07-02 09:50:38 - INFO - epoch:5/25 iteration:390/459 batch loss is :0.0399
2025-07-02 09:50:58 - INFO - epoch:5/25 iteration:395/459 batch loss is :0.0649
2025-07-02 09:51:19 - INFO - epoch:5/25 iteration:400/459 batch loss is :0.0494
2025-07-02 09:51:39 - INFO - epoch:5/25 iteration:405/459 batch loss is :0.0656
2025-07-02 09:51:59 - INFO - epoch:5/25 iteration:410/459 batch loss is :0.2156
2025-07-02 09:52:20 - INFO - epoch:5/25 iteration:415/459 batch loss is :0.0791
2025-07-02 09:52:40 - INFO - epoch:5/25 iteration:420/459 batch loss is :0.0723
2025-07-02 09:53:00 - INFO - epoch:5/25 iteration:425/459 batch loss is :0.2366
2025-07-02 09:53:21 - INFO - epoch:5/25 iteration:430/459 batch loss is :0.1469
2025-07-02 09:53:39 - INFO - epoch:5/25 iteration:435/459 batch loss is :0.0805
2025-07-02 09:53:57 - INFO - epoch:5/25 iteration:440/459 batch loss is :0.2052
2025-07-02 09:54:15 - INFO - epoch:5/25 iteration:445/459 batch loss is :0.1693
2025-07-02 09:54:32 - INFO - epoch:5/25 iteration:450/459 batch loss is :0.1299
2025-07-02 09:54:50 - INFO - epoch:5/25 iteration:455/459 batch loss is :0.0938
2025-07-02 09:55:02 - INFO - Epoch:5/25 Loss is :0.1103
2025-07-02 10:05:21 - INFO - VAL loss :0.1039
2025-07-02 10:08:11 - INFO - epoch:6/25 iteration:0/459 batch loss is :0.0478
2025-07-02 10:08:31 - INFO - epoch:6/25 iteration:5/459 batch loss is :0.0745
2025-07-02 10:08:53 - INFO - epoch:6/25 iteration:10/459 batch loss is :0.1975
2025-07-02 10:09:14 - INFO - epoch:6/25 iteration:15/459 batch loss is :0.1424
2025-07-02 10:09:35 - INFO - epoch:6/25 iteration:20/459 batch loss is :0.1033
2025-07-02 10:09:55 - INFO - epoch:6/25 iteration:25/459 batch loss is :0.0932
2025-07-02 10:10:16 - INFO - epoch:6/25 iteration:30/459 batch loss is :0.0584
2025-07-02 10:10:35 - INFO - epoch:6/25 iteration:35/459 batch loss is :0.0362
2025-07-02 10:10:55 - INFO - epoch:6/25 iteration:40/459 batch loss is :0.0591
2025-07-02 10:11:14 - INFO - epoch:6/25 iteration:45/459 batch loss is :0.0591
2025-07-02 10:11:34 - INFO - epoch:6/25 iteration:50/459 batch loss is :0.0660
2025-07-02 10:11:53 - INFO - epoch:6/25 iteration:55/459 batch loss is :0.0972
2025-07-02 10:12:13 - INFO - epoch:6/25 iteration:60/459 batch loss is :0.1179
2025-07-02 10:12:32 - INFO - epoch:6/25 iteration:65/459 batch loss is :0.0873
2025-07-02 10:12:52 - INFO - epoch:6/25 iteration:70/459 batch loss is :0.0483
2025-07-02 10:13:12 - INFO - epoch:6/25 iteration:75/459 batch loss is :0.1390
2025-07-02 10:13:31 - INFO - epoch:6/25 iteration:80/459 batch loss is :0.0769
2025-07-02 10:13:50 - INFO - epoch:6/25 iteration:85/459 batch loss is :0.0853
2025-07-02 10:14:10 - INFO - epoch:6/25 iteration:90/459 batch loss is :0.0658
2025-07-02 10:14:30 - INFO - epoch:6/25 iteration:95/459 batch loss is :0.0824
2025-07-02 10:14:49 - INFO - epoch:6/25 iteration:100/459 batch loss is :0.1017
2025-07-02 10:15:09 - INFO - epoch:6/25 iteration:105/459 batch loss is :0.1117
2025-07-02 10:15:29 - INFO - epoch:6/25 iteration:110/459 batch loss is :0.1186
2025-07-02 10:15:48 - INFO - epoch:6/25 iteration:115/459 batch loss is :0.0854
2025-07-02 10:16:08 - INFO - epoch:6/25 iteration:120/459 batch loss is :0.1520
2025-07-02 10:16:28 - INFO - epoch:6/25 iteration:125/459 batch loss is :0.0579
2025-07-02 10:16:48 - INFO - epoch:6/25 iteration:130/459 batch loss is :0.1300
2025-07-02 10:17:08 - INFO - epoch:6/25 iteration:135/459 batch loss is :0.0537
2025-07-02 10:17:28 - INFO - epoch:6/25 iteration:140/459 batch loss is :0.1186
2025-07-02 10:17:47 - INFO - epoch:6/25 iteration:145/459 batch loss is :0.1116
2025-07-02 10:18:08 - INFO - epoch:6/25 iteration:150/459 batch loss is :0.0612
2025-07-02 10:18:29 - INFO - epoch:6/25 iteration:155/459 batch loss is :0.1297
2025-07-02 10:18:49 - INFO - epoch:6/25 iteration:160/459 batch loss is :0.1357
2025-07-02 10:19:08 - INFO - epoch:6/25 iteration:165/459 batch loss is :0.1801
2025-07-02 10:19:28 - INFO - epoch:6/25 iteration:170/459 batch loss is :0.2706
2025-07-02 10:19:48 - INFO - epoch:6/25 iteration:175/459 batch loss is :0.2103
2025-07-02 10:20:08 - INFO - epoch:6/25 iteration:180/459 batch loss is :0.1296
2025-07-02 10:20:27 - INFO - epoch:6/25 iteration:185/459 batch loss is :0.0743
2025-07-02 10:20:47 - INFO - epoch:6/25 iteration:190/459 batch loss is :0.1015
2025-07-02 10:21:06 - INFO - epoch:6/25 iteration:195/459 batch loss is :0.0403
2025-07-02 10:21:26 - INFO - epoch:6/25 iteration:200/459 batch loss is :0.1263
2025-07-02 10:21:46 - INFO - epoch:6/25 iteration:205/459 batch loss is :0.0295
2025-07-02 10:22:06 - INFO - epoch:6/25 iteration:210/459 batch loss is :0.0710
2025-07-02 10:22:25 - INFO - epoch:6/25 iteration:215/459 batch loss is :0.1046
2025-07-02 10:22:45 - INFO - epoch:6/25 iteration:220/459 batch loss is :0.0992
2025-07-02 10:23:04 - INFO - epoch:6/25 iteration:225/459 batch loss is :0.0886
2025-07-02 10:23:24 - INFO - epoch:6/25 iteration:230/459 batch loss is :0.1121
2025-07-02 10:23:43 - INFO - epoch:6/25 iteration:235/459 batch loss is :0.0533
2025-07-02 10:24:03 - INFO - epoch:6/25 iteration:240/459 batch loss is :0.0988
2025-07-02 10:24:23 - INFO - epoch:6/25 iteration:245/459 batch loss is :0.1456
2025-07-02 10:24:43 - INFO - epoch:6/25 iteration:250/459 batch loss is :0.2419
2025-07-02 10:25:02 - INFO - epoch:6/25 iteration:255/459 batch loss is :0.0951
2025-07-02 10:25:22 - INFO - epoch:6/25 iteration:260/459 batch loss is :0.1332
2025-07-02 10:25:42 - INFO - epoch:6/25 iteration:265/459 batch loss is :0.1014
2025-07-02 10:26:01 - INFO - epoch:6/25 iteration:270/459 batch loss is :0.0844
2025-07-02 10:26:21 - INFO - epoch:6/25 iteration:275/459 batch loss is :0.0810
2025-07-02 10:26:41 - INFO - epoch:6/25 iteration:280/459 batch loss is :0.0909
2025-07-02 10:27:00 - INFO - epoch:6/25 iteration:285/459 batch loss is :0.0615
2025-07-02 10:27:20 - INFO - epoch:6/25 iteration:290/459 batch loss is :0.0770
2025-07-02 10:27:39 - INFO - epoch:6/25 iteration:295/459 batch loss is :0.1702
2025-07-02 10:28:00 - INFO - epoch:6/25 iteration:300/459 batch loss is :0.2890
2025-07-02 10:28:19 - INFO - epoch:6/25 iteration:305/459 batch loss is :0.1181
2025-07-02 10:28:39 - INFO - epoch:6/25 iteration:310/459 batch loss is :0.1611
2025-07-02 10:28:58 - INFO - epoch:6/25 iteration:315/459 batch loss is :0.2386
2025-07-02 10:29:18 - INFO - epoch:6/25 iteration:320/459 batch loss is :0.4024
2025-07-02 10:29:37 - INFO - epoch:6/25 iteration:325/459 batch loss is :0.1472
2025-07-02 10:29:57 - INFO - epoch:6/25 iteration:330/459 batch loss is :0.1626
2025-07-02 10:30:16 - INFO - epoch:6/25 iteration:335/459 batch loss is :0.1026
2025-07-02 10:30:36 - INFO - epoch:6/25 iteration:340/459 batch loss is :0.0472
2025-07-02 10:30:55 - INFO - epoch:6/25 iteration:345/459 batch loss is :0.1494
2025-07-02 10:31:15 - INFO - epoch:6/25 iteration:350/459 batch loss is :0.0711
2025-07-02 10:31:34 - INFO - epoch:6/25 iteration:355/459 batch loss is :0.0429
2025-07-02 10:31:55 - INFO - epoch:6/25 iteration:360/459 batch loss is :0.0647
2025-07-02 10:32:14 - INFO - epoch:6/25 iteration:365/459 batch loss is :0.0390
2025-07-02 10:32:34 - INFO - epoch:6/25 iteration:370/459 batch loss is :0.1246
2025-07-02 10:32:54 - INFO - epoch:6/25 iteration:375/459 batch loss is :0.1235
2025-07-02 10:33:14 - INFO - epoch:6/25 iteration:380/459 batch loss is :0.1201
2025-07-02 10:33:34 - INFO - epoch:6/25 iteration:385/459 batch loss is :0.0489
2025-07-02 10:33:53 - INFO - epoch:6/25 iteration:390/459 batch loss is :0.1146
2025-07-02 10:34:13 - INFO - epoch:6/25 iteration:395/459 batch loss is :0.0438
2025-07-02 10:34:33 - INFO - epoch:6/25 iteration:400/459 batch loss is :0.0704
2025-07-02 10:34:52 - INFO - epoch:6/25 iteration:405/459 batch loss is :0.0546
2025-07-02 10:35:12 - INFO - epoch:6/25 iteration:410/459 batch loss is :0.0827
2025-07-02 10:35:32 - INFO - epoch:6/25 iteration:415/459 batch loss is :0.1292
2025-07-02 10:35:52 - INFO - epoch:6/25 iteration:420/459 batch loss is :0.1153
2025-07-02 10:36:11 - INFO - epoch:6/25 iteration:425/459 batch loss is :0.1667
2025-07-02 10:36:31 - INFO - epoch:6/25 iteration:430/459 batch loss is :0.1210
2025-07-02 10:36:49 - INFO - epoch:6/25 iteration:435/459 batch loss is :0.0967
2025-07-02 10:37:07 - INFO - epoch:6/25 iteration:440/459 batch loss is :0.0416
2025-07-02 10:37:25 - INFO - epoch:6/25 iteration:445/459 batch loss is :0.0254
2025-07-02 10:37:43 - INFO - epoch:6/25 iteration:450/459 batch loss is :0.1969
2025-07-02 10:38:01 - INFO - epoch:6/25 iteration:455/459 batch loss is :0.0875
2025-07-02 10:38:13 - INFO - Epoch:6/25 Loss is :0.1112
2025-07-02 10:41:12 - INFO - epoch:7/25 iteration:0/459 batch loss is :0.0499
2025-07-02 10:41:34 - INFO - epoch:7/25 iteration:5/459 batch loss is :0.0678
2025-07-02 10:41:55 - INFO - epoch:7/25 iteration:10/459 batch loss is :0.0851
2025-07-02 10:42:16 - INFO - epoch:7/25 iteration:15/459 batch loss is :0.0844
2025-07-02 10:42:38 - INFO - epoch:7/25 iteration:20/459 batch loss is :0.0780
2025-07-02 10:42:58 - INFO - epoch:7/25 iteration:25/459 batch loss is :0.0740
2025-07-02 10:43:19 - INFO - epoch:7/25 iteration:30/459 batch loss is :0.1458
2025-07-02 10:43:39 - INFO - epoch:7/25 iteration:35/459 batch loss is :0.1046
2025-07-02 10:43:59 - INFO - epoch:7/25 iteration:40/459 batch loss is :0.1038
2025-07-02 10:44:19 - INFO - epoch:7/25 iteration:45/459 batch loss is :0.1211
2025-07-02 10:44:39 - INFO - epoch:7/25 iteration:50/459 batch loss is :0.0621
2025-07-02 10:45:00 - INFO - epoch:7/25 iteration:55/459 batch loss is :0.1198
2025-07-02 10:45:20 - INFO - epoch:7/25 iteration:60/459 batch loss is :0.1222
2025-07-02 10:45:40 - INFO - epoch:7/25 iteration:65/459 batch loss is :0.0556
2025-07-02 10:46:00 - INFO - epoch:7/25 iteration:70/459 batch loss is :0.0800
2025-07-02 10:46:20 - INFO - epoch:7/25 iteration:75/459 batch loss is :0.0359
2025-07-02 10:46:41 - INFO - epoch:7/25 iteration:80/459 batch loss is :0.1258
2025-07-02 10:47:01 - INFO - epoch:7/25 iteration:85/459 batch loss is :0.0906
2025-07-02 10:47:21 - INFO - epoch:7/25 iteration:90/459 batch loss is :0.2027
2025-07-02 10:47:42 - INFO - epoch:7/25 iteration:95/459 batch loss is :0.0990
2025-07-02 10:48:02 - INFO - epoch:7/25 iteration:100/459 batch loss is :0.0650
2025-07-02 10:48:22 - INFO - epoch:7/25 iteration:105/459 batch loss is :0.0649
2025-07-02 10:48:41 - INFO - epoch:7/25 iteration:110/459 batch loss is :0.0893
2025-07-02 10:49:01 - INFO - epoch:7/25 iteration:115/459 batch loss is :0.0645
2025-07-02 10:49:21 - INFO - epoch:7/25 iteration:120/459 batch loss is :0.1367
2025-07-02 10:49:41 - INFO - epoch:7/25 iteration:125/459 batch loss is :0.1276
2025-07-02 10:50:00 - INFO - epoch:7/25 iteration:130/459 batch loss is :0.1342
2025-07-02 10:50:20 - INFO - epoch:7/25 iteration:135/459 batch loss is :0.0623
2025-07-02 10:50:40 - INFO - epoch:7/25 iteration:140/459 batch loss is :0.0309
2025-07-02 10:51:00 - INFO - epoch:7/25 iteration:145/459 batch loss is :0.0659
2025-07-02 10:51:20 - INFO - epoch:7/25 iteration:150/459 batch loss is :0.1252
2025-07-02 10:51:40 - INFO - epoch:7/25 iteration:155/459 batch loss is :0.0743
2025-07-02 10:52:00 - INFO - epoch:7/25 iteration:160/459 batch loss is :0.0693
2025-07-02 10:52:20 - INFO - epoch:7/25 iteration:165/459 batch loss is :0.1850
2025-07-02 10:52:39 - INFO - epoch:7/25 iteration:170/459 batch loss is :0.0760
2025-07-02 10:52:59 - INFO - epoch:7/25 iteration:175/459 batch loss is :0.0609
2025-07-02 10:53:19 - INFO - epoch:7/25 iteration:180/459 batch loss is :0.1264
2025-07-02 10:53:39 - INFO - epoch:7/25 iteration:185/459 batch loss is :0.0381
2025-07-02 10:53:59 - INFO - epoch:7/25 iteration:190/459 batch loss is :0.1194
2025-07-02 10:54:19 - INFO - epoch:7/25 iteration:195/459 batch loss is :0.0665
2025-07-02 10:54:38 - INFO - epoch:7/25 iteration:200/459 batch loss is :0.1371
2025-07-02 10:54:58 - INFO - epoch:7/25 iteration:205/459 batch loss is :0.0951
2025-07-02 10:55:19 - INFO - epoch:7/25 iteration:210/459 batch loss is :0.0718
2025-07-02 10:55:39 - INFO - epoch:7/25 iteration:215/459 batch loss is :0.0561
2025-07-02 10:55:58 - INFO - epoch:7/25 iteration:220/459 batch loss is :0.0847
2025-07-02 10:56:18 - INFO - epoch:7/25 iteration:225/459 batch loss is :0.0771
2025-07-02 10:56:38 - INFO - epoch:7/25 iteration:230/459 batch loss is :0.2096
2025-07-02 10:56:57 - INFO - epoch:7/25 iteration:235/459 batch loss is :0.1197
2025-07-02 10:57:17 - INFO - epoch:7/25 iteration:240/459 batch loss is :0.0413
2025-07-02 10:57:37 - INFO - epoch:7/25 iteration:245/459 batch loss is :0.0718
2025-07-02 10:57:56 - INFO - epoch:7/25 iteration:250/459 batch loss is :0.1501
2025-07-02 10:58:16 - INFO - epoch:7/25 iteration:255/459 batch loss is :0.0712
2025-07-02 10:58:35 - INFO - epoch:7/25 iteration:260/459 batch loss is :0.1438
2025-07-02 10:58:55 - INFO - epoch:7/25 iteration:265/459 batch loss is :0.0509
2025-07-02 10:59:14 - INFO - epoch:7/25 iteration:270/459 batch loss is :0.1563
2025-07-02 10:59:34 - INFO - epoch:7/25 iteration:275/459 batch loss is :0.0864
2025-07-02 10:59:54 - INFO - epoch:7/25 iteration:280/459 batch loss is :0.1349
2025-07-02 11:00:13 - INFO - epoch:7/25 iteration:285/459 batch loss is :0.0393
2025-07-02 11:00:33 - INFO - epoch:7/25 iteration:290/459 batch loss is :0.0844
2025-07-02 11:00:52 - INFO - epoch:7/25 iteration:295/459 batch loss is :0.1052
2025-07-02 11:01:12 - INFO - epoch:7/25 iteration:300/459 batch loss is :0.1800
2025-07-02 11:01:32 - INFO - epoch:7/25 iteration:305/459 batch loss is :0.1315
2025-07-02 11:01:51 - INFO - epoch:7/25 iteration:310/459 batch loss is :0.0421
2025-07-02 11:02:11 - INFO - epoch:7/25 iteration:315/459 batch loss is :0.1126
2025-07-02 11:02:30 - INFO - epoch:7/25 iteration:320/459 batch loss is :0.0987
2025-07-02 11:02:50 - INFO - epoch:7/25 iteration:325/459 batch loss is :0.0812
2025-07-02 11:03:09 - INFO - epoch:7/25 iteration:330/459 batch loss is :0.1489
2025-07-02 11:03:29 - INFO - epoch:7/25 iteration:335/459 batch loss is :0.1117
2025-07-02 11:03:48 - INFO - epoch:7/25 iteration:340/459 batch loss is :0.0758
2025-07-02 11:04:08 - INFO - epoch:7/25 iteration:345/459 batch loss is :0.1686
2025-07-02 11:04:28 - INFO - epoch:7/25 iteration:350/459 batch loss is :0.0925
2025-07-02 11:04:48 - INFO - epoch:7/25 iteration:355/459 batch loss is :0.1439
2025-07-02 11:05:07 - INFO - epoch:7/25 iteration:360/459 batch loss is :0.0808
2025-07-02 11:05:27 - INFO - epoch:7/25 iteration:365/459 batch loss is :0.0680
2025-07-02 11:05:46 - INFO - epoch:7/25 iteration:370/459 batch loss is :0.1862
2025-07-02 11:06:06 - INFO - epoch:7/25 iteration:375/459 batch loss is :0.3406
2025-07-02 11:06:26 - INFO - epoch:7/25 iteration:380/459 batch loss is :0.1478
2025-07-02 11:06:46 - INFO - epoch:7/25 iteration:385/459 batch loss is :0.0922
2025-07-02 11:07:05 - INFO - epoch:7/25 iteration:390/459 batch loss is :0.2618
2025-07-02 11:07:25 - INFO - epoch:7/25 iteration:395/459 batch loss is :0.0890
2025-07-02 11:07:44 - INFO - epoch:7/25 iteration:400/459 batch loss is :0.0553
2025-07-02 11:08:04 - INFO - epoch:7/25 iteration:405/459 batch loss is :0.0871
2025-07-02 11:08:23 - INFO - epoch:7/25 iteration:410/459 batch loss is :0.1422
2025-07-02 11:08:43 - INFO - epoch:7/25 iteration:415/459 batch loss is :0.0982
2025-07-02 11:09:03 - INFO - epoch:7/25 iteration:420/459 batch loss is :0.1161
2025-07-02 11:09:22 - INFO - epoch:7/25 iteration:425/459 batch loss is :0.0761
2025-07-02 11:09:41 - INFO - epoch:7/25 iteration:430/459 batch loss is :0.0790
2025-07-02 11:10:00 - INFO - epoch:7/25 iteration:435/459 batch loss is :0.0722
2025-07-02 11:10:18 - INFO - epoch:7/25 iteration:440/459 batch loss is :0.1069
2025-07-02 11:10:36 - INFO - epoch:7/25 iteration:445/459 batch loss is :0.0990
2025-07-02 11:10:54 - INFO - epoch:7/25 iteration:450/459 batch loss is :0.0857
2025-07-02 11:11:13 - INFO - epoch:7/25 iteration:455/459 batch loss is :0.0410
2025-07-02 11:11:25 - INFO - Epoch:7/25 Loss is :0.1102
2025-07-02 11:14:33 - INFO - epoch:8/25 iteration:0/459 batch loss is :0.1494
2025-07-02 11:14:54 - INFO - epoch:8/25 iteration:5/459 batch loss is :0.1794
2025-07-02 11:15:15 - INFO - epoch:8/25 iteration:10/459 batch loss is :0.0615
2025-07-02 11:15:36 - INFO - epoch:8/25 iteration:15/459 batch loss is :0.0537
2025-07-02 11:15:57 - INFO - epoch:8/25 iteration:20/459 batch loss is :0.0834
2025-07-02 11:16:17 - INFO - epoch:8/25 iteration:25/459 batch loss is :0.1186
2025-07-02 11:16:39 - INFO - epoch:8/25 iteration:30/459 batch loss is :0.1466
2025-07-02 11:16:59 - INFO - epoch:8/25 iteration:35/459 batch loss is :0.0719
2025-07-02 11:17:20 - INFO - epoch:8/25 iteration:40/459 batch loss is :0.1216
2025-07-02 11:17:40 - INFO - epoch:8/25 iteration:45/459 batch loss is :0.0796
2025-07-02 11:18:00 - INFO - epoch:8/25 iteration:50/459 batch loss is :0.0559
2025-07-02 11:18:19 - INFO - epoch:8/25 iteration:55/459 batch loss is :0.3227
2025-07-02 11:18:39 - INFO - epoch:8/25 iteration:60/459 batch loss is :0.0578
2025-07-02 11:18:58 - INFO - epoch:8/25 iteration:65/459 batch loss is :0.1110
2025-07-02 11:19:19 - INFO - epoch:8/25 iteration:70/459 batch loss is :0.0840
2025-07-02 11:19:39 - INFO - epoch:8/25 iteration:75/459 batch loss is :0.0771
2025-07-02 11:19:59 - INFO - epoch:8/25 iteration:80/459 batch loss is :0.1075
2025-07-02 11:20:19 - INFO - epoch:8/25 iteration:85/459 batch loss is :0.0759
2025-07-02 11:20:39 - INFO - epoch:8/25 iteration:90/459 batch loss is :0.1299
2025-07-02 11:20:58 - INFO - epoch:8/25 iteration:95/459 batch loss is :0.0649
2025-07-02 11:21:18 - INFO - epoch:8/25 iteration:100/459 batch loss is :0.1410
2025-07-02 11:21:37 - INFO - epoch:8/25 iteration:105/459 batch loss is :0.1321
2025-07-02 11:21:57 - INFO - epoch:8/25 iteration:110/459 batch loss is :0.0684
2025-07-02 11:22:17 - INFO - epoch:8/25 iteration:115/459 batch loss is :0.0948
2025-07-02 11:22:37 - INFO - epoch:8/25 iteration:120/459 batch loss is :0.4861
2025-07-02 11:22:56 - INFO - epoch:8/25 iteration:125/459 batch loss is :0.1107
2025-07-02 11:23:16 - INFO - epoch:8/25 iteration:130/459 batch loss is :0.4040
2025-07-02 11:23:36 - INFO - epoch:8/25 iteration:135/459 batch loss is :0.0854
2025-07-02 11:23:55 - INFO - epoch:8/25 iteration:140/459 batch loss is :0.1106
2025-07-02 11:24:15 - INFO - epoch:8/25 iteration:145/459 batch loss is :0.1122
2025-07-02 11:24:35 - INFO - epoch:8/25 iteration:150/459 batch loss is :0.1093
2025-07-02 11:24:55 - INFO - epoch:8/25 iteration:155/459 batch loss is :0.1164
2025-07-02 11:25:15 - INFO - epoch:8/25 iteration:160/459 batch loss is :0.1403
2025-07-02 11:25:35 - INFO - epoch:8/25 iteration:165/459 batch loss is :0.0646
2025-07-02 11:25:55 - INFO - epoch:8/25 iteration:170/459 batch loss is :0.0929
2025-07-02 11:26:14 - INFO - epoch:8/25 iteration:175/459 batch loss is :0.0908
2025-07-02 11:26:34 - INFO - epoch:8/25 iteration:180/459 batch loss is :0.0642
2025-07-02 11:26:53 - INFO - epoch:8/25 iteration:185/459 batch loss is :0.2786
2025-07-02 11:27:13 - INFO - epoch:8/25 iteration:190/459 batch loss is :0.0753
2025-07-02 11:27:33 - INFO - epoch:8/25 iteration:195/459 batch loss is :0.1126
2025-07-02 11:27:53 - INFO - epoch:8/25 iteration:200/459 batch loss is :0.0647
2025-07-02 11:28:12 - INFO - epoch:8/25 iteration:205/459 batch loss is :0.0552
2025-07-02 11:28:32 - INFO - epoch:8/25 iteration:210/459 batch loss is :0.1073
2025-07-02 11:28:51 - INFO - epoch:8/25 iteration:215/459 batch loss is :0.1337
2025-07-02 11:29:11 - INFO - epoch:8/25 iteration:220/459 batch loss is :0.0723
2025-07-02 11:29:30 - INFO - epoch:8/25 iteration:225/459 batch loss is :0.0934
2025-07-02 11:29:50 - INFO - epoch:8/25 iteration:230/459 batch loss is :0.1651
2025-07-02 11:30:10 - INFO - epoch:8/25 iteration:235/459 batch loss is :0.0343
2025-07-02 11:30:29 - INFO - epoch:8/25 iteration:240/459 batch loss is :0.0830
2025-07-02 11:30:49 - INFO - epoch:8/25 iteration:245/459 batch loss is :0.1376
2025-07-02 11:31:09 - INFO - epoch:8/25 iteration:250/459 batch loss is :0.1190
2025-07-02 11:31:28 - INFO - epoch:8/25 iteration:255/459 batch loss is :0.0703
2025-07-02 11:31:48 - INFO - epoch:8/25 iteration:260/459 batch loss is :0.1269
2025-07-02 11:32:07 - INFO - epoch:8/25 iteration:265/459 batch loss is :0.0992
2025-07-02 11:32:27 - INFO - epoch:8/25 iteration:270/459 batch loss is :0.1376
2025-07-02 11:32:47 - INFO - epoch:8/25 iteration:275/459 batch loss is :0.1269
2025-07-02 11:33:07 - INFO - epoch:8/25 iteration:280/459 batch loss is :0.0393
2025-07-02 11:33:27 - INFO - epoch:8/25 iteration:285/459 batch loss is :0.1222
2025-07-02 11:33:47 - INFO - epoch:8/25 iteration:290/459 batch loss is :0.0730
2025-07-02 11:34:06 - INFO - epoch:8/25 iteration:295/459 batch loss is :0.0912
2025-07-02 11:34:26 - INFO - epoch:8/25 iteration:300/459 batch loss is :0.1263
2025-07-02 11:34:47 - INFO - epoch:8/25 iteration:305/459 batch loss is :0.1891
2025-07-02 11:35:09 - INFO - epoch:8/25 iteration:310/459 batch loss is :0.0599
2025-07-02 11:35:31 - INFO - epoch:8/25 iteration:315/459 batch loss is :0.1162
2025-07-02 11:35:52 - INFO - epoch:8/25 iteration:320/459 batch loss is :0.0874
2025-07-02 11:36:12 - INFO - epoch:8/25 iteration:325/459 batch loss is :0.0731
2025-07-02 11:36:32 - INFO - epoch:8/25 iteration:330/459 batch loss is :0.1851
2025-07-02 11:36:52 - INFO - epoch:8/25 iteration:335/459 batch loss is :0.0707
2025-07-02 11:37:13 - INFO - epoch:8/25 iteration:340/459 batch loss is :0.1129
2025-07-02 11:37:33 - INFO - epoch:8/25 iteration:345/459 batch loss is :0.0804
2025-07-02 11:37:54 - INFO - epoch:8/25 iteration:350/459 batch loss is :0.0879
2025-07-02 11:38:14 - INFO - epoch:8/25 iteration:355/459 batch loss is :0.0715
2025-07-02 11:38:34 - INFO - epoch:8/25 iteration:360/459 batch loss is :0.0815
2025-07-02 11:38:54 - INFO - epoch:8/25 iteration:365/459 batch loss is :0.0512
2025-07-02 11:39:14 - INFO - epoch:8/25 iteration:370/459 batch loss is :0.1415
2025-07-02 11:39:34 - INFO - epoch:8/25 iteration:375/459 batch loss is :0.0788
2025-07-02 11:39:54 - INFO - epoch:8/25 iteration:380/459 batch loss is :0.1751
2025-07-02 11:40:15 - INFO - epoch:8/25 iteration:385/459 batch loss is :0.0682
2025-07-02 11:40:35 - INFO - epoch:8/25 iteration:390/459 batch loss is :0.0990
2025-07-02 11:40:56 - INFO - epoch:8/25 iteration:395/459 batch loss is :0.0881
2025-07-02 11:41:16 - INFO - epoch:8/25 iteration:400/459 batch loss is :0.1197
2025-07-02 11:41:36 - INFO - epoch:8/25 iteration:405/459 batch loss is :0.1096
2025-07-02 11:41:57 - INFO - epoch:8/25 iteration:410/459 batch loss is :0.1001
2025-07-02 11:42:17 - INFO - epoch:8/25 iteration:415/459 batch loss is :0.0992
2025-07-02 11:42:36 - INFO - epoch:8/25 iteration:420/459 batch loss is :0.0668
2025-07-02 11:42:56 - INFO - epoch:8/25 iteration:425/459 batch loss is :0.1264
2025-07-02 11:43:16 - INFO - epoch:8/25 iteration:430/459 batch loss is :0.0997
2025-07-02 11:43:35 - INFO - epoch:8/25 iteration:435/459 batch loss is :0.0536
2025-07-02 11:43:53 - INFO - epoch:8/25 iteration:440/459 batch loss is :0.1276
2025-07-02 11:44:11 - INFO - epoch:8/25 iteration:445/459 batch loss is :0.0775
2025-07-02 11:44:29 - INFO - epoch:8/25 iteration:450/459 batch loss is :0.1496
2025-07-02 11:44:47 - INFO - epoch:8/25 iteration:455/459 batch loss is :0.0472
2025-07-02 11:45:00 - INFO - Epoch:8/25 Loss is :0.1106
2025-07-02 11:48:07 - INFO - epoch:9/25 iteration:0/459 batch loss is :0.1794
2025-07-02 11:48:29 - INFO - epoch:9/25 iteration:5/459 batch loss is :0.1469
2025-07-02 11:48:50 - INFO - epoch:9/25 iteration:10/459 batch loss is :0.1285
2025-07-02 11:49:12 - INFO - epoch:9/25 iteration:15/459 batch loss is :0.0888
2025-07-02 11:49:34 - INFO - epoch:9/25 iteration:20/459 batch loss is :0.0952
2025-07-02 11:49:55 - INFO - epoch:9/25 iteration:25/459 batch loss is :0.1170
2025-07-02 11:50:16 - INFO - epoch:9/25 iteration:30/459 batch loss is :0.0426
2025-07-02 11:50:37 - INFO - epoch:9/25 iteration:35/459 batch loss is :0.1922
2025-07-02 11:50:58 - INFO - epoch:9/25 iteration:40/459 batch loss is :0.0971
2025-07-02 11:51:17 - INFO - epoch:9/25 iteration:45/459 batch loss is :0.1223
2025-07-02 11:51:37 - INFO - epoch:9/25 iteration:50/459 batch loss is :0.1166
2025-07-02 11:51:57 - INFO - epoch:9/25 iteration:55/459 batch loss is :0.0999
2025-07-02 11:52:17 - INFO - epoch:9/25 iteration:60/459 batch loss is :0.1587
2025-07-02 11:52:36 - INFO - epoch:9/25 iteration:65/459 batch loss is :0.1891
2025-07-02 11:52:56 - INFO - epoch:9/25 iteration:70/459 batch loss is :0.1529
2025-07-02 11:53:16 - INFO - epoch:9/25 iteration:75/459 batch loss is :0.0744
2025-07-02 11:53:35 - INFO - epoch:9/25 iteration:80/459 batch loss is :0.0896
2025-07-02 11:53:55 - INFO - epoch:9/25 iteration:85/459 batch loss is :0.0794
2025-07-02 11:54:15 - INFO - epoch:9/25 iteration:90/459 batch loss is :0.2143
2025-07-02 11:54:35 - INFO - epoch:9/25 iteration:95/459 batch loss is :0.1350
2025-07-02 11:54:55 - INFO - epoch:9/25 iteration:100/459 batch loss is :0.1583
2025-07-02 11:55:15 - INFO - epoch:9/25 iteration:105/459 batch loss is :0.0803
2025-07-02 11:55:34 - INFO - epoch:9/25 iteration:110/459 batch loss is :0.0834
2025-07-02 11:55:54 - INFO - epoch:9/25 iteration:115/459 batch loss is :0.1387
2025-07-02 11:56:14 - INFO - epoch:9/25 iteration:120/459 batch loss is :0.0881
2025-07-02 11:56:34 - INFO - epoch:9/25 iteration:125/459 batch loss is :0.0842
2025-07-02 11:56:53 - INFO - epoch:9/25 iteration:130/459 batch loss is :0.0940
2025-07-02 11:57:13 - INFO - epoch:9/25 iteration:135/459 batch loss is :0.0736
2025-07-02 11:57:33 - INFO - epoch:9/25 iteration:140/459 batch loss is :0.0854
2025-07-02 11:57:53 - INFO - epoch:9/25 iteration:145/459 batch loss is :0.1220
