2025-06-25 03:21:37 - INFO - ------------------------------------------------------------------------------------------------
2025-06-25 03:21:37 - INFO - starting new training !!!!
2025-06-25 03:21:37 - INFO - ------------------------------------------------------------------------------------------------
2025-06-25 03:21:37 - INFO - Namespace(batch=12, class_dict={'Early AMD': 0, 'Int AMD': 1, 'GA': 2, 'Wet': 3, 'Scar': 4, 'Not AMD': 5}, device=device(type='cuda'), epoch=25, excel_path='excel/vol_annotations_06_03_2025.xlsx', gamma=0.1, json='D:\\AMD-data-visualisation\\jsons\\patient_level\\train_val_split_new_dataset.json', log_dir='logs/Resnet_medicalnet', lr=0.0015, model_path='pretrained\\resnet_34_23dataset.pth', num_classes=6, save_dir='model_parameter_Resnet_medicalnet', save_freq=5, step_size=10, weight_matrix=tensor([0.2700, 0.2080, 0.0740, 0.0380, 0.1360, 1.0000]))
2025-06-25 03:21:37 - INFO - parameters are being saved at :model_parameter_Resnet_medicalnet\39
2025-06-25 03:21:38 - INFO - the wandb run name is : resilient-deluge-40
2025-06-25 03:21:38 - INFO - found 4 gpus!
2025-06-25 03:21:38 - INFO - DataParallel(
  (module): ResNet(
    (conv1): Conv3d(1, 64, kernel_size=(7, 7, 7), stride=(2, 2, 2), padding=(3, 3, 3), bias=False)
    (bn1): BatchNorm3d(64, eps=1e-05, momentum=0.1, affine=True, track_running_stats=True)
    (relu): ReLU(inplace=True)
    (maxpool): MaxPool3d(kernel_size=(3, 3, 3), stride=2, padding=1, dilation=1, ceil_mode=False)
    (layer1): Sequential(
      (0): BasicBlock(
        (conv1): Conv3d(64, 64, kernel_size=(3, 3, 3), stride=(1, 1, 1), padding=(1, 1, 1), bias=False)
        (bn1): BatchNorm3d(64, eps=1e-05, momentum=0.1, affine=True, track_running_stats=True)
        (relu): ReLU(inplace=True)
        (conv2): Conv3d(64, 64, kernel_size=(3, 3, 3), stride=(1, 1, 1), padding=(1, 1, 1), bias=False)
        (bn2): BatchNorm3d(64, eps=1e-05, momentum=0.1, affine=True, track_running_stats=True)
      )
      (1): BasicBlock(
        (conv1): Conv3d(64, 64, kernel_size=(3, 3, 3), stride=(1, 1, 1), padding=(1, 1, 1), bias=False)
        (bn1): BatchNorm3d(64, eps=1e-05, momentum=0.1, affine=True, track_running_stats=True)
        (relu): ReLU(inplace=True)
        (conv2): Conv3d(64, 64, kernel_size=(3, 3, 3), stride=(1, 1, 1), padding=(1, 1, 1), bias=False)
        (bn2): BatchNorm3d(64, eps=1e-05, momentum=0.1, affine=True, track_running_stats=True)
      )
      (2): BasicBlock(
        (conv1): Conv3d(64, 64, kernel_size=(3, 3, 3), stride=(1, 1, 1), padding=(1, 1, 1), bias=False)
        (bn1): BatchNorm3d(64, eps=1e-05, momentum=0.1, affine=True, track_running_stats=True)
        (relu): ReLU(inplace=True)
        (conv2): Conv3d(64, 64, kernel_size=(3, 3, 3), stride=(1, 1, 1), padding=(1, 1, 1), bias=False)
        (bn2): BatchNorm3d(64, eps=1e-05, momentum=0.1, affine=True, track_running_stats=True)
      )
    )
    (layer2): Sequential(
      (0): BasicBlock(
        (conv1): Conv3d(64, 128, kernel_size=(3, 3, 3), stride=(2, 2, 2), padding=(1, 1, 1), bias=False)
        (bn1): BatchNorm3d(128, eps=1e-05, momentum=0.1, affine=True, track_running_stats=True)
        (relu): ReLU(inplace=True)
        (conv2): Conv3d(128, 128, kernel_size=(3, 3, 3), stride=(1, 1, 1), padding=(1, 1, 1), bias=False)
        (bn2): BatchNorm3d(128, eps=1e-05, momentum=0.1, affine=True, track_running_stats=True)
      )
      (1): BasicBlock(
        (conv1): Conv3d(128, 128, kernel_size=(3, 3, 3), stride=(1, 1, 1), padding=(1, 1, 1), bias=False)
        (bn1): BatchNorm3d(128, eps=1e-05, momentum=0.1, affine=True, track_running_stats=True)
        (relu): ReLU(inplace=True)
        (conv2): Conv3d(128, 128, kernel_size=(3, 3, 3), stride=(1, 1, 1), padding=(1, 1, 1), bias=False)
        (bn2): BatchNorm3d(128, eps=1e-05, momentum=0.1, affine=True, track_running_stats=True)
      )
      (2): BasicBlock(
        (conv1): Conv3d(128, 128, kernel_size=(3, 3, 3), stride=(1, 1, 1), padding=(1, 1, 1), bias=False)
        (bn1): BatchNorm3d(128, eps=1e-05, momentum=0.1, affine=True, track_running_stats=True)
        (relu): ReLU(inplace=True)
        (conv2): Conv3d(128, 128, kernel_size=(3, 3, 3), stride=(1, 1, 1), padding=(1, 1, 1), bias=False)
        (bn2): BatchNorm3d(128, eps=1e-05, momentum=0.1, affine=True, track_running_stats=True)
      )
      (3): BasicBlock(
        (conv1): Conv3d(128, 128, kernel_size=(3, 3, 3), stride=(1, 1, 1), padding=(1, 1, 1), bias=False)
        (bn1): BatchNorm3d(128, eps=1e-05, momentum=0.1, affine=True, track_running_stats=True)
        (relu): ReLU(inplace=True)
        (conv2): Conv3d(128, 128, kernel_size=(3, 3, 3), stride=(1, 1, 1), padding=(1, 1, 1), bias=False)
        (bn2): BatchNorm3d(128, eps=1e-05, momentum=0.1, affine=True, track_running_stats=True)
      )
    )
    (layer3): Sequential(
      (0): BasicBlock(
        (conv1): Conv3d(128, 256, kernel_size=(3, 3, 3), stride=(1, 1, 1), padding=(2, 2, 2), dilation=(2, 2, 2), bias=False)
        (bn1): BatchNorm3d(256, eps=1e-05, momentum=0.1, affine=True, track_running_stats=True)
        (relu): ReLU(inplace=True)
        (conv2): Conv3d(256, 256, kernel_size=(3, 3, 3), stride=(1, 1, 1), padding=(2, 2, 2), dilation=(2, 2, 2), bias=False)
        (bn2): BatchNorm3d(256, eps=1e-05, momentum=0.1, affine=True, track_running_stats=True)
      )
      (1): BasicBlock(
        (conv1): Conv3d(256, 256, kernel_size=(3, 3, 3), stride=(1, 1, 1), padding=(2, 2, 2), dilation=(2, 2, 2), bias=False)
        (bn1): BatchNorm3d(256, eps=1e-05, momentum=0.1, affine=True, track_running_stats=True)
        (relu): ReLU(inplace=True)
        (conv2): Conv3d(256, 256, kernel_size=(3, 3, 3), stride=(1, 1, 1), padding=(2, 2, 2), dilation=(2, 2, 2), bias=False)
        (bn2): BatchNorm3d(256, eps=1e-05, momentum=0.1, affine=True, track_running_stats=True)
      )
      (2): BasicBlock(
        (conv1): Conv3d(256, 256, kernel_size=(3, 3, 3), stride=(1, 1, 1), padding=(2, 2, 2), dilation=(2, 2, 2), bias=False)
        (bn1): BatchNorm3d(256, eps=1e-05, momentum=0.1, affine=True, track_running_stats=True)
        (relu): ReLU(inplace=True)
        (conv2): Conv3d(256, 256, kernel_size=(3, 3, 3), stride=(1, 1, 1), padding=(2, 2, 2), dilation=(2, 2, 2), bias=False)
        (bn2): BatchNorm3d(256, eps=1e-05, momentum=0.1, affine=True, track_running_stats=True)
      )
      (3): BasicBlock(
        (conv1): Conv3d(256, 256, kernel_size=(3, 3, 3), stride=(1, 1, 1), padding=(2, 2, 2), dilation=(2, 2, 2), bias=False)
        (bn1): BatchNorm3d(256, eps=1e-05, momentum=0.1, affine=True, track_running_stats=True)
        (relu): ReLU(inplace=True)
        (conv2): Conv3d(256, 256, kernel_size=(3, 3, 3), stride=(1, 1, 1), padding=(2, 2, 2), dilation=(2, 2, 2), bias=False)
        (bn2): BatchNorm3d(256, eps=1e-05, momentum=0.1, affine=True, track_running_stats=True)
      )
      (4): BasicBlock(
        (conv1): Conv3d(256, 256, kernel_size=(3, 3, 3), stride=(1, 1, 1), padding=(2, 2, 2), dilation=(2, 2, 2), bias=False)
        (bn1): BatchNorm3d(256, eps=1e-05, momentum=0.1, affine=True, track_running_stats=True)
        (relu): ReLU(inplace=True)
        (conv2): Conv3d(256, 256, kernel_size=(3, 3, 3), stride=(1, 1, 1), padding=(2, 2, 2), dilation=(2, 2, 2), bias=False)
        (bn2): BatchNorm3d(256, eps=1e-05, momentum=0.1, affine=True, track_running_stats=True)
      )
      (5): BasicBlock(
        (conv1): Conv3d(256, 256, kernel_size=(3, 3, 3), stride=(1, 1, 1), padding=(2, 2, 2), dilation=(2, 2, 2), bias=False)
        (bn1): BatchNorm3d(256, eps=1e-05, momentum=0.1, affine=True, track_running_stats=True)
        (relu): ReLU(inplace=True)
        (conv2): Conv3d(256, 256, kernel_size=(3, 3, 3), stride=(1, 1, 1), padding=(2, 2, 2), dilation=(2, 2, 2), bias=False)
        (bn2): BatchNorm3d(256, eps=1e-05, momentum=0.1, affine=True, track_running_stats=True)
      )
    )
    (layer4): Sequential(
      (0): BasicBlock(
        (conv1): Conv3d(256, 512, kernel_size=(3, 3, 3), stride=(1, 1, 1), padding=(4, 4, 4), dilation=(4, 4, 4), bias=False)
        (bn1): BatchNorm3d(512, eps=1e-05, momentum=0.1, affine=True, track_running_stats=True)
        (relu): ReLU(inplace=True)
        (conv2): Conv3d(512, 512, kernel_size=(3, 3, 3), stride=(1, 1, 1), padding=(4, 4, 4), dilation=(4, 4, 4), bias=False)
        (bn2): BatchNorm3d(512, eps=1e-05, momentum=0.1, affine=True, track_running_stats=True)
      )
      (1): BasicBlock(
        (conv1): Conv3d(512, 512, kernel_size=(3, 3, 3), stride=(1, 1, 1), padding=(4, 4, 4), dilation=(4, 4, 4), bias=False)
        (bn1): BatchNorm3d(512, eps=1e-05, momentum=0.1, affine=True, track_running_stats=True)
        (relu): ReLU(inplace=True)
        (conv2): Conv3d(512, 512, kernel_size=(3, 3, 3), stride=(1, 1, 1), padding=(4, 4, 4), dilation=(4, 4, 4), bias=False)
        (bn2): BatchNorm3d(512, eps=1e-05, momentum=0.1, affine=True, track_running_stats=True)
      )
      (2): BasicBlock(
        (conv1): Conv3d(512, 512, kernel_size=(3, 3, 3), stride=(1, 1, 1), padding=(4, 4, 4), dilation=(4, 4, 4), bias=False)
        (bn1): BatchNorm3d(512, eps=1e-05, momentum=0.1, affine=True, track_running_stats=True)
        (relu): ReLU(inplace=True)
        (conv2): Conv3d(512, 512, kernel_size=(3, 3, 3), stride=(1, 1, 1), padding=(4, 4, 4), dilation=(4, 4, 4), bias=False)
        (bn2): BatchNorm3d(512, eps=1e-05, momentum=0.1, affine=True, track_running_stats=True)
      )
    )
    (GAP): AdaptiveAvgPool3d(output_size=(2, 2, 2))
    (linear): Linear(in_features=4096, out_features=6, bias=True)
  )
)
2025-06-25 03:21:39 - INFO - the missing keys are : 
['module.linear.weight', 'module.linear.bias']
2025-06-25 03:21:39 - INFO - the unexpected keys are :
[]
2025-06-25 03:21:39 - INFO - loaded model parameters from pretrained\resnet_34_23dataset.pth
2025-06-25 03:21:40 - INFO - fold number:0
2025-06-25 03:24:22 - INFO - epoch:0/25 iteration:0/459 batch loss is :0.5700
2025-06-25 03:24:47 - INFO - epoch:0/25 iteration:5/459 batch loss is :0.5546
2025-06-25 03:25:10 - INFO - epoch:0/25 iteration:10/459 batch loss is :0.2618
2025-06-25 03:25:33 - INFO - epoch:0/25 iteration:15/459 batch loss is :0.1214
2025-06-25 03:25:56 - INFO - epoch:0/25 iteration:20/459 batch loss is :0.1069
2025-06-25 03:26:17 - INFO - epoch:0/25 iteration:25/459 batch loss is :0.2419
2025-06-25 03:26:39 - INFO - epoch:0/25 iteration:30/459 batch loss is :0.1557
2025-06-25 03:27:01 - INFO - epoch:0/25 iteration:35/459 batch loss is :0.1019
2025-06-25 03:27:22 - INFO - epoch:0/25 iteration:40/459 batch loss is :0.2477
2025-06-25 03:27:43 - INFO - epoch:0/25 iteration:45/459 batch loss is :0.2675
2025-06-25 03:28:06 - INFO - epoch:0/25 iteration:50/459 batch loss is :0.2308
2025-06-25 03:28:27 - INFO - epoch:0/25 iteration:55/459 batch loss is :0.0702
2025-06-25 03:28:49 - INFO - epoch:0/25 iteration:60/459 batch loss is :0.1002
2025-06-25 03:29:10 - INFO - epoch:0/25 iteration:65/459 batch loss is :0.1490
2025-06-25 03:29:31 - INFO - epoch:0/25 iteration:70/459 batch loss is :0.0859
2025-06-25 03:29:53 - INFO - epoch:0/25 iteration:75/459 batch loss is :0.0949
2025-06-25 03:30:14 - INFO - epoch:0/25 iteration:80/459 batch loss is :0.1187
2025-06-25 03:30:35 - INFO - epoch:0/25 iteration:85/459 batch loss is :0.1293
2025-06-25 03:30:57 - INFO - epoch:0/25 iteration:90/459 batch loss is :0.1028
2025-06-25 03:31:18 - INFO - epoch:0/25 iteration:95/459 batch loss is :0.2020
2025-06-25 03:31:40 - INFO - epoch:0/25 iteration:100/459 batch loss is :0.1019
2025-06-25 03:32:01 - INFO - epoch:0/25 iteration:105/459 batch loss is :0.0940
2025-06-25 03:32:23 - INFO - epoch:0/25 iteration:110/459 batch loss is :0.0885
2025-06-25 03:32:44 - INFO - epoch:0/25 iteration:115/459 batch loss is :0.1379
2025-06-25 03:33:06 - INFO - epoch:0/25 iteration:120/459 batch loss is :0.1934
2025-06-25 03:33:27 - INFO - epoch:0/25 iteration:125/459 batch loss is :0.1744
2025-06-25 03:33:49 - INFO - epoch:0/25 iteration:130/459 batch loss is :0.1290
2025-06-25 03:34:11 - INFO - epoch:0/25 iteration:135/459 batch loss is :0.0954
2025-06-25 03:34:33 - INFO - epoch:0/25 iteration:140/459 batch loss is :0.2214
2025-06-25 03:34:54 - INFO - epoch:0/25 iteration:145/459 batch loss is :0.0815
2025-06-25 03:35:16 - INFO - epoch:0/25 iteration:150/459 batch loss is :0.0916
2025-06-25 03:35:37 - INFO - epoch:0/25 iteration:155/459 batch loss is :0.2386
2025-06-25 03:35:59 - INFO - epoch:0/25 iteration:160/459 batch loss is :0.0954
2025-06-25 03:36:20 - INFO - epoch:0/25 iteration:165/459 batch loss is :0.1524
2025-06-25 03:36:42 - INFO - epoch:0/25 iteration:170/459 batch loss is :0.0837
2025-06-25 03:37:03 - INFO - epoch:0/25 iteration:175/459 batch loss is :0.2359
2025-06-25 03:37:25 - INFO - epoch:0/25 iteration:180/459 batch loss is :0.1082
2025-06-25 03:37:46 - INFO - epoch:0/25 iteration:185/459 batch loss is :0.1003
2025-06-25 03:38:08 - INFO - epoch:0/25 iteration:190/459 batch loss is :0.0867
2025-06-25 03:38:29 - INFO - epoch:0/25 iteration:195/459 batch loss is :0.1402
2025-06-25 03:38:51 - INFO - epoch:0/25 iteration:200/459 batch loss is :0.1039
2025-06-25 03:39:12 - INFO - epoch:0/25 iteration:205/459 batch loss is :0.1332
2025-06-25 03:39:34 - INFO - epoch:0/25 iteration:210/459 batch loss is :0.2331
2025-06-25 03:39:55 - INFO - epoch:0/25 iteration:215/459 batch loss is :0.0830
2025-06-25 03:40:16 - INFO - epoch:0/25 iteration:220/459 batch loss is :0.1107
2025-06-25 03:40:37 - INFO - epoch:0/25 iteration:225/459 batch loss is :0.1360
2025-06-25 03:40:59 - INFO - epoch:0/25 iteration:230/459 batch loss is :0.1150
2025-06-25 03:41:20 - INFO - epoch:0/25 iteration:235/459 batch loss is :0.1358
2025-06-25 03:41:41 - INFO - epoch:0/25 iteration:240/459 batch loss is :0.0947
2025-06-25 03:42:02 - INFO - epoch:0/25 iteration:245/459 batch loss is :0.1438
2025-06-25 03:42:24 - INFO - epoch:0/25 iteration:250/459 batch loss is :0.1082
2025-06-25 03:42:45 - INFO - epoch:0/25 iteration:255/459 batch loss is :0.0656
2025-06-25 03:43:06 - INFO - epoch:0/25 iteration:260/459 batch loss is :0.1810
2025-06-25 03:43:27 - INFO - epoch:0/25 iteration:265/459 batch loss is :0.1398
2025-06-25 03:43:49 - INFO - epoch:0/25 iteration:270/459 batch loss is :0.1104
2025-06-25 03:44:10 - INFO - epoch:0/25 iteration:275/459 batch loss is :0.1154
2025-06-25 03:44:31 - INFO - epoch:0/25 iteration:280/459 batch loss is :0.1036
2025-06-25 03:44:52 - INFO - epoch:0/25 iteration:285/459 batch loss is :0.0710
2025-06-25 03:45:13 - INFO - epoch:0/25 iteration:290/459 batch loss is :0.1102
2025-06-25 03:45:34 - INFO - epoch:0/25 iteration:295/459 batch loss is :0.1318
2025-06-25 03:45:56 - INFO - epoch:0/25 iteration:300/459 batch loss is :0.1284
2025-06-25 03:46:17 - INFO - epoch:0/25 iteration:305/459 batch loss is :0.1212
2025-06-25 03:46:39 - INFO - epoch:0/25 iteration:310/459 batch loss is :0.0644
2025-06-25 03:47:00 - INFO - epoch:0/25 iteration:315/459 batch loss is :0.1266
2025-06-25 03:47:22 - INFO - epoch:0/25 iteration:320/459 batch loss is :0.1091
2025-06-25 03:47:43 - INFO - epoch:0/25 iteration:325/459 batch loss is :0.1323
2025-06-25 03:48:05 - INFO - epoch:0/25 iteration:330/459 batch loss is :0.0934
2025-06-25 03:48:27 - INFO - epoch:0/25 iteration:335/459 batch loss is :0.0663
2025-06-25 03:48:48 - INFO - epoch:0/25 iteration:340/459 batch loss is :0.3723
2025-06-25 03:49:10 - INFO - epoch:0/25 iteration:345/459 batch loss is :0.1480
2025-06-25 03:49:31 - INFO - epoch:0/25 iteration:350/459 batch loss is :0.1677
2025-06-25 03:49:52 - INFO - epoch:0/25 iteration:355/459 batch loss is :0.1820
2025-06-25 03:50:14 - INFO - epoch:0/25 iteration:360/459 batch loss is :0.1535
2025-06-25 03:50:35 - INFO - epoch:0/25 iteration:365/459 batch loss is :0.1083
2025-06-25 03:50:57 - INFO - epoch:0/25 iteration:370/459 batch loss is :0.0880
2025-06-25 03:51:18 - INFO - epoch:0/25 iteration:375/459 batch loss is :0.1913
2025-06-25 03:51:39 - INFO - epoch:0/25 iteration:380/459 batch loss is :0.2057
2025-06-25 03:52:01 - INFO - epoch:0/25 iteration:385/459 batch loss is :0.1539
2025-06-25 03:52:23 - INFO - epoch:0/25 iteration:390/459 batch loss is :0.1271
2025-06-25 03:52:44 - INFO - epoch:0/25 iteration:395/459 batch loss is :0.1771
2025-06-25 03:53:06 - INFO - epoch:0/25 iteration:400/459 batch loss is :0.1285
2025-06-25 03:53:27 - INFO - epoch:0/25 iteration:405/459 batch loss is :0.1354
2025-06-25 03:53:48 - INFO - epoch:0/25 iteration:410/459 batch loss is :0.1014
2025-06-25 03:54:10 - INFO - epoch:0/25 iteration:415/459 batch loss is :0.0884
2025-06-25 03:54:32 - INFO - epoch:0/25 iteration:420/459 batch loss is :0.0753
2025-06-25 03:54:53 - INFO - epoch:0/25 iteration:425/459 batch loss is :0.1442
2025-06-25 03:55:15 - INFO - epoch:0/25 iteration:430/459 batch loss is :0.2248
2025-06-25 03:55:36 - INFO - epoch:0/25 iteration:435/459 batch loss is :0.1035
2025-06-25 03:55:57 - INFO - epoch:0/25 iteration:440/459 batch loss is :0.2026
2025-06-25 03:56:17 - INFO - epoch:0/25 iteration:445/459 batch loss is :0.1031
2025-06-25 03:56:38 - INFO - epoch:0/25 iteration:450/459 batch loss is :0.1551
2025-06-25 03:56:59 - INFO - epoch:0/25 iteration:455/459 batch loss is :0.1169
2025-06-25 03:57:12 - INFO - Epoch:0/25 Loss is :0.1489
2025-06-25 04:06:38 - INFO - VAL loss :0.1603
2025-06-25 04:09:23 - INFO - epoch:1/25 iteration:0/459 batch loss is :0.2182
2025-06-25 04:09:46 - INFO - epoch:1/25 iteration:5/459 batch loss is :0.3376
2025-06-25 04:10:10 - INFO - epoch:1/25 iteration:10/459 batch loss is :0.1331
2025-06-25 04:10:32 - INFO - epoch:1/25 iteration:15/459 batch loss is :0.1206
2025-06-25 04:10:55 - INFO - epoch:1/25 iteration:20/459 batch loss is :0.1060
2025-06-25 04:11:16 - INFO - epoch:1/25 iteration:25/459 batch loss is :0.0960
2025-06-25 04:11:38 - INFO - epoch:1/25 iteration:30/459 batch loss is :0.1090
2025-06-25 04:11:59 - INFO - epoch:1/25 iteration:35/459 batch loss is :0.1412
2025-06-25 04:12:21 - INFO - epoch:1/25 iteration:40/459 batch loss is :0.1280
2025-06-25 04:12:43 - INFO - epoch:1/25 iteration:45/459 batch loss is :0.1246
2025-06-25 04:13:04 - INFO - epoch:1/25 iteration:50/459 batch loss is :0.1321
2025-06-25 04:13:25 - INFO - epoch:1/25 iteration:55/459 batch loss is :0.1448
2025-06-25 04:13:47 - INFO - epoch:1/25 iteration:60/459 batch loss is :0.1060
2025-06-25 04:14:09 - INFO - epoch:1/25 iteration:65/459 batch loss is :0.0808
2025-06-25 04:14:30 - INFO - epoch:1/25 iteration:70/459 batch loss is :0.0974
2025-06-25 04:14:52 - INFO - epoch:1/25 iteration:75/459 batch loss is :0.2357
2025-06-25 04:15:14 - INFO - epoch:1/25 iteration:80/459 batch loss is :0.1254
2025-06-25 04:15:35 - INFO - epoch:1/25 iteration:85/459 batch loss is :0.1785
2025-06-25 04:15:56 - INFO - epoch:1/25 iteration:90/459 batch loss is :0.1203
2025-06-25 04:16:17 - INFO - epoch:1/25 iteration:95/459 batch loss is :0.0999
2025-06-25 04:16:39 - INFO - epoch:1/25 iteration:100/459 batch loss is :0.0954
2025-06-25 04:17:00 - INFO - epoch:1/25 iteration:105/459 batch loss is :0.1141
2025-06-25 04:17:21 - INFO - epoch:1/25 iteration:110/459 batch loss is :0.1708
2025-06-25 04:17:43 - INFO - epoch:1/25 iteration:115/459 batch loss is :0.0922
2025-06-25 04:18:04 - INFO - epoch:1/25 iteration:120/459 batch loss is :0.0893
2025-06-25 04:18:25 - INFO - epoch:1/25 iteration:125/459 batch loss is :0.2319
2025-06-25 04:18:47 - INFO - epoch:1/25 iteration:130/459 batch loss is :0.0889
2025-06-25 04:19:08 - INFO - epoch:1/25 iteration:135/459 batch loss is :0.1564
2025-06-25 04:19:29 - INFO - epoch:1/25 iteration:140/459 batch loss is :0.1448
2025-06-25 04:19:51 - INFO - epoch:1/25 iteration:145/459 batch loss is :0.1420
2025-06-25 04:20:12 - INFO - epoch:1/25 iteration:150/459 batch loss is :0.0902
2025-06-25 04:20:34 - INFO - epoch:1/25 iteration:155/459 batch loss is :0.1053
2025-06-25 04:20:55 - INFO - epoch:1/25 iteration:160/459 batch loss is :0.1357
2025-06-25 04:21:16 - INFO - epoch:1/25 iteration:165/459 batch loss is :0.1216
2025-06-25 04:21:38 - INFO - epoch:1/25 iteration:170/459 batch loss is :0.1322
2025-06-25 04:21:59 - INFO - epoch:1/25 iteration:175/459 batch loss is :0.1136
2025-06-25 04:22:21 - INFO - epoch:1/25 iteration:180/459 batch loss is :0.0918
2025-06-25 04:22:42 - INFO - epoch:1/25 iteration:185/459 batch loss is :0.1305
2025-06-25 04:23:04 - INFO - epoch:1/25 iteration:190/459 batch loss is :0.1102
2025-06-25 04:23:25 - INFO - epoch:1/25 iteration:195/459 batch loss is :0.1859
2025-06-25 04:23:47 - INFO - epoch:1/25 iteration:200/459 batch loss is :0.1123
2025-06-25 04:24:08 - INFO - epoch:1/25 iteration:205/459 batch loss is :0.1422
2025-06-25 04:24:29 - INFO - epoch:1/25 iteration:210/459 batch loss is :0.0771
2025-06-25 04:24:51 - INFO - epoch:1/25 iteration:215/459 batch loss is :0.0975
2025-06-25 04:25:12 - INFO - epoch:1/25 iteration:220/459 batch loss is :0.0821
2025-06-25 04:25:33 - INFO - epoch:1/25 iteration:225/459 batch loss is :0.0719
2025-06-25 04:25:54 - INFO - epoch:1/25 iteration:230/459 batch loss is :0.1599
2025-06-25 04:26:15 - INFO - epoch:1/25 iteration:235/459 batch loss is :0.1171
2025-06-25 04:26:37 - INFO - epoch:1/25 iteration:240/459 batch loss is :0.1095
2025-06-25 04:26:58 - INFO - epoch:1/25 iteration:245/459 batch loss is :0.1363
2025-06-25 04:27:20 - INFO - epoch:1/25 iteration:250/459 batch loss is :0.0706
2025-06-25 04:27:40 - INFO - epoch:1/25 iteration:255/459 batch loss is :0.1192
2025-06-25 04:28:02 - INFO - epoch:1/25 iteration:260/459 batch loss is :0.0879
2025-06-25 04:28:23 - INFO - epoch:1/25 iteration:265/459 batch loss is :0.0970
2025-06-25 04:28:45 - INFO - epoch:1/25 iteration:270/459 batch loss is :0.2675
2025-06-25 04:29:06 - INFO - epoch:1/25 iteration:275/459 batch loss is :0.1037
2025-06-25 04:29:28 - INFO - epoch:1/25 iteration:280/459 batch loss is :0.0887
2025-06-25 04:29:49 - INFO - epoch:1/25 iteration:285/459 batch loss is :0.1261
2025-06-25 04:30:10 - INFO - epoch:1/25 iteration:290/459 batch loss is :0.1029
2025-06-25 04:30:32 - INFO - epoch:1/25 iteration:295/459 batch loss is :0.1068
2025-06-25 04:30:53 - INFO - epoch:1/25 iteration:300/459 batch loss is :0.1461
2025-06-25 04:31:14 - INFO - epoch:1/25 iteration:305/459 batch loss is :0.0873
2025-06-25 04:31:36 - INFO - epoch:1/25 iteration:310/459 batch loss is :0.0906
2025-06-25 04:31:58 - INFO - epoch:1/25 iteration:315/459 batch loss is :0.1733
2025-06-25 04:32:19 - INFO - epoch:1/25 iteration:320/459 batch loss is :0.1075
2025-06-25 04:32:40 - INFO - epoch:1/25 iteration:325/459 batch loss is :0.1545
2025-06-25 04:33:02 - INFO - epoch:1/25 iteration:330/459 batch loss is :0.1082
2025-06-25 04:33:23 - INFO - epoch:1/25 iteration:335/459 batch loss is :0.1758
2025-06-25 04:33:44 - INFO - epoch:1/25 iteration:340/459 batch loss is :0.0933
2025-06-25 04:34:05 - INFO - epoch:1/25 iteration:345/459 batch loss is :0.0987
2025-06-25 04:34:27 - INFO - epoch:1/25 iteration:350/459 batch loss is :0.1628
2025-06-25 04:34:47 - INFO - epoch:1/25 iteration:355/459 batch loss is :0.1096
2025-06-25 04:35:09 - INFO - epoch:1/25 iteration:360/459 batch loss is :0.2236
2025-06-25 04:35:30 - INFO - epoch:1/25 iteration:365/459 batch loss is :0.0791
2025-06-25 04:35:51 - INFO - epoch:1/25 iteration:370/459 batch loss is :0.1061
2025-06-25 04:36:13 - INFO - epoch:1/25 iteration:375/459 batch loss is :0.1082
2025-06-25 04:36:34 - INFO - epoch:1/25 iteration:380/459 batch loss is :0.1089
2025-06-25 04:36:55 - INFO - epoch:1/25 iteration:385/459 batch loss is :0.1069
2025-06-25 04:37:16 - INFO - epoch:1/25 iteration:390/459 batch loss is :0.1785
2025-06-25 04:37:37 - INFO - epoch:1/25 iteration:395/459 batch loss is :0.0974
2025-06-25 04:37:59 - INFO - epoch:1/25 iteration:400/459 batch loss is :0.1020
2025-06-25 04:38:20 - INFO - epoch:1/25 iteration:405/459 batch loss is :0.0812
2025-06-25 04:38:41 - INFO - epoch:1/25 iteration:410/459 batch loss is :0.1456
2025-06-25 04:39:02 - INFO - epoch:1/25 iteration:415/459 batch loss is :0.0943
2025-06-25 04:39:24 - INFO - epoch:1/25 iteration:420/459 batch loss is :0.0895
2025-06-25 04:39:45 - INFO - epoch:1/25 iteration:425/459 batch loss is :0.1049
2025-06-25 04:40:06 - INFO - epoch:1/25 iteration:430/459 batch loss is :0.1183
2025-06-25 04:40:27 - INFO - epoch:1/25 iteration:435/459 batch loss is :0.1082
2025-06-25 04:40:47 - INFO - epoch:1/25 iteration:440/459 batch loss is :0.0710
2025-06-25 04:41:08 - INFO - epoch:1/25 iteration:445/459 batch loss is :0.1162
2025-06-25 04:41:29 - INFO - epoch:1/25 iteration:450/459 batch loss is :0.1037
2025-06-25 04:41:49 - INFO - epoch:1/25 iteration:455/459 batch loss is :0.1907
2025-06-25 04:42:03 - INFO - Epoch:1/25 Loss is :0.1263
2025-06-25 04:44:55 - INFO - epoch:2/25 iteration:0/459 batch loss is :0.2082
2025-06-25 04:45:19 - INFO - epoch:2/25 iteration:5/459 batch loss is :0.1410
2025-06-25 04:45:41 - INFO - epoch:2/25 iteration:10/459 batch loss is :0.1363
2025-06-25 04:46:05 - INFO - epoch:2/25 iteration:15/459 batch loss is :0.1016
2025-06-25 04:46:27 - INFO - epoch:2/25 iteration:20/459 batch loss is :0.0957
2025-06-25 04:46:50 - INFO - epoch:2/25 iteration:25/459 batch loss is :0.1000
2025-06-25 04:47:11 - INFO - epoch:2/25 iteration:30/459 batch loss is :0.1129
2025-06-25 04:47:33 - INFO - epoch:2/25 iteration:35/459 batch loss is :0.1212
2025-06-25 04:47:54 - INFO - epoch:2/25 iteration:40/459 batch loss is :0.1128
2025-06-25 04:48:16 - INFO - epoch:2/25 iteration:45/459 batch loss is :0.1823
2025-06-25 04:48:37 - INFO - epoch:2/25 iteration:50/459 batch loss is :0.1257
2025-06-25 04:48:59 - INFO - epoch:2/25 iteration:55/459 batch loss is :0.0916
2025-06-25 04:49:20 - INFO - epoch:2/25 iteration:60/459 batch loss is :0.0738
2025-06-25 04:49:42 - INFO - epoch:2/25 iteration:65/459 batch loss is :0.0795
2025-06-25 04:50:03 - INFO - epoch:2/25 iteration:70/459 batch loss is :0.1424
2025-06-25 04:50:25 - INFO - epoch:2/25 iteration:75/459 batch loss is :0.1153
2025-06-25 04:50:47 - INFO - epoch:2/25 iteration:80/459 batch loss is :0.1123
2025-06-25 04:51:08 - INFO - epoch:2/25 iteration:85/459 batch loss is :0.0821
2025-06-25 04:51:30 - INFO - epoch:2/25 iteration:90/459 batch loss is :0.0890
2025-06-25 04:51:51 - INFO - epoch:2/25 iteration:95/459 batch loss is :0.0760
2025-06-25 04:52:13 - INFO - epoch:2/25 iteration:100/459 batch loss is :0.1336
2025-06-25 04:52:35 - INFO - epoch:2/25 iteration:105/459 batch loss is :0.1213
2025-06-25 04:52:56 - INFO - epoch:2/25 iteration:110/459 batch loss is :0.0990
2025-06-25 04:53:18 - INFO - epoch:2/25 iteration:115/459 batch loss is :0.0888
2025-06-25 04:53:40 - INFO - epoch:2/25 iteration:120/459 batch loss is :0.0541
2025-06-25 04:54:01 - INFO - epoch:2/25 iteration:125/459 batch loss is :0.1311
2025-06-25 04:54:23 - INFO - epoch:2/25 iteration:130/459 batch loss is :0.0869
2025-06-25 04:54:45 - INFO - epoch:2/25 iteration:135/459 batch loss is :0.0687
2025-06-25 04:55:06 - INFO - epoch:2/25 iteration:140/459 batch loss is :0.0854
2025-06-25 04:55:29 - INFO - epoch:2/25 iteration:145/459 batch loss is :0.1334
2025-06-25 04:55:51 - INFO - epoch:2/25 iteration:150/459 batch loss is :0.1315
2025-06-25 04:56:13 - INFO - epoch:2/25 iteration:155/459 batch loss is :0.0918
2025-06-25 04:56:34 - INFO - epoch:2/25 iteration:160/459 batch loss is :0.0970
2025-06-25 04:56:56 - INFO - epoch:2/25 iteration:165/459 batch loss is :0.1684
2025-06-25 04:57:17 - INFO - epoch:2/25 iteration:170/459 batch loss is :0.0734
2025-06-25 04:57:39 - INFO - epoch:2/25 iteration:175/459 batch loss is :0.0992
2025-06-25 04:58:00 - INFO - epoch:2/25 iteration:180/459 batch loss is :0.1011
2025-06-25 04:58:22 - INFO - epoch:2/25 iteration:185/459 batch loss is :0.0842
2025-06-25 04:58:44 - INFO - epoch:2/25 iteration:190/459 batch loss is :0.0750
2025-06-25 04:59:05 - INFO - epoch:2/25 iteration:195/459 batch loss is :0.0661
2025-06-25 04:59:27 - INFO - epoch:2/25 iteration:200/459 batch loss is :0.0450
2025-06-25 04:59:49 - INFO - epoch:2/25 iteration:205/459 batch loss is :0.1491
2025-06-25 05:00:10 - INFO - epoch:2/25 iteration:210/459 batch loss is :0.1149
2025-06-25 05:00:32 - INFO - epoch:2/25 iteration:215/459 batch loss is :0.1654
2025-06-25 05:00:53 - INFO - epoch:2/25 iteration:220/459 batch loss is :0.0982
2025-06-25 05:01:15 - INFO - epoch:2/25 iteration:225/459 batch loss is :0.0940
2025-06-25 05:01:37 - INFO - epoch:2/25 iteration:230/459 batch loss is :0.0695
2025-06-25 05:01:59 - INFO - epoch:2/25 iteration:235/459 batch loss is :0.0603
2025-06-25 05:02:21 - INFO - epoch:2/25 iteration:240/459 batch loss is :0.1802
2025-06-25 05:02:42 - INFO - epoch:2/25 iteration:245/459 batch loss is :0.1014
2025-06-25 05:03:04 - INFO - epoch:2/25 iteration:250/459 batch loss is :0.0855
2025-06-25 05:03:26 - INFO - epoch:2/25 iteration:255/459 batch loss is :0.1808
2025-06-25 05:03:48 - INFO - epoch:2/25 iteration:260/459 batch loss is :0.1276
2025-06-25 05:04:09 - INFO - epoch:2/25 iteration:265/459 batch loss is :0.1447
2025-06-25 05:04:31 - INFO - epoch:2/25 iteration:270/459 batch loss is :0.1117
2025-06-25 05:04:52 - INFO - epoch:2/25 iteration:275/459 batch loss is :0.1359
2025-06-25 05:05:13 - INFO - epoch:2/25 iteration:280/459 batch loss is :0.0730
2025-06-25 05:05:35 - INFO - epoch:2/25 iteration:285/459 batch loss is :0.1080
2025-06-25 05:05:56 - INFO - epoch:2/25 iteration:290/459 batch loss is :0.0873
2025-06-25 05:06:17 - INFO - epoch:2/25 iteration:295/459 batch loss is :0.0809
2025-06-25 05:06:39 - INFO - epoch:2/25 iteration:300/459 batch loss is :0.1609
2025-06-25 05:07:01 - INFO - epoch:2/25 iteration:305/459 batch loss is :0.1860
2025-06-25 05:07:22 - INFO - epoch:2/25 iteration:310/459 batch loss is :0.0730
2025-06-25 05:07:44 - INFO - epoch:2/25 iteration:315/459 batch loss is :0.0709
2025-06-25 05:08:05 - INFO - epoch:2/25 iteration:320/459 batch loss is :0.0687
2025-06-25 05:08:26 - INFO - epoch:2/25 iteration:325/459 batch loss is :0.1100
2025-06-25 05:08:48 - INFO - epoch:2/25 iteration:330/459 batch loss is :0.0874
2025-06-25 05:09:10 - INFO - epoch:2/25 iteration:335/459 batch loss is :0.1312
2025-06-25 05:09:31 - INFO - epoch:2/25 iteration:340/459 batch loss is :0.1116
2025-06-25 05:09:53 - INFO - epoch:2/25 iteration:345/459 batch loss is :0.0732
2025-06-25 05:10:14 - INFO - epoch:2/25 iteration:350/459 batch loss is :0.0709
2025-06-25 05:10:36 - INFO - epoch:2/25 iteration:355/459 batch loss is :0.0863
2025-06-25 05:10:58 - INFO - epoch:2/25 iteration:360/459 batch loss is :0.1023
2025-06-25 05:11:20 - INFO - epoch:2/25 iteration:365/459 batch loss is :0.0634
2025-06-25 05:11:41 - INFO - epoch:2/25 iteration:370/459 batch loss is :0.1040
2025-06-25 05:12:03 - INFO - epoch:2/25 iteration:375/459 batch loss is :0.1074
2025-06-25 05:12:24 - INFO - epoch:2/25 iteration:380/459 batch loss is :0.0747
2025-06-25 05:12:46 - INFO - epoch:2/25 iteration:385/459 batch loss is :0.0601
2025-06-25 05:13:07 - INFO - epoch:2/25 iteration:390/459 batch loss is :0.0972
2025-06-25 05:13:29 - INFO - epoch:2/25 iteration:395/459 batch loss is :0.1473
2025-06-25 05:13:51 - INFO - epoch:2/25 iteration:400/459 batch loss is :0.1089
2025-06-25 05:14:13 - INFO - epoch:2/25 iteration:405/459 batch loss is :0.1457
2025-06-25 05:14:34 - INFO - epoch:2/25 iteration:410/459 batch loss is :0.0929
2025-06-25 05:14:56 - INFO - epoch:2/25 iteration:415/459 batch loss is :0.0906
2025-06-25 05:15:17 - INFO - epoch:2/25 iteration:420/459 batch loss is :0.0737
2025-06-25 05:15:39 - INFO - epoch:2/25 iteration:425/459 batch loss is :0.0965
2025-06-25 05:16:01 - INFO - epoch:2/25 iteration:430/459 batch loss is :0.0833
2025-06-25 05:16:22 - INFO - epoch:2/25 iteration:435/459 batch loss is :0.2157
2025-06-25 05:16:42 - INFO - epoch:2/25 iteration:440/459 batch loss is :0.1106
2025-06-25 05:17:03 - INFO - epoch:2/25 iteration:445/459 batch loss is :0.1188
2025-06-25 05:17:24 - INFO - epoch:2/25 iteration:450/459 batch loss is :0.1868
2025-06-25 05:17:45 - INFO - epoch:2/25 iteration:455/459 batch loss is :0.1117
2025-06-25 05:17:58 - INFO - Epoch:2/25 Loss is :0.1068
2025-06-25 05:20:42 - INFO - epoch:3/25 iteration:0/459 batch loss is :0.1417
2025-06-25 05:21:09 - INFO - epoch:3/25 iteration:5/459 batch loss is :0.1042
2025-06-25 05:21:32 - INFO - epoch:3/25 iteration:10/459 batch loss is :0.0901
2025-06-25 05:21:56 - INFO - epoch:3/25 iteration:15/459 batch loss is :0.2072
2025-06-25 05:22:18 - INFO - epoch:3/25 iteration:20/459 batch loss is :0.0912
2025-06-25 05:22:40 - INFO - epoch:3/25 iteration:25/459 batch loss is :0.1164
2025-06-25 05:23:01 - INFO - epoch:3/25 iteration:30/459 batch loss is :0.1282
2025-06-25 05:23:23 - INFO - epoch:3/25 iteration:35/459 batch loss is :0.1284
2025-06-25 05:23:44 - INFO - epoch:3/25 iteration:40/459 batch loss is :0.1026
2025-06-25 05:24:05 - INFO - epoch:3/25 iteration:45/459 batch loss is :0.1625
2025-06-25 05:24:27 - INFO - epoch:3/25 iteration:50/459 batch loss is :0.0995
2025-06-25 05:24:48 - INFO - epoch:3/25 iteration:55/459 batch loss is :0.1846
2025-06-25 05:25:10 - INFO - epoch:3/25 iteration:60/459 batch loss is :0.1245
2025-06-25 05:25:31 - INFO - epoch:3/25 iteration:65/459 batch loss is :0.1134
2025-06-25 05:25:53 - INFO - epoch:3/25 iteration:70/459 batch loss is :0.0910
2025-06-25 05:26:14 - INFO - epoch:3/25 iteration:75/459 batch loss is :0.0912
2025-06-25 05:26:36 - INFO - epoch:3/25 iteration:80/459 batch loss is :0.1183
2025-06-25 05:26:57 - INFO - epoch:3/25 iteration:85/459 batch loss is :0.1158
2025-06-25 05:27:19 - INFO - epoch:3/25 iteration:90/459 batch loss is :0.1068
2025-06-25 05:27:40 - INFO - epoch:3/25 iteration:95/459 batch loss is :0.1029
2025-06-25 05:28:01 - INFO - epoch:3/25 iteration:100/459 batch loss is :0.0956
2025-06-25 05:28:23 - INFO - epoch:3/25 iteration:105/459 batch loss is :0.1030
2025-06-25 05:28:45 - INFO - epoch:3/25 iteration:110/459 batch loss is :0.1004
2025-06-25 05:29:06 - INFO - epoch:3/25 iteration:115/459 batch loss is :0.0824
2025-06-25 05:29:28 - INFO - epoch:3/25 iteration:120/459 batch loss is :0.1658
2025-06-25 05:29:49 - INFO - epoch:3/25 iteration:125/459 batch loss is :0.1105
2025-06-25 05:30:11 - INFO - epoch:3/25 iteration:130/459 batch loss is :0.1525
2025-06-25 05:30:32 - INFO - epoch:3/25 iteration:135/459 batch loss is :0.0911
2025-06-25 05:30:54 - INFO - epoch:3/25 iteration:140/459 batch loss is :0.1123
2025-06-25 05:31:15 - INFO - epoch:3/25 iteration:145/459 batch loss is :0.1144
2025-06-25 05:31:37 - INFO - epoch:3/25 iteration:150/459 batch loss is :0.0999
2025-06-25 05:31:58 - INFO - epoch:3/25 iteration:155/459 batch loss is :0.0666
2025-06-25 05:32:20 - INFO - epoch:3/25 iteration:160/459 batch loss is :0.1047
2025-06-25 05:32:41 - INFO - epoch:3/25 iteration:165/459 batch loss is :0.0700
2025-06-25 05:33:03 - INFO - epoch:3/25 iteration:170/459 batch loss is :0.1020
2025-06-25 05:33:24 - INFO - epoch:3/25 iteration:175/459 batch loss is :0.0922
2025-06-25 05:33:46 - INFO - epoch:3/25 iteration:180/459 batch loss is :0.0762
2025-06-25 05:34:08 - INFO - epoch:3/25 iteration:185/459 batch loss is :0.1147
2025-06-25 05:34:30 - INFO - epoch:3/25 iteration:190/459 batch loss is :0.0709
2025-06-25 05:34:51 - INFO - epoch:3/25 iteration:195/459 batch loss is :0.1292
2025-06-25 05:35:13 - INFO - epoch:3/25 iteration:200/459 batch loss is :0.1098
2025-06-25 05:35:34 - INFO - epoch:3/25 iteration:205/459 batch loss is :0.1455
2025-06-25 05:35:56 - INFO - epoch:3/25 iteration:210/459 batch loss is :0.0921
2025-06-25 05:36:18 - INFO - epoch:3/25 iteration:215/459 batch loss is :0.1032
2025-06-25 05:36:40 - INFO - epoch:3/25 iteration:220/459 batch loss is :0.0836
2025-06-25 05:37:01 - INFO - epoch:3/25 iteration:225/459 batch loss is :0.0815
2025-06-25 05:37:23 - INFO - epoch:3/25 iteration:230/459 batch loss is :0.0824
2025-06-25 05:37:45 - INFO - epoch:3/25 iteration:235/459 batch loss is :0.0753
2025-06-25 05:38:06 - INFO - epoch:3/25 iteration:240/459 batch loss is :0.0755
2025-06-25 05:38:28 - INFO - epoch:3/25 iteration:245/459 batch loss is :0.1107
2025-06-25 05:38:49 - INFO - epoch:3/25 iteration:250/459 batch loss is :0.1216
2025-06-25 05:39:11 - INFO - epoch:3/25 iteration:255/459 batch loss is :0.1203
2025-06-25 05:39:33 - INFO - epoch:3/25 iteration:260/459 batch loss is :0.1798
2025-06-25 05:39:54 - INFO - epoch:3/25 iteration:265/459 batch loss is :0.1359
2025-06-25 05:40:16 - INFO - epoch:3/25 iteration:270/459 batch loss is :0.0883
2025-06-25 05:40:37 - INFO - epoch:3/25 iteration:275/459 batch loss is :0.1189
2025-06-25 05:40:59 - INFO - epoch:3/25 iteration:280/459 batch loss is :0.1011
2025-06-25 05:41:20 - INFO - epoch:3/25 iteration:285/459 batch loss is :0.1364
2025-06-25 05:41:41 - INFO - epoch:3/25 iteration:290/459 batch loss is :0.1107
2025-06-25 05:42:02 - INFO - epoch:3/25 iteration:295/459 batch loss is :0.0740
2025-06-25 05:42:25 - INFO - epoch:3/25 iteration:300/459 batch loss is :0.0740
2025-06-25 05:42:46 - INFO - epoch:3/25 iteration:305/459 batch loss is :0.1013
2025-06-25 05:43:07 - INFO - epoch:3/25 iteration:310/459 batch loss is :0.0790
2025-06-25 05:43:29 - INFO - epoch:3/25 iteration:315/459 batch loss is :0.3415
2025-06-25 05:43:51 - INFO - epoch:3/25 iteration:320/459 batch loss is :0.0888
2025-06-25 05:44:12 - INFO - epoch:3/25 iteration:325/459 batch loss is :0.1074
2025-06-25 05:44:34 - INFO - epoch:3/25 iteration:330/459 batch loss is :0.1203
2025-06-25 05:44:55 - INFO - epoch:3/25 iteration:335/459 batch loss is :0.1001
2025-06-25 05:45:17 - INFO - epoch:3/25 iteration:340/459 batch loss is :0.1015
2025-06-25 05:45:38 - INFO - epoch:3/25 iteration:345/459 batch loss is :0.0895
2025-06-25 05:45:59 - INFO - epoch:3/25 iteration:350/459 batch loss is :0.0873
2025-06-25 05:46:21 - INFO - epoch:3/25 iteration:355/459 batch loss is :0.1405
2025-06-25 05:46:42 - INFO - epoch:3/25 iteration:360/459 batch loss is :0.0864
2025-06-25 05:47:04 - INFO - epoch:3/25 iteration:365/459 batch loss is :0.0868
2025-06-25 05:47:25 - INFO - epoch:3/25 iteration:370/459 batch loss is :0.1310
2025-06-25 05:47:47 - INFO - epoch:3/25 iteration:375/459 batch loss is :0.0808
2025-06-25 05:48:09 - INFO - epoch:3/25 iteration:380/459 batch loss is :0.1094
2025-06-25 05:48:30 - INFO - epoch:3/25 iteration:385/459 batch loss is :0.0779
2025-06-25 05:48:51 - INFO - epoch:3/25 iteration:390/459 batch loss is :0.0768
2025-06-25 05:49:13 - INFO - epoch:3/25 iteration:395/459 batch loss is :0.0921
2025-06-25 05:49:34 - INFO - epoch:3/25 iteration:400/459 batch loss is :0.1351
2025-06-25 05:49:56 - INFO - epoch:3/25 iteration:405/459 batch loss is :0.0930
2025-06-25 05:50:17 - INFO - epoch:3/25 iteration:410/459 batch loss is :0.0817
2025-06-25 05:50:38 - INFO - epoch:3/25 iteration:415/459 batch loss is :0.1288
2025-06-25 05:51:00 - INFO - epoch:3/25 iteration:420/459 batch loss is :0.0775
2025-06-25 05:51:21 - INFO - epoch:3/25 iteration:425/459 batch loss is :0.0755
2025-06-25 05:51:43 - INFO - epoch:3/25 iteration:430/459 batch loss is :0.2151
2025-06-25 05:52:03 - INFO - epoch:3/25 iteration:435/459 batch loss is :0.1012
2025-06-25 05:52:24 - INFO - epoch:3/25 iteration:440/459 batch loss is :0.1293
2025-06-25 05:52:45 - INFO - epoch:3/25 iteration:445/459 batch loss is :0.1201
2025-06-25 05:53:06 - INFO - epoch:3/25 iteration:450/459 batch loss is :0.1823
2025-06-25 05:53:27 - INFO - epoch:3/25 iteration:455/459 batch loss is :0.1172
2025-06-25 05:53:40 - INFO - Epoch:3/25 Loss is :0.1100
2025-06-25 05:56:25 - INFO - epoch:4/25 iteration:0/459 batch loss is :0.1084
2025-06-25 05:56:49 - INFO - epoch:4/25 iteration:5/459 batch loss is :0.0948
2025-06-25 05:57:12 - INFO - epoch:4/25 iteration:10/459 batch loss is :0.0941
2025-06-25 05:57:35 - INFO - epoch:4/25 iteration:15/459 batch loss is :0.0905
2025-06-25 05:57:58 - INFO - epoch:4/25 iteration:20/459 batch loss is :0.1254
2025-06-25 05:58:20 - INFO - epoch:4/25 iteration:25/459 batch loss is :0.1198
2025-06-25 05:58:41 - INFO - epoch:4/25 iteration:30/459 batch loss is :0.0703
2025-06-25 05:59:03 - INFO - epoch:4/25 iteration:35/459 batch loss is :0.0735
2025-06-25 05:59:24 - INFO - epoch:4/25 iteration:40/459 batch loss is :0.0761
2025-06-25 05:59:45 - INFO - epoch:4/25 iteration:45/459 batch loss is :0.1210
2025-06-25 06:00:07 - INFO - epoch:4/25 iteration:50/459 batch loss is :0.0859
2025-06-25 06:00:28 - INFO - epoch:4/25 iteration:55/459 batch loss is :0.0634
2025-06-25 06:00:49 - INFO - epoch:4/25 iteration:60/459 batch loss is :0.0967
2025-06-25 06:01:11 - INFO - epoch:4/25 iteration:65/459 batch loss is :0.1493
2025-06-25 06:01:32 - INFO - epoch:4/25 iteration:70/459 batch loss is :0.0786
2025-06-25 06:01:55 - INFO - epoch:4/25 iteration:75/459 batch loss is :0.0779
2025-06-25 06:02:16 - INFO - epoch:4/25 iteration:80/459 batch loss is :0.1354
2025-06-25 06:02:37 - INFO - epoch:4/25 iteration:85/459 batch loss is :0.0707
2025-06-25 06:02:59 - INFO - epoch:4/25 iteration:90/459 batch loss is :0.0911
2025-06-25 06:03:20 - INFO - epoch:4/25 iteration:95/459 batch loss is :0.1020
2025-06-25 06:03:42 - INFO - epoch:4/25 iteration:100/459 batch loss is :0.0943
2025-06-25 06:04:04 - INFO - epoch:4/25 iteration:105/459 batch loss is :0.1100
2025-06-25 06:04:25 - INFO - epoch:4/25 iteration:110/459 batch loss is :0.0774
2025-06-25 06:04:46 - INFO - epoch:4/25 iteration:115/459 batch loss is :0.0741
2025-06-25 06:05:08 - INFO - epoch:4/25 iteration:120/459 batch loss is :0.1058
2025-06-25 06:05:29 - INFO - epoch:4/25 iteration:125/459 batch loss is :0.0869
2025-06-25 06:05:51 - INFO - epoch:4/25 iteration:130/459 batch loss is :0.0899
2025-06-25 06:06:12 - INFO - epoch:4/25 iteration:135/459 batch loss is :0.1038
2025-06-25 06:06:34 - INFO - epoch:4/25 iteration:140/459 batch loss is :0.0652
2025-06-25 06:06:55 - INFO - epoch:4/25 iteration:145/459 batch loss is :0.0722
2025-06-25 06:07:16 - INFO - epoch:4/25 iteration:150/459 batch loss is :0.1534
2025-06-25 06:07:37 - INFO - epoch:4/25 iteration:155/459 batch loss is :0.0656
2025-06-25 06:07:59 - INFO - epoch:4/25 iteration:160/459 batch loss is :0.1304
2025-06-25 06:08:20 - INFO - epoch:4/25 iteration:165/459 batch loss is :0.0769
2025-06-25 06:08:41 - INFO - epoch:4/25 iteration:170/459 batch loss is :0.0872
2025-06-25 06:09:02 - INFO - epoch:4/25 iteration:175/459 batch loss is :0.0891
2025-06-25 06:09:24 - INFO - epoch:4/25 iteration:180/459 batch loss is :0.0818
2025-06-25 06:09:45 - INFO - epoch:4/25 iteration:185/459 batch loss is :0.1082
2025-06-25 06:10:06 - INFO - epoch:4/25 iteration:190/459 batch loss is :0.1292
2025-06-25 06:10:27 - INFO - epoch:4/25 iteration:195/459 batch loss is :0.1193
2025-06-25 06:10:48 - INFO - epoch:4/25 iteration:200/459 batch loss is :0.0895
2025-06-25 06:11:10 - INFO - epoch:4/25 iteration:205/459 batch loss is :0.0985
2025-06-25 06:11:31 - INFO - epoch:4/25 iteration:210/459 batch loss is :0.0808
2025-06-25 06:11:52 - INFO - epoch:4/25 iteration:215/459 batch loss is :0.0756
2025-06-25 06:12:13 - INFO - epoch:4/25 iteration:220/459 batch loss is :0.1060
2025-06-25 06:12:35 - INFO - epoch:4/25 iteration:225/459 batch loss is :0.0618
2025-06-25 06:12:56 - INFO - epoch:4/25 iteration:230/459 batch loss is :0.0799
2025-06-25 06:13:18 - INFO - epoch:4/25 iteration:235/459 batch loss is :0.1014
2025-06-25 06:13:39 - INFO - epoch:4/25 iteration:240/459 batch loss is :0.1526
2025-06-25 06:14:01 - INFO - epoch:4/25 iteration:245/459 batch loss is :0.0824
2025-06-25 06:14:22 - INFO - epoch:4/25 iteration:250/459 batch loss is :0.0963
2025-06-25 06:14:43 - INFO - epoch:4/25 iteration:255/459 batch loss is :0.1002
2025-06-25 06:15:05 - INFO - epoch:4/25 iteration:260/459 batch loss is :0.0785
2025-06-25 06:15:27 - INFO - epoch:4/25 iteration:265/459 batch loss is :0.0844
2025-06-25 06:15:48 - INFO - epoch:4/25 iteration:270/459 batch loss is :0.2294
2025-06-25 06:16:10 - INFO - epoch:4/25 iteration:275/459 batch loss is :0.1031
2025-06-25 06:16:31 - INFO - epoch:4/25 iteration:280/459 batch loss is :0.0756
2025-06-25 06:16:52 - INFO - epoch:4/25 iteration:285/459 batch loss is :0.1373
2025-06-25 06:17:13 - INFO - epoch:4/25 iteration:290/459 batch loss is :0.0713
2025-06-25 06:17:35 - INFO - epoch:4/25 iteration:295/459 batch loss is :0.1011
2025-06-25 06:17:56 - INFO - epoch:4/25 iteration:300/459 batch loss is :0.0768
2025-06-25 06:18:18 - INFO - epoch:4/25 iteration:305/459 batch loss is :0.1072
2025-06-25 06:18:39 - INFO - epoch:4/25 iteration:310/459 batch loss is :0.0986
2025-06-25 06:19:01 - INFO - epoch:4/25 iteration:315/459 batch loss is :0.1412
2025-06-25 06:19:22 - INFO - epoch:4/25 iteration:320/459 batch loss is :0.0852
2025-06-25 06:19:43 - INFO - epoch:4/25 iteration:325/459 batch loss is :0.0767
2025-06-25 06:20:04 - INFO - epoch:4/25 iteration:330/459 batch loss is :0.1182
2025-06-25 06:20:25 - INFO - epoch:4/25 iteration:335/459 batch loss is :0.1077
2025-06-25 06:20:46 - INFO - epoch:4/25 iteration:340/459 batch loss is :0.1070
2025-06-25 06:21:08 - INFO - epoch:4/25 iteration:345/459 batch loss is :0.1076
2025-06-25 06:21:29 - INFO - epoch:4/25 iteration:350/459 batch loss is :0.0876
2025-06-25 06:21:50 - INFO - epoch:4/25 iteration:355/459 batch loss is :0.0979
2025-06-25 06:22:11 - INFO - epoch:4/25 iteration:360/459 batch loss is :0.0933
2025-06-25 06:22:33 - INFO - epoch:4/25 iteration:365/459 batch loss is :0.0739
2025-06-25 06:22:54 - INFO - epoch:4/25 iteration:370/459 batch loss is :0.0665
2025-06-25 06:23:16 - INFO - epoch:4/25 iteration:375/459 batch loss is :0.0961
2025-06-25 06:23:37 - INFO - epoch:4/25 iteration:380/459 batch loss is :0.1462
2025-06-25 06:23:59 - INFO - epoch:4/25 iteration:385/459 batch loss is :0.0948
2025-06-25 06:24:20 - INFO - epoch:4/25 iteration:390/459 batch loss is :0.1286
2025-06-25 06:24:41 - INFO - epoch:4/25 iteration:395/459 batch loss is :0.0714
2025-06-25 06:25:03 - INFO - epoch:4/25 iteration:400/459 batch loss is :0.1467
2025-06-25 06:25:24 - INFO - epoch:4/25 iteration:405/459 batch loss is :0.1504
2025-06-25 06:25:45 - INFO - epoch:4/25 iteration:410/459 batch loss is :0.0774
2025-06-25 06:26:06 - INFO - epoch:4/25 iteration:415/459 batch loss is :0.1113
2025-06-25 06:26:28 - INFO - epoch:4/25 iteration:420/459 batch loss is :0.0886
2025-06-25 06:26:50 - INFO - epoch:4/25 iteration:425/459 batch loss is :0.0835
2025-06-25 06:27:11 - INFO - epoch:4/25 iteration:430/459 batch loss is :0.0782
2025-06-25 06:27:32 - INFO - epoch:4/25 iteration:435/459 batch loss is :0.0948
2025-06-25 06:27:52 - INFO - epoch:4/25 iteration:440/459 batch loss is :0.0835
2025-06-25 06:28:13 - INFO - epoch:4/25 iteration:445/459 batch loss is :0.0649
2025-06-25 06:28:34 - INFO - epoch:4/25 iteration:450/459 batch loss is :0.0953
2025-06-25 06:28:54 - INFO - epoch:4/25 iteration:455/459 batch loss is :0.0866
2025-06-25 06:29:09 - INFO - Epoch:4/25 Loss is :0.1024
2025-06-25 06:32:13 - INFO - epoch:5/25 iteration:0/459 batch loss is :0.0785
2025-06-25 06:32:37 - INFO - epoch:5/25 iteration:5/459 batch loss is :0.0748
2025-06-25 06:33:00 - INFO - epoch:5/25 iteration:10/459 batch loss is :0.1108
2025-06-25 06:33:22 - INFO - epoch:5/25 iteration:15/459 batch loss is :0.0954
2025-06-25 06:33:45 - INFO - epoch:5/25 iteration:20/459 batch loss is :0.0744
2025-06-25 06:34:06 - INFO - epoch:5/25 iteration:25/459 batch loss is :0.0657
2025-06-25 06:34:28 - INFO - epoch:5/25 iteration:30/459 batch loss is :0.0746
2025-06-25 06:34:49 - INFO - epoch:5/25 iteration:35/459 batch loss is :0.0867
2025-06-25 06:35:11 - INFO - epoch:5/25 iteration:40/459 batch loss is :0.0705
2025-06-25 06:35:32 - INFO - epoch:5/25 iteration:45/459 batch loss is :0.0641
2025-06-25 06:35:53 - INFO - epoch:5/25 iteration:50/459 batch loss is :0.1142
2025-06-25 06:36:15 - INFO - epoch:5/25 iteration:55/459 batch loss is :0.0737
2025-06-25 06:36:36 - INFO - epoch:5/25 iteration:60/459 batch loss is :0.1245
2025-06-25 06:36:57 - INFO - epoch:5/25 iteration:65/459 batch loss is :0.0742
2025-06-25 06:37:19 - INFO - epoch:5/25 iteration:70/459 batch loss is :0.1967
2025-06-25 06:37:40 - INFO - epoch:5/25 iteration:75/459 batch loss is :0.0960
2025-06-25 06:38:01 - INFO - epoch:5/25 iteration:80/459 batch loss is :0.0797
2025-06-25 06:38:23 - INFO - epoch:5/25 iteration:85/459 batch loss is :0.0974
2025-06-25 06:38:45 - INFO - epoch:5/25 iteration:90/459 batch loss is :0.1282
2025-06-25 06:39:06 - INFO - epoch:5/25 iteration:95/459 batch loss is :0.0636
2025-06-25 06:39:28 - INFO - epoch:5/25 iteration:100/459 batch loss is :0.1077
2025-06-25 06:39:49 - INFO - epoch:5/25 iteration:105/459 batch loss is :0.0683
2025-06-25 06:40:10 - INFO - epoch:5/25 iteration:110/459 batch loss is :0.0760
2025-06-25 06:40:31 - INFO - epoch:5/25 iteration:115/459 batch loss is :0.0728
2025-06-25 06:40:53 - INFO - epoch:5/25 iteration:120/459 batch loss is :0.0774
2025-06-25 06:41:14 - INFO - epoch:5/25 iteration:125/459 batch loss is :0.0923
2025-06-25 06:41:36 - INFO - epoch:5/25 iteration:130/459 batch loss is :0.1758
2025-06-25 06:41:57 - INFO - epoch:5/25 iteration:135/459 batch loss is :0.0834
2025-06-25 06:42:18 - INFO - epoch:5/25 iteration:140/459 batch loss is :0.0597
2025-06-25 06:42:40 - INFO - epoch:5/25 iteration:145/459 batch loss is :0.1056
2025-06-25 06:43:01 - INFO - epoch:5/25 iteration:150/459 batch loss is :0.0872
2025-06-25 06:43:22 - INFO - epoch:5/25 iteration:155/459 batch loss is :0.0735
2025-06-25 06:43:44 - INFO - epoch:5/25 iteration:160/459 batch loss is :0.0722
2025-06-25 06:44:05 - INFO - epoch:5/25 iteration:165/459 batch loss is :0.0659
2025-06-25 06:44:26 - INFO - epoch:5/25 iteration:170/459 batch loss is :0.0831
2025-06-25 06:44:48 - INFO - epoch:5/25 iteration:175/459 batch loss is :0.0957
2025-06-25 06:45:09 - INFO - epoch:5/25 iteration:180/459 batch loss is :0.0989
2025-06-25 06:45:31 - INFO - epoch:5/25 iteration:185/459 batch loss is :0.0974
2025-06-25 06:45:52 - INFO - epoch:5/25 iteration:190/459 batch loss is :0.0821
2025-06-25 06:46:13 - INFO - epoch:5/25 iteration:195/459 batch loss is :0.0727
2025-06-25 06:46:35 - INFO - epoch:5/25 iteration:200/459 batch loss is :0.1595
2025-06-25 06:46:56 - INFO - epoch:5/25 iteration:205/459 batch loss is :0.0783
2025-06-25 06:47:17 - INFO - epoch:5/25 iteration:210/459 batch loss is :0.0672
2025-06-25 06:47:38 - INFO - epoch:5/25 iteration:215/459 batch loss is :0.1277
2025-06-25 06:48:00 - INFO - epoch:5/25 iteration:220/459 batch loss is :0.1123
2025-06-25 06:48:21 - INFO - epoch:5/25 iteration:225/459 batch loss is :0.1223
2025-06-25 06:48:43 - INFO - epoch:5/25 iteration:230/459 batch loss is :0.0999
2025-06-25 06:49:04 - INFO - epoch:5/25 iteration:235/459 batch loss is :0.1896
2025-06-25 06:49:26 - INFO - epoch:5/25 iteration:240/459 batch loss is :0.0681
2025-06-25 06:49:47 - INFO - epoch:5/25 iteration:245/459 batch loss is :0.0738
2025-06-25 06:50:09 - INFO - epoch:5/25 iteration:250/459 batch loss is :0.0640
2025-06-25 06:50:30 - INFO - epoch:5/25 iteration:255/459 batch loss is :0.0612
2025-06-25 06:50:52 - INFO - epoch:5/25 iteration:260/459 batch loss is :0.0746
2025-06-25 06:51:13 - INFO - epoch:5/25 iteration:265/459 batch loss is :0.1277
2025-06-25 06:51:35 - INFO - epoch:5/25 iteration:270/459 batch loss is :0.1145
2025-06-25 06:51:56 - INFO - epoch:5/25 iteration:275/459 batch loss is :0.0643
2025-06-25 06:52:18 - INFO - epoch:5/25 iteration:280/459 batch loss is :0.0729
2025-06-25 06:52:40 - INFO - epoch:5/25 iteration:285/459 batch loss is :0.0756
2025-06-25 06:53:01 - INFO - epoch:5/25 iteration:290/459 batch loss is :0.1963
2025-06-25 06:53:23 - INFO - epoch:5/25 iteration:295/459 batch loss is :0.0933
2025-06-25 06:53:44 - INFO - epoch:5/25 iteration:300/459 batch loss is :0.0554
2025-06-25 06:54:06 - INFO - epoch:5/25 iteration:305/459 batch loss is :0.0974
2025-06-25 06:54:27 - INFO - epoch:5/25 iteration:310/459 batch loss is :0.1146
2025-06-25 06:54:48 - INFO - epoch:5/25 iteration:315/459 batch loss is :0.0801
2025-06-25 06:55:10 - INFO - epoch:5/25 iteration:320/459 batch loss is :0.0526
2025-06-25 06:55:31 - INFO - epoch:5/25 iteration:325/459 batch loss is :0.0672
2025-06-25 06:55:53 - INFO - epoch:5/25 iteration:330/459 batch loss is :0.0780
2025-06-25 06:56:14 - INFO - epoch:5/25 iteration:335/459 batch loss is :0.0979
2025-06-25 06:56:36 - INFO - epoch:5/25 iteration:340/459 batch loss is :0.0977
2025-06-25 06:56:57 - INFO - epoch:5/25 iteration:345/459 batch loss is :0.1043
2025-06-25 06:57:19 - INFO - epoch:5/25 iteration:350/459 batch loss is :0.0890
2025-06-25 06:57:40 - INFO - epoch:5/25 iteration:355/459 batch loss is :0.0641
2025-06-25 06:58:02 - INFO - epoch:5/25 iteration:360/459 batch loss is :0.0761
2025-06-25 06:58:23 - INFO - epoch:5/25 iteration:365/459 batch loss is :0.0905
2025-06-25 06:58:44 - INFO - epoch:5/25 iteration:370/459 batch loss is :0.0746
2025-06-25 06:59:06 - INFO - epoch:5/25 iteration:375/459 batch loss is :0.1609
2025-06-25 06:59:28 - INFO - epoch:5/25 iteration:380/459 batch loss is :0.1506
2025-06-25 06:59:49 - INFO - epoch:5/25 iteration:385/459 batch loss is :0.0758
2025-06-25 07:00:11 - INFO - epoch:5/25 iteration:390/459 batch loss is :0.0767
2025-06-25 07:00:32 - INFO - epoch:5/25 iteration:395/459 batch loss is :0.0625
2025-06-25 07:00:53 - INFO - epoch:5/25 iteration:400/459 batch loss is :0.1185
2025-06-25 07:01:14 - INFO - epoch:5/25 iteration:405/459 batch loss is :0.0707
2025-06-25 07:01:36 - INFO - epoch:5/25 iteration:410/459 batch loss is :0.0792
2025-06-25 07:01:58 - INFO - epoch:5/25 iteration:415/459 batch loss is :0.0711
2025-06-25 07:02:19 - INFO - epoch:5/25 iteration:420/459 batch loss is :0.0866
2025-06-25 07:02:41 - INFO - epoch:5/25 iteration:425/459 batch loss is :0.0550
2025-06-25 07:03:02 - INFO - epoch:5/25 iteration:430/459 batch loss is :0.0771
2025-06-25 07:03:23 - INFO - epoch:5/25 iteration:435/459 batch loss is :0.2331
2025-06-25 07:03:44 - INFO - epoch:5/25 iteration:440/459 batch loss is :0.0617
2025-06-25 07:04:04 - INFO - epoch:5/25 iteration:445/459 batch loss is :0.0831
2025-06-25 07:04:25 - INFO - epoch:5/25 iteration:450/459 batch loss is :0.0641
2025-06-25 07:04:46 - INFO - epoch:5/25 iteration:455/459 batch loss is :0.0744
2025-06-25 07:04:59 - INFO - Epoch:5/25 Loss is :0.0905
2025-06-25 07:13:58 - INFO - VAL loss :0.0844
2025-06-25 07:16:49 - INFO - epoch:6/25 iteration:0/459 batch loss is :0.0845
2025-06-25 07:17:12 - INFO - epoch:6/25 iteration:5/459 batch loss is :0.1031
2025-06-25 07:17:34 - INFO - epoch:6/25 iteration:10/459 batch loss is :0.0566
2025-06-25 07:17:57 - INFO - epoch:6/25 iteration:15/459 batch loss is :0.1246
2025-06-25 07:18:20 - INFO - epoch:6/25 iteration:20/459 batch loss is :0.1062
2025-06-25 07:18:41 - INFO - epoch:6/25 iteration:25/459 batch loss is :0.0771
2025-06-25 07:19:03 - INFO - epoch:6/25 iteration:30/459 batch loss is :0.0648
2025-06-25 07:19:25 - INFO - epoch:6/25 iteration:35/459 batch loss is :0.0681
2025-06-25 07:19:46 - INFO - epoch:6/25 iteration:40/459 batch loss is :0.0878
2025-06-25 07:20:08 - INFO - epoch:6/25 iteration:45/459 batch loss is :0.0802
2025-06-25 07:20:29 - INFO - epoch:6/25 iteration:50/459 batch loss is :0.1165
2025-06-25 07:20:51 - INFO - epoch:6/25 iteration:55/459 batch loss is :0.0684
2025-06-25 07:21:12 - INFO - epoch:6/25 iteration:60/459 batch loss is :0.1077
2025-06-25 07:21:34 - INFO - epoch:6/25 iteration:65/459 batch loss is :0.0705
2025-06-25 07:21:56 - INFO - epoch:6/25 iteration:70/459 batch loss is :0.1035
2025-06-25 07:22:17 - INFO - epoch:6/25 iteration:75/459 batch loss is :0.0614
2025-06-25 07:22:39 - INFO - epoch:6/25 iteration:80/459 batch loss is :0.0797
2025-06-25 07:23:00 - INFO - epoch:6/25 iteration:85/459 batch loss is :0.0807
2025-06-25 07:23:22 - INFO - epoch:6/25 iteration:90/459 batch loss is :0.0838
2025-06-25 07:23:43 - INFO - epoch:6/25 iteration:95/459 batch loss is :0.0991
2025-06-25 07:24:04 - INFO - epoch:6/25 iteration:100/459 batch loss is :0.1602
2025-06-25 07:24:26 - INFO - epoch:6/25 iteration:105/459 batch loss is :0.0703
2025-06-25 07:24:48 - INFO - epoch:6/25 iteration:110/459 batch loss is :0.0935
2025-06-25 07:25:09 - INFO - epoch:6/25 iteration:115/459 batch loss is :0.0785
2025-06-25 07:25:31 - INFO - epoch:6/25 iteration:120/459 batch loss is :0.0707
2025-06-25 07:25:52 - INFO - epoch:6/25 iteration:125/459 batch loss is :0.0908
2025-06-25 07:26:14 - INFO - epoch:6/25 iteration:130/459 batch loss is :0.0996
2025-06-25 07:26:36 - INFO - epoch:6/25 iteration:135/459 batch loss is :0.1254
2025-06-25 07:26:57 - INFO - epoch:6/25 iteration:140/459 batch loss is :0.1740
2025-06-25 07:27:18 - INFO - epoch:6/25 iteration:145/459 batch loss is :0.0885
2025-06-25 07:27:40 - INFO - epoch:6/25 iteration:150/459 batch loss is :0.0905
2025-06-25 07:28:01 - INFO - epoch:6/25 iteration:155/459 batch loss is :0.0553
2025-06-25 07:28:23 - INFO - epoch:6/25 iteration:160/459 batch loss is :0.0732
2025-06-25 07:28:44 - INFO - epoch:6/25 iteration:165/459 batch loss is :0.0693
2025-06-25 07:29:06 - INFO - epoch:6/25 iteration:170/459 batch loss is :0.0713
2025-06-25 07:29:27 - INFO - epoch:6/25 iteration:175/459 batch loss is :0.0803
2025-06-25 07:29:49 - INFO - epoch:6/25 iteration:180/459 batch loss is :0.0789
2025-06-25 07:30:10 - INFO - epoch:6/25 iteration:185/459 batch loss is :0.0961
2025-06-25 07:30:32 - INFO - epoch:6/25 iteration:190/459 batch loss is :0.1054
2025-06-25 07:30:53 - INFO - epoch:6/25 iteration:195/459 batch loss is :0.0702
2025-06-25 07:31:15 - INFO - epoch:6/25 iteration:200/459 batch loss is :0.0853
2025-06-25 07:31:36 - INFO - epoch:6/25 iteration:205/459 batch loss is :0.0782
2025-06-25 07:31:58 - INFO - epoch:6/25 iteration:210/459 batch loss is :0.0778
2025-06-25 07:32:19 - INFO - epoch:6/25 iteration:215/459 batch loss is :0.0765
2025-06-25 07:32:40 - INFO - epoch:6/25 iteration:220/459 batch loss is :0.0821
2025-06-25 07:33:01 - INFO - epoch:6/25 iteration:225/459 batch loss is :0.0595
2025-06-25 07:33:23 - INFO - epoch:6/25 iteration:230/459 batch loss is :0.1117
2025-06-25 07:33:44 - INFO - epoch:6/25 iteration:235/459 batch loss is :0.0717
2025-06-25 07:34:06 - INFO - epoch:6/25 iteration:240/459 batch loss is :0.1066
2025-06-25 07:34:27 - INFO - epoch:6/25 iteration:245/459 batch loss is :0.0720
2025-06-25 07:34:49 - INFO - epoch:6/25 iteration:250/459 batch loss is :0.0728
2025-06-25 07:35:10 - INFO - epoch:6/25 iteration:255/459 batch loss is :0.0923
2025-06-25 07:35:32 - INFO - epoch:6/25 iteration:260/459 batch loss is :0.0641
2025-06-25 07:35:53 - INFO - epoch:6/25 iteration:265/459 batch loss is :0.0649
2025-06-25 07:36:15 - INFO - epoch:6/25 iteration:270/459 batch loss is :0.1225
2025-06-25 07:36:36 - INFO - epoch:6/25 iteration:275/459 batch loss is :0.1161
2025-06-25 07:36:58 - INFO - epoch:6/25 iteration:280/459 batch loss is :0.0733
2025-06-25 07:37:19 - INFO - epoch:6/25 iteration:285/459 batch loss is :0.1101
2025-06-25 07:37:41 - INFO - epoch:6/25 iteration:290/459 batch loss is :0.0767
2025-06-25 07:38:02 - INFO - epoch:6/25 iteration:295/459 batch loss is :0.0833
2025-06-25 07:38:23 - INFO - epoch:6/25 iteration:300/459 batch loss is :0.1521
2025-06-25 07:38:45 - INFO - epoch:6/25 iteration:305/459 batch loss is :0.0789
2025-06-25 07:39:06 - INFO - epoch:6/25 iteration:310/459 batch loss is :0.0630
2025-06-25 07:39:28 - INFO - epoch:6/25 iteration:315/459 batch loss is :0.0864
2025-06-25 07:39:49 - INFO - epoch:6/25 iteration:320/459 batch loss is :0.1360
2025-06-25 07:40:10 - INFO - epoch:6/25 iteration:325/459 batch loss is :0.1471
2025-06-25 07:40:32 - INFO - epoch:6/25 iteration:330/459 batch loss is :0.0816
2025-06-25 07:40:53 - INFO - epoch:6/25 iteration:335/459 batch loss is :0.0566
2025-06-25 07:41:15 - INFO - epoch:6/25 iteration:340/459 batch loss is :0.0622
2025-06-25 07:41:36 - INFO - epoch:6/25 iteration:345/459 batch loss is :0.0515
2025-06-25 07:41:58 - INFO - epoch:6/25 iteration:350/459 batch loss is :0.1263
2025-06-25 07:42:20 - INFO - epoch:6/25 iteration:355/459 batch loss is :0.0913
2025-06-25 07:42:41 - INFO - epoch:6/25 iteration:360/459 batch loss is :0.1051
2025-06-25 07:43:03 - INFO - epoch:6/25 iteration:365/459 batch loss is :0.0847
2025-06-25 07:43:25 - INFO - epoch:6/25 iteration:370/459 batch loss is :0.0566
2025-06-25 07:43:46 - INFO - epoch:6/25 iteration:375/459 batch loss is :0.1283
2025-06-25 07:44:08 - INFO - epoch:6/25 iteration:380/459 batch loss is :0.1264
2025-06-25 07:44:29 - INFO - epoch:6/25 iteration:385/459 batch loss is :0.0772
2025-06-25 07:44:51 - INFO - epoch:6/25 iteration:390/459 batch loss is :0.1008
2025-06-25 07:45:12 - INFO - epoch:6/25 iteration:395/459 batch loss is :0.0598
2025-06-25 07:45:33 - INFO - epoch:6/25 iteration:400/459 batch loss is :0.1407
2025-06-25 07:45:55 - INFO - epoch:6/25 iteration:405/459 batch loss is :0.0766
2025-06-25 07:46:16 - INFO - epoch:6/25 iteration:410/459 batch loss is :0.0649
2025-06-25 07:46:37 - INFO - epoch:6/25 iteration:415/459 batch loss is :0.0986
2025-06-25 07:46:59 - INFO - epoch:6/25 iteration:420/459 batch loss is :0.0668
2025-06-25 07:47:20 - INFO - epoch:6/25 iteration:425/459 batch loss is :0.1022
2025-06-25 07:47:42 - INFO - epoch:6/25 iteration:430/459 batch loss is :0.0994
2025-06-25 07:48:03 - INFO - epoch:6/25 iteration:435/459 batch loss is :0.0945
2025-06-25 07:48:23 - INFO - epoch:6/25 iteration:440/459 batch loss is :0.0943
2025-06-25 07:48:44 - INFO - epoch:6/25 iteration:445/459 batch loss is :0.0654
2025-06-25 07:49:05 - INFO - epoch:6/25 iteration:450/459 batch loss is :0.0893
2025-06-25 07:49:26 - INFO - epoch:6/25 iteration:455/459 batch loss is :0.0993
2025-06-25 07:49:39 - INFO - Epoch:6/25 Loss is :0.0860
2025-06-25 07:52:29 - INFO - epoch:7/25 iteration:0/459 batch loss is :0.1039
2025-06-25 07:52:53 - INFO - epoch:7/25 iteration:5/459 batch loss is :0.0729
2025-06-25 07:53:15 - INFO - epoch:7/25 iteration:10/459 batch loss is :0.0687
2025-06-25 07:53:39 - INFO - epoch:7/25 iteration:15/459 batch loss is :0.0867
2025-06-25 07:54:01 - INFO - epoch:7/25 iteration:20/459 batch loss is :0.0846
2025-06-25 07:54:23 - INFO - epoch:7/25 iteration:25/459 batch loss is :0.1039
2025-06-25 07:54:44 - INFO - epoch:7/25 iteration:30/459 batch loss is :0.0797
2025-06-25 07:55:06 - INFO - epoch:7/25 iteration:35/459 batch loss is :0.0573
2025-06-25 07:55:27 - INFO - epoch:7/25 iteration:40/459 batch loss is :0.0787
2025-06-25 07:55:49 - INFO - epoch:7/25 iteration:45/459 batch loss is :0.0855
2025-06-25 07:56:10 - INFO - epoch:7/25 iteration:50/459 batch loss is :0.1038
2025-06-25 07:56:31 - INFO - epoch:7/25 iteration:55/459 batch loss is :0.0679
2025-06-25 07:56:53 - INFO - epoch:7/25 iteration:60/459 batch loss is :0.0956
2025-06-25 07:57:14 - INFO - epoch:7/25 iteration:65/459 batch loss is :0.0553
2025-06-25 07:57:35 - INFO - epoch:7/25 iteration:70/459 batch loss is :0.0993
2025-06-25 07:57:57 - INFO - epoch:7/25 iteration:75/459 batch loss is :0.0691
2025-06-25 07:58:18 - INFO - epoch:7/25 iteration:80/459 batch loss is :0.0663
2025-06-25 07:58:40 - INFO - epoch:7/25 iteration:85/459 batch loss is :0.0644
2025-06-25 07:59:01 - INFO - epoch:7/25 iteration:90/459 batch loss is :0.0701
2025-06-25 07:59:22 - INFO - epoch:7/25 iteration:95/459 batch loss is :0.0765
2025-06-25 07:59:44 - INFO - epoch:7/25 iteration:100/459 batch loss is :0.0497
2025-06-25 08:00:06 - INFO - epoch:7/25 iteration:105/459 batch loss is :0.0650
2025-06-25 08:00:27 - INFO - epoch:7/25 iteration:110/459 batch loss is :0.0766
2025-06-25 08:00:49 - INFO - epoch:7/25 iteration:115/459 batch loss is :0.0768
2025-06-25 08:01:10 - INFO - epoch:7/25 iteration:120/459 batch loss is :0.0754
2025-06-25 08:01:32 - INFO - epoch:7/25 iteration:125/459 batch loss is :0.0778
2025-06-25 08:01:53 - INFO - epoch:7/25 iteration:130/459 batch loss is :0.0830
2025-06-25 08:02:15 - INFO - epoch:7/25 iteration:135/459 batch loss is :0.0540
2025-06-25 08:02:36 - INFO - epoch:7/25 iteration:140/459 batch loss is :0.1534
2025-06-25 08:02:58 - INFO - epoch:7/25 iteration:145/459 batch loss is :0.0516
2025-06-25 08:03:20 - INFO - epoch:7/25 iteration:150/459 batch loss is :0.0801
2025-06-25 08:03:41 - INFO - epoch:7/25 iteration:155/459 batch loss is :0.0574
2025-06-25 08:04:02 - INFO - epoch:7/25 iteration:160/459 batch loss is :0.0959
2025-06-25 08:04:24 - INFO - epoch:7/25 iteration:165/459 batch loss is :0.0752
2025-06-25 08:04:45 - INFO - epoch:7/25 iteration:170/459 batch loss is :0.0555
2025-06-25 08:05:07 - INFO - epoch:7/25 iteration:175/459 batch loss is :0.0630
2025-06-25 08:05:28 - INFO - epoch:7/25 iteration:180/459 batch loss is :0.0549
2025-06-25 08:05:50 - INFO - epoch:7/25 iteration:185/459 batch loss is :0.0642
2025-06-25 08:06:11 - INFO - epoch:7/25 iteration:190/459 batch loss is :0.0706
2025-06-25 08:06:33 - INFO - epoch:7/25 iteration:195/459 batch loss is :0.0414
2025-06-25 08:06:54 - INFO - epoch:7/25 iteration:200/459 batch loss is :0.0890
2025-06-25 08:07:15 - INFO - epoch:7/25 iteration:205/459 batch loss is :0.1027
2025-06-25 08:07:37 - INFO - epoch:7/25 iteration:210/459 batch loss is :0.0902
2025-06-25 08:07:58 - INFO - epoch:7/25 iteration:215/459 batch loss is :0.0706
2025-06-25 08:08:20 - INFO - epoch:7/25 iteration:220/459 batch loss is :0.1111
2025-06-25 08:08:41 - INFO - epoch:7/25 iteration:225/459 batch loss is :0.0804
2025-06-25 08:09:03 - INFO - epoch:7/25 iteration:230/459 batch loss is :0.1167
2025-06-25 08:09:25 - INFO - epoch:7/25 iteration:235/459 batch loss is :0.0992
2025-06-25 08:09:46 - INFO - epoch:7/25 iteration:240/459 batch loss is :0.0919
2025-06-25 08:10:08 - INFO - epoch:7/25 iteration:245/459 batch loss is :0.0907
2025-06-25 08:10:29 - INFO - epoch:7/25 iteration:250/459 batch loss is :0.0693
2025-06-25 08:10:51 - INFO - epoch:7/25 iteration:255/459 batch loss is :0.0916
2025-06-25 08:11:12 - INFO - epoch:7/25 iteration:260/459 batch loss is :0.0955
2025-06-25 08:11:34 - INFO - epoch:7/25 iteration:265/459 batch loss is :0.0872
2025-06-25 08:11:55 - INFO - epoch:7/25 iteration:270/459 batch loss is :0.1007
2025-06-25 08:12:17 - INFO - epoch:7/25 iteration:275/459 batch loss is :0.1294
2025-06-25 08:12:38 - INFO - epoch:7/25 iteration:280/459 batch loss is :0.1081
2025-06-25 08:13:00 - INFO - epoch:7/25 iteration:285/459 batch loss is :0.0999
2025-06-25 08:13:21 - INFO - epoch:7/25 iteration:290/459 batch loss is :0.0926
2025-06-25 08:13:43 - INFO - epoch:7/25 iteration:295/459 batch loss is :0.0983
2025-06-25 08:14:04 - INFO - epoch:7/25 iteration:300/459 batch loss is :0.0736
2025-06-25 08:14:26 - INFO - epoch:7/25 iteration:305/459 batch loss is :0.0804
2025-06-25 08:14:47 - INFO - epoch:7/25 iteration:310/459 batch loss is :0.0680
2025-06-25 08:15:09 - INFO - epoch:7/25 iteration:315/459 batch loss is :0.0852
2025-06-25 08:15:30 - INFO - epoch:7/25 iteration:320/459 batch loss is :0.0629
2025-06-25 08:15:52 - INFO - epoch:7/25 iteration:325/459 batch loss is :0.0946
2025-06-25 08:16:13 - INFO - epoch:7/25 iteration:330/459 batch loss is :0.0728
2025-06-25 08:16:35 - INFO - epoch:7/25 iteration:335/459 batch loss is :0.0671
2025-06-25 08:16:56 - INFO - epoch:7/25 iteration:340/459 batch loss is :0.0674
2025-06-25 08:17:18 - INFO - epoch:7/25 iteration:345/459 batch loss is :0.0707
2025-06-25 08:17:39 - INFO - epoch:7/25 iteration:350/459 batch loss is :0.0706
2025-06-25 08:18:00 - INFO - epoch:7/25 iteration:355/459 batch loss is :0.1023
2025-06-25 08:18:21 - INFO - epoch:7/25 iteration:360/459 batch loss is :0.1041
2025-06-25 08:18:43 - INFO - epoch:7/25 iteration:365/459 batch loss is :0.1033
2025-06-25 08:19:04 - INFO - epoch:7/25 iteration:370/459 batch loss is :0.1112
2025-06-25 08:19:26 - INFO - epoch:7/25 iteration:375/459 batch loss is :0.0699
2025-06-25 08:19:47 - INFO - epoch:7/25 iteration:380/459 batch loss is :0.0764
2025-06-25 08:20:08 - INFO - epoch:7/25 iteration:385/459 batch loss is :0.0689
2025-06-25 08:20:29 - INFO - epoch:7/25 iteration:390/459 batch loss is :0.1300
2025-06-25 08:20:51 - INFO - epoch:7/25 iteration:395/459 batch loss is :0.1169
2025-06-25 08:21:13 - INFO - epoch:7/25 iteration:400/459 batch loss is :0.0776
2025-06-25 08:21:34 - INFO - epoch:7/25 iteration:405/459 batch loss is :0.0840
2025-06-25 08:21:56 - INFO - epoch:7/25 iteration:410/459 batch loss is :0.1092
2025-06-25 08:22:17 - INFO - epoch:7/25 iteration:415/459 batch loss is :0.0642
2025-06-25 08:22:38 - INFO - epoch:7/25 iteration:420/459 batch loss is :0.0771
2025-06-25 08:23:00 - INFO - epoch:7/25 iteration:425/459 batch loss is :0.0767
2025-06-25 08:23:21 - INFO - epoch:7/25 iteration:430/459 batch loss is :0.1059
2025-06-25 08:23:42 - INFO - epoch:7/25 iteration:435/459 batch loss is :0.0578
2025-06-25 08:24:03 - INFO - epoch:7/25 iteration:440/459 batch loss is :0.0667
2025-06-25 08:24:24 - INFO - epoch:7/25 iteration:445/459 batch loss is :0.0945
2025-06-25 08:24:44 - INFO - epoch:7/25 iteration:450/459 batch loss is :0.0927
2025-06-25 08:25:05 - INFO - epoch:7/25 iteration:455/459 batch loss is :0.0985
2025-06-25 08:25:18 - INFO - Epoch:7/25 Loss is :0.0839
2025-06-25 08:28:05 - INFO - epoch:8/25 iteration:0/459 batch loss is :0.0726
2025-06-25 08:28:29 - INFO - epoch:8/25 iteration:5/459 batch loss is :0.0708
2025-06-25 08:28:52 - INFO - epoch:8/25 iteration:10/459 batch loss is :0.0501
2025-06-25 08:29:15 - INFO - epoch:8/25 iteration:15/459 batch loss is :0.0512
2025-06-25 08:29:37 - INFO - epoch:8/25 iteration:20/459 batch loss is :0.0677
2025-06-25 08:29:58 - INFO - epoch:8/25 iteration:25/459 batch loss is :0.0697
2025-06-25 08:30:20 - INFO - epoch:8/25 iteration:30/459 batch loss is :0.1155
2025-06-25 08:30:42 - INFO - epoch:8/25 iteration:35/459 batch loss is :0.0772
2025-06-25 08:31:03 - INFO - epoch:8/25 iteration:40/459 batch loss is :0.0663
2025-06-25 08:31:24 - INFO - epoch:8/25 iteration:45/459 batch loss is :0.0709
2025-06-25 08:31:46 - INFO - epoch:8/25 iteration:50/459 batch loss is :0.1355
2025-06-25 08:32:08 - INFO - epoch:8/25 iteration:55/459 batch loss is :0.0512
2025-06-25 08:32:29 - INFO - epoch:8/25 iteration:60/459 batch loss is :0.0718
2025-06-25 08:32:50 - INFO - epoch:8/25 iteration:65/459 batch loss is :0.0510
2025-06-25 08:33:12 - INFO - epoch:8/25 iteration:70/459 batch loss is :0.0677
2025-06-25 08:33:33 - INFO - epoch:8/25 iteration:75/459 batch loss is :0.0649
2025-06-25 08:33:55 - INFO - epoch:8/25 iteration:80/459 batch loss is :0.0651
2025-06-25 08:34:16 - INFO - epoch:8/25 iteration:85/459 batch loss is :0.0714
2025-06-25 08:34:38 - INFO - epoch:8/25 iteration:90/459 batch loss is :0.0545
2025-06-25 08:34:59 - INFO - epoch:8/25 iteration:95/459 batch loss is :0.0721
2025-06-25 08:35:20 - INFO - epoch:8/25 iteration:100/459 batch loss is :0.1671
2025-06-25 08:35:41 - INFO - epoch:8/25 iteration:105/459 batch loss is :0.0804
2025-06-25 08:36:02 - INFO - epoch:8/25 iteration:110/459 batch loss is :0.0814
2025-06-25 08:36:24 - INFO - epoch:8/25 iteration:115/459 batch loss is :0.1106
2025-06-25 08:36:45 - INFO - epoch:8/25 iteration:120/459 batch loss is :0.0620
2025-06-25 08:37:07 - INFO - epoch:8/25 iteration:125/459 batch loss is :0.0639
2025-06-25 08:37:28 - INFO - epoch:8/25 iteration:130/459 batch loss is :0.0960
2025-06-25 08:37:50 - INFO - epoch:8/25 iteration:135/459 batch loss is :0.0766
2025-06-25 08:38:12 - INFO - epoch:8/25 iteration:140/459 batch loss is :0.0839
2025-06-25 08:38:33 - INFO - epoch:8/25 iteration:145/459 batch loss is :0.1483
2025-06-25 08:38:55 - INFO - epoch:8/25 iteration:150/459 batch loss is :0.1069
2025-06-25 08:39:16 - INFO - epoch:8/25 iteration:155/459 batch loss is :0.0726
2025-06-25 08:39:38 - INFO - epoch:8/25 iteration:160/459 batch loss is :0.0643
2025-06-25 08:39:59 - INFO - epoch:8/25 iteration:165/459 batch loss is :0.0615
2025-06-25 08:40:20 - INFO - epoch:8/25 iteration:170/459 batch loss is :0.0712
2025-06-25 08:40:41 - INFO - epoch:8/25 iteration:175/459 batch loss is :0.0663
2025-06-25 08:41:03 - INFO - epoch:8/25 iteration:180/459 batch loss is :0.0363
2025-06-25 08:41:24 - INFO - epoch:8/25 iteration:185/459 batch loss is :0.0640
2025-06-25 08:41:46 - INFO - epoch:8/25 iteration:190/459 batch loss is :0.0629
2025-06-25 08:42:07 - INFO - epoch:8/25 iteration:195/459 batch loss is :0.0642
2025-06-25 08:42:29 - INFO - epoch:8/25 iteration:200/459 batch loss is :0.1246
2025-06-25 08:42:50 - INFO - epoch:8/25 iteration:205/459 batch loss is :0.0478
2025-06-25 08:43:11 - INFO - epoch:8/25 iteration:210/459 batch loss is :0.0765
2025-06-25 08:43:33 - INFO - epoch:8/25 iteration:215/459 batch loss is :0.0562
2025-06-25 08:43:54 - INFO - epoch:8/25 iteration:220/459 batch loss is :0.1089
2025-06-25 08:44:15 - INFO - epoch:8/25 iteration:225/459 batch loss is :0.0831
2025-06-25 08:44:37 - INFO - epoch:8/25 iteration:230/459 batch loss is :0.1347
2025-06-25 08:44:58 - INFO - epoch:8/25 iteration:235/459 batch loss is :0.0740
2025-06-25 08:45:20 - INFO - epoch:8/25 iteration:240/459 batch loss is :0.0912
2025-06-25 08:45:41 - INFO - epoch:8/25 iteration:245/459 batch loss is :0.0561
2025-06-25 08:46:02 - INFO - epoch:8/25 iteration:250/459 batch loss is :0.0807
2025-06-25 08:46:24 - INFO - epoch:8/25 iteration:255/459 batch loss is :0.0991
2025-06-25 08:46:45 - INFO - epoch:8/25 iteration:260/459 batch loss is :0.0841
2025-06-25 08:47:07 - INFO - epoch:8/25 iteration:265/459 batch loss is :0.0802
2025-06-25 08:47:28 - INFO - epoch:8/25 iteration:270/459 batch loss is :0.0528
2025-06-25 08:47:49 - INFO - epoch:8/25 iteration:275/459 batch loss is :0.0981
2025-06-25 08:48:11 - INFO - epoch:8/25 iteration:280/459 batch loss is :0.0885
2025-06-25 08:48:32 - INFO - epoch:8/25 iteration:285/459 batch loss is :0.0742
2025-06-25 08:48:54 - INFO - epoch:8/25 iteration:290/459 batch loss is :0.0587
2025-06-25 08:49:15 - INFO - epoch:8/25 iteration:295/459 batch loss is :0.0599
2025-06-25 08:49:37 - INFO - epoch:8/25 iteration:300/459 batch loss is :0.0713
2025-06-25 08:49:58 - INFO - epoch:8/25 iteration:305/459 batch loss is :0.0834
2025-06-25 08:50:19 - INFO - epoch:8/25 iteration:310/459 batch loss is :0.0717
2025-06-25 08:50:40 - INFO - epoch:8/25 iteration:315/459 batch loss is :0.0642
2025-06-25 08:51:02 - INFO - epoch:8/25 iteration:320/459 batch loss is :0.1005
2025-06-25 08:51:24 - INFO - epoch:8/25 iteration:325/459 batch loss is :0.0439
2025-06-25 08:51:45 - INFO - epoch:8/25 iteration:330/459 batch loss is :0.0868
2025-06-25 08:52:06 - INFO - epoch:8/25 iteration:335/459 batch loss is :0.0703
2025-06-25 08:52:28 - INFO - epoch:8/25 iteration:340/459 batch loss is :0.0679
2025-06-25 08:52:49 - INFO - epoch:8/25 iteration:345/459 batch loss is :0.0618
2025-06-25 08:53:11 - INFO - epoch:8/25 iteration:350/459 batch loss is :0.0605
2025-06-25 08:53:32 - INFO - epoch:8/25 iteration:355/459 batch loss is :0.0722
2025-06-25 08:53:53 - INFO - epoch:8/25 iteration:360/459 batch loss is :0.0853
2025-06-25 08:54:14 - INFO - epoch:8/25 iteration:365/459 batch loss is :0.1050
2025-06-25 08:54:36 - INFO - epoch:8/25 iteration:370/459 batch loss is :0.0584
2025-06-25 08:54:57 - INFO - epoch:8/25 iteration:375/459 batch loss is :0.0661
2025-06-25 08:55:19 - INFO - epoch:8/25 iteration:380/459 batch loss is :0.0644
2025-06-25 08:55:40 - INFO - epoch:8/25 iteration:385/459 batch loss is :0.0737
2025-06-25 08:56:02 - INFO - epoch:8/25 iteration:390/459 batch loss is :0.0806
2025-06-25 08:56:23 - INFO - epoch:8/25 iteration:395/459 batch loss is :0.0812
2025-06-25 08:56:44 - INFO - epoch:8/25 iteration:400/459 batch loss is :0.0943
2025-06-25 08:57:05 - INFO - epoch:8/25 iteration:405/459 batch loss is :0.0594
2025-06-25 08:57:27 - INFO - epoch:8/25 iteration:410/459 batch loss is :0.0644
2025-06-25 08:57:49 - INFO - epoch:8/25 iteration:415/459 batch loss is :0.1418
2025-06-25 08:58:10 - INFO - epoch:8/25 iteration:420/459 batch loss is :0.0587
2025-06-25 08:58:32 - INFO - epoch:8/25 iteration:425/459 batch loss is :0.0676
2025-06-25 08:58:53 - INFO - epoch:8/25 iteration:430/459 batch loss is :0.0853
2025-06-25 08:59:14 - INFO - epoch:8/25 iteration:435/459 batch loss is :0.0678
2025-06-25 08:59:35 - INFO - epoch:8/25 iteration:440/459 batch loss is :0.0792
2025-06-25 08:59:56 - INFO - epoch:8/25 iteration:445/459 batch loss is :0.0981
2025-06-25 09:00:16 - INFO - epoch:8/25 iteration:450/459 batch loss is :0.1112
2025-06-25 09:00:37 - INFO - epoch:8/25 iteration:455/459 batch loss is :0.0660
2025-06-25 09:00:51 - INFO - Epoch:8/25 Loss is :0.0794
2025-06-25 09:03:49 - INFO - epoch:9/25 iteration:0/459 batch loss is :0.0680
2025-06-25 09:04:12 - INFO - epoch:9/25 iteration:5/459 batch loss is :0.0511
2025-06-25 09:04:35 - INFO - epoch:9/25 iteration:10/459 batch loss is :0.0601
2025-06-25 09:04:58 - INFO - epoch:9/25 iteration:15/459 batch loss is :0.0496
2025-06-25 09:05:20 - INFO - epoch:9/25 iteration:20/459 batch loss is :0.0909
2025-06-25 09:05:42 - INFO - epoch:9/25 iteration:25/459 batch loss is :0.0764
2025-06-25 09:06:03 - INFO - epoch:9/25 iteration:30/459 batch loss is :0.1006
2025-06-25 09:06:25 - INFO - epoch:9/25 iteration:35/459 batch loss is :0.0623
2025-06-25 09:06:46 - INFO - epoch:9/25 iteration:40/459 batch loss is :0.0691
2025-06-25 09:07:08 - INFO - epoch:9/25 iteration:45/459 batch loss is :0.0532
2025-06-25 09:07:29 - INFO - epoch:9/25 iteration:50/459 batch loss is :0.0838
2025-06-25 09:07:51 - INFO - epoch:9/25 iteration:55/459 batch loss is :0.0416
2025-06-25 09:08:12 - INFO - epoch:9/25 iteration:60/459 batch loss is :0.0571
2025-06-25 09:08:34 - INFO - epoch:9/25 iteration:65/459 batch loss is :0.0969
2025-06-25 09:08:55 - INFO - epoch:9/25 iteration:70/459 batch loss is :0.0946
2025-06-25 09:09:17 - INFO - epoch:9/25 iteration:75/459 batch loss is :0.0621
2025-06-25 09:09:39 - INFO - epoch:9/25 iteration:80/459 batch loss is :0.0798
2025-06-25 09:10:00 - INFO - epoch:9/25 iteration:85/459 batch loss is :0.0598
2025-06-25 09:10:22 - INFO - epoch:9/25 iteration:90/459 batch loss is :0.0868
2025-06-25 09:10:43 - INFO - epoch:9/25 iteration:95/459 batch loss is :0.0701
2025-06-25 09:11:04 - INFO - epoch:9/25 iteration:100/459 batch loss is :0.0451
2025-06-25 09:11:26 - INFO - epoch:9/25 iteration:105/459 batch loss is :0.0751
2025-06-25 09:11:47 - INFO - epoch:9/25 iteration:110/459 batch loss is :0.0425
2025-06-25 09:12:09 - INFO - epoch:9/25 iteration:115/459 batch loss is :0.0591
2025-06-25 09:12:30 - INFO - epoch:9/25 iteration:120/459 batch loss is :0.1125
2025-06-25 09:12:51 - INFO - epoch:9/25 iteration:125/459 batch loss is :0.0556
2025-06-25 09:13:13 - INFO - epoch:9/25 iteration:130/459 batch loss is :0.0808
2025-06-25 09:13:34 - INFO - epoch:9/25 iteration:135/459 batch loss is :0.0861
2025-06-25 09:13:55 - INFO - epoch:9/25 iteration:140/459 batch loss is :0.0569
2025-06-25 09:14:16 - INFO - epoch:9/25 iteration:145/459 batch loss is :0.0735
2025-06-25 09:14:38 - INFO - epoch:9/25 iteration:150/459 batch loss is :0.0459
2025-06-25 09:14:59 - INFO - epoch:9/25 iteration:155/459 batch loss is :0.0803
2025-06-25 09:15:20 - INFO - epoch:9/25 iteration:160/459 batch loss is :0.0671
2025-06-25 09:15:41 - INFO - epoch:9/25 iteration:165/459 batch loss is :0.0676
2025-06-25 09:16:03 - INFO - epoch:9/25 iteration:170/459 batch loss is :0.0759
2025-06-25 09:16:24 - INFO - epoch:9/25 iteration:175/459 batch loss is :0.0635
2025-06-25 09:16:45 - INFO - epoch:9/25 iteration:180/459 batch loss is :0.0742
2025-06-25 09:17:07 - INFO - epoch:9/25 iteration:185/459 batch loss is :0.0534
2025-06-25 09:17:28 - INFO - epoch:9/25 iteration:190/459 batch loss is :0.0487
2025-06-25 09:17:50 - INFO - epoch:9/25 iteration:195/459 batch loss is :0.0652
2025-06-25 09:18:11 - INFO - epoch:9/25 iteration:200/459 batch loss is :0.0901
2025-06-25 09:18:32 - INFO - epoch:9/25 iteration:205/459 batch loss is :0.0654
2025-06-25 09:18:53 - INFO - epoch:9/25 iteration:210/459 batch loss is :0.0408
2025-06-25 09:19:15 - INFO - epoch:9/25 iteration:215/459 batch loss is :0.0826
2025-06-25 09:19:36 - INFO - epoch:9/25 iteration:220/459 batch loss is :0.1222
2025-06-25 09:19:57 - INFO - epoch:9/25 iteration:225/459 batch loss is :0.0810
2025-06-25 09:20:19 - INFO - epoch:9/25 iteration:230/459 batch loss is :0.0617
2025-06-25 09:20:40 - INFO - epoch:9/25 iteration:235/459 batch loss is :0.0575
2025-06-25 09:21:01 - INFO - epoch:9/25 iteration:240/459 batch loss is :0.1205
2025-06-25 09:21:23 - INFO - epoch:9/25 iteration:245/459 batch loss is :0.0720
2025-06-25 09:21:44 - INFO - epoch:9/25 iteration:250/459 batch loss is :0.0584
2025-06-25 09:22:05 - INFO - epoch:9/25 iteration:255/459 batch loss is :0.1088
2025-06-25 09:22:27 - INFO - epoch:9/25 iteration:260/459 batch loss is :0.0624
2025-06-25 09:22:48 - INFO - epoch:9/25 iteration:265/459 batch loss is :0.0682
2025-06-25 09:23:09 - INFO - epoch:9/25 iteration:270/459 batch loss is :0.0665
2025-06-25 09:23:31 - INFO - epoch:9/25 iteration:275/459 batch loss is :0.0606
2025-06-25 09:23:52 - INFO - epoch:9/25 iteration:280/459 batch loss is :0.1219
2025-06-25 09:24:13 - INFO - epoch:9/25 iteration:285/459 batch loss is :0.0491
2025-06-25 09:24:35 - INFO - epoch:9/25 iteration:290/459 batch loss is :0.1194
2025-06-25 09:24:56 - INFO - epoch:9/25 iteration:295/459 batch loss is :0.0495
2025-06-25 09:25:18 - INFO - epoch:9/25 iteration:300/459 batch loss is :0.0557
2025-06-25 09:25:39 - INFO - epoch:9/25 iteration:305/459 batch loss is :0.0710
2025-06-25 09:26:00 - INFO - epoch:9/25 iteration:310/459 batch loss is :0.0639
2025-06-25 09:26:22 - INFO - epoch:9/25 iteration:315/459 batch loss is :0.0496
2025-06-25 09:26:43 - INFO - epoch:9/25 iteration:320/459 batch loss is :0.0492
2025-06-25 09:27:05 - INFO - epoch:9/25 iteration:325/459 batch loss is :0.0460
2025-06-25 09:27:26 - INFO - epoch:9/25 iteration:330/459 batch loss is :0.0846
2025-06-25 09:27:47 - INFO - epoch:9/25 iteration:335/459 batch loss is :0.0783
2025-06-25 09:28:08 - INFO - epoch:9/25 iteration:340/459 batch loss is :0.0452
2025-06-25 09:28:30 - INFO - epoch:9/25 iteration:345/459 batch loss is :0.0435
2025-06-25 09:28:51 - INFO - epoch:9/25 iteration:350/459 batch loss is :0.0848
2025-06-25 09:29:12 - INFO - epoch:9/25 iteration:355/459 batch loss is :0.1062
2025-06-25 09:29:33 - INFO - epoch:9/25 iteration:360/459 batch loss is :0.0616
2025-06-25 09:29:55 - INFO - epoch:9/25 iteration:365/459 batch loss is :0.0749
2025-06-25 09:30:16 - INFO - epoch:9/25 iteration:370/459 batch loss is :0.1077
2025-06-25 09:30:37 - INFO - epoch:9/25 iteration:375/459 batch loss is :0.0773
2025-06-25 09:30:58 - INFO - epoch:9/25 iteration:380/459 batch loss is :0.0530
2025-06-25 09:31:20 - INFO - epoch:9/25 iteration:385/459 batch loss is :0.0537
2025-06-25 09:31:41 - INFO - epoch:9/25 iteration:390/459 batch loss is :0.0823
2025-06-25 09:32:03 - INFO - epoch:9/25 iteration:395/459 batch loss is :0.1004
2025-06-25 09:32:24 - INFO - epoch:9/25 iteration:400/459 batch loss is :0.0630
2025-06-25 09:32:45 - INFO - epoch:9/25 iteration:405/459 batch loss is :0.0654
2025-06-25 09:33:06 - INFO - epoch:9/25 iteration:410/459 batch loss is :0.0692
2025-06-25 09:33:28 - INFO - epoch:9/25 iteration:415/459 batch loss is :0.0696
2025-06-25 09:33:49 - INFO - epoch:9/25 iteration:420/459 batch loss is :0.0630
2025-06-25 09:34:11 - INFO - epoch:9/25 iteration:425/459 batch loss is :0.1072
2025-06-25 09:34:31 - INFO - epoch:9/25 iteration:430/459 batch loss is :0.0792
2025-06-25 09:34:52 - INFO - epoch:9/25 iteration:435/459 batch loss is :0.0626
2025-06-25 09:35:13 - INFO - epoch:9/25 iteration:440/459 batch loss is :0.0741
2025-06-25 09:35:33 - INFO - epoch:9/25 iteration:445/459 batch loss is :0.0505
2025-06-25 09:35:54 - INFO - epoch:9/25 iteration:450/459 batch loss is :0.0449
2025-06-25 09:36:15 - INFO - epoch:9/25 iteration:455/459 batch loss is :0.0439
2025-06-25 09:36:29 - INFO - Epoch:9/25 Loss is :0.0732
2025-06-25 09:39:15 - INFO - epoch:10/25 iteration:0/459 batch loss is :0.0546
2025-06-25 09:39:39 - INFO - epoch:10/25 iteration:5/459 batch loss is :0.0386
2025-06-25 09:40:02 - INFO - epoch:10/25 iteration:10/459 batch loss is :0.0589
2025-06-25 09:40:25 - INFO - epoch:10/25 iteration:15/459 batch loss is :0.0454
2025-06-25 09:40:47 - INFO - epoch:10/25 iteration:20/459 batch loss is :0.0608
2025-06-25 09:41:09 - INFO - epoch:10/25 iteration:25/459 batch loss is :0.0633
2025-06-25 09:41:31 - INFO - epoch:10/25 iteration:30/459 batch loss is :0.0527
2025-06-25 09:41:52 - INFO - epoch:10/25 iteration:35/459 batch loss is :0.0731
2025-06-25 09:42:14 - INFO - epoch:10/25 iteration:40/459 batch loss is :0.0640
2025-06-25 09:42:35 - INFO - epoch:10/25 iteration:45/459 batch loss is :0.0348
2025-06-25 09:42:56 - INFO - epoch:10/25 iteration:50/459 batch loss is :0.0573
2025-06-25 09:43:17 - INFO - epoch:10/25 iteration:55/459 batch loss is :0.0676
2025-06-25 09:43:39 - INFO - epoch:10/25 iteration:60/459 batch loss is :0.0971
2025-06-25 09:44:00 - INFO - epoch:10/25 iteration:65/459 batch loss is :0.0400
2025-06-25 09:44:22 - INFO - epoch:10/25 iteration:70/459 batch loss is :0.0605
2025-06-25 09:44:43 - INFO - epoch:10/25 iteration:75/459 batch loss is :0.0293
2025-06-25 09:45:05 - INFO - epoch:10/25 iteration:80/459 batch loss is :0.0385
2025-06-25 09:45:26 - INFO - epoch:10/25 iteration:85/459 batch loss is :0.0642
2025-06-25 09:45:48 - INFO - epoch:10/25 iteration:90/459 batch loss is :0.0640
2025-06-25 09:46:09 - INFO - epoch:10/25 iteration:95/459 batch loss is :0.0479
2025-06-25 09:46:30 - INFO - epoch:10/25 iteration:100/459 batch loss is :0.0632
2025-06-25 09:46:51 - INFO - epoch:10/25 iteration:105/459 batch loss is :0.1209
2025-06-25 09:47:13 - INFO - epoch:10/25 iteration:110/459 batch loss is :0.0731
2025-06-25 09:47:34 - INFO - epoch:10/25 iteration:115/459 batch loss is :0.1003
2025-06-25 09:47:56 - INFO - epoch:10/25 iteration:120/459 batch loss is :0.0536
2025-06-25 09:48:16 - INFO - epoch:10/25 iteration:125/459 batch loss is :0.0623
2025-06-25 09:48:38 - INFO - epoch:10/25 iteration:130/459 batch loss is :0.0644
2025-06-25 09:48:59 - INFO - epoch:10/25 iteration:135/459 batch loss is :0.1402
2025-06-25 09:49:20 - INFO - epoch:10/25 iteration:140/459 batch loss is :0.0599
2025-06-25 09:49:42 - INFO - epoch:10/25 iteration:145/459 batch loss is :0.0688
2025-06-25 09:50:03 - INFO - epoch:10/25 iteration:150/459 batch loss is :0.0506
2025-06-25 09:50:24 - INFO - epoch:10/25 iteration:155/459 batch loss is :0.0528
2025-06-25 09:50:46 - INFO - epoch:10/25 iteration:160/459 batch loss is :0.0624
2025-06-25 09:51:07 - INFO - epoch:10/25 iteration:165/459 batch loss is :0.0656
2025-06-25 09:51:28 - INFO - epoch:10/25 iteration:170/459 batch loss is :0.0445
2025-06-25 09:51:49 - INFO - epoch:10/25 iteration:175/459 batch loss is :0.0941
2025-06-25 09:52:11 - INFO - epoch:10/25 iteration:180/459 batch loss is :0.0938
2025-06-25 09:52:32 - INFO - epoch:10/25 iteration:185/459 batch loss is :0.0435
2025-06-25 09:52:54 - INFO - epoch:10/25 iteration:190/459 batch loss is :0.0570
2025-06-25 09:53:15 - INFO - epoch:10/25 iteration:195/459 batch loss is :0.0516
2025-06-25 09:53:36 - INFO - epoch:10/25 iteration:200/459 batch loss is :0.0648
2025-06-25 09:53:57 - INFO - epoch:10/25 iteration:205/459 batch loss is :0.0404
2025-06-25 09:54:19 - INFO - epoch:10/25 iteration:210/459 batch loss is :0.0396
2025-06-25 09:54:40 - INFO - epoch:10/25 iteration:215/459 batch loss is :0.0459
2025-06-25 09:55:02 - INFO - epoch:10/25 iteration:220/459 batch loss is :0.0559
2025-06-25 09:55:23 - INFO - epoch:10/25 iteration:225/459 batch loss is :0.0932
2025-06-25 09:55:45 - INFO - epoch:10/25 iteration:230/459 batch loss is :0.0464
2025-06-25 09:56:06 - INFO - epoch:10/25 iteration:235/459 batch loss is :0.0714
2025-06-25 09:56:27 - INFO - epoch:10/25 iteration:240/459 batch loss is :0.0258
2025-06-25 09:56:48 - INFO - epoch:10/25 iteration:245/459 batch loss is :0.0622
2025-06-25 09:57:10 - INFO - epoch:10/25 iteration:250/459 batch loss is :0.0456
2025-06-25 09:57:31 - INFO - epoch:10/25 iteration:255/459 batch loss is :0.0499
2025-06-25 09:57:52 - INFO - epoch:10/25 iteration:260/459 batch loss is :0.0610
2025-06-25 09:58:13 - INFO - epoch:10/25 iteration:265/459 batch loss is :0.0610
2025-06-25 09:58:35 - INFO - epoch:10/25 iteration:270/459 batch loss is :0.1557
2025-06-25 09:58:56 - INFO - epoch:10/25 iteration:275/459 batch loss is :0.0672
2025-06-25 09:59:17 - INFO - epoch:10/25 iteration:280/459 batch loss is :0.0555
2025-06-25 09:59:38 - INFO - epoch:10/25 iteration:285/459 batch loss is :0.0713
2025-06-25 10:00:00 - INFO - epoch:10/25 iteration:290/459 batch loss is :0.0495
2025-06-25 10:00:21 - INFO - epoch:10/25 iteration:295/459 batch loss is :0.0429
2025-06-25 10:00:42 - INFO - epoch:10/25 iteration:300/459 batch loss is :0.0536
2025-06-25 10:01:03 - INFO - epoch:10/25 iteration:305/459 batch loss is :0.0503
2025-06-25 10:01:25 - INFO - epoch:10/25 iteration:310/459 batch loss is :0.0629
2025-06-25 10:01:46 - INFO - epoch:10/25 iteration:315/459 batch loss is :0.0587
2025-06-25 10:02:08 - INFO - epoch:10/25 iteration:320/459 batch loss is :0.0549
2025-06-25 10:02:29 - INFO - epoch:10/25 iteration:325/459 batch loss is :0.0684
2025-06-25 10:02:50 - INFO - epoch:10/25 iteration:330/459 batch loss is :0.0470
2025-06-25 10:03:11 - INFO - epoch:10/25 iteration:335/459 batch loss is :0.0677
2025-06-25 10:03:33 - INFO - epoch:10/25 iteration:340/459 batch loss is :0.1223
2025-06-25 10:03:54 - INFO - epoch:10/25 iteration:345/459 batch loss is :0.0426
2025-06-25 10:04:15 - INFO - epoch:10/25 iteration:350/459 batch loss is :0.0414
2025-06-25 10:04:37 - INFO - epoch:10/25 iteration:355/459 batch loss is :0.1323
2025-06-25 10:04:58 - INFO - epoch:10/25 iteration:360/459 batch loss is :0.0475
2025-06-25 10:05:19 - INFO - epoch:10/25 iteration:365/459 batch loss is :0.0495
2025-06-25 10:05:41 - INFO - epoch:10/25 iteration:370/459 batch loss is :0.0471
2025-06-25 10:06:02 - INFO - epoch:10/25 iteration:375/459 batch loss is :0.0546
2025-06-25 10:06:23 - INFO - epoch:10/25 iteration:380/459 batch loss is :0.0501
2025-06-25 10:06:45 - INFO - epoch:10/25 iteration:385/459 batch loss is :0.1103
2025-06-25 10:07:06 - INFO - epoch:10/25 iteration:390/459 batch loss is :0.0493
2025-06-25 10:07:27 - INFO - epoch:10/25 iteration:395/459 batch loss is :0.0705
2025-06-25 10:07:48 - INFO - epoch:10/25 iteration:400/459 batch loss is :0.0832
2025-06-25 10:08:09 - INFO - epoch:10/25 iteration:405/459 batch loss is :0.0913
2025-06-25 10:08:31 - INFO - epoch:10/25 iteration:410/459 batch loss is :0.0341
2025-06-25 10:08:52 - INFO - epoch:10/25 iteration:415/459 batch loss is :0.0566
2025-06-25 10:09:13 - INFO - epoch:10/25 iteration:420/459 batch loss is :0.0415
2025-06-25 10:09:34 - INFO - epoch:10/25 iteration:425/459 batch loss is :0.0522
2025-06-25 10:09:55 - INFO - epoch:10/25 iteration:430/459 batch loss is :0.0602
2025-06-25 10:10:16 - INFO - epoch:10/25 iteration:435/459 batch loss is :0.0733
2025-06-25 10:10:37 - INFO - epoch:10/25 iteration:440/459 batch loss is :0.0557
2025-06-25 10:10:57 - INFO - epoch:10/25 iteration:445/459 batch loss is :0.0837
2025-06-25 10:11:18 - INFO - epoch:10/25 iteration:450/459 batch loss is :0.0446
2025-06-25 10:11:39 - INFO - epoch:10/25 iteration:455/459 batch loss is :0.0454
2025-06-25 10:11:52 - INFO - Epoch:10/25 Loss is :0.0628
2025-06-25 10:20:53 - INFO - VAL loss :0.0600
2025-06-25 10:23:46 - INFO - epoch:11/25 iteration:0/459 batch loss is :0.0523
2025-06-25 10:24:08 - INFO - epoch:11/25 iteration:5/459 batch loss is :0.0600
2025-06-25 10:24:31 - INFO - epoch:11/25 iteration:10/459 batch loss is :0.0504
2025-06-25 10:24:54 - INFO - epoch:11/25 iteration:15/459 batch loss is :0.0561
2025-06-25 10:25:17 - INFO - epoch:11/25 iteration:20/459 batch loss is :0.0649
2025-06-25 10:25:39 - INFO - epoch:11/25 iteration:25/459 batch loss is :0.0709
2025-06-25 10:26:01 - INFO - epoch:11/25 iteration:30/459 batch loss is :0.0423
2025-06-25 10:26:22 - INFO - epoch:11/25 iteration:35/459 batch loss is :0.0638
2025-06-25 10:26:44 - INFO - epoch:11/25 iteration:40/459 batch loss is :0.0555
2025-06-25 10:27:06 - INFO - epoch:11/25 iteration:45/459 batch loss is :0.0628
2025-06-25 10:27:28 - INFO - epoch:11/25 iteration:50/459 batch loss is :0.0840
2025-06-25 10:27:49 - INFO - epoch:11/25 iteration:55/459 batch loss is :0.0483
2025-06-25 10:28:10 - INFO - epoch:11/25 iteration:60/459 batch loss is :0.0445
2025-06-25 10:28:32 - INFO - epoch:11/25 iteration:65/459 batch loss is :0.0601
2025-06-25 10:28:53 - INFO - epoch:11/25 iteration:70/459 batch loss is :0.0747
2025-06-25 10:29:15 - INFO - epoch:11/25 iteration:75/459 batch loss is :0.0686
2025-06-25 10:29:37 - INFO - epoch:11/25 iteration:80/459 batch loss is :0.0317
2025-06-25 10:29:59 - INFO - epoch:11/25 iteration:85/459 batch loss is :0.0542
2025-06-25 10:30:20 - INFO - epoch:11/25 iteration:90/459 batch loss is :0.0281
2025-06-25 10:30:42 - INFO - epoch:11/25 iteration:95/459 batch loss is :0.0536
2025-06-25 10:31:04 - INFO - epoch:11/25 iteration:100/459 batch loss is :0.0488
2025-06-25 10:31:25 - INFO - epoch:11/25 iteration:105/459 batch loss is :0.0530
2025-06-25 10:31:48 - INFO - epoch:11/25 iteration:110/459 batch loss is :0.0355
2025-06-25 10:32:08 - INFO - epoch:11/25 iteration:115/459 batch loss is :0.0475
2025-06-25 10:32:27 - INFO - epoch:11/25 iteration:120/459 batch loss is :0.0516
2025-06-25 10:32:46 - INFO - epoch:11/25 iteration:125/459 batch loss is :0.0657
2025-06-25 10:33:06 - INFO - epoch:11/25 iteration:130/459 batch loss is :0.0584
2025-06-25 10:33:27 - INFO - epoch:11/25 iteration:135/459 batch loss is :0.0766
2025-06-25 10:33:48 - INFO - epoch:11/25 iteration:140/459 batch loss is :0.0616
2025-06-25 10:34:07 - INFO - epoch:11/25 iteration:145/459 batch loss is :0.0402
2025-06-25 10:34:27 - INFO - epoch:11/25 iteration:150/459 batch loss is :0.0627
2025-06-25 10:34:46 - INFO - epoch:11/25 iteration:155/459 batch loss is :0.0525
2025-06-25 10:35:06 - INFO - epoch:11/25 iteration:160/459 batch loss is :0.1093
2025-06-25 10:35:25 - INFO - epoch:11/25 iteration:165/459 batch loss is :0.0764
2025-06-25 10:35:44 - INFO - epoch:11/25 iteration:170/459 batch loss is :0.0905
2025-06-25 10:36:04 - INFO - epoch:11/25 iteration:175/459 batch loss is :0.0606
2025-06-25 10:36:24 - INFO - epoch:11/25 iteration:180/459 batch loss is :0.0675
2025-06-25 10:36:43 - INFO - epoch:11/25 iteration:185/459 batch loss is :0.0477
2025-06-25 10:37:03 - INFO - epoch:11/25 iteration:190/459 batch loss is :0.0382
2025-06-25 10:37:23 - INFO - epoch:11/25 iteration:195/459 batch loss is :0.0454
2025-06-25 10:37:44 - INFO - epoch:11/25 iteration:200/459 batch loss is :0.0510
2025-06-25 10:38:04 - INFO - epoch:11/25 iteration:205/459 batch loss is :0.0488
2025-06-25 10:38:24 - INFO - epoch:11/25 iteration:210/459 batch loss is :0.0977
2025-06-25 10:38:44 - INFO - epoch:11/25 iteration:215/459 batch loss is :0.0576
2025-06-25 10:39:03 - INFO - epoch:11/25 iteration:220/459 batch loss is :0.0461
2025-06-25 10:39:22 - INFO - epoch:11/25 iteration:225/459 batch loss is :0.0327
2025-06-25 10:39:41 - INFO - epoch:11/25 iteration:230/459 batch loss is :0.0427
2025-06-25 10:40:01 - INFO - epoch:11/25 iteration:235/459 batch loss is :0.0391
2025-06-25 10:40:20 - INFO - epoch:11/25 iteration:240/459 batch loss is :0.0465
2025-06-25 10:40:39 - INFO - epoch:11/25 iteration:245/459 batch loss is :0.0606
2025-06-25 10:40:59 - INFO - epoch:11/25 iteration:250/459 batch loss is :0.0549
2025-06-25 10:41:18 - INFO - epoch:11/25 iteration:255/459 batch loss is :0.0665
2025-06-25 10:41:37 - INFO - epoch:11/25 iteration:260/459 batch loss is :0.0412
2025-06-25 10:41:57 - INFO - epoch:11/25 iteration:265/459 batch loss is :0.0456
2025-06-25 10:42:16 - INFO - epoch:11/25 iteration:270/459 batch loss is :0.1160
2025-06-25 10:42:35 - INFO - epoch:11/25 iteration:275/459 batch loss is :0.0615
2025-06-25 10:42:54 - INFO - epoch:11/25 iteration:280/459 batch loss is :0.0826
2025-06-25 10:43:13 - INFO - epoch:11/25 iteration:285/459 batch loss is :0.0643
2025-06-25 10:43:33 - INFO - epoch:11/25 iteration:290/459 batch loss is :0.0494
2025-06-25 10:43:52 - INFO - epoch:11/25 iteration:295/459 batch loss is :0.0497
2025-06-25 10:44:11 - INFO - epoch:11/25 iteration:300/459 batch loss is :0.0485
2025-06-25 10:44:31 - INFO - epoch:11/25 iteration:305/459 batch loss is :0.0576
2025-06-25 10:44:51 - INFO - epoch:11/25 iteration:310/459 batch loss is :0.1261
2025-06-25 10:45:10 - INFO - epoch:11/25 iteration:315/459 batch loss is :0.0546
2025-06-25 10:45:29 - INFO - epoch:11/25 iteration:320/459 batch loss is :0.0614
2025-06-25 10:45:48 - INFO - epoch:11/25 iteration:325/459 batch loss is :0.0257
2025-06-25 10:46:08 - INFO - epoch:11/25 iteration:330/459 batch loss is :0.0681
2025-06-25 10:46:27 - INFO - epoch:11/25 iteration:335/459 batch loss is :0.0456
2025-06-25 10:46:47 - INFO - epoch:11/25 iteration:340/459 batch loss is :0.0698
2025-06-25 10:47:06 - INFO - epoch:11/25 iteration:345/459 batch loss is :0.0607
2025-06-25 10:47:25 - INFO - epoch:11/25 iteration:350/459 batch loss is :0.0339
2025-06-25 10:47:44 - INFO - epoch:11/25 iteration:355/459 batch loss is :0.0660
2025-06-25 10:48:04 - INFO - epoch:11/25 iteration:360/459 batch loss is :0.0394
2025-06-25 10:48:23 - INFO - epoch:11/25 iteration:365/459 batch loss is :0.0732
2025-06-25 10:48:43 - INFO - epoch:11/25 iteration:370/459 batch loss is :0.0695
2025-06-25 10:49:02 - INFO - epoch:11/25 iteration:375/459 batch loss is :0.0466
2025-06-25 10:49:21 - INFO - epoch:11/25 iteration:380/459 batch loss is :0.0794
2025-06-25 10:49:40 - INFO - epoch:11/25 iteration:385/459 batch loss is :0.0443
2025-06-25 10:49:59 - INFO - epoch:11/25 iteration:390/459 batch loss is :0.0529
2025-06-25 10:50:18 - INFO - epoch:11/25 iteration:395/459 batch loss is :0.0580
2025-06-25 10:50:38 - INFO - epoch:11/25 iteration:400/459 batch loss is :0.0377
2025-06-25 10:50:57 - INFO - epoch:11/25 iteration:405/459 batch loss is :0.0956
2025-06-25 10:51:16 - INFO - epoch:11/25 iteration:410/459 batch loss is :0.0592
2025-06-25 10:51:35 - INFO - epoch:11/25 iteration:415/459 batch loss is :0.0614
2025-06-25 10:51:55 - INFO - epoch:11/25 iteration:420/459 batch loss is :0.0628
2025-06-25 10:52:14 - INFO - epoch:11/25 iteration:425/459 batch loss is :0.0628
2025-06-25 10:52:33 - INFO - epoch:11/25 iteration:430/459 batch loss is :0.0627
2025-06-25 10:52:51 - INFO - epoch:11/25 iteration:435/459 batch loss is :0.1054
2025-06-25 10:53:09 - INFO - epoch:11/25 iteration:440/459 batch loss is :0.0537
2025-06-25 10:53:27 - INFO - epoch:11/25 iteration:445/459 batch loss is :0.0514
2025-06-25 10:53:45 - INFO - epoch:11/25 iteration:450/459 batch loss is :0.0574
2025-06-25 10:54:03 - INFO - epoch:11/25 iteration:455/459 batch loss is :0.0371
2025-06-25 10:54:15 - INFO - Epoch:11/25 Loss is :0.0586
2025-06-25 10:57:08 - INFO - epoch:12/25 iteration:0/459 batch loss is :0.0514
2025-06-25 10:57:28 - INFO - epoch:12/25 iteration:5/459 batch loss is :0.0781
2025-06-25 10:57:49 - INFO - epoch:12/25 iteration:10/459 batch loss is :0.0522
2025-06-25 10:58:10 - INFO - epoch:12/25 iteration:15/459 batch loss is :0.0428
2025-06-25 10:58:30 - INFO - epoch:12/25 iteration:20/459 batch loss is :0.0248
2025-06-25 10:58:50 - INFO - epoch:12/25 iteration:25/459 batch loss is :0.0400
2025-06-25 10:59:10 - INFO - epoch:12/25 iteration:30/459 batch loss is :0.0611
2025-06-25 10:59:29 - INFO - epoch:12/25 iteration:35/459 batch loss is :0.0453
2025-06-25 10:59:49 - INFO - epoch:12/25 iteration:40/459 batch loss is :0.0233
2025-06-25 11:00:08 - INFO - epoch:12/25 iteration:45/459 batch loss is :0.0625
2025-06-25 11:00:27 - INFO - epoch:12/25 iteration:50/459 batch loss is :0.0621
2025-06-25 11:00:46 - INFO - epoch:12/25 iteration:55/459 batch loss is :0.0499
2025-06-25 11:01:06 - INFO - epoch:12/25 iteration:60/459 batch loss is :0.0447
2025-06-25 11:01:25 - INFO - epoch:12/25 iteration:65/459 batch loss is :0.0320
2025-06-25 11:01:44 - INFO - epoch:12/25 iteration:70/459 batch loss is :0.0652
2025-06-25 11:02:04 - INFO - epoch:12/25 iteration:75/459 batch loss is :0.0259
2025-06-25 11:02:23 - INFO - epoch:12/25 iteration:80/459 batch loss is :0.0515
2025-06-25 11:02:42 - INFO - epoch:12/25 iteration:85/459 batch loss is :0.0395
2025-06-25 11:03:01 - INFO - epoch:12/25 iteration:90/459 batch loss is :0.0539
2025-06-25 11:03:20 - INFO - epoch:12/25 iteration:95/459 batch loss is :0.0375
2025-06-25 11:03:40 - INFO - epoch:12/25 iteration:100/459 batch loss is :0.0863
2025-06-25 11:04:00 - INFO - epoch:12/25 iteration:105/459 batch loss is :0.0814
2025-06-25 11:04:19 - INFO - epoch:12/25 iteration:110/459 batch loss is :0.0528
2025-06-25 11:04:39 - INFO - epoch:12/25 iteration:115/459 batch loss is :0.0781
2025-06-25 11:04:58 - INFO - epoch:12/25 iteration:120/459 batch loss is :0.1052
2025-06-25 11:05:18 - INFO - epoch:12/25 iteration:125/459 batch loss is :0.0558
2025-06-25 11:05:38 - INFO - epoch:12/25 iteration:130/459 batch loss is :0.0947
2025-06-25 11:05:58 - INFO - epoch:12/25 iteration:135/459 batch loss is :0.0477
2025-06-25 11:06:17 - INFO - epoch:12/25 iteration:140/459 batch loss is :0.0508
2025-06-25 11:06:37 - INFO - epoch:12/25 iteration:145/459 batch loss is :0.0351
2025-06-25 11:06:56 - INFO - epoch:12/25 iteration:150/459 batch loss is :0.0576
2025-06-25 11:07:15 - INFO - epoch:12/25 iteration:155/459 batch loss is :0.0413
2025-06-25 11:07:34 - INFO - epoch:12/25 iteration:160/459 batch loss is :0.0526
2025-06-25 11:07:53 - INFO - epoch:12/25 iteration:165/459 batch loss is :0.0487
2025-06-25 11:08:12 - INFO - epoch:12/25 iteration:170/459 batch loss is :0.1189
2025-06-25 11:08:32 - INFO - epoch:12/25 iteration:175/459 batch loss is :0.0556
2025-06-25 11:08:51 - INFO - epoch:12/25 iteration:180/459 batch loss is :0.0260
2025-06-25 11:09:10 - INFO - epoch:12/25 iteration:185/459 batch loss is :0.0484
2025-06-25 11:09:29 - INFO - epoch:12/25 iteration:190/459 batch loss is :0.0541
2025-06-25 11:09:49 - INFO - epoch:12/25 iteration:195/459 batch loss is :0.0459
2025-06-25 11:10:08 - INFO - epoch:12/25 iteration:200/459 batch loss is :0.0659
2025-06-25 11:10:28 - INFO - epoch:12/25 iteration:205/459 batch loss is :0.0682
2025-06-25 11:10:47 - INFO - epoch:12/25 iteration:210/459 batch loss is :0.0467
2025-06-25 11:11:06 - INFO - epoch:12/25 iteration:215/459 batch loss is :0.0652
2025-06-25 11:11:25 - INFO - epoch:12/25 iteration:220/459 batch loss is :0.0606
2025-06-25 11:11:45 - INFO - epoch:12/25 iteration:225/459 batch loss is :0.0506
2025-06-25 11:12:04 - INFO - epoch:12/25 iteration:230/459 batch loss is :0.0473
2025-06-25 11:12:24 - INFO - epoch:12/25 iteration:235/459 batch loss is :0.0376
2025-06-25 11:12:43 - INFO - epoch:12/25 iteration:240/459 batch loss is :0.0296
2025-06-25 11:13:03 - INFO - epoch:12/25 iteration:245/459 batch loss is :0.0417
2025-06-25 11:13:22 - INFO - epoch:12/25 iteration:250/459 batch loss is :0.0621
2025-06-25 11:13:42 - INFO - epoch:12/25 iteration:255/459 batch loss is :0.0366
2025-06-25 11:14:01 - INFO - epoch:12/25 iteration:260/459 batch loss is :0.0497
2025-06-25 11:14:21 - INFO - epoch:12/25 iteration:265/459 batch loss is :0.0456
2025-06-25 11:14:40 - INFO - epoch:12/25 iteration:270/459 batch loss is :0.0365
2025-06-25 11:14:59 - INFO - epoch:12/25 iteration:275/459 batch loss is :0.0778
2025-06-25 11:15:18 - INFO - epoch:12/25 iteration:280/459 batch loss is :0.0470
2025-06-25 11:15:38 - INFO - epoch:12/25 iteration:285/459 batch loss is :0.0385
2025-06-25 11:15:57 - INFO - epoch:12/25 iteration:290/459 batch loss is :0.0401
2025-06-25 11:16:17 - INFO - epoch:12/25 iteration:295/459 batch loss is :0.0576
2025-06-25 11:16:36 - INFO - epoch:12/25 iteration:300/459 batch loss is :0.0311
2025-06-25 11:16:55 - INFO - epoch:12/25 iteration:305/459 batch loss is :0.0608
2025-06-25 11:17:14 - INFO - epoch:12/25 iteration:310/459 batch loss is :0.0479
2025-06-25 11:17:33 - INFO - epoch:12/25 iteration:315/459 batch loss is :0.0632
2025-06-25 11:17:53 - INFO - epoch:12/25 iteration:320/459 batch loss is :0.0471
2025-06-25 11:18:13 - INFO - epoch:12/25 iteration:325/459 batch loss is :0.0675
2025-06-25 11:18:32 - INFO - epoch:12/25 iteration:330/459 batch loss is :0.0650
2025-06-25 11:18:51 - INFO - epoch:12/25 iteration:335/459 batch loss is :0.0381
2025-06-25 11:19:10 - INFO - epoch:12/25 iteration:340/459 batch loss is :0.0619
2025-06-25 11:19:30 - INFO - epoch:12/25 iteration:345/459 batch loss is :0.0407
2025-06-25 11:19:49 - INFO - epoch:12/25 iteration:350/459 batch loss is :0.0309
2025-06-25 11:20:09 - INFO - epoch:12/25 iteration:355/459 batch loss is :0.0478
2025-06-25 11:20:28 - INFO - epoch:12/25 iteration:360/459 batch loss is :0.0614
2025-06-25 11:20:48 - INFO - epoch:12/25 iteration:365/459 batch loss is :0.0356
2025-06-25 11:21:07 - INFO - epoch:12/25 iteration:370/459 batch loss is :0.0805
2025-06-25 11:21:26 - INFO - epoch:12/25 iteration:375/459 batch loss is :0.0517
2025-06-25 11:21:45 - INFO - epoch:12/25 iteration:380/459 batch loss is :0.0763
2025-06-25 11:22:05 - INFO - epoch:12/25 iteration:385/459 batch loss is :0.0443
2025-06-25 11:22:24 - INFO - epoch:12/25 iteration:390/459 batch loss is :0.0421
2025-06-25 11:22:44 - INFO - epoch:12/25 iteration:395/459 batch loss is :0.0497
2025-06-25 11:23:03 - INFO - epoch:12/25 iteration:400/459 batch loss is :0.0660
2025-06-25 11:23:22 - INFO - epoch:12/25 iteration:405/459 batch loss is :0.0475
2025-06-25 11:23:42 - INFO - epoch:12/25 iteration:410/459 batch loss is :0.0753
2025-06-25 11:24:02 - INFO - epoch:12/25 iteration:415/459 batch loss is :0.0574
2025-06-25 11:24:21 - INFO - epoch:12/25 iteration:420/459 batch loss is :0.0551
2025-06-25 11:24:41 - INFO - epoch:12/25 iteration:425/459 batch loss is :0.0510
2025-06-25 11:25:00 - INFO - epoch:12/25 iteration:430/459 batch loss is :0.0467
2025-06-25 11:25:18 - INFO - epoch:12/25 iteration:435/459 batch loss is :0.0195
2025-06-25 11:25:35 - INFO - epoch:12/25 iteration:440/459 batch loss is :0.0507
2025-06-25 11:25:53 - INFO - epoch:12/25 iteration:445/459 batch loss is :0.0475
2025-06-25 11:26:11 - INFO - epoch:12/25 iteration:450/459 batch loss is :0.0709
2025-06-25 11:26:29 - INFO - epoch:12/25 iteration:455/459 batch loss is :0.1418
2025-06-25 11:26:40 - INFO - Epoch:12/25 Loss is :0.0565
2025-06-25 11:29:26 - INFO - epoch:13/25 iteration:0/459 batch loss is :0.0762
2025-06-25 11:29:47 - INFO - epoch:13/25 iteration:5/459 batch loss is :0.0316
2025-06-25 11:30:08 - INFO - epoch:13/25 iteration:10/459 batch loss is :0.0516
2025-06-25 11:30:29 - INFO - epoch:13/25 iteration:15/459 batch loss is :0.0532
2025-06-25 11:30:50 - INFO - epoch:13/25 iteration:20/459 batch loss is :0.0590
2025-06-25 11:31:10 - INFO - epoch:13/25 iteration:25/459 batch loss is :0.0396
2025-06-25 11:31:30 - INFO - epoch:13/25 iteration:30/459 batch loss is :0.0376
2025-06-25 11:31:49 - INFO - epoch:13/25 iteration:35/459 batch loss is :0.0667
2025-06-25 11:32:09 - INFO - epoch:13/25 iteration:40/459 batch loss is :0.0643
2025-06-25 11:32:28 - INFO - epoch:13/25 iteration:45/459 batch loss is :0.0276
2025-06-25 11:32:48 - INFO - epoch:13/25 iteration:50/459 batch loss is :0.0455
2025-06-25 11:33:07 - INFO - epoch:13/25 iteration:55/459 batch loss is :0.0501
2025-06-25 11:33:26 - INFO - epoch:13/25 iteration:60/459 batch loss is :0.1140
2025-06-25 11:33:45 - INFO - epoch:13/25 iteration:65/459 batch loss is :0.0369
2025-06-25 11:34:05 - INFO - epoch:13/25 iteration:70/459 batch loss is :0.0420
2025-06-25 11:34:24 - INFO - epoch:13/25 iteration:75/459 batch loss is :0.0783
2025-06-25 11:34:44 - INFO - epoch:13/25 iteration:80/459 batch loss is :0.0373
2025-06-25 11:35:03 - INFO - epoch:13/25 iteration:85/459 batch loss is :0.0530
2025-06-25 11:35:23 - INFO - epoch:13/25 iteration:90/459 batch loss is :0.0239
2025-06-25 11:35:42 - INFO - epoch:13/25 iteration:95/459 batch loss is :0.0480
2025-06-25 11:36:02 - INFO - epoch:13/25 iteration:100/459 batch loss is :0.0700
2025-06-25 11:36:21 - INFO - epoch:13/25 iteration:105/459 batch loss is :0.0548
2025-06-25 11:36:40 - INFO - epoch:13/25 iteration:110/459 batch loss is :0.0551
2025-06-25 11:37:00 - INFO - epoch:13/25 iteration:115/459 batch loss is :0.0431
2025-06-25 11:37:19 - INFO - epoch:13/25 iteration:120/459 batch loss is :0.0653
2025-06-25 11:37:39 - INFO - epoch:13/25 iteration:125/459 batch loss is :0.0542
2025-06-25 11:37:58 - INFO - epoch:13/25 iteration:130/459 batch loss is :0.0487
2025-06-25 11:38:17 - INFO - epoch:13/25 iteration:135/459 batch loss is :0.0907
2025-06-25 11:38:38 - INFO - epoch:13/25 iteration:140/459 batch loss is :0.0400
2025-06-25 11:38:59 - INFO - epoch:13/25 iteration:145/459 batch loss is :0.0631
2025-06-25 11:39:19 - INFO - epoch:13/25 iteration:150/459 batch loss is :0.0989
2025-06-25 11:39:39 - INFO - epoch:13/25 iteration:155/459 batch loss is :0.0315
2025-06-25 11:39:59 - INFO - epoch:13/25 iteration:160/459 batch loss is :0.0513
2025-06-25 11:40:18 - INFO - epoch:13/25 iteration:165/459 batch loss is :0.0443
2025-06-25 11:40:38 - INFO - epoch:13/25 iteration:170/459 batch loss is :0.0650
2025-06-25 11:40:57 - INFO - epoch:13/25 iteration:175/459 batch loss is :0.0336
2025-06-25 11:41:17 - INFO - epoch:13/25 iteration:180/459 batch loss is :0.0354
2025-06-25 11:41:36 - INFO - epoch:13/25 iteration:185/459 batch loss is :0.0456
2025-06-25 11:41:55 - INFO - epoch:13/25 iteration:190/459 batch loss is :0.0757
2025-06-25 11:42:14 - INFO - epoch:13/25 iteration:195/459 batch loss is :0.0417
2025-06-25 11:42:34 - INFO - epoch:13/25 iteration:200/459 batch loss is :0.0322
2025-06-25 11:42:53 - INFO - epoch:13/25 iteration:205/459 batch loss is :0.0509
2025-06-25 11:43:13 - INFO - epoch:13/25 iteration:210/459 batch loss is :0.0653
2025-06-25 11:43:32 - INFO - epoch:13/25 iteration:215/459 batch loss is :0.1161
2025-06-25 11:43:53 - INFO - epoch:13/25 iteration:220/459 batch loss is :0.0584
2025-06-25 11:44:12 - INFO - epoch:13/25 iteration:225/459 batch loss is :0.0766
2025-06-25 11:44:31 - INFO - epoch:13/25 iteration:230/459 batch loss is :0.0766
2025-06-25 11:44:50 - INFO - epoch:13/25 iteration:235/459 batch loss is :0.0288
2025-06-25 11:45:10 - INFO - epoch:13/25 iteration:240/459 batch loss is :0.0396
2025-06-25 11:45:29 - INFO - epoch:13/25 iteration:245/459 batch loss is :0.0614
2025-06-25 11:45:48 - INFO - epoch:13/25 iteration:250/459 batch loss is :0.0701
2025-06-25 11:46:08 - INFO - epoch:13/25 iteration:255/459 batch loss is :0.0972
2025-06-25 11:46:28 - INFO - epoch:13/25 iteration:260/459 batch loss is :0.0533
2025-06-25 11:46:48 - INFO - epoch:13/25 iteration:265/459 batch loss is :0.0502
2025-06-25 11:47:08 - INFO - epoch:13/25 iteration:270/459 batch loss is :0.0274
2025-06-25 11:47:28 - INFO - epoch:13/25 iteration:275/459 batch loss is :0.0523
2025-06-25 11:47:48 - INFO - epoch:13/25 iteration:280/459 batch loss is :0.0445
2025-06-25 11:48:08 - INFO - epoch:13/25 iteration:285/459 batch loss is :0.0423
2025-06-25 11:48:28 - INFO - epoch:13/25 iteration:290/459 batch loss is :0.0497
2025-06-25 11:48:47 - INFO - epoch:13/25 iteration:295/459 batch loss is :0.0568
2025-06-25 11:49:07 - INFO - epoch:13/25 iteration:300/459 batch loss is :0.0546
2025-06-25 11:49:27 - INFO - epoch:13/25 iteration:305/459 batch loss is :0.0366
2025-06-25 11:49:46 - INFO - epoch:13/25 iteration:310/459 batch loss is :0.0495
2025-06-25 11:50:06 - INFO - epoch:13/25 iteration:315/459 batch loss is :0.0488
2025-06-25 11:50:26 - INFO - epoch:13/25 iteration:320/459 batch loss is :0.0839
2025-06-25 11:50:45 - INFO - epoch:13/25 iteration:325/459 batch loss is :0.0285
2025-06-25 11:51:05 - INFO - epoch:13/25 iteration:330/459 batch loss is :0.0536
2025-06-25 11:51:24 - INFO - epoch:13/25 iteration:335/459 batch loss is :0.0436
2025-06-25 11:51:44 - INFO - epoch:13/25 iteration:340/459 batch loss is :0.0299
2025-06-25 11:52:04 - INFO - epoch:13/25 iteration:345/459 batch loss is :0.0543
2025-06-25 11:52:24 - INFO - epoch:13/25 iteration:350/459 batch loss is :0.0439
2025-06-25 11:52:43 - INFO - epoch:13/25 iteration:355/459 batch loss is :0.0552
2025-06-25 11:53:03 - INFO - epoch:13/25 iteration:360/459 batch loss is :0.0607
2025-06-25 11:53:22 - INFO - epoch:13/25 iteration:365/459 batch loss is :0.0567
2025-06-25 11:53:42 - INFO - epoch:13/25 iteration:370/459 batch loss is :0.0442
2025-06-25 11:54:01 - INFO - epoch:13/25 iteration:375/459 batch loss is :0.0761
2025-06-25 11:54:21 - INFO - epoch:13/25 iteration:380/459 batch loss is :0.0646
2025-06-25 11:54:40 - INFO - epoch:13/25 iteration:385/459 batch loss is :0.0310
2025-06-25 11:54:59 - INFO - epoch:13/25 iteration:390/459 batch loss is :0.0792
2025-06-25 11:55:18 - INFO - epoch:13/25 iteration:395/459 batch loss is :0.0483
2025-06-25 11:55:38 - INFO - epoch:13/25 iteration:400/459 batch loss is :0.0394
2025-06-25 11:55:57 - INFO - epoch:13/25 iteration:405/459 batch loss is :0.0514
2025-06-25 11:56:16 - INFO - epoch:13/25 iteration:410/459 batch loss is :0.1019
2025-06-25 11:56:35 - INFO - epoch:13/25 iteration:415/459 batch loss is :0.0663
2025-06-25 11:56:55 - INFO - epoch:13/25 iteration:420/459 batch loss is :0.0539
2025-06-25 11:57:14 - INFO - epoch:13/25 iteration:425/459 batch loss is :0.0412
2025-06-25 11:57:34 - INFO - epoch:13/25 iteration:430/459 batch loss is :0.0320
2025-06-25 11:57:52 - INFO - epoch:13/25 iteration:435/459 batch loss is :0.0461
2025-06-25 11:58:10 - INFO - epoch:13/25 iteration:440/459 batch loss is :0.0693
2025-06-25 11:58:27 - INFO - epoch:13/25 iteration:445/459 batch loss is :0.0207
2025-06-25 11:58:46 - INFO - epoch:13/25 iteration:450/459 batch loss is :0.0291
2025-06-25 11:59:04 - INFO - epoch:13/25 iteration:455/459 batch loss is :0.0774
2025-06-25 11:59:15 - INFO - Epoch:13/25 Loss is :0.0549
2025-06-25 12:02:09 - INFO - epoch:14/25 iteration:0/459 batch loss is :0.0544
2025-06-25 12:02:31 - INFO - epoch:14/25 iteration:5/459 batch loss is :0.0631
2025-06-25 12:02:52 - INFO - epoch:14/25 iteration:10/459 batch loss is :0.0527
2025-06-25 12:03:12 - INFO - epoch:14/25 iteration:15/459 batch loss is :0.0619
2025-06-25 12:03:32 - INFO - epoch:14/25 iteration:20/459 batch loss is :0.0305
2025-06-25 12:03:54 - INFO - epoch:14/25 iteration:25/459 batch loss is :0.0690
2025-06-25 12:04:13 - INFO - epoch:14/25 iteration:30/459 batch loss is :0.0694
2025-06-25 12:04:32 - INFO - epoch:14/25 iteration:35/459 batch loss is :0.0744
2025-06-25 12:04:51 - INFO - epoch:14/25 iteration:40/459 batch loss is :0.0584
2025-06-25 12:05:10 - INFO - epoch:14/25 iteration:45/459 batch loss is :0.0338
2025-06-25 12:05:29 - INFO - epoch:14/25 iteration:50/459 batch loss is :0.0704
2025-06-25 12:05:49 - INFO - epoch:14/25 iteration:55/459 batch loss is :0.0626
2025-06-25 12:06:08 - INFO - epoch:14/25 iteration:60/459 batch loss is :0.0415
2025-06-25 12:06:27 - INFO - epoch:14/25 iteration:65/459 batch loss is :0.0242
2025-06-25 12:06:46 - INFO - epoch:14/25 iteration:70/459 batch loss is :0.0601
2025-06-25 12:07:06 - INFO - epoch:14/25 iteration:75/459 batch loss is :0.0961
2025-06-25 12:07:24 - INFO - epoch:14/25 iteration:80/459 batch loss is :0.0484
2025-06-25 12:07:43 - INFO - epoch:14/25 iteration:85/459 batch loss is :0.0489
2025-06-25 12:08:03 - INFO - epoch:14/25 iteration:90/459 batch loss is :0.0330
2025-06-25 12:08:22 - INFO - epoch:14/25 iteration:95/459 batch loss is :0.0526
2025-06-25 12:08:41 - INFO - epoch:14/25 iteration:100/459 batch loss is :0.0550
2025-06-25 12:09:00 - INFO - epoch:14/25 iteration:105/459 batch loss is :0.0497
2025-06-25 12:09:19 - INFO - epoch:14/25 iteration:110/459 batch loss is :0.0231
2025-06-25 12:09:39 - INFO - epoch:14/25 iteration:115/459 batch loss is :0.0641
2025-06-25 12:10:06 - INFO - epoch:14/25 iteration:120/459 batch loss is :0.0410
2025-06-25 12:11:03 - INFO - epoch:14/25 iteration:125/459 batch loss is :0.0555
2025-06-25 12:11:57 - INFO - epoch:14/25 iteration:130/459 batch loss is :0.1055
2025-06-25 12:12:41 - INFO - epoch:14/25 iteration:135/459 batch loss is :0.0659
2025-06-25 12:12:59 - INFO - epoch:14/25 iteration:140/459 batch loss is :0.0340
2025-06-25 12:13:18 - INFO - epoch:14/25 iteration:145/459 batch loss is :0.1124
2025-06-25 12:13:37 - INFO - epoch:14/25 iteration:150/459 batch loss is :0.0687
2025-06-25 12:13:56 - INFO - epoch:14/25 iteration:155/459 batch loss is :0.0377
2025-06-25 12:14:15 - INFO - epoch:14/25 iteration:160/459 batch loss is :0.0344
2025-06-25 12:14:35 - INFO - epoch:14/25 iteration:165/459 batch loss is :0.0255
2025-06-25 12:14:54 - INFO - epoch:14/25 iteration:170/459 batch loss is :0.0387
2025-06-25 12:15:13 - INFO - epoch:14/25 iteration:175/459 batch loss is :0.0669
2025-06-25 12:15:32 - INFO - epoch:14/25 iteration:180/459 batch loss is :0.0674
2025-06-25 12:15:51 - INFO - epoch:14/25 iteration:185/459 batch loss is :0.0373
2025-06-25 12:16:10 - INFO - epoch:14/25 iteration:190/459 batch loss is :0.1173
2025-06-25 12:16:30 - INFO - epoch:14/25 iteration:195/459 batch loss is :0.0650
2025-06-25 12:16:49 - INFO - epoch:14/25 iteration:200/459 batch loss is :0.0431
2025-06-25 12:17:08 - INFO - epoch:14/25 iteration:205/459 batch loss is :0.0525
2025-06-25 12:17:27 - INFO - epoch:14/25 iteration:210/459 batch loss is :0.0411
2025-06-25 12:17:46 - INFO - epoch:14/25 iteration:215/459 batch loss is :0.1164
2025-06-25 12:18:05 - INFO - epoch:14/25 iteration:220/459 batch loss is :0.0541
2025-06-25 12:18:25 - INFO - epoch:14/25 iteration:225/459 batch loss is :0.0874
2025-06-25 12:18:44 - INFO - epoch:14/25 iteration:230/459 batch loss is :0.0369
2025-06-25 12:19:03 - INFO - epoch:14/25 iteration:235/459 batch loss is :0.0677
2025-06-25 12:19:22 - INFO - epoch:14/25 iteration:240/459 batch loss is :0.0438
2025-06-25 12:19:42 - INFO - epoch:14/25 iteration:245/459 batch loss is :0.1142
2025-06-25 12:20:01 - INFO - epoch:14/25 iteration:250/459 batch loss is :0.0519
2025-06-25 12:20:20 - INFO - epoch:14/25 iteration:255/459 batch loss is :0.0333
2025-06-25 12:20:40 - INFO - epoch:14/25 iteration:260/459 batch loss is :0.0371
2025-06-25 12:20:59 - INFO - epoch:14/25 iteration:265/459 batch loss is :0.0622
2025-06-25 12:21:18 - INFO - epoch:14/25 iteration:270/459 batch loss is :0.0517
2025-06-25 12:21:37 - INFO - epoch:14/25 iteration:275/459 batch loss is :0.0453
2025-06-25 12:21:57 - INFO - epoch:14/25 iteration:280/459 batch loss is :0.0629
2025-06-25 12:22:16 - INFO - epoch:14/25 iteration:285/459 batch loss is :0.0354
2025-06-25 12:22:35 - INFO - epoch:14/25 iteration:290/459 batch loss is :0.0580
2025-06-25 12:22:54 - INFO - epoch:14/25 iteration:295/459 batch loss is :0.0597
2025-06-25 12:23:14 - INFO - epoch:14/25 iteration:300/459 batch loss is :0.0656
2025-06-25 12:23:33 - INFO - epoch:14/25 iteration:305/459 batch loss is :0.0901
2025-06-25 12:23:52 - INFO - epoch:14/25 iteration:310/459 batch loss is :0.0557
2025-06-25 12:24:12 - INFO - epoch:14/25 iteration:315/459 batch loss is :0.0660
2025-06-25 12:24:31 - INFO - epoch:14/25 iteration:320/459 batch loss is :0.0658
2025-06-25 12:24:51 - INFO - epoch:14/25 iteration:325/459 batch loss is :0.0736
2025-06-25 12:25:11 - INFO - epoch:14/25 iteration:330/459 batch loss is :0.0651
2025-06-25 12:25:30 - INFO - epoch:14/25 iteration:335/459 batch loss is :0.0660
2025-06-25 12:25:49 - INFO - epoch:14/25 iteration:340/459 batch loss is :0.0426
2025-06-25 12:26:09 - INFO - epoch:14/25 iteration:345/459 batch loss is :0.0488
2025-06-25 12:26:28 - INFO - epoch:14/25 iteration:350/459 batch loss is :0.0665
2025-06-25 12:26:47 - INFO - epoch:14/25 iteration:355/459 batch loss is :0.0694
2025-06-25 12:27:06 - INFO - epoch:14/25 iteration:360/459 batch loss is :0.0330
2025-06-25 12:27:26 - INFO - epoch:14/25 iteration:365/459 batch loss is :0.0735
2025-06-25 12:27:45 - INFO - epoch:14/25 iteration:370/459 batch loss is :0.0427
2025-06-25 12:28:04 - INFO - epoch:14/25 iteration:375/459 batch loss is :0.0688
2025-06-25 12:28:24 - INFO - epoch:14/25 iteration:380/459 batch loss is :0.0532
2025-06-25 12:28:43 - INFO - epoch:14/25 iteration:385/459 batch loss is :0.0469
2025-06-25 12:29:02 - INFO - epoch:14/25 iteration:390/459 batch loss is :0.0763
2025-06-25 12:29:21 - INFO - epoch:14/25 iteration:395/459 batch loss is :0.0610
2025-06-25 12:29:40 - INFO - epoch:14/25 iteration:400/459 batch loss is :0.0529
2025-06-25 12:29:59 - INFO - epoch:14/25 iteration:405/459 batch loss is :0.0743
2025-06-25 12:30:18 - INFO - epoch:14/25 iteration:410/459 batch loss is :0.0418
2025-06-25 12:30:38 - INFO - epoch:14/25 iteration:415/459 batch loss is :0.0250
2025-06-25 12:30:57 - INFO - epoch:14/25 iteration:420/459 batch loss is :0.0749
2025-06-25 12:31:16 - INFO - epoch:14/25 iteration:425/459 batch loss is :0.0586
2025-06-25 12:31:35 - INFO - epoch:14/25 iteration:430/459 batch loss is :0.0448
2025-06-25 12:31:54 - INFO - epoch:14/25 iteration:435/459 batch loss is :0.0641
2025-06-25 12:32:11 - INFO - epoch:14/25 iteration:440/459 batch loss is :0.0346
2025-06-25 12:32:29 - INFO - epoch:14/25 iteration:445/459 batch loss is :0.0425
2025-06-25 12:32:47 - INFO - epoch:14/25 iteration:450/459 batch loss is :0.0224
2025-06-25 12:33:05 - INFO - epoch:14/25 iteration:455/459 batch loss is :0.0410
2025-06-25 12:33:18 - INFO - Epoch:14/25 Loss is :0.0528
2025-06-25 12:36:09 - INFO - epoch:15/25 iteration:0/459 batch loss is :0.0656
2025-06-25 12:36:29 - INFO - epoch:15/25 iteration:5/459 batch loss is :0.0802
2025-06-25 12:36:49 - INFO - epoch:15/25 iteration:10/459 batch loss is :0.0734
2025-06-25 12:37:11 - INFO - epoch:15/25 iteration:15/459 batch loss is :0.0807
2025-06-25 12:37:33 - INFO - epoch:15/25 iteration:20/459 batch loss is :0.0482
2025-06-25 12:37:54 - INFO - epoch:15/25 iteration:25/459 batch loss is :0.0493
2025-06-25 12:38:15 - INFO - epoch:15/25 iteration:30/459 batch loss is :0.0513
2025-06-25 12:38:36 - INFO - epoch:15/25 iteration:35/459 batch loss is :0.0568
2025-06-25 12:38:56 - INFO - epoch:15/25 iteration:40/459 batch loss is :0.0603
2025-06-25 12:39:17 - INFO - epoch:15/25 iteration:45/459 batch loss is :0.0463
2025-06-25 12:39:39 - INFO - epoch:15/25 iteration:50/459 batch loss is :0.0505
2025-06-25 12:39:59 - INFO - epoch:15/25 iteration:55/459 batch loss is :0.0494
2025-06-25 12:40:19 - INFO - epoch:15/25 iteration:60/459 batch loss is :0.0629
2025-06-25 12:40:39 - INFO - epoch:15/25 iteration:65/459 batch loss is :0.0534
2025-06-25 12:40:58 - INFO - epoch:15/25 iteration:70/459 batch loss is :0.0335
2025-06-25 12:41:17 - INFO - epoch:15/25 iteration:75/459 batch loss is :0.0617
2025-06-25 12:41:37 - INFO - epoch:15/25 iteration:80/459 batch loss is :0.0594
2025-06-25 12:41:56 - INFO - epoch:15/25 iteration:85/459 batch loss is :0.0408
2025-06-25 12:42:16 - INFO - epoch:15/25 iteration:90/459 batch loss is :0.0373
2025-06-25 12:42:36 - INFO - epoch:15/25 iteration:95/459 batch loss is :0.0420
2025-06-25 12:42:56 - INFO - epoch:15/25 iteration:100/459 batch loss is :0.0706
2025-06-25 12:43:15 - INFO - epoch:15/25 iteration:105/459 batch loss is :0.0363
2025-06-25 12:43:34 - INFO - epoch:15/25 iteration:110/459 batch loss is :0.0380
2025-06-25 12:43:53 - INFO - epoch:15/25 iteration:115/459 batch loss is :0.0514
2025-06-25 12:44:13 - INFO - epoch:15/25 iteration:120/459 batch loss is :0.0368
2025-06-25 12:44:32 - INFO - epoch:15/25 iteration:125/459 batch loss is :0.0394
2025-06-25 12:44:51 - INFO - epoch:15/25 iteration:130/459 batch loss is :0.0468
2025-06-25 12:45:11 - INFO - epoch:15/25 iteration:135/459 batch loss is :0.0681
2025-06-25 12:45:30 - INFO - epoch:15/25 iteration:140/459 batch loss is :0.0393
2025-06-25 12:45:50 - INFO - epoch:15/25 iteration:145/459 batch loss is :0.0241
2025-06-25 12:46:10 - INFO - epoch:15/25 iteration:150/459 batch loss is :0.0355
2025-06-25 12:46:29 - INFO - epoch:15/25 iteration:155/459 batch loss is :0.0377
2025-06-25 12:46:49 - INFO - epoch:15/25 iteration:160/459 batch loss is :0.0446
2025-06-25 12:47:09 - INFO - epoch:15/25 iteration:165/459 batch loss is :0.0304
2025-06-25 12:47:29 - INFO - epoch:15/25 iteration:170/459 batch loss is :0.0325
2025-06-25 12:47:49 - INFO - epoch:15/25 iteration:175/459 batch loss is :0.0305
2025-06-25 12:48:09 - INFO - epoch:15/25 iteration:180/459 batch loss is :0.0542
2025-06-25 12:48:29 - INFO - epoch:15/25 iteration:185/459 batch loss is :0.0281
2025-06-25 12:48:49 - INFO - epoch:15/25 iteration:190/459 batch loss is :0.0356
2025-06-25 12:49:08 - INFO - epoch:15/25 iteration:195/459 batch loss is :0.0324
2025-06-25 12:49:28 - INFO - epoch:15/25 iteration:200/459 batch loss is :0.0407
2025-06-25 12:49:47 - INFO - epoch:15/25 iteration:205/459 batch loss is :0.0491
2025-06-25 12:50:07 - INFO - epoch:15/25 iteration:210/459 batch loss is :0.0401
2025-06-25 12:50:26 - INFO - epoch:15/25 iteration:215/459 batch loss is :0.0261
2025-06-25 12:50:46 - INFO - epoch:15/25 iteration:220/459 batch loss is :0.0698
2025-06-25 12:51:05 - INFO - epoch:15/25 iteration:225/459 batch loss is :0.0533
2025-06-25 12:51:25 - INFO - epoch:15/25 iteration:230/459 batch loss is :0.0383
2025-06-25 12:51:44 - INFO - epoch:15/25 iteration:235/459 batch loss is :0.0589
2025-06-25 12:52:04 - INFO - epoch:15/25 iteration:240/459 batch loss is :0.0385
2025-06-25 12:52:23 - INFO - epoch:15/25 iteration:245/459 batch loss is :0.0251
2025-06-25 12:52:44 - INFO - epoch:15/25 iteration:250/459 batch loss is :0.0316
2025-06-25 12:53:03 - INFO - epoch:15/25 iteration:255/459 batch loss is :0.0426
2025-06-25 12:53:23 - INFO - epoch:15/25 iteration:260/459 batch loss is :0.0265
2025-06-25 12:53:42 - INFO - epoch:15/25 iteration:265/459 batch loss is :0.0484
2025-06-25 12:54:02 - INFO - epoch:15/25 iteration:270/459 batch loss is :0.0456
2025-06-25 12:54:22 - INFO - epoch:15/25 iteration:275/459 batch loss is :0.0370
2025-06-25 12:54:41 - INFO - epoch:15/25 iteration:280/459 batch loss is :0.0543
2025-06-25 12:55:01 - INFO - epoch:15/25 iteration:285/459 batch loss is :0.0430
2025-06-25 12:55:20 - INFO - epoch:15/25 iteration:290/459 batch loss is :0.0618
2025-06-25 12:55:39 - INFO - epoch:15/25 iteration:295/459 batch loss is :0.0729
2025-06-25 12:55:59 - INFO - epoch:15/25 iteration:300/459 batch loss is :0.0433
2025-06-25 12:56:18 - INFO - epoch:15/25 iteration:305/459 batch loss is :0.0515
2025-06-25 12:56:38 - INFO - epoch:15/25 iteration:310/459 batch loss is :0.0276
2025-06-25 12:56:57 - INFO - epoch:15/25 iteration:315/459 batch loss is :0.0323
2025-06-25 12:57:16 - INFO - epoch:15/25 iteration:320/459 batch loss is :0.0774
2025-06-25 12:57:35 - INFO - epoch:15/25 iteration:325/459 batch loss is :0.0594
2025-06-25 12:57:55 - INFO - epoch:15/25 iteration:330/459 batch loss is :0.0485
2025-06-25 12:58:14 - INFO - epoch:15/25 iteration:335/459 batch loss is :0.0621
2025-06-25 12:58:33 - INFO - epoch:15/25 iteration:340/459 batch loss is :0.0425
2025-06-25 12:58:53 - INFO - epoch:15/25 iteration:345/459 batch loss is :0.0389
2025-06-25 12:59:12 - INFO - epoch:15/25 iteration:350/459 batch loss is :0.0517
2025-06-25 12:59:32 - INFO - epoch:15/25 iteration:355/459 batch loss is :0.0329
2025-06-25 12:59:51 - INFO - epoch:15/25 iteration:360/459 batch loss is :0.0471
2025-06-25 13:00:10 - INFO - epoch:15/25 iteration:365/459 batch loss is :0.0497
2025-06-25 13:00:30 - INFO - epoch:15/25 iteration:370/459 batch loss is :0.0447
2025-06-25 13:00:49 - INFO - epoch:15/25 iteration:375/459 batch loss is :0.0747
2025-06-25 13:01:08 - INFO - epoch:15/25 iteration:380/459 batch loss is :0.0375
2025-06-25 13:01:28 - INFO - epoch:15/25 iteration:385/459 batch loss is :0.0548
2025-06-25 13:01:48 - INFO - epoch:15/25 iteration:390/459 batch loss is :0.0384
2025-06-25 13:02:07 - INFO - epoch:15/25 iteration:395/459 batch loss is :0.0419
2025-06-25 13:02:27 - INFO - epoch:15/25 iteration:400/459 batch loss is :0.0528
2025-06-25 13:02:46 - INFO - epoch:15/25 iteration:405/459 batch loss is :0.0588
2025-06-25 13:03:05 - INFO - epoch:15/25 iteration:410/459 batch loss is :0.0217
2025-06-25 13:03:25 - INFO - epoch:15/25 iteration:415/459 batch loss is :0.0987
2025-06-25 13:03:44 - INFO - epoch:15/25 iteration:420/459 batch loss is :0.0526
2025-06-25 13:04:03 - INFO - epoch:15/25 iteration:425/459 batch loss is :0.0480
2025-06-25 13:04:23 - INFO - epoch:15/25 iteration:430/459 batch loss is :0.0525
2025-06-25 13:04:41 - INFO - epoch:15/25 iteration:435/459 batch loss is :0.0928
2025-06-25 13:04:59 - INFO - epoch:15/25 iteration:440/459 batch loss is :0.0663
2025-06-25 13:05:17 - INFO - epoch:15/25 iteration:445/459 batch loss is :0.0631
2025-06-25 13:05:35 - INFO - epoch:15/25 iteration:450/459 batch loss is :0.1117
2025-06-25 13:05:53 - INFO - epoch:15/25 iteration:455/459 batch loss is :0.0511
2025-06-25 13:06:04 - INFO - Epoch:15/25 Loss is :0.0507
2025-06-25 13:15:31 - INFO - VAL loss :0.0561
2025-06-25 13:18:21 - INFO - epoch:16/25 iteration:0/459 batch loss is :0.0453
2025-06-25 13:18:42 - INFO - epoch:16/25 iteration:5/459 batch loss is :0.0405
2025-06-25 13:19:03 - INFO - epoch:16/25 iteration:10/459 batch loss is :0.0320
2025-06-25 13:19:23 - INFO - epoch:16/25 iteration:15/459 batch loss is :0.0597
2025-06-25 13:19:44 - INFO - epoch:16/25 iteration:20/459 batch loss is :0.0349
2025-06-25 13:20:04 - INFO - epoch:16/25 iteration:25/459 batch loss is :0.0667
2025-06-25 13:20:25 - INFO - epoch:16/25 iteration:30/459 batch loss is :0.0513
2025-06-25 13:20:44 - INFO - epoch:16/25 iteration:35/459 batch loss is :0.0565
2025-06-25 13:21:04 - INFO - epoch:16/25 iteration:40/459 batch loss is :0.0432
2025-06-25 13:21:23 - INFO - epoch:16/25 iteration:45/459 batch loss is :0.0215
2025-06-25 13:21:42 - INFO - epoch:16/25 iteration:50/459 batch loss is :0.0561
2025-06-25 13:22:02 - INFO - epoch:16/25 iteration:55/459 batch loss is :0.0388
2025-06-25 13:22:21 - INFO - epoch:16/25 iteration:60/459 batch loss is :0.0563
2025-06-25 13:22:40 - INFO - epoch:16/25 iteration:65/459 batch loss is :0.0574
2025-06-25 13:23:00 - INFO - epoch:16/25 iteration:70/459 batch loss is :0.0550
2025-06-25 13:23:19 - INFO - epoch:16/25 iteration:75/459 batch loss is :0.0338
2025-06-25 13:23:39 - INFO - epoch:16/25 iteration:80/459 batch loss is :0.0647
2025-06-25 13:23:59 - INFO - epoch:16/25 iteration:85/459 batch loss is :0.0517
2025-06-25 13:24:19 - INFO - epoch:16/25 iteration:90/459 batch loss is :0.0592
2025-06-25 13:24:38 - INFO - epoch:16/25 iteration:95/459 batch loss is :0.0483
2025-06-25 13:24:58 - INFO - epoch:16/25 iteration:100/459 batch loss is :0.0683
2025-06-25 13:25:17 - INFO - epoch:16/25 iteration:105/459 batch loss is :0.0466
2025-06-25 13:25:38 - INFO - epoch:16/25 iteration:110/459 batch loss is :0.0403
2025-06-25 13:25:57 - INFO - epoch:16/25 iteration:115/459 batch loss is :0.0408
2025-06-25 13:26:17 - INFO - epoch:16/25 iteration:120/459 batch loss is :0.0377
2025-06-25 13:26:36 - INFO - epoch:16/25 iteration:125/459 batch loss is :0.0590
2025-06-25 13:26:56 - INFO - epoch:16/25 iteration:130/459 batch loss is :0.0342
2025-06-25 13:27:15 - INFO - epoch:16/25 iteration:135/459 batch loss is :0.0551
2025-06-25 13:27:34 - INFO - epoch:16/25 iteration:140/459 batch loss is :0.0755
2025-06-25 13:27:54 - INFO - epoch:16/25 iteration:145/459 batch loss is :0.0362
2025-06-25 13:28:14 - INFO - epoch:16/25 iteration:150/459 batch loss is :0.0691
2025-06-25 13:28:33 - INFO - epoch:16/25 iteration:155/459 batch loss is :0.0510
2025-06-25 13:28:53 - INFO - epoch:16/25 iteration:160/459 batch loss is :0.0408
2025-06-25 13:29:13 - INFO - epoch:16/25 iteration:165/459 batch loss is :0.0347
2025-06-25 13:29:33 - INFO - epoch:16/25 iteration:170/459 batch loss is :0.0304
2025-06-25 13:29:52 - INFO - epoch:16/25 iteration:175/459 batch loss is :0.0379
2025-06-25 13:30:12 - INFO - epoch:16/25 iteration:180/459 batch loss is :0.0512
2025-06-25 13:30:31 - INFO - epoch:16/25 iteration:185/459 batch loss is :0.0292
2025-06-25 13:30:51 - INFO - epoch:16/25 iteration:190/459 batch loss is :0.0592
2025-06-25 13:31:10 - INFO - epoch:16/25 iteration:195/459 batch loss is :0.0351
2025-06-25 13:31:30 - INFO - epoch:16/25 iteration:200/459 batch loss is :0.0882
2025-06-25 13:31:49 - INFO - epoch:16/25 iteration:205/459 batch loss is :0.0290
2025-06-25 13:32:09 - INFO - epoch:16/25 iteration:210/459 batch loss is :0.0257
2025-06-25 13:32:28 - INFO - epoch:16/25 iteration:215/459 batch loss is :0.0444
2025-06-25 13:32:47 - INFO - epoch:16/25 iteration:220/459 batch loss is :0.0450
2025-06-25 13:33:06 - INFO - epoch:16/25 iteration:225/459 batch loss is :0.0605
2025-06-25 13:33:26 - INFO - epoch:16/25 iteration:230/459 batch loss is :0.0423
2025-06-25 13:33:45 - INFO - epoch:16/25 iteration:235/459 batch loss is :0.0436
2025-06-25 13:34:05 - INFO - epoch:16/25 iteration:240/459 batch loss is :0.0485
2025-06-25 13:34:24 - INFO - epoch:16/25 iteration:245/459 batch loss is :0.0323
2025-06-25 13:34:43 - INFO - epoch:16/25 iteration:250/459 batch loss is :0.0438
2025-06-25 13:35:02 - INFO - epoch:16/25 iteration:255/459 batch loss is :0.0404
2025-06-25 13:35:22 - INFO - epoch:16/25 iteration:260/459 batch loss is :0.1084
2025-06-25 13:35:41 - INFO - epoch:16/25 iteration:265/459 batch loss is :0.0590
2025-06-25 13:36:01 - INFO - epoch:16/25 iteration:270/459 batch loss is :0.0219
2025-06-25 13:36:21 - INFO - epoch:16/25 iteration:275/459 batch loss is :0.0602
2025-06-25 13:36:41 - INFO - epoch:16/25 iteration:280/459 batch loss is :0.0864
2025-06-25 13:37:01 - INFO - epoch:16/25 iteration:285/459 batch loss is :0.0924
2025-06-25 13:37:22 - INFO - epoch:16/25 iteration:290/459 batch loss is :0.0301
2025-06-25 13:37:41 - INFO - epoch:16/25 iteration:295/459 batch loss is :0.1198
2025-06-25 13:38:01 - INFO - epoch:16/25 iteration:300/459 batch loss is :0.0360
2025-06-25 13:38:20 - INFO - epoch:16/25 iteration:305/459 batch loss is :0.0534
2025-06-25 13:38:40 - INFO - epoch:16/25 iteration:310/459 batch loss is :0.0539
2025-06-25 13:38:59 - INFO - epoch:16/25 iteration:315/459 batch loss is :0.0752
2025-06-25 13:39:18 - INFO - epoch:16/25 iteration:320/459 batch loss is :0.0389
2025-06-25 13:39:37 - INFO - epoch:16/25 iteration:325/459 batch loss is :0.0468
2025-06-25 13:39:57 - INFO - epoch:16/25 iteration:330/459 batch loss is :0.0523
2025-06-25 13:40:16 - INFO - epoch:16/25 iteration:335/459 batch loss is :0.0417
2025-06-25 13:40:35 - INFO - epoch:16/25 iteration:340/459 batch loss is :0.0407
2025-06-25 13:40:55 - INFO - epoch:16/25 iteration:345/459 batch loss is :0.0228
2025-06-25 13:41:14 - INFO - epoch:16/25 iteration:350/459 batch loss is :0.0364
2025-06-25 13:41:33 - INFO - epoch:16/25 iteration:355/459 batch loss is :0.0296
2025-06-25 13:41:53 - INFO - epoch:16/25 iteration:360/459 batch loss is :0.0904
2025-06-25 13:42:14 - INFO - epoch:16/25 iteration:365/459 batch loss is :0.0557
2025-06-25 13:42:34 - INFO - epoch:16/25 iteration:370/459 batch loss is :0.0858
2025-06-25 13:42:54 - INFO - epoch:16/25 iteration:375/459 batch loss is :0.1091
2025-06-25 13:43:14 - INFO - epoch:16/25 iteration:380/459 batch loss is :0.0334
2025-06-25 13:43:33 - INFO - epoch:16/25 iteration:385/459 batch loss is :0.0555
2025-06-25 13:43:53 - INFO - epoch:16/25 iteration:390/459 batch loss is :0.0568
2025-06-25 13:44:12 - INFO - epoch:16/25 iteration:395/459 batch loss is :0.0315
2025-06-25 13:44:32 - INFO - epoch:16/25 iteration:400/459 batch loss is :0.0385
2025-06-25 13:44:51 - INFO - epoch:16/25 iteration:405/459 batch loss is :0.0343
2025-06-25 13:45:11 - INFO - epoch:16/25 iteration:410/459 batch loss is :0.0432
2025-06-25 13:45:30 - INFO - epoch:16/25 iteration:415/459 batch loss is :0.0427
2025-06-25 13:45:50 - INFO - epoch:16/25 iteration:420/459 batch loss is :0.0474
2025-06-25 13:46:09 - INFO - epoch:16/25 iteration:425/459 batch loss is :0.0468
2025-06-25 13:46:28 - INFO - epoch:16/25 iteration:430/459 batch loss is :0.0741
2025-06-25 13:46:47 - INFO - epoch:16/25 iteration:435/459 batch loss is :0.0304
2025-06-25 13:47:05 - INFO - epoch:16/25 iteration:440/459 batch loss is :0.0423
2025-06-25 13:47:23 - INFO - epoch:16/25 iteration:445/459 batch loss is :0.0377
2025-06-25 13:47:41 - INFO - epoch:16/25 iteration:450/459 batch loss is :0.0410
2025-06-25 13:47:59 - INFO - epoch:16/25 iteration:455/459 batch loss is :0.0523
2025-06-25 13:48:10 - INFO - Epoch:16/25 Loss is :0.0497
2025-06-25 13:51:03 - INFO - epoch:17/25 iteration:0/459 batch loss is :0.0443
2025-06-25 13:51:24 - INFO - epoch:17/25 iteration:5/459 batch loss is :0.0389
2025-06-25 13:51:45 - INFO - epoch:17/25 iteration:10/459 batch loss is :0.0287
2025-06-25 13:52:06 - INFO - epoch:17/25 iteration:15/459 batch loss is :0.0367
2025-06-25 13:52:27 - INFO - epoch:17/25 iteration:20/459 batch loss is :0.0372
2025-06-25 13:52:47 - INFO - epoch:17/25 iteration:25/459 batch loss is :0.0411
2025-06-25 13:53:08 - INFO - epoch:17/25 iteration:30/459 batch loss is :0.0453
2025-06-25 13:53:28 - INFO - epoch:17/25 iteration:35/459 batch loss is :0.0360
2025-06-25 13:53:48 - INFO - epoch:17/25 iteration:40/459 batch loss is :0.0468
2025-06-25 13:54:08 - INFO - epoch:17/25 iteration:45/459 batch loss is :0.0383
2025-06-25 13:54:27 - INFO - epoch:17/25 iteration:50/459 batch loss is :0.0512
2025-06-25 13:54:46 - INFO - epoch:17/25 iteration:55/459 batch loss is :0.0581
2025-06-25 13:55:05 - INFO - epoch:17/25 iteration:60/459 batch loss is :0.0427
2025-06-25 13:55:24 - INFO - epoch:17/25 iteration:65/459 batch loss is :0.0289
2025-06-25 13:55:43 - INFO - epoch:17/25 iteration:70/459 batch loss is :0.0243
2025-06-25 13:56:03 - INFO - epoch:17/25 iteration:75/459 batch loss is :0.0322
2025-06-25 13:56:22 - INFO - epoch:17/25 iteration:80/459 batch loss is :0.0505
2025-06-25 13:56:41 - INFO - epoch:17/25 iteration:85/459 batch loss is :0.0479
2025-06-25 13:57:01 - INFO - epoch:17/25 iteration:90/459 batch loss is :0.0833
2025-06-25 13:57:20 - INFO - epoch:17/25 iteration:95/459 batch loss is :0.0491
2025-06-25 13:57:39 - INFO - epoch:17/25 iteration:100/459 batch loss is :0.0301
2025-06-25 13:57:59 - INFO - epoch:17/25 iteration:105/459 batch loss is :0.0899
2025-06-25 13:58:18 - INFO - epoch:17/25 iteration:110/459 batch loss is :0.0347
2025-06-25 13:58:38 - INFO - epoch:17/25 iteration:115/459 batch loss is :0.0464
2025-06-25 13:58:57 - INFO - epoch:17/25 iteration:120/459 batch loss is :0.0245
2025-06-25 13:59:16 - INFO - epoch:17/25 iteration:125/459 batch loss is :0.0572
2025-06-25 13:59:35 - INFO - epoch:17/25 iteration:130/459 batch loss is :0.0347
2025-06-25 13:59:55 - INFO - epoch:17/25 iteration:135/459 batch loss is :0.0442
2025-06-25 14:00:14 - INFO - epoch:17/25 iteration:140/459 batch loss is :0.0612
2025-06-25 14:00:33 - INFO - epoch:17/25 iteration:145/459 batch loss is :0.0556
2025-06-25 14:00:52 - INFO - epoch:17/25 iteration:150/459 batch loss is :0.0482
2025-06-25 14:01:11 - INFO - epoch:17/25 iteration:155/459 batch loss is :0.0431
2025-06-25 14:01:31 - INFO - epoch:17/25 iteration:160/459 batch loss is :0.0438
2025-06-25 14:01:51 - INFO - epoch:17/25 iteration:165/459 batch loss is :0.0387
2025-06-25 14:02:10 - INFO - epoch:17/25 iteration:170/459 batch loss is :0.0561
2025-06-25 14:02:29 - INFO - epoch:17/25 iteration:175/459 batch loss is :0.0565
2025-06-25 14:02:48 - INFO - epoch:17/25 iteration:180/459 batch loss is :0.0767
2025-06-25 14:03:08 - INFO - epoch:17/25 iteration:185/459 batch loss is :0.0405
2025-06-25 14:03:28 - INFO - epoch:17/25 iteration:190/459 batch loss is :0.0576
2025-06-25 14:03:48 - INFO - epoch:17/25 iteration:195/459 batch loss is :0.0226
2025-06-25 14:04:07 - INFO - epoch:17/25 iteration:200/459 batch loss is :0.0600
2025-06-25 14:04:27 - INFO - epoch:17/25 iteration:205/459 batch loss is :0.0439
2025-06-25 14:04:46 - INFO - epoch:17/25 iteration:210/459 batch loss is :0.0811
2025-06-25 14:05:05 - INFO - epoch:17/25 iteration:215/459 batch loss is :0.0546
2025-06-25 14:05:24 - INFO - epoch:17/25 iteration:220/459 batch loss is :0.0278
2025-06-25 14:05:43 - INFO - epoch:17/25 iteration:225/459 batch loss is :0.0816
2025-06-25 14:06:03 - INFO - epoch:17/25 iteration:230/459 batch loss is :0.0713
2025-06-25 14:06:22 - INFO - epoch:17/25 iteration:235/459 batch loss is :0.0330
2025-06-25 14:06:41 - INFO - epoch:17/25 iteration:240/459 batch loss is :0.0543
2025-06-25 14:07:01 - INFO - epoch:17/25 iteration:245/459 batch loss is :0.0498
2025-06-25 14:07:20 - INFO - epoch:17/25 iteration:250/459 batch loss is :0.0414
2025-06-25 14:07:39 - INFO - epoch:17/25 iteration:255/459 batch loss is :0.0608
2025-06-25 14:07:59 - INFO - epoch:17/25 iteration:260/459 batch loss is :0.0422
2025-06-25 14:08:18 - INFO - epoch:17/25 iteration:265/459 batch loss is :0.0447
2025-06-25 14:08:38 - INFO - epoch:17/25 iteration:270/459 batch loss is :0.0766
2025-06-25 14:08:57 - INFO - epoch:17/25 iteration:275/459 batch loss is :0.0414
2025-06-25 14:09:16 - INFO - epoch:17/25 iteration:280/459 batch loss is :0.0328
2025-06-25 14:09:36 - INFO - epoch:17/25 iteration:285/459 batch loss is :0.0580
2025-06-25 14:09:55 - INFO - epoch:17/25 iteration:290/459 batch loss is :0.0506
2025-06-25 14:10:14 - INFO - epoch:17/25 iteration:295/459 batch loss is :0.0436
2025-06-25 14:10:33 - INFO - epoch:17/25 iteration:300/459 batch loss is :0.0353
2025-06-25 14:10:53 - INFO - epoch:17/25 iteration:305/459 batch loss is :0.0341
2025-06-25 14:11:12 - INFO - epoch:17/25 iteration:310/459 batch loss is :0.0365
2025-06-25 14:11:32 - INFO - epoch:17/25 iteration:315/459 batch loss is :0.0354
2025-06-25 14:11:51 - INFO - epoch:17/25 iteration:320/459 batch loss is :0.1000
2025-06-25 14:12:12 - INFO - epoch:17/25 iteration:325/459 batch loss is :0.0320
2025-06-25 14:12:33 - INFO - epoch:17/25 iteration:330/459 batch loss is :0.0394
2025-06-25 14:12:55 - INFO - epoch:17/25 iteration:335/459 batch loss is :0.0634
2025-06-25 14:13:16 - INFO - epoch:17/25 iteration:340/459 batch loss is :0.0488
2025-06-25 14:13:38 - INFO - epoch:17/25 iteration:345/459 batch loss is :0.0259
2025-06-25 14:13:59 - INFO - epoch:17/25 iteration:350/459 batch loss is :0.0497
2025-06-25 14:14:21 - INFO - epoch:17/25 iteration:355/459 batch loss is :0.0422
2025-06-25 14:14:42 - INFO - epoch:17/25 iteration:360/459 batch loss is :0.0247
2025-06-25 14:15:04 - INFO - epoch:17/25 iteration:365/459 batch loss is :0.0318
2025-06-25 14:15:25 - INFO - epoch:17/25 iteration:370/459 batch loss is :0.0761
2025-06-25 14:15:46 - INFO - epoch:17/25 iteration:375/459 batch loss is :0.0698
2025-06-25 14:16:08 - INFO - epoch:17/25 iteration:380/459 batch loss is :0.0612
2025-06-25 14:16:29 - INFO - epoch:17/25 iteration:385/459 batch loss is :0.0463
2025-06-25 14:16:50 - INFO - epoch:17/25 iteration:390/459 batch loss is :0.0392
2025-06-25 14:17:12 - INFO - epoch:17/25 iteration:395/459 batch loss is :0.0486
2025-06-25 14:17:33 - INFO - epoch:17/25 iteration:400/459 batch loss is :0.0346
2025-06-25 14:17:55 - INFO - epoch:17/25 iteration:405/459 batch loss is :0.0550
2025-06-25 14:18:16 - INFO - epoch:17/25 iteration:410/459 batch loss is :0.0496
2025-06-25 14:18:38 - INFO - epoch:17/25 iteration:415/459 batch loss is :0.0593
2025-06-25 14:19:00 - INFO - epoch:17/25 iteration:420/459 batch loss is :0.0741
2025-06-25 14:19:21 - INFO - epoch:17/25 iteration:425/459 batch loss is :0.0542
2025-06-25 14:19:42 - INFO - epoch:17/25 iteration:430/459 batch loss is :0.0450
2025-06-25 14:20:03 - INFO - epoch:17/25 iteration:435/459 batch loss is :0.0473
2025-06-25 14:20:24 - INFO - epoch:17/25 iteration:440/459 batch loss is :0.0454
2025-06-25 14:20:44 - INFO - epoch:17/25 iteration:445/459 batch loss is :0.0443
2025-06-25 14:21:05 - INFO - epoch:17/25 iteration:450/459 batch loss is :0.0392
2025-06-25 14:21:26 - INFO - epoch:17/25 iteration:455/459 batch loss is :0.0552
2025-06-25 14:21:39 - INFO - Epoch:17/25 Loss is :0.0454
2025-06-25 14:24:33 - INFO - epoch:18/25 iteration:0/459 batch loss is :0.0282
2025-06-25 14:24:55 - INFO - epoch:18/25 iteration:5/459 batch loss is :0.0377
2025-06-25 14:25:19 - INFO - epoch:18/25 iteration:10/459 batch loss is :0.0283
2025-06-25 14:25:42 - INFO - epoch:18/25 iteration:15/459 batch loss is :0.0489
2025-06-25 14:26:03 - INFO - epoch:18/25 iteration:20/459 batch loss is :0.0659
2025-06-25 14:26:25 - INFO - epoch:18/25 iteration:25/459 batch loss is :0.0453
2025-06-25 14:26:46 - INFO - epoch:18/25 iteration:30/459 batch loss is :0.0257
2025-06-25 14:27:08 - INFO - epoch:18/25 iteration:35/459 batch loss is :0.0533
2025-06-25 14:27:29 - INFO - epoch:18/25 iteration:40/459 batch loss is :0.0385
2025-06-25 14:27:50 - INFO - epoch:18/25 iteration:45/459 batch loss is :0.0429
2025-06-25 14:28:12 - INFO - epoch:18/25 iteration:50/459 batch loss is :0.0468
2025-06-25 14:28:33 - INFO - epoch:18/25 iteration:55/459 batch loss is :0.0355
2025-06-25 14:28:55 - INFO - epoch:18/25 iteration:60/459 batch loss is :0.0329
2025-06-25 14:29:16 - INFO - epoch:18/25 iteration:65/459 batch loss is :0.0383
2025-06-25 14:29:38 - INFO - epoch:18/25 iteration:70/459 batch loss is :0.0428
2025-06-25 14:29:59 - INFO - epoch:18/25 iteration:75/459 batch loss is :0.0399
2025-06-25 14:30:21 - INFO - epoch:18/25 iteration:80/459 batch loss is :0.0198
2025-06-25 14:30:42 - INFO - epoch:18/25 iteration:85/459 batch loss is :0.0268
2025-06-25 14:31:03 - INFO - epoch:18/25 iteration:90/459 batch loss is :0.0481
2025-06-25 14:31:25 - INFO - epoch:18/25 iteration:95/459 batch loss is :0.0319
2025-06-25 14:31:46 - INFO - epoch:18/25 iteration:100/459 batch loss is :0.0523
2025-06-25 14:32:07 - INFO - epoch:18/25 iteration:105/459 batch loss is :0.0275
2025-06-25 14:32:29 - INFO - epoch:18/25 iteration:110/459 batch loss is :0.0522
2025-06-25 14:32:51 - INFO - epoch:18/25 iteration:115/459 batch loss is :0.0700
2025-06-25 14:33:13 - INFO - epoch:18/25 iteration:120/459 batch loss is :0.0568
2025-06-25 14:33:34 - INFO - epoch:18/25 iteration:125/459 batch loss is :0.0301
2025-06-25 14:33:56 - INFO - epoch:18/25 iteration:130/459 batch loss is :0.0603
2025-06-25 14:34:17 - INFO - epoch:18/25 iteration:135/459 batch loss is :0.0260
2025-06-25 14:34:39 - INFO - epoch:18/25 iteration:140/459 batch loss is :0.0232
2025-06-25 14:35:00 - INFO - epoch:18/25 iteration:145/459 batch loss is :0.0295
2025-06-25 14:35:22 - INFO - epoch:18/25 iteration:150/459 batch loss is :0.0832
2025-06-25 14:35:43 - INFO - epoch:18/25 iteration:155/459 batch loss is :0.0577
2025-06-25 14:36:05 - INFO - epoch:18/25 iteration:160/459 batch loss is :0.0491
2025-06-25 14:36:27 - INFO - epoch:18/25 iteration:165/459 batch loss is :0.0259
2025-06-25 14:36:48 - INFO - epoch:18/25 iteration:170/459 batch loss is :0.0353
2025-06-25 14:37:09 - INFO - epoch:18/25 iteration:175/459 batch loss is :0.0807
2025-06-25 14:37:31 - INFO - epoch:18/25 iteration:180/459 batch loss is :0.0383
2025-06-25 14:37:53 - INFO - epoch:18/25 iteration:185/459 batch loss is :0.0471
2025-06-25 14:38:15 - INFO - epoch:18/25 iteration:190/459 batch loss is :0.0301
2025-06-25 14:38:36 - INFO - epoch:18/25 iteration:195/459 batch loss is :0.0471
2025-06-25 14:38:57 - INFO - epoch:18/25 iteration:200/459 batch loss is :0.0387
2025-06-25 14:39:19 - INFO - epoch:18/25 iteration:205/459 batch loss is :0.0471
2025-06-25 14:39:40 - INFO - epoch:18/25 iteration:210/459 batch loss is :0.0393
2025-06-25 14:40:02 - INFO - epoch:18/25 iteration:215/459 batch loss is :0.0453
2025-06-25 14:40:24 - INFO - epoch:18/25 iteration:220/459 batch loss is :0.0365
2025-06-25 14:40:45 - INFO - epoch:18/25 iteration:225/459 batch loss is :0.0322
2025-06-25 14:41:07 - INFO - epoch:18/25 iteration:230/459 batch loss is :0.0603
2025-06-25 14:41:28 - INFO - epoch:18/25 iteration:235/459 batch loss is :0.0601
2025-06-25 14:41:50 - INFO - epoch:18/25 iteration:240/459 batch loss is :0.0584
2025-06-25 14:42:12 - INFO - epoch:18/25 iteration:245/459 batch loss is :0.0410
2025-06-25 14:42:33 - INFO - epoch:18/25 iteration:250/459 batch loss is :0.0378
2025-06-25 14:42:54 - INFO - epoch:18/25 iteration:255/459 batch loss is :0.0385
2025-06-25 14:43:16 - INFO - epoch:18/25 iteration:260/459 batch loss is :0.0225
2025-06-25 14:43:37 - INFO - epoch:18/25 iteration:265/459 batch loss is :0.0727
2025-06-25 14:43:59 - INFO - epoch:18/25 iteration:270/459 batch loss is :0.0220
2025-06-25 14:44:21 - INFO - epoch:18/25 iteration:275/459 batch loss is :0.1033
2025-06-25 14:44:42 - INFO - epoch:18/25 iteration:280/459 batch loss is :0.0403
2025-06-25 14:45:03 - INFO - epoch:18/25 iteration:285/459 batch loss is :0.0648
2025-06-25 14:45:25 - INFO - epoch:18/25 iteration:290/459 batch loss is :0.0357
2025-06-25 14:45:46 - INFO - epoch:18/25 iteration:295/459 batch loss is :0.0501
2025-06-25 14:46:07 - INFO - epoch:18/25 iteration:300/459 batch loss is :0.0281
2025-06-25 14:46:29 - INFO - epoch:18/25 iteration:305/459 batch loss is :0.0550
2025-06-25 14:46:50 - INFO - epoch:18/25 iteration:310/459 batch loss is :0.0342
2025-06-25 14:47:12 - INFO - epoch:18/25 iteration:315/459 batch loss is :0.0490
2025-06-25 14:47:33 - INFO - epoch:18/25 iteration:320/459 batch loss is :0.0533
2025-06-25 14:47:55 - INFO - epoch:18/25 iteration:325/459 batch loss is :0.0835
2025-06-25 14:48:16 - INFO - epoch:18/25 iteration:330/459 batch loss is :0.0241
2025-06-25 14:48:38 - INFO - epoch:18/25 iteration:335/459 batch loss is :0.0498
2025-06-25 14:49:00 - INFO - epoch:18/25 iteration:340/459 batch loss is :0.0549
2025-06-25 14:49:21 - INFO - epoch:18/25 iteration:345/459 batch loss is :0.0244
2025-06-25 14:49:43 - INFO - epoch:18/25 iteration:350/459 batch loss is :0.0226
2025-06-25 14:50:04 - INFO - epoch:18/25 iteration:355/459 batch loss is :0.0197
2025-06-25 14:50:26 - INFO - epoch:18/25 iteration:360/459 batch loss is :0.0351
2025-06-25 14:50:48 - INFO - epoch:18/25 iteration:365/459 batch loss is :0.0352
2025-06-25 14:51:10 - INFO - epoch:18/25 iteration:370/459 batch loss is :0.0616
2025-06-25 14:51:31 - INFO - epoch:18/25 iteration:375/459 batch loss is :0.0442
2025-06-25 14:51:53 - INFO - epoch:18/25 iteration:380/459 batch loss is :0.0422
2025-06-25 14:52:14 - INFO - epoch:18/25 iteration:385/459 batch loss is :0.0954
2025-06-25 14:52:36 - INFO - epoch:18/25 iteration:390/459 batch loss is :0.0382
2025-06-25 14:52:57 - INFO - epoch:18/25 iteration:395/459 batch loss is :0.0477
2025-06-25 14:53:19 - INFO - epoch:18/25 iteration:400/459 batch loss is :0.0467
2025-06-25 14:53:40 - INFO - epoch:18/25 iteration:405/459 batch loss is :0.0453
2025-06-25 14:54:02 - INFO - epoch:18/25 iteration:410/459 batch loss is :0.0687
2025-06-25 14:54:23 - INFO - epoch:18/25 iteration:415/459 batch loss is :0.0285
2025-06-25 14:54:45 - INFO - epoch:18/25 iteration:420/459 batch loss is :0.0315
2025-06-25 14:55:07 - INFO - epoch:18/25 iteration:425/459 batch loss is :0.0612
2025-06-25 14:55:28 - INFO - epoch:18/25 iteration:430/459 batch loss is :0.0418
2025-06-25 14:55:49 - INFO - epoch:18/25 iteration:435/459 batch loss is :0.0232
2025-06-25 14:56:10 - INFO - epoch:18/25 iteration:440/459 batch loss is :0.0451
2025-06-25 14:56:30 - INFO - epoch:18/25 iteration:445/459 batch loss is :0.0802
2025-06-25 14:56:51 - INFO - epoch:18/25 iteration:450/459 batch loss is :0.0335
2025-06-25 14:57:12 - INFO - epoch:18/25 iteration:455/459 batch loss is :0.0600
2025-06-25 14:57:25 - INFO - Epoch:18/25 Loss is :0.0445
2025-06-25 15:00:15 - INFO - epoch:19/25 iteration:0/459 batch loss is :0.0320
2025-06-25 15:00:39 - INFO - epoch:19/25 iteration:5/459 batch loss is :0.0354
2025-06-25 15:01:02 - INFO - epoch:19/25 iteration:10/459 batch loss is :0.0267
2025-06-25 15:01:25 - INFO - epoch:19/25 iteration:15/459 batch loss is :0.0213
2025-06-25 15:01:47 - INFO - epoch:19/25 iteration:20/459 batch loss is :0.0561
2025-06-25 15:02:09 - INFO - epoch:19/25 iteration:25/459 batch loss is :0.0406
2025-06-25 15:02:31 - INFO - epoch:19/25 iteration:30/459 batch loss is :0.0311
2025-06-25 15:02:53 - INFO - epoch:19/25 iteration:35/459 batch loss is :0.0391
2025-06-25 15:03:14 - INFO - epoch:19/25 iteration:40/459 batch loss is :0.0315
2025-06-25 15:03:36 - INFO - epoch:19/25 iteration:45/459 batch loss is :0.0242
2025-06-25 15:03:58 - INFO - epoch:19/25 iteration:50/459 batch loss is :0.0276
2025-06-25 15:04:19 - INFO - epoch:19/25 iteration:55/459 batch loss is :0.0206
2025-06-25 15:04:41 - INFO - epoch:19/25 iteration:60/459 batch loss is :0.0428
2025-06-25 15:05:02 - INFO - epoch:19/25 iteration:65/459 batch loss is :0.0485
2025-06-25 15:05:24 - INFO - epoch:19/25 iteration:70/459 batch loss is :0.0355
2025-06-25 15:05:46 - INFO - epoch:19/25 iteration:75/459 batch loss is :0.0356
2025-06-25 15:06:07 - INFO - epoch:19/25 iteration:80/459 batch loss is :0.0424
2025-06-25 15:06:29 - INFO - epoch:19/25 iteration:85/459 batch loss is :0.0315
2025-06-25 15:06:51 - INFO - epoch:19/25 iteration:90/459 batch loss is :0.0506
2025-06-25 15:07:12 - INFO - epoch:19/25 iteration:95/459 batch loss is :0.0284
2025-06-25 15:07:34 - INFO - epoch:19/25 iteration:100/459 batch loss is :0.0357
2025-06-25 15:07:55 - INFO - epoch:19/25 iteration:105/459 batch loss is :0.0322
2025-06-25 15:08:17 - INFO - epoch:19/25 iteration:110/459 batch loss is :0.0284
2025-06-25 15:08:39 - INFO - epoch:19/25 iteration:115/459 batch loss is :0.0503
2025-06-25 15:09:00 - INFO - epoch:19/25 iteration:120/459 batch loss is :0.0692
2025-06-25 15:09:22 - INFO - epoch:19/25 iteration:125/459 batch loss is :0.0403
2025-06-25 15:09:44 - INFO - epoch:19/25 iteration:130/459 batch loss is :0.0553
2025-06-25 15:10:06 - INFO - epoch:19/25 iteration:135/459 batch loss is :0.0313
2025-06-25 15:10:27 - INFO - epoch:19/25 iteration:140/459 batch loss is :0.0308
2025-06-25 15:10:49 - INFO - epoch:19/25 iteration:145/459 batch loss is :0.0466
2025-06-25 15:11:10 - INFO - epoch:19/25 iteration:150/459 batch loss is :0.0452
2025-06-25 15:11:32 - INFO - epoch:19/25 iteration:155/459 batch loss is :0.0396
2025-06-25 15:11:54 - INFO - epoch:19/25 iteration:160/459 batch loss is :0.0329
2025-06-25 15:12:13 - INFO - epoch:19/25 iteration:165/459 batch loss is :0.0326
2025-06-25 15:12:32 - INFO - epoch:19/25 iteration:170/459 batch loss is :0.0322
2025-06-25 15:12:52 - INFO - epoch:19/25 iteration:175/459 batch loss is :0.0212
2025-06-25 15:13:11 - INFO - epoch:19/25 iteration:180/459 batch loss is :0.0288
2025-06-25 15:13:31 - INFO - epoch:19/25 iteration:185/459 batch loss is :0.0430
2025-06-25 15:13:50 - INFO - epoch:19/25 iteration:190/459 batch loss is :0.0297
2025-06-25 15:14:09 - INFO - epoch:19/25 iteration:195/459 batch loss is :0.0435
2025-06-25 15:14:29 - INFO - epoch:19/25 iteration:200/459 batch loss is :0.0711
2025-06-25 15:14:48 - INFO - epoch:19/25 iteration:205/459 batch loss is :0.0605
2025-06-25 15:15:07 - INFO - epoch:19/25 iteration:210/459 batch loss is :0.0206
2025-06-25 15:15:27 - INFO - epoch:19/25 iteration:215/459 batch loss is :0.0565
2025-06-25 15:15:46 - INFO - epoch:19/25 iteration:220/459 batch loss is :0.0330
2025-06-25 15:16:05 - INFO - epoch:19/25 iteration:225/459 batch loss is :0.0658
2025-06-25 15:16:24 - INFO - epoch:19/25 iteration:230/459 batch loss is :0.0304
2025-06-25 15:16:44 - INFO - epoch:19/25 iteration:235/459 batch loss is :0.0261
2025-06-25 15:17:03 - INFO - epoch:19/25 iteration:240/459 batch loss is :0.0373
2025-06-25 15:17:22 - INFO - epoch:19/25 iteration:245/459 batch loss is :0.0722
2025-06-25 15:17:41 - INFO - epoch:19/25 iteration:250/459 batch loss is :0.0467
2025-06-25 15:18:01 - INFO - epoch:19/25 iteration:255/459 batch loss is :0.0397
2025-06-25 15:18:20 - INFO - epoch:19/25 iteration:260/459 batch loss is :0.0300
2025-06-25 15:18:39 - INFO - epoch:19/25 iteration:265/459 batch loss is :0.0393
2025-06-25 15:18:59 - INFO - epoch:19/25 iteration:270/459 batch loss is :0.0416
2025-06-25 15:19:19 - INFO - epoch:19/25 iteration:275/459 batch loss is :0.0331
2025-06-25 15:19:38 - INFO - epoch:19/25 iteration:280/459 batch loss is :0.0303
2025-06-25 15:19:57 - INFO - epoch:19/25 iteration:285/459 batch loss is :0.0406
2025-06-25 15:20:16 - INFO - epoch:19/25 iteration:290/459 batch loss is :0.0346
2025-06-25 15:20:35 - INFO - epoch:19/25 iteration:295/459 batch loss is :0.0253
2025-06-25 15:20:55 - INFO - epoch:19/25 iteration:300/459 batch loss is :0.0532
2025-06-25 15:21:14 - INFO - epoch:19/25 iteration:305/459 batch loss is :0.0394
2025-06-25 15:21:33 - INFO - epoch:19/25 iteration:310/459 batch loss is :0.0373
2025-06-25 15:21:53 - INFO - epoch:19/25 iteration:315/459 batch loss is :0.0191
2025-06-25 15:22:12 - INFO - epoch:19/25 iteration:320/459 batch loss is :0.0293
2025-06-25 15:22:31 - INFO - epoch:19/25 iteration:325/459 batch loss is :0.0283
2025-06-25 15:22:50 - INFO - epoch:19/25 iteration:330/459 batch loss is :0.0213
2025-06-25 15:23:10 - INFO - epoch:19/25 iteration:335/459 batch loss is :0.0278
2025-06-25 15:23:29 - INFO - epoch:19/25 iteration:340/459 batch loss is :0.0345
2025-06-25 15:23:49 - INFO - epoch:19/25 iteration:345/459 batch loss is :0.0758
2025-06-25 15:24:08 - INFO - epoch:19/25 iteration:350/459 batch loss is :0.0372
2025-06-25 15:24:28 - INFO - epoch:19/25 iteration:355/459 batch loss is :0.0491
2025-06-25 15:24:47 - INFO - epoch:19/25 iteration:360/459 batch loss is :0.0484
2025-06-25 15:25:06 - INFO - epoch:19/25 iteration:365/459 batch loss is :0.0592
2025-06-25 15:25:25 - INFO - epoch:19/25 iteration:370/459 batch loss is :0.0292
2025-06-25 15:25:45 - INFO - epoch:19/25 iteration:375/459 batch loss is :0.0271
2025-06-25 15:26:04 - INFO - epoch:19/25 iteration:380/459 batch loss is :0.0150
2025-06-25 15:26:24 - INFO - epoch:19/25 iteration:385/459 batch loss is :0.0632
2025-06-25 15:26:42 - INFO - epoch:19/25 iteration:390/459 batch loss is :0.0359
2025-06-25 15:27:02 - INFO - epoch:19/25 iteration:395/459 batch loss is :0.0469
2025-06-25 15:27:21 - INFO - epoch:19/25 iteration:400/459 batch loss is :0.0491
2025-06-25 15:27:40 - INFO - epoch:19/25 iteration:405/459 batch loss is :0.0335
2025-06-25 15:27:59 - INFO - epoch:19/25 iteration:410/459 batch loss is :0.0386
2025-06-25 15:28:19 - INFO - epoch:19/25 iteration:415/459 batch loss is :0.0318
2025-06-25 15:28:38 - INFO - epoch:19/25 iteration:420/459 batch loss is :0.0262
2025-06-25 15:28:58 - INFO - epoch:19/25 iteration:425/459 batch loss is :0.0568
2025-06-25 15:29:17 - INFO - epoch:19/25 iteration:430/459 batch loss is :0.0327
2025-06-25 15:29:35 - INFO - epoch:19/25 iteration:435/459 batch loss is :0.0372
2025-06-25 15:29:53 - INFO - epoch:19/25 iteration:440/459 batch loss is :0.0425
2025-06-25 15:30:11 - INFO - epoch:19/25 iteration:445/459 batch loss is :0.0320
2025-06-25 15:30:28 - INFO - epoch:19/25 iteration:450/459 batch loss is :0.0785
2025-06-25 15:30:46 - INFO - epoch:19/25 iteration:455/459 batch loss is :0.0630
2025-06-25 15:30:59 - INFO - Epoch:19/25 Loss is :0.0406
2025-06-25 15:33:50 - INFO - epoch:20/25 iteration:0/459 batch loss is :0.0491
2025-06-25 15:34:10 - INFO - epoch:20/25 iteration:5/459 batch loss is :0.0260
2025-06-25 15:34:30 - INFO - epoch:20/25 iteration:10/459 batch loss is :0.0465
2025-06-25 15:34:51 - INFO - epoch:20/25 iteration:15/459 batch loss is :0.0669
2025-06-25 15:35:12 - INFO - epoch:20/25 iteration:20/459 batch loss is :0.0363
2025-06-25 15:35:32 - INFO - epoch:20/25 iteration:25/459 batch loss is :0.0183
2025-06-25 15:35:53 - INFO - epoch:20/25 iteration:30/459 batch loss is :0.0293
2025-06-25 15:36:13 - INFO - epoch:20/25 iteration:35/459 batch loss is :0.0457
2025-06-25 15:36:33 - INFO - epoch:20/25 iteration:40/459 batch loss is :0.0509
2025-06-25 15:36:52 - INFO - epoch:20/25 iteration:45/459 batch loss is :0.0440
2025-06-25 15:37:12 - INFO - epoch:20/25 iteration:50/459 batch loss is :0.0207
2025-06-25 15:37:31 - INFO - epoch:20/25 iteration:55/459 batch loss is :0.0289
2025-06-25 15:37:50 - INFO - epoch:20/25 iteration:60/459 batch loss is :0.0451
2025-06-25 15:38:09 - INFO - epoch:20/25 iteration:65/459 batch loss is :0.0268
2025-06-25 15:38:28 - INFO - epoch:20/25 iteration:70/459 batch loss is :0.0391
2025-06-25 15:38:48 - INFO - epoch:20/25 iteration:75/459 batch loss is :0.0322
2025-06-25 15:39:07 - INFO - epoch:20/25 iteration:80/459 batch loss is :0.0287
2025-06-25 15:39:26 - INFO - epoch:20/25 iteration:85/459 batch loss is :0.0267
2025-06-25 15:39:46 - INFO - epoch:20/25 iteration:90/459 batch loss is :0.0230
2025-06-25 15:40:05 - INFO - epoch:20/25 iteration:95/459 batch loss is :0.0277
2025-06-25 15:40:25 - INFO - epoch:20/25 iteration:100/459 batch loss is :0.0251
2025-06-25 15:40:43 - INFO - epoch:20/25 iteration:105/459 batch loss is :0.0362
2025-06-25 15:41:03 - INFO - epoch:20/25 iteration:110/459 batch loss is :0.0371
2025-06-25 15:41:22 - INFO - epoch:20/25 iteration:115/459 batch loss is :0.0254
2025-06-25 15:41:42 - INFO - epoch:20/25 iteration:120/459 batch loss is :0.0586
2025-06-25 15:42:01 - INFO - epoch:20/25 iteration:125/459 batch loss is :0.0234
2025-06-25 15:42:20 - INFO - epoch:20/25 iteration:130/459 batch loss is :0.0337
2025-06-25 15:42:40 - INFO - epoch:20/25 iteration:135/459 batch loss is :0.0328
2025-06-25 15:42:59 - INFO - epoch:20/25 iteration:140/459 batch loss is :0.0384
2025-06-25 15:43:18 - INFO - epoch:20/25 iteration:145/459 batch loss is :0.0586
2025-06-25 15:43:38 - INFO - epoch:20/25 iteration:150/459 batch loss is :0.0579
2025-06-25 15:43:57 - INFO - epoch:20/25 iteration:155/459 batch loss is :0.0311
2025-06-25 15:44:17 - INFO - epoch:20/25 iteration:160/459 batch loss is :0.0291
2025-06-25 15:44:36 - INFO - epoch:20/25 iteration:165/459 batch loss is :0.0348
2025-06-25 15:44:55 - INFO - epoch:20/25 iteration:170/459 batch loss is :0.0423
2025-06-25 15:45:15 - INFO - epoch:20/25 iteration:175/459 batch loss is :0.0203
2025-06-25 15:45:34 - INFO - epoch:20/25 iteration:180/459 batch loss is :0.0258
2025-06-25 15:45:53 - INFO - epoch:20/25 iteration:185/459 batch loss is :0.0479
2025-06-25 15:46:13 - INFO - epoch:20/25 iteration:190/459 batch loss is :0.0488
2025-06-25 15:46:32 - INFO - epoch:20/25 iteration:195/459 batch loss is :0.0260
2025-06-25 15:46:51 - INFO - epoch:20/25 iteration:200/459 batch loss is :0.0545
2025-06-25 15:47:11 - INFO - epoch:20/25 iteration:205/459 batch loss is :0.0270
2025-06-25 15:47:30 - INFO - epoch:20/25 iteration:210/459 batch loss is :0.0287
2025-06-25 15:47:49 - INFO - epoch:20/25 iteration:215/459 batch loss is :0.0395
2025-06-25 15:48:09 - INFO - epoch:20/25 iteration:220/459 batch loss is :0.0596
2025-06-25 15:48:28 - INFO - epoch:20/25 iteration:225/459 batch loss is :0.0250
2025-06-25 15:48:48 - INFO - epoch:20/25 iteration:230/459 batch loss is :0.0491
2025-06-25 15:49:07 - INFO - epoch:20/25 iteration:235/459 batch loss is :0.0220
2025-06-25 15:49:26 - INFO - epoch:20/25 iteration:240/459 batch loss is :0.0275
2025-06-25 15:49:46 - INFO - epoch:20/25 iteration:245/459 batch loss is :0.0391
2025-06-25 15:50:05 - INFO - epoch:20/25 iteration:250/459 batch loss is :0.0265
2025-06-25 15:50:24 - INFO - epoch:20/25 iteration:255/459 batch loss is :0.0420
2025-06-25 15:50:44 - INFO - epoch:20/25 iteration:260/459 batch loss is :0.0327
2025-06-25 15:51:03 - INFO - epoch:20/25 iteration:265/459 batch loss is :0.0338
2025-06-25 15:51:22 - INFO - epoch:20/25 iteration:270/459 batch loss is :0.0410
2025-06-25 15:51:42 - INFO - epoch:20/25 iteration:275/459 batch loss is :0.0354
2025-06-25 15:52:01 - INFO - epoch:20/25 iteration:280/459 batch loss is :0.0173
2025-06-25 15:52:20 - INFO - epoch:20/25 iteration:285/459 batch loss is :0.0375
2025-06-25 15:52:39 - INFO - epoch:20/25 iteration:290/459 batch loss is :0.0389
2025-06-25 15:52:59 - INFO - epoch:20/25 iteration:295/459 batch loss is :0.0331
2025-06-25 15:53:18 - INFO - epoch:20/25 iteration:300/459 batch loss is :0.0316
2025-06-25 15:53:37 - INFO - epoch:20/25 iteration:305/459 batch loss is :0.0271
2025-06-25 15:53:56 - INFO - epoch:20/25 iteration:310/459 batch loss is :0.0256
2025-06-25 15:54:16 - INFO - epoch:20/25 iteration:315/459 batch loss is :0.0357
2025-06-25 15:54:35 - INFO - epoch:20/25 iteration:320/459 batch loss is :0.0228
2025-06-25 15:54:54 - INFO - epoch:20/25 iteration:325/459 batch loss is :0.0149
2025-06-25 15:55:14 - INFO - epoch:20/25 iteration:330/459 batch loss is :0.0290
2025-06-25 15:55:33 - INFO - epoch:20/25 iteration:335/459 batch loss is :0.0415
2025-06-25 15:55:53 - INFO - epoch:20/25 iteration:340/459 batch loss is :0.0394
2025-06-25 15:56:12 - INFO - epoch:20/25 iteration:345/459 batch loss is :0.0561
2025-06-25 15:56:31 - INFO - epoch:20/25 iteration:350/459 batch loss is :0.0320
2025-06-25 15:56:50 - INFO - epoch:20/25 iteration:355/459 batch loss is :0.0248
2025-06-25 15:57:10 - INFO - epoch:20/25 iteration:360/459 batch loss is :0.0285
2025-06-25 15:57:29 - INFO - epoch:20/25 iteration:365/459 batch loss is :0.0233
2025-06-25 15:57:48 - INFO - epoch:20/25 iteration:370/459 batch loss is :0.0354
2025-06-25 15:58:07 - INFO - epoch:20/25 iteration:375/459 batch loss is :0.0476
2025-06-25 15:58:27 - INFO - epoch:20/25 iteration:380/459 batch loss is :0.0347
2025-06-25 15:58:46 - INFO - epoch:20/25 iteration:385/459 batch loss is :0.0446
2025-06-25 15:59:05 - INFO - epoch:20/25 iteration:390/459 batch loss is :0.0364
2025-06-25 15:59:25 - INFO - epoch:20/25 iteration:395/459 batch loss is :0.0205
2025-06-25 15:59:44 - INFO - epoch:20/25 iteration:400/459 batch loss is :0.0211
2025-06-25 16:00:03 - INFO - epoch:20/25 iteration:405/459 batch loss is :0.0521
2025-06-25 16:00:22 - INFO - epoch:20/25 iteration:410/459 batch loss is :0.0499
2025-06-25 16:00:42 - INFO - epoch:20/25 iteration:415/459 batch loss is :0.0364
2025-06-25 16:01:01 - INFO - epoch:20/25 iteration:420/459 batch loss is :0.0399
2025-06-25 16:01:21 - INFO - epoch:20/25 iteration:425/459 batch loss is :0.0140
2025-06-25 16:01:40 - INFO - epoch:20/25 iteration:430/459 batch loss is :0.0358
2025-06-25 16:01:58 - INFO - epoch:20/25 iteration:435/459 batch loss is :0.0454
2025-06-25 16:02:16 - INFO - epoch:20/25 iteration:440/459 batch loss is :0.0270
2025-06-25 16:02:33 - INFO - epoch:20/25 iteration:445/459 batch loss is :0.0231
2025-06-25 16:02:51 - INFO - epoch:20/25 iteration:450/459 batch loss is :0.0529
2025-06-25 16:03:09 - INFO - epoch:20/25 iteration:455/459 batch loss is :0.0293
2025-06-25 16:03:20 - INFO - Epoch:20/25 Loss is :0.0352
2025-06-25 16:12:44 - INFO - VAL loss :0.0513
2025-06-25 16:15:29 - INFO - epoch:21/25 iteration:0/459 batch loss is :0.0404
2025-06-25 16:15:49 - INFO - epoch:21/25 iteration:5/459 batch loss is :0.0375
2025-06-25 16:16:09 - INFO - epoch:21/25 iteration:10/459 batch loss is :0.0328
2025-06-25 16:16:30 - INFO - epoch:21/25 iteration:15/459 batch loss is :0.0291
2025-06-25 16:16:51 - INFO - epoch:21/25 iteration:20/459 batch loss is :0.0218
2025-06-25 16:17:11 - INFO - epoch:21/25 iteration:25/459 batch loss is :0.0518
2025-06-25 16:17:32 - INFO - epoch:21/25 iteration:30/459 batch loss is :0.0166
2025-06-25 16:17:52 - INFO - epoch:21/25 iteration:35/459 batch loss is :0.0391
2025-06-25 16:18:12 - INFO - epoch:21/25 iteration:40/459 batch loss is :0.0498
2025-06-25 16:18:31 - INFO - epoch:21/25 iteration:45/459 batch loss is :0.0652
2025-06-25 16:18:51 - INFO - epoch:21/25 iteration:50/459 batch loss is :0.0359
2025-06-25 16:19:10 - INFO - epoch:21/25 iteration:55/459 batch loss is :0.0328
2025-06-25 16:19:30 - INFO - epoch:21/25 iteration:60/459 batch loss is :0.0196
2025-06-25 16:19:49 - INFO - epoch:21/25 iteration:65/459 batch loss is :0.0505
2025-06-25 16:20:09 - INFO - epoch:21/25 iteration:70/459 batch loss is :0.0274
2025-06-25 16:20:28 - INFO - epoch:21/25 iteration:75/459 batch loss is :0.0338
2025-06-25 16:20:48 - INFO - epoch:21/25 iteration:80/459 batch loss is :0.0559
2025-06-25 16:21:07 - INFO - epoch:21/25 iteration:85/459 batch loss is :0.0530
2025-06-25 16:21:26 - INFO - epoch:21/25 iteration:90/459 batch loss is :0.0430
2025-06-25 16:21:46 - INFO - epoch:21/25 iteration:95/459 batch loss is :0.0199
2025-06-25 16:22:05 - INFO - epoch:21/25 iteration:100/459 batch loss is :0.0257
2025-06-25 16:22:25 - INFO - epoch:21/25 iteration:105/459 batch loss is :0.0323
2025-06-25 16:22:44 - INFO - epoch:21/25 iteration:110/459 batch loss is :0.0154
2025-06-25 16:23:04 - INFO - epoch:21/25 iteration:115/459 batch loss is :0.0495
2025-06-25 16:23:23 - INFO - epoch:21/25 iteration:120/459 batch loss is :0.0424
2025-06-25 16:23:43 - INFO - epoch:21/25 iteration:125/459 batch loss is :0.0445
2025-06-25 16:24:02 - INFO - epoch:21/25 iteration:130/459 batch loss is :0.0175
2025-06-25 16:24:21 - INFO - epoch:21/25 iteration:135/459 batch loss is :0.0536
2025-06-25 16:24:40 - INFO - epoch:21/25 iteration:140/459 batch loss is :0.0161
2025-06-25 16:24:59 - INFO - epoch:21/25 iteration:145/459 batch loss is :0.0416
2025-06-25 16:25:19 - INFO - epoch:21/25 iteration:150/459 batch loss is :0.0260
2025-06-25 16:25:38 - INFO - epoch:21/25 iteration:155/459 batch loss is :0.0241
2025-06-25 16:25:58 - INFO - epoch:21/25 iteration:160/459 batch loss is :0.0363
2025-06-25 16:26:17 - INFO - epoch:21/25 iteration:165/459 batch loss is :0.0249
2025-06-25 16:26:36 - INFO - epoch:21/25 iteration:170/459 batch loss is :0.0152
2025-06-25 16:26:56 - INFO - epoch:21/25 iteration:175/459 batch loss is :0.0480
2025-06-25 16:27:15 - INFO - epoch:21/25 iteration:180/459 batch loss is :0.0260
2025-06-25 16:27:34 - INFO - epoch:21/25 iteration:185/459 batch loss is :0.0458
2025-06-25 16:27:54 - INFO - epoch:21/25 iteration:190/459 batch loss is :0.0477
2025-06-25 16:28:14 - INFO - epoch:21/25 iteration:195/459 batch loss is :0.0429
2025-06-25 16:28:33 - INFO - epoch:21/25 iteration:200/459 batch loss is :0.0361
2025-06-25 16:28:52 - INFO - epoch:21/25 iteration:205/459 batch loss is :0.0147
2025-06-25 16:29:12 - INFO - epoch:21/25 iteration:210/459 batch loss is :0.0866
2025-06-25 16:29:31 - INFO - epoch:21/25 iteration:215/459 batch loss is :0.0147
2025-06-25 16:29:50 - INFO - epoch:21/25 iteration:220/459 batch loss is :0.0260
2025-06-25 16:30:10 - INFO - epoch:21/25 iteration:225/459 batch loss is :0.0441
2025-06-25 16:30:29 - INFO - epoch:21/25 iteration:230/459 batch loss is :0.0420
2025-06-25 16:30:49 - INFO - epoch:21/25 iteration:235/459 batch loss is :0.0265
2025-06-25 16:31:08 - INFO - epoch:21/25 iteration:240/459 batch loss is :0.0229
2025-06-25 16:31:28 - INFO - epoch:21/25 iteration:245/459 batch loss is :0.0514
2025-06-25 16:31:47 - INFO - epoch:21/25 iteration:250/459 batch loss is :0.0833
2025-06-25 16:32:07 - INFO - epoch:21/25 iteration:255/459 batch loss is :0.0295
2025-06-25 16:32:26 - INFO - epoch:21/25 iteration:260/459 batch loss is :0.0257
2025-06-25 16:32:46 - INFO - epoch:21/25 iteration:265/459 batch loss is :0.0278
2025-06-25 16:33:05 - INFO - epoch:21/25 iteration:270/459 batch loss is :0.0231
2025-06-25 16:33:25 - INFO - epoch:21/25 iteration:275/459 batch loss is :0.0528
2025-06-25 16:33:44 - INFO - epoch:21/25 iteration:280/459 batch loss is :0.0839
2025-06-25 16:34:04 - INFO - epoch:21/25 iteration:285/459 batch loss is :0.0259
2025-06-25 16:34:24 - INFO - epoch:21/25 iteration:290/459 batch loss is :0.0314
2025-06-25 16:34:43 - INFO - epoch:21/25 iteration:295/459 batch loss is :0.0269
2025-06-25 16:35:02 - INFO - epoch:21/25 iteration:300/459 batch loss is :0.0370
2025-06-25 16:35:22 - INFO - epoch:21/25 iteration:305/459 batch loss is :0.0407
2025-06-25 16:35:41 - INFO - epoch:21/25 iteration:310/459 batch loss is :0.0362
2025-06-25 16:36:01 - INFO - epoch:21/25 iteration:315/459 batch loss is :0.0238
2025-06-25 16:36:20 - INFO - epoch:21/25 iteration:320/459 batch loss is :0.0232
2025-06-25 16:36:39 - INFO - epoch:21/25 iteration:325/459 batch loss is :0.0177
2025-06-25 16:36:59 - INFO - epoch:21/25 iteration:330/459 batch loss is :0.0342
2025-06-25 16:37:18 - INFO - epoch:21/25 iteration:335/459 batch loss is :0.0301
2025-06-25 16:37:37 - INFO - epoch:21/25 iteration:340/459 batch loss is :0.0276
2025-06-25 16:37:56 - INFO - epoch:21/25 iteration:345/459 batch loss is :0.0692
2025-06-25 16:38:15 - INFO - epoch:21/25 iteration:350/459 batch loss is :0.0499
2025-06-25 16:38:35 - INFO - epoch:21/25 iteration:355/459 batch loss is :0.0321
2025-06-25 16:38:54 - INFO - epoch:21/25 iteration:360/459 batch loss is :0.0292
2025-06-25 16:39:13 - INFO - epoch:21/25 iteration:365/459 batch loss is :0.0354
2025-06-25 16:39:33 - INFO - epoch:21/25 iteration:370/459 batch loss is :0.0347
2025-06-25 16:39:52 - INFO - epoch:21/25 iteration:375/459 batch loss is :0.0177
2025-06-25 16:40:11 - INFO - epoch:21/25 iteration:380/459 batch loss is :0.0486
2025-06-25 16:40:31 - INFO - epoch:21/25 iteration:385/459 batch loss is :0.0415
2025-06-25 16:40:50 - INFO - epoch:21/25 iteration:390/459 batch loss is :0.0605
2025-06-25 16:41:09 - INFO - epoch:21/25 iteration:395/459 batch loss is :0.0409
2025-06-25 16:41:28 - INFO - epoch:21/25 iteration:400/459 batch loss is :0.0698
2025-06-25 16:41:47 - INFO - epoch:21/25 iteration:405/459 batch loss is :0.0318
2025-06-25 16:42:07 - INFO - epoch:21/25 iteration:410/459 batch loss is :0.0441
2025-06-25 16:42:26 - INFO - epoch:21/25 iteration:415/459 batch loss is :0.0297
2025-06-25 16:42:45 - INFO - epoch:21/25 iteration:420/459 batch loss is :0.0262
2025-06-25 16:43:05 - INFO - epoch:21/25 iteration:425/459 batch loss is :0.0173
2025-06-25 16:43:24 - INFO - epoch:21/25 iteration:430/459 batch loss is :0.0196
2025-06-25 16:43:42 - INFO - epoch:21/25 iteration:435/459 batch loss is :0.0270
2025-06-25 16:44:00 - INFO - epoch:21/25 iteration:440/459 batch loss is :0.0238
2025-06-25 16:44:17 - INFO - epoch:21/25 iteration:445/459 batch loss is :0.0274
2025-06-25 16:44:35 - INFO - epoch:21/25 iteration:450/459 batch loss is :0.0277
2025-06-25 16:44:53 - INFO - epoch:21/25 iteration:455/459 batch loss is :0.0189
2025-06-25 16:45:04 - INFO - Epoch:21/25 Loss is :0.0341
2025-06-25 16:47:53 - INFO - epoch:22/25 iteration:0/459 batch loss is :0.0328
2025-06-25 16:48:15 - INFO - epoch:22/25 iteration:5/459 batch loss is :0.0203
2025-06-25 16:48:36 - INFO - epoch:22/25 iteration:10/459 batch loss is :0.0446
2025-06-25 16:48:57 - INFO - epoch:22/25 iteration:15/459 batch loss is :0.0404
2025-06-25 16:49:17 - INFO - epoch:22/25 iteration:20/459 batch loss is :0.0300
2025-06-25 16:49:37 - INFO - epoch:22/25 iteration:25/459 batch loss is :0.0336
2025-06-25 16:49:57 - INFO - epoch:22/25 iteration:30/459 batch loss is :0.0696
2025-06-25 16:50:17 - INFO - epoch:22/25 iteration:35/459 batch loss is :0.0406
2025-06-25 16:50:36 - INFO - epoch:22/25 iteration:40/459 batch loss is :0.0262
2025-06-25 16:50:55 - INFO - epoch:22/25 iteration:45/459 batch loss is :0.0391
2025-06-25 16:51:14 - INFO - epoch:22/25 iteration:50/459 batch loss is :0.0186
2025-06-25 16:51:34 - INFO - epoch:22/25 iteration:55/459 batch loss is :0.0510
2025-06-25 16:51:53 - INFO - epoch:22/25 iteration:60/459 batch loss is :0.0430
2025-06-25 16:52:12 - INFO - epoch:22/25 iteration:65/459 batch loss is :0.0552
2025-06-25 16:52:31 - INFO - epoch:22/25 iteration:70/459 batch loss is :0.0389
2025-06-25 16:52:51 - INFO - epoch:22/25 iteration:75/459 batch loss is :0.0526
2025-06-25 16:53:10 - INFO - epoch:22/25 iteration:80/459 batch loss is :0.0373
2025-06-25 16:53:29 - INFO - epoch:22/25 iteration:85/459 batch loss is :0.0235
2025-06-25 16:53:49 - INFO - epoch:22/25 iteration:90/459 batch loss is :0.0274
2025-06-25 16:54:08 - INFO - epoch:22/25 iteration:95/459 batch loss is :0.0257
2025-06-25 16:54:27 - INFO - epoch:22/25 iteration:100/459 batch loss is :0.0170
2025-06-25 16:54:46 - INFO - epoch:22/25 iteration:105/459 batch loss is :0.0401
2025-06-25 16:55:05 - INFO - epoch:22/25 iteration:110/459 batch loss is :0.0371
2025-06-25 16:55:25 - INFO - epoch:22/25 iteration:115/459 batch loss is :0.0375
2025-06-25 16:55:44 - INFO - epoch:22/25 iteration:120/459 batch loss is :0.0146
2025-06-25 16:56:03 - INFO - epoch:22/25 iteration:125/459 batch loss is :0.0412
2025-06-25 16:56:22 - INFO - epoch:22/25 iteration:130/459 batch loss is :0.0246
2025-06-25 16:56:42 - INFO - epoch:22/25 iteration:135/459 batch loss is :0.0360
2025-06-25 16:57:01 - INFO - epoch:22/25 iteration:140/459 batch loss is :0.0238
2025-06-25 16:57:20 - INFO - epoch:22/25 iteration:145/459 batch loss is :0.0421
2025-06-25 16:57:39 - INFO - epoch:22/25 iteration:150/459 batch loss is :0.0208
2025-06-25 16:57:59 - INFO - epoch:22/25 iteration:155/459 batch loss is :0.0407
2025-06-25 16:58:18 - INFO - epoch:22/25 iteration:160/459 batch loss is :0.0412
2025-06-25 16:58:38 - INFO - epoch:22/25 iteration:165/459 batch loss is :0.0213
2025-06-25 16:58:57 - INFO - epoch:22/25 iteration:170/459 batch loss is :0.0423
2025-06-25 16:59:16 - INFO - epoch:22/25 iteration:175/459 batch loss is :0.0152
2025-06-25 16:59:35 - INFO - epoch:22/25 iteration:180/459 batch loss is :0.0366
2025-06-25 16:59:55 - INFO - epoch:22/25 iteration:185/459 batch loss is :0.0542
2025-06-25 17:00:14 - INFO - epoch:22/25 iteration:190/459 batch loss is :0.0292
2025-06-25 17:00:33 - INFO - epoch:22/25 iteration:195/459 batch loss is :0.0396
2025-06-25 17:00:52 - INFO - epoch:22/25 iteration:200/459 batch loss is :0.0586
2025-06-25 17:01:11 - INFO - epoch:22/25 iteration:205/459 batch loss is :0.0323
2025-06-25 17:01:31 - INFO - epoch:22/25 iteration:210/459 batch loss is :0.0244
2025-06-25 17:01:50 - INFO - epoch:22/25 iteration:215/459 batch loss is :0.0178
2025-06-25 17:02:09 - INFO - epoch:22/25 iteration:220/459 batch loss is :0.0264
2025-06-25 17:02:29 - INFO - epoch:22/25 iteration:225/459 batch loss is :0.0205
2025-06-25 17:02:48 - INFO - epoch:22/25 iteration:230/459 batch loss is :0.0442
2025-06-25 17:03:08 - INFO - epoch:22/25 iteration:235/459 batch loss is :0.0248
2025-06-25 17:03:27 - INFO - epoch:22/25 iteration:240/459 batch loss is :0.0263
2025-06-25 17:03:47 - INFO - epoch:22/25 iteration:245/459 batch loss is :0.0474
2025-06-25 17:04:06 - INFO - epoch:22/25 iteration:250/459 batch loss is :0.0147
2025-06-25 17:04:26 - INFO - epoch:22/25 iteration:255/459 batch loss is :0.0254
2025-06-25 17:04:45 - INFO - epoch:22/25 iteration:260/459 batch loss is :0.0315
2025-06-25 17:05:05 - INFO - epoch:22/25 iteration:265/459 batch loss is :0.0385
2025-06-25 17:05:24 - INFO - epoch:22/25 iteration:270/459 batch loss is :0.0242
2025-06-25 17:05:43 - INFO - epoch:22/25 iteration:275/459 batch loss is :0.0416
2025-06-25 17:06:03 - INFO - epoch:22/25 iteration:280/459 batch loss is :0.0293
2025-06-25 17:06:22 - INFO - epoch:22/25 iteration:285/459 batch loss is :0.0279
2025-06-25 17:06:42 - INFO - epoch:22/25 iteration:290/459 batch loss is :0.0303
2025-06-25 17:07:01 - INFO - epoch:22/25 iteration:295/459 batch loss is :0.0355
2025-06-25 17:07:20 - INFO - epoch:22/25 iteration:300/459 batch loss is :0.0275
2025-06-25 17:07:40 - INFO - epoch:22/25 iteration:305/459 batch loss is :0.0325
2025-06-25 17:07:59 - INFO - epoch:22/25 iteration:310/459 batch loss is :0.0380
2025-06-25 17:08:19 - INFO - epoch:22/25 iteration:315/459 batch loss is :0.0271
2025-06-25 17:08:38 - INFO - epoch:22/25 iteration:320/459 batch loss is :0.0518
2025-06-25 17:08:58 - INFO - epoch:22/25 iteration:325/459 batch loss is :0.0283
2025-06-25 17:09:17 - INFO - epoch:22/25 iteration:330/459 batch loss is :0.0242
2025-06-25 17:09:37 - INFO - epoch:22/25 iteration:335/459 batch loss is :0.0421
2025-06-25 17:09:56 - INFO - epoch:22/25 iteration:340/459 batch loss is :0.0235
2025-06-25 17:10:16 - INFO - epoch:22/25 iteration:345/459 batch loss is :0.0476
2025-06-25 17:10:35 - INFO - epoch:22/25 iteration:350/459 batch loss is :0.0311
2025-06-25 17:10:55 - INFO - epoch:22/25 iteration:355/459 batch loss is :0.0127
2025-06-25 17:11:14 - INFO - epoch:22/25 iteration:360/459 batch loss is :0.0211
2025-06-25 17:11:34 - INFO - epoch:22/25 iteration:365/459 batch loss is :0.0416
2025-06-25 17:11:53 - INFO - epoch:22/25 iteration:370/459 batch loss is :0.0309
2025-06-25 17:12:13 - INFO - epoch:22/25 iteration:375/459 batch loss is :0.0399
2025-06-25 17:12:33 - INFO - epoch:22/25 iteration:380/459 batch loss is :0.0258
2025-06-25 17:12:52 - INFO - epoch:22/25 iteration:385/459 batch loss is :0.0253
2025-06-25 17:13:12 - INFO - epoch:22/25 iteration:390/459 batch loss is :0.0280
2025-06-25 17:13:32 - INFO - epoch:22/25 iteration:395/459 batch loss is :0.0357
2025-06-25 17:13:52 - INFO - epoch:22/25 iteration:400/459 batch loss is :0.0491
2025-06-25 17:14:11 - INFO - epoch:22/25 iteration:405/459 batch loss is :0.0227
2025-06-25 17:14:31 - INFO - epoch:22/25 iteration:410/459 batch loss is :0.0233
2025-06-25 17:14:50 - INFO - epoch:22/25 iteration:415/459 batch loss is :0.0214
2025-06-25 17:15:10 - INFO - epoch:22/25 iteration:420/459 batch loss is :0.0566
2025-06-25 17:15:29 - INFO - epoch:22/25 iteration:425/459 batch loss is :0.0384
2025-06-25 17:15:48 - INFO - epoch:22/25 iteration:430/459 batch loss is :0.0142
2025-06-25 17:16:07 - INFO - epoch:22/25 iteration:435/459 batch loss is :0.0231
2025-06-25 17:16:25 - INFO - epoch:22/25 iteration:440/459 batch loss is :0.0284
2025-06-25 17:16:43 - INFO - epoch:22/25 iteration:445/459 batch loss is :0.0235
2025-06-25 17:17:00 - INFO - epoch:22/25 iteration:450/459 batch loss is :0.0207
2025-06-25 17:17:18 - INFO - epoch:22/25 iteration:455/459 batch loss is :0.0266
2025-06-25 17:17:30 - INFO - Epoch:22/25 Loss is :0.0331
2025-06-25 17:20:34 - INFO - epoch:23/25 iteration:0/459 batch loss is :0.0567
2025-06-25 17:20:54 - INFO - epoch:23/25 iteration:5/459 batch loss is :0.0438
2025-06-25 17:21:14 - INFO - epoch:23/25 iteration:10/459 batch loss is :0.0186
2025-06-25 17:21:35 - INFO - epoch:23/25 iteration:15/459 batch loss is :0.0378
2025-06-25 17:21:56 - INFO - epoch:23/25 iteration:20/459 batch loss is :0.0351
2025-06-25 17:22:16 - INFO - epoch:23/25 iteration:25/459 batch loss is :0.0268
2025-06-25 17:22:37 - INFO - epoch:23/25 iteration:30/459 batch loss is :0.0366
2025-06-25 17:22:57 - INFO - epoch:23/25 iteration:35/459 batch loss is :0.0697
2025-06-25 17:23:17 - INFO - epoch:23/25 iteration:40/459 batch loss is :0.0423
2025-06-25 17:23:36 - INFO - epoch:23/25 iteration:45/459 batch loss is :0.0159
2025-06-25 17:23:56 - INFO - epoch:23/25 iteration:50/459 batch loss is :0.0336
2025-06-25 17:24:15 - INFO - epoch:23/25 iteration:55/459 batch loss is :0.0444
2025-06-25 17:24:35 - INFO - epoch:23/25 iteration:60/459 batch loss is :0.0317
2025-06-25 17:24:54 - INFO - epoch:23/25 iteration:65/459 batch loss is :0.0632
2025-06-25 17:25:14 - INFO - epoch:23/25 iteration:70/459 batch loss is :0.0280
2025-06-25 17:25:33 - INFO - epoch:23/25 iteration:75/459 batch loss is :0.0425
2025-06-25 17:25:52 - INFO - epoch:23/25 iteration:80/459 batch loss is :0.0337
2025-06-25 17:26:11 - INFO - epoch:23/25 iteration:85/459 batch loss is :0.0292
2025-06-25 17:26:31 - INFO - epoch:23/25 iteration:90/459 batch loss is :0.0250
2025-06-25 17:26:50 - INFO - epoch:23/25 iteration:95/459 batch loss is :0.0549
2025-06-25 17:27:10 - INFO - epoch:23/25 iteration:100/459 batch loss is :0.0153
2025-06-25 17:27:29 - INFO - epoch:23/25 iteration:105/459 batch loss is :0.0324
2025-06-25 17:27:49 - INFO - epoch:23/25 iteration:110/459 batch loss is :0.0267
2025-06-25 17:28:08 - INFO - epoch:23/25 iteration:115/459 batch loss is :0.0268
2025-06-25 17:28:27 - INFO - epoch:23/25 iteration:120/459 batch loss is :0.0252
2025-06-25 17:28:46 - INFO - epoch:23/25 iteration:125/459 batch loss is :0.0352
2025-06-25 17:29:06 - INFO - epoch:23/25 iteration:130/459 batch loss is :0.0126
2025-06-25 17:29:26 - INFO - epoch:23/25 iteration:135/459 batch loss is :0.0385
2025-06-25 17:29:45 - INFO - epoch:23/25 iteration:140/459 batch loss is :0.0515
2025-06-25 17:30:05 - INFO - epoch:23/25 iteration:145/459 batch loss is :0.0338
2025-06-25 17:30:24 - INFO - epoch:23/25 iteration:150/459 batch loss is :0.0144
2025-06-25 17:30:43 - INFO - epoch:23/25 iteration:155/459 batch loss is :0.0419
2025-06-25 17:31:03 - INFO - epoch:23/25 iteration:160/459 batch loss is :0.0421
2025-06-25 17:31:22 - INFO - epoch:23/25 iteration:165/459 batch loss is :0.0299
2025-06-25 17:31:42 - INFO - epoch:23/25 iteration:170/459 batch loss is :0.0280
2025-06-25 17:32:02 - INFO - epoch:23/25 iteration:175/459 batch loss is :0.0242
2025-06-25 17:32:21 - INFO - epoch:23/25 iteration:180/459 batch loss is :0.0387
2025-06-25 17:32:40 - INFO - epoch:23/25 iteration:185/459 batch loss is :0.0171
2025-06-25 17:32:59 - INFO - epoch:23/25 iteration:190/459 batch loss is :0.0346
2025-06-25 17:33:19 - INFO - epoch:23/25 iteration:195/459 batch loss is :0.0436
2025-06-25 17:33:39 - INFO - epoch:23/25 iteration:200/459 batch loss is :0.0248
2025-06-25 17:33:58 - INFO - epoch:23/25 iteration:205/459 batch loss is :0.0749
2025-06-25 17:34:17 - INFO - epoch:23/25 iteration:210/459 batch loss is :0.0182
2025-06-25 17:34:36 - INFO - epoch:23/25 iteration:215/459 batch loss is :0.0490
2025-06-25 17:34:56 - INFO - epoch:23/25 iteration:220/459 batch loss is :0.0211
2025-06-25 17:35:15 - INFO - epoch:23/25 iteration:225/459 batch loss is :0.0310
2025-06-25 17:35:35 - INFO - epoch:23/25 iteration:230/459 batch loss is :0.0439
2025-06-25 17:35:54 - INFO - epoch:23/25 iteration:235/459 batch loss is :0.0377
2025-06-25 17:36:13 - INFO - epoch:23/25 iteration:240/459 batch loss is :0.0426
2025-06-25 17:36:33 - INFO - epoch:23/25 iteration:245/459 batch loss is :0.0581
2025-06-25 17:36:52 - INFO - epoch:23/25 iteration:250/459 batch loss is :0.0206
2025-06-25 17:37:12 - INFO - epoch:23/25 iteration:255/459 batch loss is :0.0524
2025-06-25 17:37:31 - INFO - epoch:23/25 iteration:260/459 batch loss is :0.0389
2025-06-25 17:37:50 - INFO - epoch:23/25 iteration:265/459 batch loss is :0.0238
2025-06-25 17:38:10 - INFO - epoch:23/25 iteration:270/459 batch loss is :0.0271
2025-06-25 17:38:29 - INFO - epoch:23/25 iteration:275/459 batch loss is :0.0278
2025-06-25 17:38:48 - INFO - epoch:23/25 iteration:280/459 batch loss is :0.0366
2025-06-25 17:39:07 - INFO - epoch:23/25 iteration:285/459 batch loss is :0.0301
2025-06-25 17:39:27 - INFO - epoch:23/25 iteration:290/459 batch loss is :0.0337
2025-06-25 17:39:46 - INFO - epoch:23/25 iteration:295/459 batch loss is :0.0294
2025-06-25 17:40:06 - INFO - epoch:23/25 iteration:300/459 batch loss is :0.0384
2025-06-25 17:40:25 - INFO - epoch:23/25 iteration:305/459 batch loss is :0.0234
2025-06-25 17:40:45 - INFO - epoch:23/25 iteration:310/459 batch loss is :0.0306
2025-06-25 17:41:04 - INFO - epoch:23/25 iteration:315/459 batch loss is :0.0421
2025-06-25 17:41:24 - INFO - epoch:23/25 iteration:320/459 batch loss is :0.0133
2025-06-25 17:41:43 - INFO - epoch:23/25 iteration:325/459 batch loss is :0.0337
2025-06-25 17:42:03 - INFO - epoch:23/25 iteration:330/459 batch loss is :0.0299
2025-06-25 17:42:22 - INFO - epoch:23/25 iteration:335/459 batch loss is :0.0309
2025-06-25 17:42:42 - INFO - epoch:23/25 iteration:340/459 batch loss is :0.0254
2025-06-25 17:43:01 - INFO - epoch:23/25 iteration:345/459 batch loss is :0.0305
2025-06-25 17:43:20 - INFO - epoch:23/25 iteration:350/459 batch loss is :0.0211
2025-06-25 17:43:40 - INFO - epoch:23/25 iteration:355/459 batch loss is :0.0253
2025-06-25 17:43:59 - INFO - epoch:23/25 iteration:360/459 batch loss is :0.0402
2025-06-25 17:44:19 - INFO - epoch:23/25 iteration:365/459 batch loss is :0.0391
2025-06-25 17:44:38 - INFO - epoch:23/25 iteration:370/459 batch loss is :0.0274
2025-06-25 17:44:57 - INFO - epoch:23/25 iteration:375/459 batch loss is :0.0282
2025-06-25 17:45:17 - INFO - epoch:23/25 iteration:380/459 batch loss is :0.0546
2025-06-25 17:45:36 - INFO - epoch:23/25 iteration:385/459 batch loss is :0.0632
2025-06-25 17:45:56 - INFO - epoch:23/25 iteration:390/459 batch loss is :0.0472
2025-06-25 17:46:15 - INFO - epoch:23/25 iteration:395/459 batch loss is :0.0258
2025-06-25 17:46:35 - INFO - epoch:23/25 iteration:400/459 batch loss is :0.0250
2025-06-25 17:46:54 - INFO - epoch:23/25 iteration:405/459 batch loss is :0.0330
2025-06-25 17:47:13 - INFO - epoch:23/25 iteration:410/459 batch loss is :0.0252
2025-06-25 17:47:33 - INFO - epoch:23/25 iteration:415/459 batch loss is :0.0265
2025-06-25 17:47:52 - INFO - epoch:23/25 iteration:420/459 batch loss is :0.0235
2025-06-25 17:48:12 - INFO - epoch:23/25 iteration:425/459 batch loss is :0.0304
2025-06-25 17:48:31 - INFO - epoch:23/25 iteration:430/459 batch loss is :0.0221
2025-06-25 17:48:49 - INFO - epoch:23/25 iteration:435/459 batch loss is :0.0544
2025-06-25 17:49:07 - INFO - epoch:23/25 iteration:440/459 batch loss is :0.0455
2025-06-25 17:49:25 - INFO - epoch:23/25 iteration:445/459 batch loss is :0.0362
2025-06-25 17:49:43 - INFO - epoch:23/25 iteration:450/459 batch loss is :0.0315
2025-06-25 17:50:01 - INFO - epoch:23/25 iteration:455/459 batch loss is :0.0303
2025-06-25 17:50:13 - INFO - Epoch:23/25 Loss is :0.0329
2025-06-25 17:53:08 - INFO - epoch:24/25 iteration:0/459 batch loss is :0.0297
2025-06-25 17:53:29 - INFO - epoch:24/25 iteration:5/459 batch loss is :0.0213
2025-06-25 17:53:49 - INFO - epoch:24/25 iteration:10/459 batch loss is :0.0221
2025-06-25 17:54:10 - INFO - epoch:24/25 iteration:15/459 batch loss is :0.0359
2025-06-25 17:54:31 - INFO - epoch:24/25 iteration:20/459 batch loss is :0.0476
2025-06-25 17:54:51 - INFO - epoch:24/25 iteration:25/459 batch loss is :0.0271
2025-06-25 17:55:11 - INFO - epoch:24/25 iteration:30/459 batch loss is :0.0454
2025-06-25 17:55:31 - INFO - epoch:24/25 iteration:35/459 batch loss is :0.0179
2025-06-25 17:55:51 - INFO - epoch:24/25 iteration:40/459 batch loss is :0.0228
2025-06-25 17:56:10 - INFO - epoch:24/25 iteration:45/459 batch loss is :0.0268
2025-06-25 17:56:30 - INFO - epoch:24/25 iteration:50/459 batch loss is :0.0402
2025-06-25 17:56:49 - INFO - epoch:24/25 iteration:55/459 batch loss is :0.0219
2025-06-25 17:57:09 - INFO - epoch:24/25 iteration:60/459 batch loss is :0.0152
2025-06-25 17:57:28 - INFO - epoch:24/25 iteration:65/459 batch loss is :0.0467
2025-06-25 17:57:48 - INFO - epoch:24/25 iteration:70/459 batch loss is :0.0296
2025-06-25 17:58:07 - INFO - epoch:24/25 iteration:75/459 batch loss is :0.0279
2025-06-25 17:58:26 - INFO - epoch:24/25 iteration:80/459 batch loss is :0.0154
2025-06-25 17:58:46 - INFO - epoch:24/25 iteration:85/459 batch loss is :0.0258
2025-06-25 17:59:05 - INFO - epoch:24/25 iteration:90/459 batch loss is :0.0321
2025-06-25 17:59:25 - INFO - epoch:24/25 iteration:95/459 batch loss is :0.0329
2025-06-25 17:59:44 - INFO - epoch:24/25 iteration:100/459 batch loss is :0.0120
2025-06-25 18:00:04 - INFO - epoch:24/25 iteration:105/459 batch loss is :0.0300
2025-06-25 18:00:23 - INFO - epoch:24/25 iteration:110/459 batch loss is :0.0410
2025-06-25 18:00:43 - INFO - epoch:24/25 iteration:115/459 batch loss is :0.0140
2025-06-25 18:01:02 - INFO - epoch:24/25 iteration:120/459 batch loss is :0.0212
2025-06-25 18:01:22 - INFO - epoch:24/25 iteration:125/459 batch loss is :0.0249
2025-06-25 18:01:41 - INFO - epoch:24/25 iteration:130/459 batch loss is :0.0691
2025-06-25 18:02:01 - INFO - epoch:24/25 iteration:135/459 batch loss is :0.0299
2025-06-25 18:02:20 - INFO - epoch:24/25 iteration:140/459 batch loss is :0.0728
2025-06-25 18:02:40 - INFO - epoch:24/25 iteration:145/459 batch loss is :0.0541
2025-06-25 18:02:59 - INFO - epoch:24/25 iteration:150/459 batch loss is :0.0422
2025-06-25 18:03:19 - INFO - epoch:24/25 iteration:155/459 batch loss is :0.0391
2025-06-25 18:03:38 - INFO - epoch:24/25 iteration:160/459 batch loss is :0.0251
2025-06-25 18:03:57 - INFO - epoch:24/25 iteration:165/459 batch loss is :0.0302
2025-06-25 18:04:17 - INFO - epoch:24/25 iteration:170/459 batch loss is :0.0280
2025-06-25 18:04:36 - INFO - epoch:24/25 iteration:175/459 batch loss is :0.0183
2025-06-25 18:04:55 - INFO - epoch:24/25 iteration:180/459 batch loss is :0.0343
2025-06-25 18:05:15 - INFO - epoch:24/25 iteration:185/459 batch loss is :0.0552
2025-06-25 18:05:35 - INFO - epoch:24/25 iteration:190/459 batch loss is :0.0331
2025-06-25 18:05:55 - INFO - epoch:24/25 iteration:195/459 batch loss is :0.0277
2025-06-25 18:06:14 - INFO - epoch:24/25 iteration:200/459 batch loss is :0.0322
2025-06-25 18:06:34 - INFO - epoch:24/25 iteration:205/459 batch loss is :0.0198
2025-06-25 18:06:53 - INFO - epoch:24/25 iteration:210/459 batch loss is :0.0252
2025-06-25 18:07:13 - INFO - epoch:24/25 iteration:215/459 batch loss is :0.0311
2025-06-25 18:07:32 - INFO - epoch:24/25 iteration:220/459 batch loss is :0.0205
2025-06-25 18:07:52 - INFO - epoch:24/25 iteration:225/459 batch loss is :0.0316
2025-06-25 18:08:11 - INFO - epoch:24/25 iteration:230/459 batch loss is :0.0577
2025-06-25 18:08:30 - INFO - epoch:24/25 iteration:235/459 batch loss is :0.0319
2025-06-25 18:08:49 - INFO - epoch:24/25 iteration:240/459 batch loss is :0.0159
2025-06-25 18:09:09 - INFO - epoch:24/25 iteration:245/459 batch loss is :0.0232
2025-06-25 18:09:28 - INFO - epoch:24/25 iteration:250/459 batch loss is :0.0145
2025-06-25 18:09:47 - INFO - epoch:24/25 iteration:255/459 batch loss is :0.0290
2025-06-25 18:10:07 - INFO - epoch:24/25 iteration:260/459 batch loss is :0.0232
2025-06-25 18:10:26 - INFO - epoch:24/25 iteration:265/459 batch loss is :0.0209
2025-06-25 18:10:45 - INFO - epoch:24/25 iteration:270/459 batch loss is :0.0448
2025-06-25 18:11:05 - INFO - epoch:24/25 iteration:275/459 batch loss is :0.0308
2025-06-25 18:11:24 - INFO - epoch:24/25 iteration:280/459 batch loss is :0.0137
2025-06-25 18:11:44 - INFO - epoch:24/25 iteration:285/459 batch loss is :0.0352
2025-06-25 18:12:03 - INFO - epoch:24/25 iteration:290/459 batch loss is :0.0400
2025-06-25 18:12:23 - INFO - epoch:24/25 iteration:295/459 batch loss is :0.0306
2025-06-25 18:12:42 - INFO - epoch:24/25 iteration:300/459 batch loss is :0.0450
2025-06-25 18:13:02 - INFO - epoch:24/25 iteration:305/459 batch loss is :0.0161
2025-06-25 18:13:21 - INFO - epoch:24/25 iteration:310/459 batch loss is :0.0251
2025-06-25 18:13:41 - INFO - epoch:24/25 iteration:315/459 batch loss is :0.0218
2025-06-25 18:14:00 - INFO - epoch:24/25 iteration:320/459 batch loss is :0.0273
2025-06-25 18:14:20 - INFO - epoch:24/25 iteration:325/459 batch loss is :0.0335
2025-06-25 18:14:39 - INFO - epoch:24/25 iteration:330/459 batch loss is :0.0203
2025-06-25 18:14:59 - INFO - epoch:24/25 iteration:335/459 batch loss is :0.0193
2025-06-25 18:15:18 - INFO - epoch:24/25 iteration:340/459 batch loss is :0.0338
2025-06-25 18:15:38 - INFO - epoch:24/25 iteration:345/459 batch loss is :0.0498
2025-06-25 18:15:57 - INFO - epoch:24/25 iteration:350/459 batch loss is :0.1167
2025-06-25 18:16:17 - INFO - epoch:24/25 iteration:355/459 batch loss is :0.0194
2025-06-25 18:16:36 - INFO - epoch:24/25 iteration:360/459 batch loss is :0.0169
2025-06-25 18:16:55 - INFO - epoch:24/25 iteration:365/459 batch loss is :0.0419
2025-06-25 18:17:14 - INFO - epoch:24/25 iteration:370/459 batch loss is :0.0419
2025-06-25 18:17:33 - INFO - epoch:24/25 iteration:375/459 batch loss is :0.0229
2025-06-25 18:17:52 - INFO - epoch:24/25 iteration:380/459 batch loss is :0.0337
2025-06-25 18:18:12 - INFO - epoch:24/25 iteration:385/459 batch loss is :0.0220
2025-06-25 18:18:31 - INFO - epoch:24/25 iteration:390/459 batch loss is :0.0297
2025-06-25 18:18:51 - INFO - epoch:24/25 iteration:395/459 batch loss is :0.0529
2025-06-25 18:19:10 - INFO - epoch:24/25 iteration:400/459 batch loss is :0.0171
2025-06-25 18:19:30 - INFO - epoch:24/25 iteration:405/459 batch loss is :0.0222
2025-06-25 18:19:49 - INFO - epoch:24/25 iteration:410/459 batch loss is :0.0379
2025-06-25 18:20:09 - INFO - epoch:24/25 iteration:415/459 batch loss is :0.0334
2025-06-25 18:20:28 - INFO - epoch:24/25 iteration:420/459 batch loss is :0.0381
2025-06-25 18:20:48 - INFO - epoch:24/25 iteration:425/459 batch loss is :0.0446
2025-06-25 18:21:07 - INFO - epoch:24/25 iteration:430/459 batch loss is :0.0419
2025-06-25 18:21:26 - INFO - epoch:24/25 iteration:435/459 batch loss is :0.0248
2025-06-25 18:21:43 - INFO - epoch:24/25 iteration:440/459 batch loss is :0.0193
2025-06-25 18:22:02 - INFO - epoch:24/25 iteration:445/459 batch loss is :0.0282
2025-06-25 18:22:19 - INFO - epoch:24/25 iteration:450/459 batch loss is :0.0330
2025-06-25 18:22:37 - INFO - epoch:24/25 iteration:455/459 batch loss is :0.0356
2025-06-25 18:22:50 - INFO - Epoch:24/25 Loss is :0.0318
2025-06-25 18:32:08 - INFO - VAL loss :0.0499
2025-06-25 18:32:09 - INFO - fold number:1
2025-06-25 18:34:52 - INFO - epoch:0/25 iteration:0/459 batch loss is :0.0313
2025-06-25 18:35:15 - INFO - epoch:0/25 iteration:5/459 batch loss is :0.0282
2025-06-25 18:35:39 - INFO - epoch:0/25 iteration:10/459 batch loss is :0.0194
2025-06-25 18:36:01 - INFO - epoch:0/25 iteration:15/459 batch loss is :0.0552
2025-06-25 18:36:25 - INFO - epoch:0/25 iteration:20/459 batch loss is :0.0391
2025-06-25 18:36:46 - INFO - epoch:0/25 iteration:25/459 batch loss is :0.0364
2025-06-25 18:37:08 - INFO - epoch:0/25 iteration:30/459 batch loss is :0.0362
2025-06-25 18:37:30 - INFO - epoch:0/25 iteration:35/459 batch loss is :0.0179
2025-06-25 18:37:51 - INFO - epoch:0/25 iteration:40/459 batch loss is :0.0275
2025-06-25 18:38:13 - INFO - epoch:0/25 iteration:45/459 batch loss is :0.0220
2025-06-25 18:38:35 - INFO - epoch:0/25 iteration:50/459 batch loss is :0.0186
2025-06-25 18:38:56 - INFO - epoch:0/25 iteration:55/459 batch loss is :0.0206
2025-06-25 18:39:18 - INFO - epoch:0/25 iteration:60/459 batch loss is :0.0606
2025-06-25 18:39:39 - INFO - epoch:0/25 iteration:65/459 batch loss is :0.0183
2025-06-25 18:40:01 - INFO - epoch:0/25 iteration:70/459 batch loss is :0.0430
2025-06-25 18:40:23 - INFO - epoch:0/25 iteration:75/459 batch loss is :0.0235
2025-06-25 18:40:44 - INFO - epoch:0/25 iteration:80/459 batch loss is :0.0382
2025-06-25 18:41:06 - INFO - epoch:0/25 iteration:85/459 batch loss is :0.0273
2025-06-25 18:41:28 - INFO - epoch:0/25 iteration:90/459 batch loss is :0.0208
2025-06-25 18:41:49 - INFO - epoch:0/25 iteration:95/459 batch loss is :0.0430
2025-06-25 18:42:10 - INFO - epoch:0/25 iteration:100/459 batch loss is :0.0249
2025-06-25 18:42:32 - INFO - epoch:0/25 iteration:105/459 batch loss is :0.0273
2025-06-25 18:42:53 - INFO - epoch:0/25 iteration:110/459 batch loss is :0.0244
2025-06-25 18:43:15 - INFO - epoch:0/25 iteration:115/459 batch loss is :0.0568
2025-06-25 18:43:36 - INFO - epoch:0/25 iteration:120/459 batch loss is :0.0980
2025-06-25 18:43:58 - INFO - epoch:0/25 iteration:125/459 batch loss is :0.0265
2025-06-25 18:44:20 - INFO - epoch:0/25 iteration:130/459 batch loss is :0.0305
2025-06-25 18:44:41 - INFO - epoch:0/25 iteration:135/459 batch loss is :0.0200
2025-06-25 18:45:03 - INFO - epoch:0/25 iteration:140/459 batch loss is :0.0413
2025-06-25 18:45:24 - INFO - epoch:0/25 iteration:145/459 batch loss is :0.0382
2025-06-25 18:45:46 - INFO - epoch:0/25 iteration:150/459 batch loss is :0.0402
2025-06-25 18:46:07 - INFO - epoch:0/25 iteration:155/459 batch loss is :0.0139
2025-06-25 18:46:29 - INFO - epoch:0/25 iteration:160/459 batch loss is :0.0608
2025-06-25 18:46:51 - INFO - epoch:0/25 iteration:165/459 batch loss is :0.0177
2025-06-25 18:47:13 - INFO - epoch:0/25 iteration:170/459 batch loss is :0.0548
2025-06-25 18:47:34 - INFO - epoch:0/25 iteration:175/459 batch loss is :0.0322
2025-06-25 18:47:56 - INFO - epoch:0/25 iteration:180/459 batch loss is :0.0606
2025-06-25 18:48:17 - INFO - epoch:0/25 iteration:185/459 batch loss is :0.0262
2025-06-25 18:48:40 - INFO - epoch:0/25 iteration:190/459 batch loss is :0.0793
2025-06-25 18:49:01 - INFO - epoch:0/25 iteration:195/459 batch loss is :0.0252
2025-06-25 18:49:23 - INFO - epoch:0/25 iteration:200/459 batch loss is :0.0428
2025-06-25 18:49:44 - INFO - epoch:0/25 iteration:205/459 batch loss is :0.0722
2025-06-25 18:50:06 - INFO - epoch:0/25 iteration:210/459 batch loss is :0.0463
2025-06-25 18:50:27 - INFO - epoch:0/25 iteration:215/459 batch loss is :0.0308
2025-06-25 18:50:49 - INFO - epoch:0/25 iteration:220/459 batch loss is :0.0351
2025-06-25 18:51:11 - INFO - epoch:0/25 iteration:225/459 batch loss is :0.0210
2025-06-25 18:51:33 - INFO - epoch:0/25 iteration:230/459 batch loss is :0.0149
2025-06-25 18:51:54 - INFO - epoch:0/25 iteration:235/459 batch loss is :0.0303
2025-06-25 18:52:16 - INFO - epoch:0/25 iteration:240/459 batch loss is :0.0405
2025-06-25 18:52:38 - INFO - epoch:0/25 iteration:245/459 batch loss is :0.0405
2025-06-25 18:52:59 - INFO - epoch:0/25 iteration:250/459 batch loss is :0.0149
2025-06-25 18:53:21 - INFO - epoch:0/25 iteration:255/459 batch loss is :0.0457
2025-06-25 18:53:42 - INFO - epoch:0/25 iteration:260/459 batch loss is :0.0458
2025-06-25 18:54:04 - INFO - epoch:0/25 iteration:265/459 batch loss is :0.0254
2025-06-25 18:54:25 - INFO - epoch:0/25 iteration:270/459 batch loss is :0.0400
2025-06-25 18:54:46 - INFO - epoch:0/25 iteration:275/459 batch loss is :0.0459
2025-06-25 18:55:08 - INFO - epoch:0/25 iteration:280/459 batch loss is :0.0288
2025-06-25 18:55:29 - INFO - epoch:0/25 iteration:285/459 batch loss is :0.0402
2025-06-25 18:55:51 - INFO - epoch:0/25 iteration:290/459 batch loss is :0.0326
2025-06-25 18:56:12 - INFO - epoch:0/25 iteration:295/459 batch loss is :0.0347
2025-06-25 18:56:33 - INFO - epoch:0/25 iteration:300/459 batch loss is :0.0257
2025-06-25 18:56:55 - INFO - epoch:0/25 iteration:305/459 batch loss is :0.0588
2025-06-25 18:57:16 - INFO - epoch:0/25 iteration:310/459 batch loss is :0.0282
2025-06-25 18:57:37 - INFO - epoch:0/25 iteration:315/459 batch loss is :0.0539
2025-06-25 18:57:59 - INFO - epoch:0/25 iteration:320/459 batch loss is :0.0098
2025-06-25 18:58:21 - INFO - epoch:0/25 iteration:325/459 batch loss is :0.0326
2025-06-25 18:58:42 - INFO - epoch:0/25 iteration:330/459 batch loss is :0.0341
2025-06-25 18:59:03 - INFO - epoch:0/25 iteration:335/459 batch loss is :0.0267
2025-06-25 18:59:25 - INFO - epoch:0/25 iteration:340/459 batch loss is :0.0386
2025-06-25 18:59:46 - INFO - epoch:0/25 iteration:345/459 batch loss is :0.0348
2025-06-25 19:00:07 - INFO - epoch:0/25 iteration:350/459 batch loss is :0.0163
2025-06-25 19:00:29 - INFO - epoch:0/25 iteration:355/459 batch loss is :0.0464
2025-06-25 19:00:50 - INFO - epoch:0/25 iteration:360/459 batch loss is :0.0652
2025-06-25 19:01:12 - INFO - epoch:0/25 iteration:365/459 batch loss is :0.1197
2025-06-25 19:01:33 - INFO - epoch:0/25 iteration:370/459 batch loss is :0.0548
2025-06-25 19:01:55 - INFO - epoch:0/25 iteration:375/459 batch loss is :0.0218
2025-06-25 19:02:16 - INFO - epoch:0/25 iteration:380/459 batch loss is :0.0398
2025-06-25 19:02:38 - INFO - epoch:0/25 iteration:385/459 batch loss is :0.0331
2025-06-25 19:02:59 - INFO - epoch:0/25 iteration:390/459 batch loss is :0.0261
2025-06-25 19:03:21 - INFO - epoch:0/25 iteration:395/459 batch loss is :0.0138
2025-06-25 19:03:42 - INFO - epoch:0/25 iteration:400/459 batch loss is :0.0311
2025-06-25 19:04:03 - INFO - epoch:0/25 iteration:405/459 batch loss is :0.0506
2025-06-25 19:04:25 - INFO - epoch:0/25 iteration:410/459 batch loss is :0.0271
2025-06-25 19:04:46 - INFO - epoch:0/25 iteration:415/459 batch loss is :0.0560
2025-06-25 19:05:08 - INFO - epoch:0/25 iteration:420/459 batch loss is :0.0658
2025-06-25 19:05:30 - INFO - epoch:0/25 iteration:425/459 batch loss is :0.0201
2025-06-25 19:05:51 - INFO - epoch:0/25 iteration:430/459 batch loss is :0.0370
2025-06-25 19:06:12 - INFO - epoch:0/25 iteration:435/459 batch loss is :0.0231
2025-06-25 19:06:33 - INFO - epoch:0/25 iteration:440/459 batch loss is :0.0729
2025-06-25 19:06:54 - INFO - epoch:0/25 iteration:445/459 batch loss is :0.0804
2025-06-25 19:07:14 - INFO - epoch:0/25 iteration:450/459 batch loss is :0.0335
2025-06-25 19:07:35 - INFO - epoch:0/25 iteration:455/459 batch loss is :0.0428
2025-06-25 19:07:49 - INFO - Epoch:0/25 Loss is :0.0367
2025-06-25 19:17:15 - INFO - VAL loss :0.0307
2025-06-25 19:19:56 - INFO - epoch:1/25 iteration:0/459 batch loss is :0.0209
2025-06-25 19:20:20 - INFO - epoch:1/25 iteration:5/459 batch loss is :0.0198
2025-06-25 19:20:43 - INFO - epoch:1/25 iteration:10/459 batch loss is :0.0271
2025-06-25 19:21:06 - INFO - epoch:1/25 iteration:15/459 batch loss is :0.0378
2025-06-25 19:21:28 - INFO - epoch:1/25 iteration:20/459 batch loss is :0.0465
2025-06-25 19:21:50 - INFO - epoch:1/25 iteration:25/459 batch loss is :0.0238
2025-06-25 19:22:13 - INFO - epoch:1/25 iteration:30/459 batch loss is :0.0670
2025-06-25 19:22:34 - INFO - epoch:1/25 iteration:35/459 batch loss is :0.0313
2025-06-25 19:22:57 - INFO - epoch:1/25 iteration:40/459 batch loss is :0.0468
2025-06-25 19:23:18 - INFO - epoch:1/25 iteration:45/459 batch loss is :0.0233
2025-06-25 19:23:40 - INFO - epoch:1/25 iteration:50/459 batch loss is :0.0309
2025-06-25 19:24:01 - INFO - epoch:1/25 iteration:55/459 batch loss is :0.0268
2025-06-25 19:24:23 - INFO - epoch:1/25 iteration:60/459 batch loss is :0.0219
2025-06-25 19:24:45 - INFO - epoch:1/25 iteration:65/459 batch loss is :0.0182
2025-06-25 19:25:07 - INFO - epoch:1/25 iteration:70/459 batch loss is :0.0478
2025-06-25 19:25:28 - INFO - epoch:1/25 iteration:75/459 batch loss is :0.0569
2025-06-25 19:25:50 - INFO - epoch:1/25 iteration:80/459 batch loss is :0.0266
2025-06-25 19:26:12 - INFO - epoch:1/25 iteration:85/459 batch loss is :0.0418
2025-06-25 19:26:34 - INFO - epoch:1/25 iteration:90/459 batch loss is :0.0623
2025-06-25 19:26:55 - INFO - epoch:1/25 iteration:95/459 batch loss is :0.0549
2025-06-25 19:27:17 - INFO - epoch:1/25 iteration:100/459 batch loss is :0.0183
2025-06-25 19:27:38 - INFO - epoch:1/25 iteration:105/459 batch loss is :0.0378
2025-06-25 19:28:00 - INFO - epoch:1/25 iteration:110/459 batch loss is :0.0301
2025-06-25 19:28:21 - INFO - epoch:1/25 iteration:115/459 batch loss is :0.0175
2025-06-25 19:28:43 - INFO - epoch:1/25 iteration:120/459 batch loss is :0.0482
2025-06-25 19:29:04 - INFO - epoch:1/25 iteration:125/459 batch loss is :0.0406
2025-06-25 19:29:26 - INFO - epoch:1/25 iteration:130/459 batch loss is :0.0411
2025-06-25 19:29:47 - INFO - epoch:1/25 iteration:135/459 batch loss is :0.0308
2025-06-25 19:30:09 - INFO - epoch:1/25 iteration:140/459 batch loss is :0.0414
2025-06-25 19:30:30 - INFO - epoch:1/25 iteration:145/459 batch loss is :0.0258
2025-06-25 19:30:52 - INFO - epoch:1/25 iteration:150/459 batch loss is :0.0187
2025-06-25 19:31:13 - INFO - epoch:1/25 iteration:155/459 batch loss is :0.0615
2025-06-25 19:31:35 - INFO - epoch:1/25 iteration:160/459 batch loss is :0.0256
2025-06-25 19:31:57 - INFO - epoch:1/25 iteration:165/459 batch loss is :0.0578
2025-06-25 19:32:18 - INFO - epoch:1/25 iteration:170/459 batch loss is :0.0203
2025-06-25 19:32:40 - INFO - epoch:1/25 iteration:175/459 batch loss is :0.0332
2025-06-25 19:33:02 - INFO - epoch:1/25 iteration:180/459 batch loss is :0.1186
2025-06-25 19:33:23 - INFO - epoch:1/25 iteration:185/459 batch loss is :0.0498
2025-06-25 19:33:45 - INFO - epoch:1/25 iteration:190/459 batch loss is :0.0609
2025-06-25 19:34:07 - INFO - epoch:1/25 iteration:195/459 batch loss is :0.0206
2025-06-25 19:34:28 - INFO - epoch:1/25 iteration:200/459 batch loss is :0.0183
2025-06-25 19:34:50 - INFO - epoch:1/25 iteration:205/459 batch loss is :0.0621
2025-06-25 19:35:11 - INFO - epoch:1/25 iteration:210/459 batch loss is :0.0363
2025-06-25 19:35:33 - INFO - epoch:1/25 iteration:215/459 batch loss is :0.0322
2025-06-25 19:35:54 - INFO - epoch:1/25 iteration:220/459 batch loss is :0.0395
2025-06-25 19:36:16 - INFO - epoch:1/25 iteration:225/459 batch loss is :0.0227
2025-06-25 19:36:38 - INFO - epoch:1/25 iteration:230/459 batch loss is :0.0596
2025-06-25 19:36:59 - INFO - epoch:1/25 iteration:235/459 batch loss is :0.0539
2025-06-25 19:37:21 - INFO - epoch:1/25 iteration:240/459 batch loss is :0.0206
2025-06-25 19:37:42 - INFO - epoch:1/25 iteration:245/459 batch loss is :0.0160
2025-06-25 19:38:04 - INFO - epoch:1/25 iteration:250/459 batch loss is :0.0240
2025-06-25 19:38:26 - INFO - epoch:1/25 iteration:255/459 batch loss is :0.0580
2025-06-25 19:38:47 - INFO - epoch:1/25 iteration:260/459 batch loss is :0.0362
2025-06-25 19:39:09 - INFO - epoch:1/25 iteration:265/459 batch loss is :0.0217
2025-06-25 19:39:31 - INFO - epoch:1/25 iteration:270/459 batch loss is :0.0520
2025-06-25 19:39:52 - INFO - epoch:1/25 iteration:275/459 batch loss is :0.0518
2025-06-25 19:40:14 - INFO - epoch:1/25 iteration:280/459 batch loss is :0.0487
2025-06-25 19:40:35 - INFO - epoch:1/25 iteration:285/459 batch loss is :0.0415
2025-06-25 19:40:57 - INFO - epoch:1/25 iteration:290/459 batch loss is :0.0384
2025-06-25 19:41:19 - INFO - epoch:1/25 iteration:295/459 batch loss is :0.0274
2025-06-25 19:41:40 - INFO - epoch:1/25 iteration:300/459 batch loss is :0.0227
2025-06-25 19:42:02 - INFO - epoch:1/25 iteration:305/459 batch loss is :0.0249
2025-06-25 19:42:23 - INFO - epoch:1/25 iteration:310/459 batch loss is :0.0268
2025-06-25 19:42:45 - INFO - epoch:1/25 iteration:315/459 batch loss is :0.0233
2025-06-25 19:43:07 - INFO - epoch:1/25 iteration:320/459 batch loss is :0.0182
2025-06-25 19:43:28 - INFO - epoch:1/25 iteration:325/459 batch loss is :0.0236
2025-06-25 19:43:49 - INFO - epoch:1/25 iteration:330/459 batch loss is :0.0316
2025-06-25 19:44:11 - INFO - epoch:1/25 iteration:335/459 batch loss is :0.0268
2025-06-25 19:44:33 - INFO - epoch:1/25 iteration:340/459 batch loss is :0.0369
2025-06-25 19:44:54 - INFO - epoch:1/25 iteration:345/459 batch loss is :0.1154
2025-06-25 19:45:15 - INFO - epoch:1/25 iteration:350/459 batch loss is :0.0289
2025-06-25 19:45:36 - INFO - epoch:1/25 iteration:355/459 batch loss is :0.0466
2025-06-25 19:45:58 - INFO - epoch:1/25 iteration:360/459 batch loss is :0.0221
2025-06-25 19:46:20 - INFO - epoch:1/25 iteration:365/459 batch loss is :0.0264
2025-06-25 19:46:41 - INFO - epoch:1/25 iteration:370/459 batch loss is :0.0675
2025-06-25 19:47:03 - INFO - epoch:1/25 iteration:375/459 batch loss is :0.0397
2025-06-25 19:47:25 - INFO - epoch:1/25 iteration:380/459 batch loss is :0.0241
2025-06-25 19:47:46 - INFO - epoch:1/25 iteration:385/459 batch loss is :0.0190
2025-06-25 19:48:08 - INFO - epoch:1/25 iteration:390/459 batch loss is :0.0257
2025-06-25 19:48:30 - INFO - epoch:1/25 iteration:395/459 batch loss is :0.0158
2025-06-25 19:48:52 - INFO - epoch:1/25 iteration:400/459 batch loss is :0.0416
2025-06-25 19:49:13 - INFO - epoch:1/25 iteration:405/459 batch loss is :0.0292
2025-06-25 19:49:35 - INFO - epoch:1/25 iteration:410/459 batch loss is :0.0602
2025-06-25 19:49:56 - INFO - epoch:1/25 iteration:415/459 batch loss is :0.0358
2025-06-25 19:50:18 - INFO - epoch:1/25 iteration:420/459 batch loss is :0.0394
2025-06-25 19:50:39 - INFO - epoch:1/25 iteration:425/459 batch loss is :0.0440
2025-06-25 19:51:01 - INFO - epoch:1/25 iteration:430/459 batch loss is :0.0201
2025-06-25 19:51:21 - INFO - epoch:1/25 iteration:435/459 batch loss is :0.0312
2025-06-25 19:51:42 - INFO - epoch:1/25 iteration:440/459 batch loss is :0.0441
2025-06-25 19:52:03 - INFO - epoch:1/25 iteration:445/459 batch loss is :0.0167
2025-06-25 19:52:24 - INFO - epoch:1/25 iteration:450/459 batch loss is :0.0269
2025-06-25 19:52:45 - INFO - epoch:1/25 iteration:455/459 batch loss is :0.0497
2025-06-25 19:52:59 - INFO - Epoch:1/25 Loss is :0.0360
2025-06-25 19:55:50 - INFO - epoch:2/25 iteration:0/459 batch loss is :0.0315
2025-06-25 19:56:14 - INFO - epoch:2/25 iteration:5/459 batch loss is :0.0281
2025-06-25 19:56:37 - INFO - epoch:2/25 iteration:10/459 batch loss is :0.0507
2025-06-25 19:57:00 - INFO - epoch:2/25 iteration:15/459 batch loss is :0.0454
2025-06-25 19:57:23 - INFO - epoch:2/25 iteration:20/459 batch loss is :0.0229
2025-06-25 19:57:45 - INFO - epoch:2/25 iteration:25/459 batch loss is :0.0234
2025-06-25 19:58:08 - INFO - epoch:2/25 iteration:30/459 batch loss is :0.0408
2025-06-25 19:58:29 - INFO - epoch:2/25 iteration:35/459 batch loss is :0.0453
2025-06-25 19:58:50 - INFO - epoch:2/25 iteration:40/459 batch loss is :0.0343
2025-06-25 19:59:13 - INFO - epoch:2/25 iteration:45/459 batch loss is :0.0318
2025-06-25 19:59:34 - INFO - epoch:2/25 iteration:50/459 batch loss is :0.0247
2025-06-25 19:59:56 - INFO - epoch:2/25 iteration:55/459 batch loss is :0.0828
2025-06-25 20:00:17 - INFO - epoch:2/25 iteration:60/459 batch loss is :0.0578
2025-06-25 20:00:38 - INFO - epoch:2/25 iteration:65/459 batch loss is :0.0451
2025-06-25 20:01:00 - INFO - epoch:2/25 iteration:70/459 batch loss is :0.0258
2025-06-25 20:01:21 - INFO - epoch:2/25 iteration:75/459 batch loss is :0.0272
2025-06-25 20:01:43 - INFO - epoch:2/25 iteration:80/459 batch loss is :0.0178
2025-06-25 20:02:05 - INFO - epoch:2/25 iteration:85/459 batch loss is :0.0211
2025-06-25 20:02:27 - INFO - epoch:2/25 iteration:90/459 batch loss is :0.0203
2025-06-25 20:02:48 - INFO - epoch:2/25 iteration:95/459 batch loss is :0.0403
2025-06-25 20:03:10 - INFO - epoch:2/25 iteration:100/459 batch loss is :0.0230
2025-06-25 20:03:32 - INFO - epoch:2/25 iteration:105/459 batch loss is :0.0321
2025-06-25 20:03:53 - INFO - epoch:2/25 iteration:110/459 batch loss is :0.0364
2025-06-25 20:04:15 - INFO - epoch:2/25 iteration:115/459 batch loss is :0.0342
2025-06-25 20:04:36 - INFO - epoch:2/25 iteration:120/459 batch loss is :0.0434
2025-06-25 20:04:57 - INFO - epoch:2/25 iteration:125/459 batch loss is :0.0635
2025-06-25 20:05:19 - INFO - epoch:2/25 iteration:130/459 batch loss is :0.0267
2025-06-25 20:05:41 - INFO - epoch:2/25 iteration:135/459 batch loss is :0.0654
2025-06-25 20:06:02 - INFO - epoch:2/25 iteration:140/459 batch loss is :0.0180
2025-06-25 20:06:24 - INFO - epoch:2/25 iteration:145/459 batch loss is :0.0205
2025-06-25 20:06:46 - INFO - epoch:2/25 iteration:150/459 batch loss is :0.0455
2025-06-25 20:07:07 - INFO - epoch:2/25 iteration:155/459 batch loss is :0.0390
2025-06-25 20:07:29 - INFO - epoch:2/25 iteration:160/459 batch loss is :0.0227
2025-06-25 20:07:51 - INFO - epoch:2/25 iteration:165/459 batch loss is :0.0299
2025-06-25 20:08:13 - INFO - epoch:2/25 iteration:170/459 batch loss is :0.0392
2025-06-25 20:08:35 - INFO - epoch:2/25 iteration:175/459 batch loss is :0.0661
2025-06-25 20:08:57 - INFO - epoch:2/25 iteration:180/459 batch loss is :0.0390
2025-06-25 20:09:18 - INFO - epoch:2/25 iteration:185/459 batch loss is :0.0464
2025-06-25 20:09:40 - INFO - epoch:2/25 iteration:190/459 batch loss is :0.0232
2025-06-25 20:10:02 - INFO - epoch:2/25 iteration:195/459 batch loss is :0.0211
2025-06-25 20:10:23 - INFO - epoch:2/25 iteration:200/459 batch loss is :0.0300
2025-06-25 20:10:45 - INFO - epoch:2/25 iteration:205/459 batch loss is :0.0464
2025-06-25 20:11:06 - INFO - epoch:2/25 iteration:210/459 batch loss is :0.0223
2025-06-25 20:11:28 - INFO - epoch:2/25 iteration:215/459 batch loss is :0.0383
2025-06-25 20:11:49 - INFO - epoch:2/25 iteration:220/459 batch loss is :0.0234
2025-06-25 20:12:11 - INFO - epoch:2/25 iteration:225/459 batch loss is :0.0306
2025-06-25 20:12:33 - INFO - epoch:2/25 iteration:230/459 batch loss is :0.0583
2025-06-25 20:12:54 - INFO - epoch:2/25 iteration:235/459 batch loss is :0.0464
2025-06-25 20:13:16 - INFO - epoch:2/25 iteration:240/459 batch loss is :0.0678
2025-06-25 20:13:37 - INFO - epoch:2/25 iteration:245/459 batch loss is :0.0343
2025-06-25 20:13:59 - INFO - epoch:2/25 iteration:250/459 batch loss is :0.0436
2025-06-25 20:14:20 - INFO - epoch:2/25 iteration:255/459 batch loss is :0.0615
2025-06-25 20:14:42 - INFO - epoch:2/25 iteration:260/459 batch loss is :0.0304
2025-06-25 20:15:04 - INFO - epoch:2/25 iteration:265/459 batch loss is :0.0180
2025-06-25 20:15:25 - INFO - epoch:2/25 iteration:270/459 batch loss is :0.0897
2025-06-25 20:15:47 - INFO - epoch:2/25 iteration:275/459 batch loss is :0.0218
2025-06-25 20:16:08 - INFO - epoch:2/25 iteration:280/459 batch loss is :0.0227
2025-06-25 20:16:30 - INFO - epoch:2/25 iteration:285/459 batch loss is :0.0222
2025-06-25 20:16:51 - INFO - epoch:2/25 iteration:290/459 batch loss is :0.0427
2025-06-25 20:17:13 - INFO - epoch:2/25 iteration:295/459 batch loss is :0.0477
2025-06-25 20:17:35 - INFO - epoch:2/25 iteration:300/459 batch loss is :0.0447
2025-06-25 20:17:57 - INFO - epoch:2/25 iteration:305/459 batch loss is :0.0227
2025-06-25 20:18:18 - INFO - epoch:2/25 iteration:310/459 batch loss is :0.0335
2025-06-25 20:18:40 - INFO - epoch:2/25 iteration:315/459 batch loss is :0.0584
2025-06-25 20:19:02 - INFO - epoch:2/25 iteration:320/459 batch loss is :0.0236
2025-06-25 20:19:23 - INFO - epoch:2/25 iteration:325/459 batch loss is :0.0388
2025-06-25 20:19:45 - INFO - epoch:2/25 iteration:330/459 batch loss is :0.0303
2025-06-25 20:20:07 - INFO - epoch:2/25 iteration:335/459 batch loss is :0.0186
2025-06-25 20:20:29 - INFO - epoch:2/25 iteration:340/459 batch loss is :0.0245
2025-06-25 20:20:51 - INFO - epoch:2/25 iteration:345/459 batch loss is :0.0242
2025-06-25 20:21:12 - INFO - epoch:2/25 iteration:350/459 batch loss is :0.0440
2025-06-25 20:21:34 - INFO - epoch:2/25 iteration:355/459 batch loss is :0.0265
2025-06-25 20:21:56 - INFO - epoch:2/25 iteration:360/459 batch loss is :0.0499
2025-06-25 20:22:18 - INFO - epoch:2/25 iteration:365/459 batch loss is :0.0365
2025-06-25 20:22:39 - INFO - epoch:2/25 iteration:370/459 batch loss is :0.0216
2025-06-25 20:23:00 - INFO - epoch:2/25 iteration:375/459 batch loss is :0.0199
2025-06-25 20:23:22 - INFO - epoch:2/25 iteration:380/459 batch loss is :0.0325
2025-06-25 20:23:44 - INFO - epoch:2/25 iteration:385/459 batch loss is :0.0269
2025-06-25 20:24:05 - INFO - epoch:2/25 iteration:390/459 batch loss is :0.0450
2025-06-25 20:24:27 - INFO - epoch:2/25 iteration:395/459 batch loss is :0.0335
2025-06-25 20:24:49 - INFO - epoch:2/25 iteration:400/459 batch loss is :0.0263
2025-06-25 20:25:11 - INFO - epoch:2/25 iteration:405/459 batch loss is :0.0713
2025-06-25 20:25:32 - INFO - epoch:2/25 iteration:410/459 batch loss is :0.0268
2025-06-25 20:25:54 - INFO - epoch:2/25 iteration:415/459 batch loss is :0.0300
2025-06-25 20:26:15 - INFO - epoch:2/25 iteration:420/459 batch loss is :0.0294
2025-06-25 20:26:36 - INFO - epoch:2/25 iteration:425/459 batch loss is :0.0614
2025-06-25 20:26:58 - INFO - epoch:2/25 iteration:430/459 batch loss is :0.0868
2025-06-25 20:27:19 - INFO - epoch:2/25 iteration:435/459 batch loss is :0.0221
2025-06-25 20:27:40 - INFO - epoch:2/25 iteration:440/459 batch loss is :0.0507
2025-06-25 20:28:01 - INFO - epoch:2/25 iteration:445/459 batch loss is :0.0470
2025-06-25 20:28:21 - INFO - epoch:2/25 iteration:450/459 batch loss is :0.0330
2025-06-25 20:28:42 - INFO - epoch:2/25 iteration:455/459 batch loss is :0.0465
2025-06-25 20:28:56 - INFO - Epoch:2/25 Loss is :0.0360
2025-06-25 20:31:43 - INFO - epoch:3/25 iteration:0/459 batch loss is :0.0390
2025-06-25 20:32:12 - INFO - epoch:3/25 iteration:5/459 batch loss is :0.0399
2025-06-25 20:32:34 - INFO - epoch:3/25 iteration:10/459 batch loss is :0.0273
2025-06-25 20:32:57 - INFO - epoch:3/25 iteration:15/459 batch loss is :0.0267
2025-06-25 20:33:19 - INFO - epoch:3/25 iteration:20/459 batch loss is :0.0545
2025-06-25 20:33:41 - INFO - epoch:3/25 iteration:25/459 batch loss is :0.0418
2025-06-25 20:34:02 - INFO - epoch:3/25 iteration:30/459 batch loss is :0.0243
2025-06-25 20:34:24 - INFO - epoch:3/25 iteration:35/459 batch loss is :0.0294
2025-06-25 20:34:45 - INFO - epoch:3/25 iteration:40/459 batch loss is :0.0430
2025-06-25 20:35:06 - INFO - epoch:3/25 iteration:45/459 batch loss is :0.0270
2025-06-25 20:35:28 - INFO - epoch:3/25 iteration:50/459 batch loss is :0.0277
2025-06-25 20:35:50 - INFO - epoch:3/25 iteration:55/459 batch loss is :0.0289
2025-06-25 20:36:11 - INFO - epoch:3/25 iteration:60/459 batch loss is :0.0236
2025-06-25 20:36:32 - INFO - epoch:3/25 iteration:65/459 batch loss is :0.0234
2025-06-25 20:36:54 - INFO - epoch:3/25 iteration:70/459 batch loss is :0.0483
2025-06-25 20:37:15 - INFO - epoch:3/25 iteration:75/459 batch loss is :0.0185
2025-06-25 20:37:37 - INFO - epoch:3/25 iteration:80/459 batch loss is :0.0755
2025-06-25 20:37:59 - INFO - epoch:3/25 iteration:85/459 batch loss is :0.0204
2025-06-25 20:38:20 - INFO - epoch:3/25 iteration:90/459 batch loss is :0.0277
2025-06-25 20:38:42 - INFO - epoch:3/25 iteration:95/459 batch loss is :0.0429
2025-06-25 20:39:03 - INFO - epoch:3/25 iteration:100/459 batch loss is :0.0375
2025-06-25 20:39:24 - INFO - epoch:3/25 iteration:105/459 batch loss is :0.0226
2025-06-25 20:39:46 - INFO - epoch:3/25 iteration:110/459 batch loss is :0.0213
2025-06-25 20:40:08 - INFO - epoch:3/25 iteration:115/459 batch loss is :0.0288
2025-06-25 20:40:29 - INFO - epoch:3/25 iteration:120/459 batch loss is :0.0414
2025-06-25 20:40:51 - INFO - epoch:3/25 iteration:125/459 batch loss is :0.0463
2025-06-25 20:41:13 - INFO - epoch:3/25 iteration:130/459 batch loss is :0.0226
2025-06-25 20:41:34 - INFO - epoch:3/25 iteration:135/459 batch loss is :0.0663
2025-06-25 20:41:56 - INFO - epoch:3/25 iteration:140/459 batch loss is :0.0392
2025-06-25 20:42:17 - INFO - epoch:3/25 iteration:145/459 batch loss is :0.0472
2025-06-25 20:42:39 - INFO - epoch:3/25 iteration:150/459 batch loss is :0.0315
2025-06-25 20:43:01 - INFO - epoch:3/25 iteration:155/459 batch loss is :0.0223
2025-06-25 20:43:22 - INFO - epoch:3/25 iteration:160/459 batch loss is :0.0286
2025-06-25 20:43:43 - INFO - epoch:3/25 iteration:165/459 batch loss is :0.0307
2025-06-25 20:44:05 - INFO - epoch:3/25 iteration:170/459 batch loss is :0.0319
2025-06-25 20:44:26 - INFO - epoch:3/25 iteration:175/459 batch loss is :0.0390
2025-06-25 20:44:48 - INFO - epoch:3/25 iteration:180/459 batch loss is :0.0236
2025-06-25 20:45:09 - INFO - epoch:3/25 iteration:185/459 batch loss is :0.0258
2025-06-25 20:45:30 - INFO - epoch:3/25 iteration:190/459 batch loss is :0.0161
2025-06-25 20:45:52 - INFO - epoch:3/25 iteration:195/459 batch loss is :0.0236
2025-06-25 20:46:14 - INFO - epoch:3/25 iteration:200/459 batch loss is :0.0215
2025-06-25 20:46:35 - INFO - epoch:3/25 iteration:205/459 batch loss is :0.0374
2025-06-25 20:46:57 - INFO - epoch:3/25 iteration:210/459 batch loss is :0.0609
2025-06-25 20:47:19 - INFO - epoch:3/25 iteration:215/459 batch loss is :0.0231
2025-06-25 20:47:41 - INFO - epoch:3/25 iteration:220/459 batch loss is :0.0166
2025-06-25 20:48:03 - INFO - epoch:3/25 iteration:225/459 batch loss is :0.0170
2025-06-25 20:48:25 - INFO - epoch:3/25 iteration:230/459 batch loss is :0.0232
2025-06-25 20:48:47 - INFO - epoch:3/25 iteration:235/459 batch loss is :0.0418
2025-06-25 20:49:09 - INFO - epoch:3/25 iteration:240/459 batch loss is :0.0333
2025-06-25 20:49:30 - INFO - epoch:3/25 iteration:245/459 batch loss is :0.0276
2025-06-25 20:49:51 - INFO - epoch:3/25 iteration:250/459 batch loss is :0.0251
2025-06-25 20:50:12 - INFO - epoch:3/25 iteration:255/459 batch loss is :0.0413
2025-06-25 20:50:34 - INFO - epoch:3/25 iteration:260/459 batch loss is :0.0247
2025-06-25 20:50:56 - INFO - epoch:3/25 iteration:265/459 batch loss is :0.0365
2025-06-25 20:51:17 - INFO - epoch:3/25 iteration:270/459 batch loss is :0.1201
2025-06-25 20:51:39 - INFO - epoch:3/25 iteration:275/459 batch loss is :0.0340
2025-06-25 20:52:00 - INFO - epoch:3/25 iteration:280/459 batch loss is :0.0426
2025-06-25 20:52:22 - INFO - epoch:3/25 iteration:285/459 batch loss is :0.0394
2025-06-25 20:52:44 - INFO - epoch:3/25 iteration:290/459 batch loss is :0.0171
2025-06-25 20:53:05 - INFO - epoch:3/25 iteration:295/459 batch loss is :0.0250
2025-06-25 20:53:27 - INFO - epoch:3/25 iteration:300/459 batch loss is :0.0279
2025-06-25 20:53:48 - INFO - epoch:3/25 iteration:305/459 batch loss is :0.0285
2025-06-25 20:54:10 - INFO - epoch:3/25 iteration:310/459 batch loss is :0.0240
2025-06-25 20:54:31 - INFO - epoch:3/25 iteration:315/459 batch loss is :0.0260
2025-06-25 20:54:53 - INFO - epoch:3/25 iteration:320/459 batch loss is :0.0325
2025-06-25 20:55:14 - INFO - epoch:3/25 iteration:325/459 batch loss is :0.0334
2025-06-25 20:55:36 - INFO - epoch:3/25 iteration:330/459 batch loss is :0.0228
2025-06-25 20:55:58 - INFO - epoch:3/25 iteration:335/459 batch loss is :0.0283
2025-06-25 20:56:19 - INFO - epoch:3/25 iteration:340/459 batch loss is :0.1811
2025-06-25 20:56:40 - INFO - epoch:3/25 iteration:345/459 batch loss is :0.0385
2025-06-25 20:57:02 - INFO - epoch:3/25 iteration:350/459 batch loss is :0.0218
2025-06-25 20:57:23 - INFO - epoch:3/25 iteration:355/459 batch loss is :0.0236
2025-06-25 20:57:45 - INFO - epoch:3/25 iteration:360/459 batch loss is :0.0301
2025-06-25 20:58:06 - INFO - epoch:3/25 iteration:365/459 batch loss is :0.0406
2025-06-25 20:58:28 - INFO - epoch:3/25 iteration:370/459 batch loss is :0.0318
2025-06-25 20:58:49 - INFO - epoch:3/25 iteration:375/459 batch loss is :0.0369
2025-06-25 20:59:11 - INFO - epoch:3/25 iteration:380/459 batch loss is :0.0471
2025-06-25 20:59:32 - INFO - epoch:3/25 iteration:385/459 batch loss is :0.0331
2025-06-25 20:59:54 - INFO - epoch:3/25 iteration:390/459 batch loss is :0.0257
2025-06-25 21:00:16 - INFO - epoch:3/25 iteration:395/459 batch loss is :0.0645
2025-06-25 21:00:37 - INFO - epoch:3/25 iteration:400/459 batch loss is :0.0562
2025-06-25 21:00:59 - INFO - epoch:3/25 iteration:405/459 batch loss is :0.0271
2025-06-25 21:01:20 - INFO - epoch:3/25 iteration:410/459 batch loss is :0.0197
2025-06-25 21:01:42 - INFO - epoch:3/25 iteration:415/459 batch loss is :0.0229
2025-06-25 21:02:04 - INFO - epoch:3/25 iteration:420/459 batch loss is :0.0362
2025-06-25 21:02:25 - INFO - epoch:3/25 iteration:425/459 batch loss is :0.0245
2025-06-25 21:02:47 - INFO - epoch:3/25 iteration:430/459 batch loss is :0.1217
2025-06-25 21:03:07 - INFO - epoch:3/25 iteration:435/459 batch loss is :0.0281
2025-06-25 21:03:28 - INFO - epoch:3/25 iteration:440/459 batch loss is :0.0198
2025-06-25 21:03:49 - INFO - epoch:3/25 iteration:445/459 batch loss is :0.0290
2025-06-25 21:04:10 - INFO - epoch:3/25 iteration:450/459 batch loss is :0.0297
2025-06-25 21:04:31 - INFO - epoch:3/25 iteration:455/459 batch loss is :0.0543
2025-06-25 21:04:45 - INFO - Epoch:3/25 Loss is :0.0356
2025-06-25 21:07:51 - INFO - epoch:4/25 iteration:0/459 batch loss is :0.0231
2025-06-25 21:08:15 - INFO - epoch:4/25 iteration:5/459 batch loss is :0.0279
2025-06-25 21:08:38 - INFO - epoch:4/25 iteration:10/459 batch loss is :0.0234
2025-06-25 21:09:01 - INFO - epoch:4/25 iteration:15/459 batch loss is :0.0277
2025-06-25 21:09:23 - INFO - epoch:4/25 iteration:20/459 batch loss is :0.0336
2025-06-25 21:09:45 - INFO - epoch:4/25 iteration:25/459 batch loss is :0.0281
2025-06-25 21:10:07 - INFO - epoch:4/25 iteration:30/459 batch loss is :0.0486
2025-06-25 21:10:29 - INFO - epoch:4/25 iteration:35/459 batch loss is :0.1336
2025-06-25 21:10:50 - INFO - epoch:4/25 iteration:40/459 batch loss is :0.0167
2025-06-25 21:11:12 - INFO - epoch:4/25 iteration:45/459 batch loss is :0.0787
2025-06-25 21:11:34 - INFO - epoch:4/25 iteration:50/459 batch loss is :0.0255
2025-06-25 21:11:56 - INFO - epoch:4/25 iteration:55/459 batch loss is :0.0364
2025-06-25 21:12:17 - INFO - epoch:4/25 iteration:60/459 batch loss is :0.0319
2025-06-25 21:12:39 - INFO - epoch:4/25 iteration:65/459 batch loss is :0.0352
2025-06-25 21:13:00 - INFO - epoch:4/25 iteration:70/459 batch loss is :0.0233
2025-06-25 21:13:22 - INFO - epoch:4/25 iteration:75/459 batch loss is :0.0479
2025-06-25 21:13:44 - INFO - epoch:4/25 iteration:80/459 batch loss is :0.0313
2025-06-25 21:14:05 - INFO - epoch:4/25 iteration:85/459 batch loss is :0.0343
2025-06-25 21:14:27 - INFO - epoch:4/25 iteration:90/459 batch loss is :0.0532
2025-06-25 21:14:48 - INFO - epoch:4/25 iteration:95/459 batch loss is :0.0382
2025-06-25 21:15:09 - INFO - epoch:4/25 iteration:100/459 batch loss is :0.0235
2025-06-25 21:15:31 - INFO - epoch:4/25 iteration:105/459 batch loss is :0.0217
2025-06-25 21:15:53 - INFO - epoch:4/25 iteration:110/459 batch loss is :0.0311
2025-06-25 21:16:14 - INFO - epoch:4/25 iteration:115/459 batch loss is :0.0361
2025-06-25 21:16:36 - INFO - epoch:4/25 iteration:120/459 batch loss is :0.0632
2025-06-25 21:16:57 - INFO - epoch:4/25 iteration:125/459 batch loss is :0.0393
2025-06-25 21:17:19 - INFO - epoch:4/25 iteration:130/459 batch loss is :0.0180
2025-06-25 21:17:40 - INFO - epoch:4/25 iteration:135/459 batch loss is :0.0354
2025-06-25 21:18:02 - INFO - epoch:4/25 iteration:140/459 batch loss is :0.0300
2025-06-25 21:18:24 - INFO - epoch:4/25 iteration:145/459 batch loss is :0.0338
2025-06-25 21:18:45 - INFO - epoch:4/25 iteration:150/459 batch loss is :0.0672
2025-06-25 21:19:07 - INFO - epoch:4/25 iteration:155/459 batch loss is :0.0401
2025-06-25 21:19:29 - INFO - epoch:4/25 iteration:160/459 batch loss is :0.0288
2025-06-25 21:19:51 - INFO - epoch:4/25 iteration:165/459 batch loss is :0.0250
2025-06-25 21:20:12 - INFO - epoch:4/25 iteration:170/459 batch loss is :0.0286
2025-06-25 21:20:34 - INFO - epoch:4/25 iteration:175/459 batch loss is :0.0240
2025-06-25 21:20:55 - INFO - epoch:4/25 iteration:180/459 batch loss is :0.0386
2025-06-25 21:21:17 - INFO - epoch:4/25 iteration:185/459 batch loss is :0.0341
2025-06-25 21:21:39 - INFO - epoch:4/25 iteration:190/459 batch loss is :0.0153
2025-06-25 21:22:01 - INFO - epoch:4/25 iteration:195/459 batch loss is :0.0178
2025-06-25 21:22:22 - INFO - epoch:4/25 iteration:200/459 batch loss is :0.0183
2025-06-25 21:22:44 - INFO - epoch:4/25 iteration:205/459 batch loss is :0.0299
2025-06-25 21:23:05 - INFO - epoch:4/25 iteration:210/459 batch loss is :0.0403
2025-06-25 21:23:27 - INFO - epoch:4/25 iteration:215/459 batch loss is :0.0274
2025-06-25 21:23:48 - INFO - epoch:4/25 iteration:220/459 batch loss is :0.0384
2025-06-25 21:24:10 - INFO - epoch:4/25 iteration:225/459 batch loss is :0.0275
2025-06-25 21:24:32 - INFO - epoch:4/25 iteration:230/459 batch loss is :0.0180
2025-06-25 21:24:53 - INFO - epoch:4/25 iteration:235/459 batch loss is :0.0261
2025-06-25 21:25:15 - INFO - epoch:4/25 iteration:240/459 batch loss is :0.0207
2025-06-25 21:25:36 - INFO - epoch:4/25 iteration:245/459 batch loss is :0.0273
2025-06-25 21:25:58 - INFO - epoch:4/25 iteration:250/459 batch loss is :0.0438
2025-06-25 21:26:19 - INFO - epoch:4/25 iteration:255/459 batch loss is :0.0377
2025-06-25 21:26:41 - INFO - epoch:4/25 iteration:260/459 batch loss is :0.0465
2025-06-25 21:27:03 - INFO - epoch:4/25 iteration:265/459 batch loss is :0.0408
2025-06-25 21:27:24 - INFO - epoch:4/25 iteration:270/459 batch loss is :0.0355
2025-06-25 21:27:46 - INFO - epoch:4/25 iteration:275/459 batch loss is :0.0363
2025-06-25 21:28:07 - INFO - epoch:4/25 iteration:280/459 batch loss is :0.0221
2025-06-25 21:28:29 - INFO - epoch:4/25 iteration:285/459 batch loss is :0.0337
2025-06-25 21:28:51 - INFO - epoch:4/25 iteration:290/459 batch loss is :0.0797
2025-06-25 21:29:12 - INFO - epoch:4/25 iteration:295/459 batch loss is :0.0255
2025-06-25 21:29:33 - INFO - epoch:4/25 iteration:300/459 batch loss is :0.1293
2025-06-25 21:29:55 - INFO - epoch:4/25 iteration:305/459 batch loss is :0.0223
2025-06-25 21:30:17 - INFO - epoch:4/25 iteration:310/459 batch loss is :0.0176
2025-06-25 21:30:39 - INFO - epoch:4/25 iteration:315/459 batch loss is :0.0394
2025-06-25 21:31:00 - INFO - epoch:4/25 iteration:320/459 batch loss is :0.0168
2025-06-25 21:31:22 - INFO - epoch:4/25 iteration:325/459 batch loss is :0.0301
2025-06-25 21:31:43 - INFO - epoch:4/25 iteration:330/459 batch loss is :0.0198
2025-06-25 21:32:05 - INFO - epoch:4/25 iteration:335/459 batch loss is :0.0505
2025-06-25 21:32:27 - INFO - epoch:4/25 iteration:340/459 batch loss is :0.0290
2025-06-25 21:32:48 - INFO - epoch:4/25 iteration:345/459 batch loss is :0.0377
2025-06-25 21:33:10 - INFO - epoch:4/25 iteration:350/459 batch loss is :0.0143
2025-06-25 21:33:32 - INFO - epoch:4/25 iteration:355/459 batch loss is :0.0467
2025-06-25 21:33:53 - INFO - epoch:4/25 iteration:360/459 batch loss is :0.0422
2025-06-25 21:34:15 - INFO - epoch:4/25 iteration:365/459 batch loss is :0.0274
2025-06-25 21:34:37 - INFO - epoch:4/25 iteration:370/459 batch loss is :0.0332
2025-06-25 21:34:59 - INFO - epoch:4/25 iteration:375/459 batch loss is :0.0138
2025-06-25 21:35:20 - INFO - epoch:4/25 iteration:380/459 batch loss is :0.0268
2025-06-25 21:35:42 - INFO - epoch:4/25 iteration:385/459 batch loss is :0.0403
2025-06-25 21:36:03 - INFO - epoch:4/25 iteration:390/459 batch loss is :0.0218
2025-06-25 21:36:25 - INFO - epoch:4/25 iteration:395/459 batch loss is :0.0410
2025-06-25 21:36:46 - INFO - epoch:4/25 iteration:400/459 batch loss is :0.0376
2025-06-25 21:37:08 - INFO - epoch:4/25 iteration:405/459 batch loss is :0.0192
2025-06-25 21:37:29 - INFO - epoch:4/25 iteration:410/459 batch loss is :0.0447
2025-06-25 21:37:51 - INFO - epoch:4/25 iteration:415/459 batch loss is :0.0310
2025-06-25 21:38:12 - INFO - epoch:4/25 iteration:420/459 batch loss is :0.0218
2025-06-25 21:38:34 - INFO - epoch:4/25 iteration:425/459 batch loss is :0.1052
2025-06-25 21:38:56 - INFO - epoch:4/25 iteration:430/459 batch loss is :0.0322
2025-06-25 21:39:17 - INFO - epoch:4/25 iteration:435/459 batch loss is :0.0419
2025-06-25 21:39:38 - INFO - epoch:4/25 iteration:440/459 batch loss is :0.0277
2025-06-25 21:39:59 - INFO - epoch:4/25 iteration:445/459 batch loss is :0.0273
2025-06-25 21:40:20 - INFO - epoch:4/25 iteration:450/459 batch loss is :0.0294
2025-06-25 21:40:40 - INFO - epoch:4/25 iteration:455/459 batch loss is :0.0144
2025-06-25 21:40:56 - INFO - Epoch:4/25 Loss is :0.0349
2025-06-25 21:43:53 - INFO - epoch:5/25 iteration:0/459 batch loss is :0.0205
2025-06-25 21:44:16 - INFO - epoch:5/25 iteration:5/459 batch loss is :0.0199
2025-06-25 21:44:39 - INFO - epoch:5/25 iteration:10/459 batch loss is :0.0685
2025-06-25 21:45:02 - INFO - epoch:5/25 iteration:15/459 batch loss is :0.0217
2025-06-25 21:45:25 - INFO - epoch:5/25 iteration:20/459 batch loss is :0.0193
2025-06-25 21:45:47 - INFO - epoch:5/25 iteration:25/459 batch loss is :0.0364
2025-06-25 21:46:08 - INFO - epoch:5/25 iteration:30/459 batch loss is :0.0420
2025-06-25 21:46:30 - INFO - epoch:5/25 iteration:35/459 batch loss is :0.0510
2025-06-25 21:46:51 - INFO - epoch:5/25 iteration:40/459 batch loss is :0.0265
2025-06-25 21:47:13 - INFO - epoch:5/25 iteration:45/459 batch loss is :0.0223
2025-06-25 21:47:34 - INFO - epoch:5/25 iteration:50/459 batch loss is :0.0106
2025-06-25 21:47:55 - INFO - epoch:5/25 iteration:55/459 batch loss is :0.0138
2025-06-25 21:48:17 - INFO - epoch:5/25 iteration:60/459 batch loss is :0.0240
2025-06-25 21:48:38 - INFO - epoch:5/25 iteration:65/459 batch loss is :0.0461
2025-06-25 21:49:00 - INFO - epoch:5/25 iteration:70/459 batch loss is :0.0225
2025-06-25 21:49:21 - INFO - epoch:5/25 iteration:75/459 batch loss is :0.0180
2025-06-25 21:49:43 - INFO - epoch:5/25 iteration:80/459 batch loss is :0.0483
2025-06-25 21:50:04 - INFO - epoch:5/25 iteration:85/459 batch loss is :0.0284
2025-06-25 21:50:26 - INFO - epoch:5/25 iteration:90/459 batch loss is :0.0604
2025-06-25 21:50:48 - INFO - epoch:5/25 iteration:95/459 batch loss is :0.0495
2025-06-25 21:51:09 - INFO - epoch:5/25 iteration:100/459 batch loss is :0.0254
2025-06-25 21:51:31 - INFO - epoch:5/25 iteration:105/459 batch loss is :0.0297
2025-06-25 21:51:53 - INFO - epoch:5/25 iteration:110/459 batch loss is :0.0316
2025-06-25 21:52:14 - INFO - epoch:5/25 iteration:115/459 batch loss is :0.0230
2025-06-25 21:52:36 - INFO - epoch:5/25 iteration:120/459 batch loss is :0.0185
2025-06-25 21:52:58 - INFO - epoch:5/25 iteration:125/459 batch loss is :0.0289
2025-06-25 21:53:19 - INFO - epoch:5/25 iteration:130/459 batch loss is :0.0236
2025-06-25 21:53:41 - INFO - epoch:5/25 iteration:135/459 batch loss is :0.0163
2025-06-25 21:54:03 - INFO - epoch:5/25 iteration:140/459 batch loss is :0.0359
2025-06-25 21:54:25 - INFO - epoch:5/25 iteration:145/459 batch loss is :0.0324
2025-06-25 21:54:46 - INFO - epoch:5/25 iteration:150/459 batch loss is :0.0306
2025-06-25 21:55:08 - INFO - epoch:5/25 iteration:155/459 batch loss is :0.0454
2025-06-25 21:55:29 - INFO - epoch:5/25 iteration:160/459 batch loss is :0.0320
2025-06-25 21:55:51 - INFO - epoch:5/25 iteration:165/459 batch loss is :0.0200
2025-06-25 21:56:12 - INFO - epoch:5/25 iteration:170/459 batch loss is :0.0228
2025-06-25 21:56:34 - INFO - epoch:5/25 iteration:175/459 batch loss is :0.0175
2025-06-25 21:56:56 - INFO - epoch:5/25 iteration:180/459 batch loss is :0.0192
2025-06-25 21:57:17 - INFO - epoch:5/25 iteration:185/459 batch loss is :0.0275
2025-06-25 21:57:39 - INFO - epoch:5/25 iteration:190/459 batch loss is :0.0306
2025-06-25 21:58:00 - INFO - epoch:5/25 iteration:195/459 batch loss is :0.0256
2025-06-25 21:58:22 - INFO - epoch:5/25 iteration:200/459 batch loss is :0.0355
2025-06-25 21:58:43 - INFO - epoch:5/25 iteration:205/459 batch loss is :0.0169
2025-06-25 21:59:05 - INFO - epoch:5/25 iteration:210/459 batch loss is :0.0490
2025-06-25 21:59:27 - INFO - epoch:5/25 iteration:215/459 batch loss is :0.0526
2025-06-25 21:59:49 - INFO - epoch:5/25 iteration:220/459 batch loss is :0.0694
2025-06-25 22:00:10 - INFO - epoch:5/25 iteration:225/459 batch loss is :0.0256
2025-06-25 22:00:32 - INFO - epoch:5/25 iteration:230/459 batch loss is :0.0416
2025-06-25 22:00:53 - INFO - epoch:5/25 iteration:235/459 batch loss is :0.0305
2025-06-25 22:01:15 - INFO - epoch:5/25 iteration:240/459 batch loss is :0.0378
2025-06-25 22:01:37 - INFO - epoch:5/25 iteration:245/459 batch loss is :0.0343
2025-06-25 22:01:58 - INFO - epoch:5/25 iteration:250/459 batch loss is :0.0343
2025-06-25 22:02:20 - INFO - epoch:5/25 iteration:255/459 batch loss is :0.0340
2025-06-25 22:02:42 - INFO - epoch:5/25 iteration:260/459 batch loss is :0.0388
2025-06-25 22:03:03 - INFO - epoch:5/25 iteration:265/459 batch loss is :0.0081
2025-06-25 22:03:25 - INFO - epoch:5/25 iteration:270/459 batch loss is :0.0278
2025-06-25 22:03:46 - INFO - epoch:5/25 iteration:275/459 batch loss is :0.0236
2025-06-25 22:04:08 - INFO - epoch:5/25 iteration:280/459 batch loss is :0.0538
2025-06-25 22:04:29 - INFO - epoch:5/25 iteration:285/459 batch loss is :0.0194
2025-06-25 22:04:51 - INFO - epoch:5/25 iteration:290/459 batch loss is :0.0247
2025-06-25 22:05:12 - INFO - epoch:5/25 iteration:295/459 batch loss is :0.0128
2025-06-25 22:05:34 - INFO - epoch:5/25 iteration:300/459 batch loss is :0.0822
2025-06-25 22:05:55 - INFO - epoch:5/25 iteration:305/459 batch loss is :0.0340
2025-06-25 22:06:17 - INFO - epoch:5/25 iteration:310/459 batch loss is :0.0237
2025-06-25 22:06:39 - INFO - epoch:5/25 iteration:315/459 batch loss is :0.0989
2025-06-25 22:07:00 - INFO - epoch:5/25 iteration:320/459 batch loss is :0.0285
2025-06-25 22:07:22 - INFO - epoch:5/25 iteration:325/459 batch loss is :0.0408
2025-06-25 22:07:43 - INFO - epoch:5/25 iteration:330/459 batch loss is :0.0340
2025-06-25 22:08:05 - INFO - epoch:5/25 iteration:335/459 batch loss is :0.0185
2025-06-25 22:08:27 - INFO - epoch:5/25 iteration:340/459 batch loss is :0.0224
2025-06-25 22:08:48 - INFO - epoch:5/25 iteration:345/459 batch loss is :0.0535
2025-06-25 22:09:09 - INFO - epoch:5/25 iteration:350/459 batch loss is :0.0935
2025-06-25 22:09:31 - INFO - epoch:5/25 iteration:355/459 batch loss is :0.0330
2025-06-25 22:09:52 - INFO - epoch:5/25 iteration:360/459 batch loss is :0.0406
2025-06-25 22:10:13 - INFO - epoch:5/25 iteration:365/459 batch loss is :0.0406
2025-06-25 22:10:35 - INFO - epoch:5/25 iteration:370/459 batch loss is :0.0225
2025-06-25 22:10:56 - INFO - epoch:5/25 iteration:375/459 batch loss is :0.0279
2025-06-25 22:11:18 - INFO - epoch:5/25 iteration:380/459 batch loss is :0.0154
2025-06-25 22:11:40 - INFO - epoch:5/25 iteration:385/459 batch loss is :0.0377
2025-06-25 22:12:02 - INFO - epoch:5/25 iteration:390/459 batch loss is :0.0284
2025-06-25 22:12:23 - INFO - epoch:5/25 iteration:395/459 batch loss is :0.0245
2025-06-25 22:12:46 - INFO - epoch:5/25 iteration:400/459 batch loss is :0.0212
2025-06-25 22:13:07 - INFO - epoch:5/25 iteration:405/459 batch loss is :0.0179
2025-06-25 22:13:29 - INFO - epoch:5/25 iteration:410/459 batch loss is :0.0399
2025-06-25 22:13:51 - INFO - epoch:5/25 iteration:415/459 batch loss is :0.0279
2025-06-25 22:14:13 - INFO - epoch:5/25 iteration:420/459 batch loss is :0.0195
2025-06-25 22:14:34 - INFO - epoch:5/25 iteration:425/459 batch loss is :0.0248
2025-06-25 22:14:55 - INFO - epoch:5/25 iteration:430/459 batch loss is :0.0334
2025-06-25 22:15:16 - INFO - epoch:5/25 iteration:435/459 batch loss is :0.0468
2025-06-25 22:15:37 - INFO - epoch:5/25 iteration:440/459 batch loss is :0.0349
2025-06-25 22:15:58 - INFO - epoch:5/25 iteration:445/459 batch loss is :0.0365
2025-06-25 22:16:19 - INFO - epoch:5/25 iteration:450/459 batch loss is :0.0147
2025-06-25 22:16:40 - INFO - epoch:5/25 iteration:455/459 batch loss is :0.0421
2025-06-25 22:16:54 - INFO - Epoch:5/25 Loss is :0.0342
2025-06-25 22:26:25 - INFO - VAL loss :0.0319
2025-06-25 22:29:23 - INFO - epoch:6/25 iteration:0/459 batch loss is :0.0165
2025-06-25 22:29:47 - INFO - epoch:6/25 iteration:5/459 batch loss is :0.0215
2025-06-25 22:30:10 - INFO - epoch:6/25 iteration:10/459 batch loss is :0.0514
2025-06-25 22:30:32 - INFO - epoch:6/25 iteration:15/459 batch loss is :0.0201
2025-06-25 22:30:55 - INFO - epoch:6/25 iteration:20/459 batch loss is :0.0477
2025-06-25 22:31:17 - INFO - epoch:6/25 iteration:25/459 batch loss is :0.0237
2025-06-25 22:31:39 - INFO - epoch:6/25 iteration:30/459 batch loss is :0.0332
2025-06-25 22:32:01 - INFO - epoch:6/25 iteration:35/459 batch loss is :0.0456
2025-06-25 22:32:22 - INFO - epoch:6/25 iteration:40/459 batch loss is :0.0405
2025-06-25 22:32:44 - INFO - epoch:6/25 iteration:45/459 batch loss is :0.0376
2025-06-25 22:33:06 - INFO - epoch:6/25 iteration:50/459 batch loss is :0.0306
2025-06-25 22:33:27 - INFO - epoch:6/25 iteration:55/459 batch loss is :0.0321
2025-06-25 22:33:49 - INFO - epoch:6/25 iteration:60/459 batch loss is :0.0282
2025-06-25 22:34:10 - INFO - epoch:6/25 iteration:65/459 batch loss is :0.0352
2025-06-25 22:34:32 - INFO - epoch:6/25 iteration:70/459 batch loss is :0.0185
2025-06-25 22:34:53 - INFO - epoch:6/25 iteration:75/459 batch loss is :0.0159
2025-06-25 22:35:14 - INFO - epoch:6/25 iteration:80/459 batch loss is :0.0382
2025-06-25 22:35:36 - INFO - epoch:6/25 iteration:85/459 batch loss is :0.0252
2025-06-25 22:35:57 - INFO - epoch:6/25 iteration:90/459 batch loss is :0.0420
2025-06-25 22:36:18 - INFO - epoch:6/25 iteration:95/459 batch loss is :0.0422
2025-06-25 22:36:40 - INFO - epoch:6/25 iteration:100/459 batch loss is :0.0227
2025-06-25 22:37:01 - INFO - epoch:6/25 iteration:105/459 batch loss is :0.0312
2025-06-25 22:37:22 - INFO - epoch:6/25 iteration:110/459 batch loss is :0.0328
2025-06-25 22:37:44 - INFO - epoch:6/25 iteration:115/459 batch loss is :0.0386
2025-06-25 22:38:05 - INFO - epoch:6/25 iteration:120/459 batch loss is :0.0283
2025-06-25 22:38:26 - INFO - epoch:6/25 iteration:125/459 batch loss is :0.0287
2025-06-25 22:38:48 - INFO - epoch:6/25 iteration:130/459 batch loss is :0.0371
2025-06-25 22:39:09 - INFO - epoch:6/25 iteration:135/459 batch loss is :0.0230
2025-06-25 22:39:31 - INFO - epoch:6/25 iteration:140/459 batch loss is :0.0531
2025-06-25 22:39:52 - INFO - epoch:6/25 iteration:145/459 batch loss is :0.0487
2025-06-25 22:40:13 - INFO - epoch:6/25 iteration:150/459 batch loss is :0.0567
2025-06-25 22:40:35 - INFO - epoch:6/25 iteration:155/459 batch loss is :0.0251
2025-06-25 22:40:56 - INFO - epoch:6/25 iteration:160/459 batch loss is :0.0211
2025-06-25 22:41:18 - INFO - epoch:6/25 iteration:165/459 batch loss is :0.0222
2025-06-25 22:41:39 - INFO - epoch:6/25 iteration:170/459 batch loss is :0.0373
2025-06-25 22:42:01 - INFO - epoch:6/25 iteration:175/459 batch loss is :0.0525
2025-06-25 22:42:23 - INFO - epoch:6/25 iteration:180/459 batch loss is :0.0223
2025-06-25 22:42:44 - INFO - epoch:6/25 iteration:185/459 batch loss is :0.0171
2025-06-25 22:43:06 - INFO - epoch:6/25 iteration:190/459 batch loss is :0.0266
2025-06-25 22:43:27 - INFO - epoch:6/25 iteration:195/459 batch loss is :0.0340
2025-06-25 22:43:49 - INFO - epoch:6/25 iteration:200/459 batch loss is :0.0466
2025-06-25 22:44:10 - INFO - epoch:6/25 iteration:205/459 batch loss is :0.0372
2025-06-25 22:44:32 - INFO - epoch:6/25 iteration:210/459 batch loss is :0.0219
2025-06-25 22:44:52 - INFO - epoch:6/25 iteration:215/459 batch loss is :0.0269
2025-06-25 22:45:14 - INFO - epoch:6/25 iteration:220/459 batch loss is :0.0313
2025-06-25 22:45:35 - INFO - epoch:6/25 iteration:225/459 batch loss is :0.0278
2025-06-25 22:45:57 - INFO - epoch:6/25 iteration:230/459 batch loss is :0.0296
2025-06-25 22:46:18 - INFO - epoch:6/25 iteration:235/459 batch loss is :0.0206
2025-06-25 22:46:39 - INFO - epoch:6/25 iteration:240/459 batch loss is :0.0290
2025-06-25 22:47:01 - INFO - epoch:6/25 iteration:245/459 batch loss is :0.0167
2025-06-25 22:47:22 - INFO - epoch:6/25 iteration:250/459 batch loss is :0.0458
2025-06-25 22:47:43 - INFO - epoch:6/25 iteration:255/459 batch loss is :0.0303
2025-06-25 22:48:05 - INFO - epoch:6/25 iteration:260/459 batch loss is :0.0213
2025-06-25 22:48:26 - INFO - epoch:6/25 iteration:265/459 batch loss is :0.0184
2025-06-25 22:48:48 - INFO - epoch:6/25 iteration:270/459 batch loss is :0.0388
2025-06-25 22:49:09 - INFO - epoch:6/25 iteration:275/459 batch loss is :0.0297
2025-06-25 22:49:31 - INFO - epoch:6/25 iteration:280/459 batch loss is :0.0272
2025-06-25 22:49:52 - INFO - epoch:6/25 iteration:285/459 batch loss is :0.0229
2025-06-25 22:50:14 - INFO - epoch:6/25 iteration:290/459 batch loss is :0.0236
2025-06-25 22:50:35 - INFO - epoch:6/25 iteration:295/459 batch loss is :0.0249
2025-06-25 22:50:57 - INFO - epoch:6/25 iteration:300/459 batch loss is :0.1101
2025-06-25 22:51:18 - INFO - epoch:6/25 iteration:305/459 batch loss is :0.0111
2025-06-25 22:51:40 - INFO - epoch:6/25 iteration:310/459 batch loss is :0.0292
2025-06-25 22:52:01 - INFO - epoch:6/25 iteration:315/459 batch loss is :0.0557
2025-06-25 22:52:23 - INFO - epoch:6/25 iteration:320/459 batch loss is :0.0246
2025-06-25 22:52:44 - INFO - epoch:6/25 iteration:325/459 batch loss is :0.0226
2025-06-25 22:53:06 - INFO - epoch:6/25 iteration:330/459 batch loss is :0.0566
2025-06-25 22:53:27 - INFO - epoch:6/25 iteration:335/459 batch loss is :0.0286
2025-06-25 22:53:49 - INFO - epoch:6/25 iteration:340/459 batch loss is :0.0348
2025-06-25 22:54:10 - INFO - epoch:6/25 iteration:345/459 batch loss is :0.0313
2025-06-25 22:54:32 - INFO - epoch:6/25 iteration:350/459 batch loss is :0.0354
2025-06-25 22:54:53 - INFO - epoch:6/25 iteration:355/459 batch loss is :0.0271
2025-06-25 22:55:14 - INFO - epoch:6/25 iteration:360/459 batch loss is :0.0490
2025-06-25 22:55:35 - INFO - epoch:6/25 iteration:365/459 batch loss is :0.0146
2025-06-25 22:55:57 - INFO - epoch:6/25 iteration:370/459 batch loss is :0.0319
2025-06-25 22:56:18 - INFO - epoch:6/25 iteration:375/459 batch loss is :0.0504
2025-06-25 22:56:39 - INFO - epoch:6/25 iteration:380/459 batch loss is :0.0142
2025-06-25 22:57:01 - INFO - epoch:6/25 iteration:385/459 batch loss is :0.0355
2025-06-25 22:57:22 - INFO - epoch:6/25 iteration:390/459 batch loss is :0.0281
2025-06-25 22:57:43 - INFO - epoch:6/25 iteration:395/459 batch loss is :0.0313
2025-06-25 22:58:05 - INFO - epoch:6/25 iteration:400/459 batch loss is :0.0438
2025-06-25 22:58:26 - INFO - epoch:6/25 iteration:405/459 batch loss is :0.0285
2025-06-25 22:58:48 - INFO - epoch:6/25 iteration:410/459 batch loss is :0.0287
2025-06-25 22:59:09 - INFO - epoch:6/25 iteration:415/459 batch loss is :0.0450
2025-06-25 22:59:30 - INFO - epoch:6/25 iteration:420/459 batch loss is :0.0327
2025-06-25 22:59:52 - INFO - epoch:6/25 iteration:425/459 batch loss is :0.0175
2025-06-25 23:00:13 - INFO - epoch:6/25 iteration:430/459 batch loss is :0.0247
2025-06-25 23:00:34 - INFO - epoch:6/25 iteration:435/459 batch loss is :0.0336
2025-06-25 23:00:55 - INFO - epoch:6/25 iteration:440/459 batch loss is :0.0265
2025-06-25 23:01:16 - INFO - epoch:6/25 iteration:445/459 batch loss is :0.0196
2025-06-25 23:01:37 - INFO - epoch:6/25 iteration:450/459 batch loss is :0.0355
2025-06-25 23:01:57 - INFO - epoch:6/25 iteration:455/459 batch loss is :0.0288
2025-06-25 23:02:12 - INFO - Epoch:6/25 Loss is :0.0342
2025-06-25 23:05:05 - INFO - epoch:7/25 iteration:0/459 batch loss is :0.0175
2025-06-25 23:05:29 - INFO - epoch:7/25 iteration:5/459 batch loss is :0.0335
2025-06-25 23:05:52 - INFO - epoch:7/25 iteration:10/459 batch loss is :0.0304
2025-06-25 23:06:15 - INFO - epoch:7/25 iteration:15/459 batch loss is :0.0253
2025-06-25 23:06:37 - INFO - epoch:7/25 iteration:20/459 batch loss is :0.0240
2025-06-25 23:06:59 - INFO - epoch:7/25 iteration:25/459 batch loss is :0.0330
2025-06-25 23:07:21 - INFO - epoch:7/25 iteration:30/459 batch loss is :0.0710
2025-06-25 23:07:43 - INFO - epoch:7/25 iteration:35/459 batch loss is :0.0456
2025-06-25 23:08:04 - INFO - epoch:7/25 iteration:40/459 batch loss is :0.0370
2025-06-25 23:08:26 - INFO - epoch:7/25 iteration:45/459 batch loss is :0.0194
2025-06-25 23:08:47 - INFO - epoch:7/25 iteration:50/459 batch loss is :0.0226
2025-06-25 23:09:09 - INFO - epoch:7/25 iteration:55/459 batch loss is :0.0282
2025-06-25 23:09:30 - INFO - epoch:7/25 iteration:60/459 batch loss is :0.0510
2025-06-25 23:09:52 - INFO - epoch:7/25 iteration:65/459 batch loss is :0.0494
2025-06-25 23:10:13 - INFO - epoch:7/25 iteration:70/459 batch loss is :0.0463
2025-06-25 23:10:35 - INFO - epoch:7/25 iteration:75/459 batch loss is :0.0206
2025-06-25 23:10:57 - INFO - epoch:7/25 iteration:80/459 batch loss is :0.0397
2025-06-25 23:11:19 - INFO - epoch:7/25 iteration:85/459 batch loss is :0.0341
2025-06-25 23:11:40 - INFO - epoch:7/25 iteration:90/459 batch loss is :0.0321
2025-06-25 23:12:02 - INFO - epoch:7/25 iteration:95/459 batch loss is :0.0415
2025-06-25 23:12:23 - INFO - epoch:7/25 iteration:100/459 batch loss is :0.0325
2025-06-25 23:12:45 - INFO - epoch:7/25 iteration:105/459 batch loss is :0.0362
2025-06-25 23:13:07 - INFO - epoch:7/25 iteration:110/459 batch loss is :0.0339
2025-06-25 23:13:28 - INFO - epoch:7/25 iteration:115/459 batch loss is :0.0239
2025-06-25 23:13:50 - INFO - epoch:7/25 iteration:120/459 batch loss is :0.0322
2025-06-25 23:14:12 - INFO - epoch:7/25 iteration:125/459 batch loss is :0.0278
2025-06-25 23:14:34 - INFO - epoch:7/25 iteration:130/459 batch loss is :0.0241
2025-06-25 23:14:57 - INFO - epoch:7/25 iteration:135/459 batch loss is :0.0345
2025-06-25 23:15:18 - INFO - epoch:7/25 iteration:140/459 batch loss is :0.0232
2025-06-25 23:15:40 - INFO - epoch:7/25 iteration:145/459 batch loss is :0.0229
2025-06-25 23:16:01 - INFO - epoch:7/25 iteration:150/459 batch loss is :0.0498
2025-06-25 23:16:23 - INFO - epoch:7/25 iteration:155/459 batch loss is :0.0250
2025-06-25 23:16:44 - INFO - epoch:7/25 iteration:160/459 batch loss is :0.1140
2025-06-25 23:17:05 - INFO - epoch:7/25 iteration:165/459 batch loss is :0.0349
2025-06-25 23:17:27 - INFO - epoch:7/25 iteration:170/459 batch loss is :0.0657
2025-06-25 23:17:48 - INFO - epoch:7/25 iteration:175/459 batch loss is :0.0372
2025-06-25 23:18:10 - INFO - epoch:7/25 iteration:180/459 batch loss is :0.1365
2025-06-25 23:18:31 - INFO - epoch:7/25 iteration:185/459 batch loss is :0.0417
2025-06-25 23:18:53 - INFO - epoch:7/25 iteration:190/459 batch loss is :0.0662
2025-06-25 23:19:14 - INFO - epoch:7/25 iteration:195/459 batch loss is :0.0430
2025-06-25 23:19:35 - INFO - epoch:7/25 iteration:200/459 batch loss is :0.0280
2025-06-25 23:19:57 - INFO - epoch:7/25 iteration:205/459 batch loss is :0.0216
2025-06-25 23:20:18 - INFO - epoch:7/25 iteration:210/459 batch loss is :0.0289
2025-06-25 23:20:39 - INFO - epoch:7/25 iteration:215/459 batch loss is :0.0258
2025-06-25 23:21:00 - INFO - epoch:7/25 iteration:220/459 batch loss is :0.0345
2025-06-25 23:21:22 - INFO - epoch:7/25 iteration:225/459 batch loss is :0.0589
2025-06-25 23:21:43 - INFO - epoch:7/25 iteration:230/459 batch loss is :0.0365
2025-06-25 23:22:05 - INFO - epoch:7/25 iteration:235/459 batch loss is :0.0288
2025-06-25 23:22:26 - INFO - epoch:7/25 iteration:240/459 batch loss is :0.0312
2025-06-25 23:22:48 - INFO - epoch:7/25 iteration:245/459 batch loss is :0.0267
2025-06-25 23:23:09 - INFO - epoch:7/25 iteration:250/459 batch loss is :0.0495
2025-06-25 23:23:31 - INFO - epoch:7/25 iteration:255/459 batch loss is :0.0367
2025-06-25 23:23:53 - INFO - epoch:7/25 iteration:260/459 batch loss is :0.0335
2025-06-25 23:24:14 - INFO - epoch:7/25 iteration:265/459 batch loss is :0.0274
2025-06-25 23:24:36 - INFO - epoch:7/25 iteration:270/459 batch loss is :0.0226
2025-06-25 23:24:57 - INFO - epoch:7/25 iteration:275/459 batch loss is :0.0507
2025-06-25 23:25:18 - INFO - epoch:7/25 iteration:280/459 batch loss is :0.0308
2025-06-25 23:25:40 - INFO - epoch:7/25 iteration:285/459 batch loss is :0.0281
2025-06-25 23:26:01 - INFO - epoch:7/25 iteration:290/459 batch loss is :0.0263
2025-06-25 23:26:22 - INFO - epoch:7/25 iteration:295/459 batch loss is :0.0193
2025-06-25 23:26:44 - INFO - epoch:7/25 iteration:300/459 batch loss is :0.0418
2025-06-25 23:27:06 - INFO - epoch:7/25 iteration:305/459 batch loss is :0.0163
2025-06-25 23:27:26 - INFO - epoch:7/25 iteration:310/459 batch loss is :0.0415
2025-06-25 23:27:48 - INFO - epoch:7/25 iteration:315/459 batch loss is :0.0364
2025-06-25 23:28:09 - INFO - epoch:7/25 iteration:320/459 batch loss is :0.0246
2025-06-25 23:28:31 - INFO - epoch:7/25 iteration:325/459 batch loss is :0.0116
2025-06-25 23:28:52 - INFO - epoch:7/25 iteration:330/459 batch loss is :0.0389
2025-06-25 23:29:14 - INFO - epoch:7/25 iteration:335/459 batch loss is :0.0215
2025-06-25 23:29:35 - INFO - epoch:7/25 iteration:340/459 batch loss is :0.0238
2025-06-25 23:29:56 - INFO - epoch:7/25 iteration:345/459 batch loss is :0.0286
2025-06-25 23:30:17 - INFO - epoch:7/25 iteration:350/459 batch loss is :0.0256
2025-06-25 23:30:39 - INFO - epoch:7/25 iteration:355/459 batch loss is :0.0435
2025-06-25 23:31:00 - INFO - epoch:7/25 iteration:360/459 batch loss is :0.0622
2025-06-25 23:31:21 - INFO - epoch:7/25 iteration:365/459 batch loss is :0.0272
2025-06-25 23:31:42 - INFO - epoch:7/25 iteration:370/459 batch loss is :0.0317
2025-06-25 23:32:04 - INFO - epoch:7/25 iteration:375/459 batch loss is :0.0190
2025-06-25 23:32:25 - INFO - epoch:7/25 iteration:380/459 batch loss is :0.0219
2025-06-25 23:32:46 - INFO - epoch:7/25 iteration:385/459 batch loss is :0.0588
2025-06-25 23:33:07 - INFO - epoch:7/25 iteration:390/459 batch loss is :0.0367
2025-06-25 23:33:29 - INFO - epoch:7/25 iteration:395/459 batch loss is :0.0255
2025-06-25 23:33:50 - INFO - epoch:7/25 iteration:400/459 batch loss is :0.0199
2025-06-25 23:34:12 - INFO - epoch:7/25 iteration:405/459 batch loss is :0.0792
2025-06-25 23:34:32 - INFO - epoch:7/25 iteration:410/459 batch loss is :0.0225
2025-06-25 23:34:54 - INFO - epoch:7/25 iteration:415/459 batch loss is :0.0373
2025-06-25 23:35:15 - INFO - epoch:7/25 iteration:420/459 batch loss is :0.0279
2025-06-25 23:35:36 - INFO - epoch:7/25 iteration:425/459 batch loss is :0.0206
2025-06-25 23:35:57 - INFO - epoch:7/25 iteration:430/459 batch loss is :0.0289
2025-06-25 23:36:18 - INFO - epoch:7/25 iteration:435/459 batch loss is :0.0427
2025-06-25 23:36:39 - INFO - epoch:7/25 iteration:440/459 batch loss is :0.0144
2025-06-25 23:36:59 - INFO - epoch:7/25 iteration:445/459 batch loss is :0.0320
2025-06-25 23:37:20 - INFO - epoch:7/25 iteration:450/459 batch loss is :0.0371
2025-06-25 23:37:41 - INFO - epoch:7/25 iteration:455/459 batch loss is :0.0343
2025-06-25 23:37:55 - INFO - Epoch:7/25 Loss is :0.0340
2025-06-25 23:40:46 - INFO - epoch:8/25 iteration:0/459 batch loss is :0.0209
2025-06-25 23:41:09 - INFO - epoch:8/25 iteration:5/459 batch loss is :0.0244
2025-06-25 23:41:32 - INFO - epoch:8/25 iteration:10/459 batch loss is :0.0278
2025-06-25 23:41:54 - INFO - epoch:8/25 iteration:15/459 batch loss is :0.0928
2025-06-25 23:42:15 - INFO - epoch:8/25 iteration:20/459 batch loss is :0.0269
2025-06-25 23:42:36 - INFO - epoch:8/25 iteration:25/459 batch loss is :0.0338
2025-06-25 23:42:58 - INFO - epoch:8/25 iteration:30/459 batch loss is :0.0252
2025-06-25 23:43:19 - INFO - epoch:8/25 iteration:35/459 batch loss is :0.0229
2025-06-25 23:43:41 - INFO - epoch:8/25 iteration:40/459 batch loss is :0.0246
2025-06-25 23:44:02 - INFO - epoch:8/25 iteration:45/459 batch loss is :0.0211
2025-06-25 23:44:24 - INFO - epoch:8/25 iteration:50/459 batch loss is :0.0321
2025-06-25 23:44:45 - INFO - epoch:8/25 iteration:55/459 batch loss is :0.0190
2025-06-25 23:45:06 - INFO - epoch:8/25 iteration:60/459 batch loss is :0.0297
2025-06-25 23:45:28 - INFO - epoch:8/25 iteration:65/459 batch loss is :0.0380
2025-06-25 23:45:49 - INFO - epoch:8/25 iteration:70/459 batch loss is :0.0255
2025-06-25 23:46:10 - INFO - epoch:8/25 iteration:75/459 batch loss is :0.0278
2025-06-25 23:46:32 - INFO - epoch:8/25 iteration:80/459 batch loss is :0.0385
2025-06-25 23:46:53 - INFO - epoch:8/25 iteration:85/459 batch loss is :0.0173
2025-06-25 23:47:15 - INFO - epoch:8/25 iteration:90/459 batch loss is :0.0245
2025-06-25 23:47:36 - INFO - epoch:8/25 iteration:95/459 batch loss is :0.0371
2025-06-25 23:47:58 - INFO - epoch:8/25 iteration:100/459 batch loss is :0.0217
2025-06-25 23:48:19 - INFO - epoch:8/25 iteration:105/459 batch loss is :0.0273
2025-06-25 23:48:40 - INFO - epoch:8/25 iteration:110/459 batch loss is :0.0272
2025-06-25 23:49:01 - INFO - epoch:8/25 iteration:115/459 batch loss is :0.0516
2025-06-25 23:49:23 - INFO - epoch:8/25 iteration:120/459 batch loss is :0.0261
2025-06-25 23:49:44 - INFO - epoch:8/25 iteration:125/459 batch loss is :0.0462
2025-06-25 23:50:06 - INFO - epoch:8/25 iteration:130/459 batch loss is :0.0246
2025-06-25 23:50:27 - INFO - epoch:8/25 iteration:135/459 batch loss is :0.0377
2025-06-25 23:50:48 - INFO - epoch:8/25 iteration:140/459 batch loss is :0.0407
2025-06-25 23:51:10 - INFO - epoch:8/25 iteration:145/459 batch loss is :0.0412
2025-06-25 23:51:31 - INFO - epoch:8/25 iteration:150/459 batch loss is :0.0511
2025-06-25 23:51:52 - INFO - epoch:8/25 iteration:155/459 batch loss is :0.0363
2025-06-25 23:52:14 - INFO - epoch:8/25 iteration:160/459 batch loss is :0.0294
2025-06-25 23:52:35 - INFO - epoch:8/25 iteration:165/459 batch loss is :0.0238
2025-06-25 23:52:57 - INFO - epoch:8/25 iteration:170/459 batch loss is :0.0401
2025-06-25 23:53:18 - INFO - epoch:8/25 iteration:175/459 batch loss is :0.0177
2025-06-25 23:53:40 - INFO - epoch:8/25 iteration:180/459 batch loss is :0.0291
2025-06-25 23:54:01 - INFO - epoch:8/25 iteration:185/459 batch loss is :0.0243
2025-06-25 23:54:22 - INFO - epoch:8/25 iteration:190/459 batch loss is :0.0514
2025-06-25 23:54:44 - INFO - epoch:8/25 iteration:195/459 batch loss is :0.0162
2025-06-25 23:55:05 - INFO - epoch:8/25 iteration:200/459 batch loss is :0.0366
2025-06-25 23:55:27 - INFO - epoch:8/25 iteration:205/459 batch loss is :0.0412
2025-06-25 23:55:48 - INFO - epoch:8/25 iteration:210/459 batch loss is :0.0371
2025-06-25 23:56:09 - INFO - epoch:8/25 iteration:215/459 batch loss is :0.0317
2025-06-25 23:56:31 - INFO - epoch:8/25 iteration:220/459 batch loss is :0.0285
2025-06-25 23:56:52 - INFO - epoch:8/25 iteration:225/459 batch loss is :0.0354
2025-06-25 23:57:14 - INFO - epoch:8/25 iteration:230/459 batch loss is :0.0212
2025-06-25 23:57:35 - INFO - epoch:8/25 iteration:235/459 batch loss is :0.0714
2025-06-25 23:57:57 - INFO - epoch:8/25 iteration:240/459 batch loss is :0.0251
2025-06-25 23:58:18 - INFO - epoch:8/25 iteration:245/459 batch loss is :0.0297
2025-06-25 23:58:40 - INFO - epoch:8/25 iteration:250/459 batch loss is :0.0318
2025-06-25 23:59:01 - INFO - epoch:8/25 iteration:255/459 batch loss is :0.0163
2025-06-25 23:59:23 - INFO - epoch:8/25 iteration:260/459 batch loss is :0.0334
2025-06-25 23:59:44 - INFO - epoch:8/25 iteration:265/459 batch loss is :0.0217
2025-06-26 00:00:06 - INFO - epoch:8/25 iteration:270/459 batch loss is :0.0357
2025-06-26 00:00:27 - INFO - epoch:8/25 iteration:275/459 batch loss is :0.0286
2025-06-26 00:00:49 - INFO - epoch:8/25 iteration:280/459 batch loss is :0.0185
2025-06-26 00:01:11 - INFO - epoch:8/25 iteration:285/459 batch loss is :0.0267
2025-06-26 00:01:32 - INFO - epoch:8/25 iteration:290/459 batch loss is :0.0383
2025-06-26 00:01:54 - INFO - epoch:8/25 iteration:295/459 batch loss is :0.0136
2025-06-26 00:02:15 - INFO - epoch:8/25 iteration:300/459 batch loss is :0.0222
2025-06-26 00:02:37 - INFO - epoch:8/25 iteration:305/459 batch loss is :0.0230
2025-06-26 00:02:58 - INFO - epoch:8/25 iteration:310/459 batch loss is :0.0210
2025-06-26 00:03:19 - INFO - epoch:8/25 iteration:315/459 batch loss is :0.0391
2025-06-26 00:03:41 - INFO - epoch:8/25 iteration:320/459 batch loss is :0.0188
2025-06-26 00:04:02 - INFO - epoch:8/25 iteration:325/459 batch loss is :0.0548
2025-06-26 00:04:24 - INFO - epoch:8/25 iteration:330/459 batch loss is :0.0164
2025-06-26 00:04:45 - INFO - epoch:8/25 iteration:335/459 batch loss is :0.0435
2025-06-26 00:05:06 - INFO - epoch:8/25 iteration:340/459 batch loss is :0.0385
2025-06-26 00:05:28 - INFO - epoch:8/25 iteration:345/459 batch loss is :0.0131
2025-06-26 00:05:49 - INFO - epoch:8/25 iteration:350/459 batch loss is :0.0262
2025-06-26 00:06:10 - INFO - epoch:8/25 iteration:355/459 batch loss is :0.0380
2025-06-26 00:06:32 - INFO - epoch:8/25 iteration:360/459 batch loss is :0.0410
2025-06-26 00:06:53 - INFO - epoch:8/25 iteration:365/459 batch loss is :0.0266
2025-06-26 00:07:15 - INFO - epoch:8/25 iteration:370/459 batch loss is :0.0183
2025-06-26 00:07:36 - INFO - epoch:8/25 iteration:375/459 batch loss is :0.0232
2025-06-26 00:07:58 - INFO - epoch:8/25 iteration:380/459 batch loss is :0.0441
2025-06-26 00:08:19 - INFO - epoch:8/25 iteration:385/459 batch loss is :0.0245
2025-06-26 00:08:41 - INFO - epoch:8/25 iteration:390/459 batch loss is :0.0314
2025-06-26 00:09:02 - INFO - epoch:8/25 iteration:395/459 batch loss is :0.0385
2025-06-26 00:09:24 - INFO - epoch:8/25 iteration:400/459 batch loss is :0.0423
2025-06-26 00:09:46 - INFO - epoch:8/25 iteration:405/459 batch loss is :0.0418
2025-06-26 00:10:07 - INFO - epoch:8/25 iteration:410/459 batch loss is :0.0170
2025-06-26 00:10:29 - INFO - epoch:8/25 iteration:415/459 batch loss is :0.0212
2025-06-26 00:10:51 - INFO - epoch:8/25 iteration:420/459 batch loss is :0.0254
2025-06-26 00:11:12 - INFO - epoch:8/25 iteration:425/459 batch loss is :0.0168
2025-06-26 00:11:34 - INFO - epoch:8/25 iteration:430/459 batch loss is :0.0564
2025-06-26 00:11:54 - INFO - epoch:8/25 iteration:435/459 batch loss is :0.0241
2025-06-26 00:12:15 - INFO - epoch:8/25 iteration:440/459 batch loss is :0.0644
2025-06-26 00:12:36 - INFO - epoch:8/25 iteration:445/459 batch loss is :0.0169
2025-06-26 00:12:57 - INFO - epoch:8/25 iteration:450/459 batch loss is :0.0195
2025-06-26 00:13:18 - INFO - epoch:8/25 iteration:455/459 batch loss is :0.0715
2025-06-26 00:13:32 - INFO - Epoch:8/25 Loss is :0.0342
2025-06-26 00:16:18 - INFO - epoch:9/25 iteration:0/459 batch loss is :0.0384
2025-06-26 00:16:41 - INFO - epoch:9/25 iteration:5/459 batch loss is :0.0370
2025-06-26 00:17:05 - INFO - epoch:9/25 iteration:10/459 batch loss is :0.0315
2025-06-26 00:17:28 - INFO - epoch:9/25 iteration:15/459 batch loss is :0.0459
2025-06-26 00:17:49 - INFO - epoch:9/25 iteration:20/459 batch loss is :0.0193
2025-06-26 00:18:11 - INFO - epoch:9/25 iteration:25/459 batch loss is :0.0341
2025-06-26 00:18:32 - INFO - epoch:9/25 iteration:30/459 batch loss is :0.0224
2025-06-26 00:18:53 - INFO - epoch:9/25 iteration:35/459 batch loss is :0.1096
2025-06-26 00:19:14 - INFO - epoch:9/25 iteration:40/459 batch loss is :0.0211
2025-06-26 00:19:36 - INFO - epoch:9/25 iteration:45/459 batch loss is :0.0359
2025-06-26 00:19:57 - INFO - epoch:9/25 iteration:50/459 batch loss is :0.0186
2025-06-26 00:20:18 - INFO - epoch:9/25 iteration:55/459 batch loss is :0.0296
2025-06-26 00:20:39 - INFO - epoch:9/25 iteration:60/459 batch loss is :0.0321
2025-06-26 00:21:01 - INFO - epoch:9/25 iteration:65/459 batch loss is :0.0173
2025-06-26 00:21:22 - INFO - epoch:9/25 iteration:70/459 batch loss is :0.0168
2025-06-26 00:21:43 - INFO - epoch:9/25 iteration:75/459 batch loss is :0.0245
2025-06-26 00:22:05 - INFO - epoch:9/25 iteration:80/459 batch loss is :0.0322
2025-06-26 00:22:27 - INFO - epoch:9/25 iteration:85/459 batch loss is :0.0321
2025-06-26 00:22:48 - INFO - epoch:9/25 iteration:90/459 batch loss is :0.1110
2025-06-26 00:23:10 - INFO - epoch:9/25 iteration:95/459 batch loss is :0.0330
2025-06-26 00:23:31 - INFO - epoch:9/25 iteration:100/459 batch loss is :0.0304
2025-06-26 00:23:53 - INFO - epoch:9/25 iteration:105/459 batch loss is :0.0339
2025-06-26 00:24:14 - INFO - epoch:9/25 iteration:110/459 batch loss is :0.0404
2025-06-26 00:24:36 - INFO - epoch:9/25 iteration:115/459 batch loss is :0.0423
2025-06-26 00:24:57 - INFO - epoch:9/25 iteration:120/459 batch loss is :0.0382
2025-06-26 00:25:19 - INFO - epoch:9/25 iteration:125/459 batch loss is :0.0239
2025-06-26 00:25:41 - INFO - epoch:9/25 iteration:130/459 batch loss is :0.0589
2025-06-26 00:26:02 - INFO - epoch:9/25 iteration:135/459 batch loss is :0.0170
2025-06-26 00:26:23 - INFO - epoch:9/25 iteration:140/459 batch loss is :0.0344
2025-06-26 00:26:44 - INFO - epoch:9/25 iteration:145/459 batch loss is :0.0446
2025-06-26 00:27:06 - INFO - epoch:9/25 iteration:150/459 batch loss is :0.0298
2025-06-26 00:27:27 - INFO - epoch:9/25 iteration:155/459 batch loss is :0.0294
2025-06-26 00:27:48 - INFO - epoch:9/25 iteration:160/459 batch loss is :0.0190
2025-06-26 00:28:10 - INFO - epoch:9/25 iteration:165/459 batch loss is :0.0277
2025-06-26 00:28:31 - INFO - epoch:9/25 iteration:170/459 batch loss is :0.0213
2025-06-26 00:28:53 - INFO - epoch:9/25 iteration:175/459 batch loss is :0.0258
2025-06-26 00:29:14 - INFO - epoch:9/25 iteration:180/459 batch loss is :0.0427
2025-06-26 00:29:36 - INFO - epoch:9/25 iteration:185/459 batch loss is :0.0302
2025-06-26 00:29:57 - INFO - epoch:9/25 iteration:190/459 batch loss is :0.0666
2025-06-26 00:30:19 - INFO - epoch:9/25 iteration:195/459 batch loss is :0.0349
2025-06-26 00:30:40 - INFO - epoch:9/25 iteration:200/459 batch loss is :0.0312
2025-06-26 00:31:01 - INFO - epoch:9/25 iteration:205/459 batch loss is :0.0247
2025-06-26 00:31:22 - INFO - epoch:9/25 iteration:210/459 batch loss is :0.0325
2025-06-26 00:31:44 - INFO - epoch:9/25 iteration:215/459 batch loss is :0.0470
2025-06-26 00:32:06 - INFO - epoch:9/25 iteration:220/459 batch loss is :0.0314
2025-06-26 00:32:27 - INFO - epoch:9/25 iteration:225/459 batch loss is :0.0302
2025-06-26 00:32:48 - INFO - epoch:9/25 iteration:230/459 batch loss is :0.0215
2025-06-26 00:33:10 - INFO - epoch:9/25 iteration:235/459 batch loss is :0.0229
2025-06-26 00:33:31 - INFO - epoch:9/25 iteration:240/459 batch loss is :0.0273
2025-06-26 00:33:53 - INFO - epoch:9/25 iteration:245/459 batch loss is :0.0292
2025-06-26 00:34:14 - INFO - epoch:9/25 iteration:250/459 batch loss is :0.0356
2025-06-26 00:34:35 - INFO - epoch:9/25 iteration:255/459 batch loss is :0.0134
2025-06-26 00:34:57 - INFO - epoch:9/25 iteration:260/459 batch loss is :0.0326
2025-06-26 00:35:18 - INFO - epoch:9/25 iteration:265/459 batch loss is :0.0339
2025-06-26 00:35:40 - INFO - epoch:9/25 iteration:270/459 batch loss is :0.0149
2025-06-26 00:36:01 - INFO - epoch:9/25 iteration:275/459 batch loss is :0.0105
2025-06-26 00:36:22 - INFO - epoch:9/25 iteration:280/459 batch loss is :0.0338
2025-06-26 00:36:44 - INFO - epoch:9/25 iteration:285/459 batch loss is :0.0367
2025-06-26 00:37:06 - INFO - epoch:9/25 iteration:290/459 batch loss is :0.0161
2025-06-26 00:37:27 - INFO - epoch:9/25 iteration:295/459 batch loss is :0.0357
2025-06-26 00:37:48 - INFO - epoch:9/25 iteration:300/459 batch loss is :0.0352
2025-06-26 00:38:10 - INFO - epoch:9/25 iteration:305/459 batch loss is :0.0447
2025-06-26 00:38:31 - INFO - epoch:9/25 iteration:310/459 batch loss is :0.0561
2025-06-26 00:38:53 - INFO - epoch:9/25 iteration:315/459 batch loss is :0.0151
2025-06-26 00:39:14 - INFO - epoch:9/25 iteration:320/459 batch loss is :0.0223
2025-06-26 00:39:36 - INFO - epoch:9/25 iteration:325/459 batch loss is :0.0496
2025-06-26 00:39:57 - INFO - epoch:9/25 iteration:330/459 batch loss is :0.0407
2025-06-26 00:40:18 - INFO - epoch:9/25 iteration:335/459 batch loss is :0.0298
2025-06-26 00:40:40 - INFO - epoch:9/25 iteration:340/459 batch loss is :0.0347
2025-06-26 00:41:01 - INFO - epoch:9/25 iteration:345/459 batch loss is :0.0497
2025-06-26 00:41:23 - INFO - epoch:9/25 iteration:350/459 batch loss is :0.0478
2025-06-26 00:41:44 - INFO - epoch:9/25 iteration:355/459 batch loss is :0.0360
2025-06-26 00:42:05 - INFO - epoch:9/25 iteration:360/459 batch loss is :0.0286
2025-06-26 00:42:27 - INFO - epoch:9/25 iteration:365/459 batch loss is :0.0537
2025-06-26 00:42:48 - INFO - epoch:9/25 iteration:370/459 batch loss is :0.0215
2025-06-26 00:43:10 - INFO - epoch:9/25 iteration:375/459 batch loss is :0.0227
2025-06-26 00:43:31 - INFO - epoch:9/25 iteration:380/459 batch loss is :0.0414
2025-06-26 00:43:53 - INFO - epoch:9/25 iteration:385/459 batch loss is :0.0390
2025-06-26 00:44:15 - INFO - epoch:9/25 iteration:390/459 batch loss is :0.0224
2025-06-26 00:44:36 - INFO - epoch:9/25 iteration:395/459 batch loss is :0.0478
2025-06-26 00:44:58 - INFO - epoch:9/25 iteration:400/459 batch loss is :0.0369
2025-06-26 00:45:19 - INFO - epoch:9/25 iteration:405/459 batch loss is :0.0378
2025-06-26 00:45:40 - INFO - epoch:9/25 iteration:410/459 batch loss is :0.0392
2025-06-26 00:46:02 - INFO - epoch:9/25 iteration:415/459 batch loss is :0.0286
2025-06-26 00:46:23 - INFO - epoch:9/25 iteration:420/459 batch loss is :0.0369
2025-06-26 00:46:45 - INFO - epoch:9/25 iteration:425/459 batch loss is :0.0302
2025-06-26 00:47:06 - INFO - epoch:9/25 iteration:430/459 batch loss is :0.0257
2025-06-26 00:47:27 - INFO - epoch:9/25 iteration:435/459 batch loss is :0.0432
2025-06-26 00:47:48 - INFO - epoch:9/25 iteration:440/459 batch loss is :0.0317
2025-06-26 00:48:09 - INFO - epoch:9/25 iteration:445/459 batch loss is :0.0320
2025-06-26 00:48:30 - INFO - epoch:9/25 iteration:450/459 batch loss is :0.0170
2025-06-26 00:48:51 - INFO - epoch:9/25 iteration:455/459 batch loss is :0.0609
2025-06-26 00:49:06 - INFO - Epoch:9/25 Loss is :0.0341
2025-06-26 00:51:58 - INFO - epoch:10/25 iteration:0/459 batch loss is :0.0258
2025-06-26 00:52:21 - INFO - epoch:10/25 iteration:5/459 batch loss is :0.0184
2025-06-26 00:52:45 - INFO - epoch:10/25 iteration:10/459 batch loss is :0.0502
2025-06-26 00:53:07 - INFO - epoch:10/25 iteration:15/459 batch loss is :0.0398
2025-06-26 00:53:30 - INFO - epoch:10/25 iteration:20/459 batch loss is :0.0261
2025-06-26 00:53:52 - INFO - epoch:10/25 iteration:25/459 batch loss is :0.0143
2025-06-26 00:54:14 - INFO - epoch:10/25 iteration:30/459 batch loss is :0.0191
2025-06-26 00:54:36 - INFO - epoch:10/25 iteration:35/459 batch loss is :0.0274
2025-06-26 00:54:57 - INFO - epoch:10/25 iteration:40/459 batch loss is :0.0274
2025-06-26 00:55:19 - INFO - epoch:10/25 iteration:45/459 batch loss is :0.0413
2025-06-26 00:55:40 - INFO - epoch:10/25 iteration:50/459 batch loss is :0.0387
2025-06-26 00:56:02 - INFO - epoch:10/25 iteration:55/459 batch loss is :0.0337
2025-06-26 00:56:23 - INFO - epoch:10/25 iteration:60/459 batch loss is :0.0436
2025-06-26 00:56:44 - INFO - epoch:10/25 iteration:65/459 batch loss is :0.0886
2025-06-26 00:57:06 - INFO - epoch:10/25 iteration:70/459 batch loss is :0.0309
2025-06-26 00:57:27 - INFO - epoch:10/25 iteration:75/459 batch loss is :0.0202
2025-06-26 00:57:49 - INFO - epoch:10/25 iteration:80/459 batch loss is :0.0285
2025-06-26 00:58:10 - INFO - epoch:10/25 iteration:85/459 batch loss is :0.0414
2025-06-26 00:58:32 - INFO - epoch:10/25 iteration:90/459 batch loss is :0.0134
2025-06-26 00:58:53 - INFO - epoch:10/25 iteration:95/459 batch loss is :0.0256
2025-06-26 00:59:14 - INFO - epoch:10/25 iteration:100/459 batch loss is :0.0425
2025-06-26 00:59:36 - INFO - epoch:10/25 iteration:105/459 batch loss is :0.0334
2025-06-26 00:59:58 - INFO - epoch:10/25 iteration:110/459 batch loss is :0.0235
2025-06-26 01:00:19 - INFO - epoch:10/25 iteration:115/459 batch loss is :0.0160
2025-06-26 01:00:41 - INFO - epoch:10/25 iteration:120/459 batch loss is :0.1250
2025-06-26 01:01:02 - INFO - epoch:10/25 iteration:125/459 batch loss is :0.0222
2025-06-26 01:01:23 - INFO - epoch:10/25 iteration:130/459 batch loss is :0.0421
2025-06-26 01:01:44 - INFO - epoch:10/25 iteration:135/459 batch loss is :0.0207
2025-06-26 01:02:06 - INFO - epoch:10/25 iteration:140/459 batch loss is :0.0205
2025-06-26 01:02:28 - INFO - epoch:10/25 iteration:145/459 batch loss is :0.0227
2025-06-26 01:02:50 - INFO - epoch:10/25 iteration:150/459 batch loss is :0.0259
2025-06-26 01:03:11 - INFO - epoch:10/25 iteration:155/459 batch loss is :0.0929
2025-06-26 01:03:33 - INFO - epoch:10/25 iteration:160/459 batch loss is :0.0491
2025-06-26 01:03:54 - INFO - epoch:10/25 iteration:165/459 batch loss is :0.0338
2025-06-26 01:04:16 - INFO - epoch:10/25 iteration:170/459 batch loss is :0.0323
2025-06-26 01:04:37 - INFO - epoch:10/25 iteration:175/459 batch loss is :0.0250
2025-06-26 01:04:59 - INFO - epoch:10/25 iteration:180/459 batch loss is :0.0315
2025-06-26 01:05:20 - INFO - epoch:10/25 iteration:185/459 batch loss is :0.0213
2025-06-26 01:05:41 - INFO - epoch:10/25 iteration:190/459 batch loss is :0.0491
2025-06-26 01:06:03 - INFO - epoch:10/25 iteration:195/459 batch loss is :0.0371
2025-06-26 01:06:24 - INFO - epoch:10/25 iteration:200/459 batch loss is :0.0478
2025-06-26 01:06:45 - INFO - epoch:10/25 iteration:205/459 batch loss is :0.0368
2025-06-26 01:07:07 - INFO - epoch:10/25 iteration:210/459 batch loss is :0.0158
2025-06-26 01:07:28 - INFO - epoch:10/25 iteration:215/459 batch loss is :0.0174
2025-06-26 01:07:50 - INFO - epoch:10/25 iteration:220/459 batch loss is :0.0344
2025-06-26 01:08:12 - INFO - epoch:10/25 iteration:225/459 batch loss is :0.0198
2025-06-26 01:08:34 - INFO - epoch:10/25 iteration:230/459 batch loss is :0.0391
2025-06-26 01:08:55 - INFO - epoch:10/25 iteration:235/459 batch loss is :0.0364
2025-06-26 01:09:16 - INFO - epoch:10/25 iteration:240/459 batch loss is :0.0489
2025-06-26 01:09:38 - INFO - epoch:10/25 iteration:245/459 batch loss is :0.0483
2025-06-26 01:09:59 - INFO - epoch:10/25 iteration:250/459 batch loss is :0.0237
2025-06-26 01:10:21 - INFO - epoch:10/25 iteration:255/459 batch loss is :0.0303
2025-06-26 01:10:42 - INFO - epoch:10/25 iteration:260/459 batch loss is :0.0372
2025-06-26 01:11:03 - INFO - epoch:10/25 iteration:265/459 batch loss is :0.0275
2025-06-26 01:11:25 - INFO - epoch:10/25 iteration:270/459 batch loss is :0.0345
2025-06-26 01:11:46 - INFO - epoch:10/25 iteration:275/459 batch loss is :0.0442
2025-06-26 01:12:08 - INFO - epoch:10/25 iteration:280/459 batch loss is :0.0370
2025-06-26 01:12:30 - INFO - epoch:10/25 iteration:285/459 batch loss is :0.0337
2025-06-26 01:12:51 - INFO - epoch:10/25 iteration:290/459 batch loss is :0.0207
2025-06-26 01:13:13 - INFO - epoch:10/25 iteration:295/459 batch loss is :0.0336
2025-06-26 01:13:34 - INFO - epoch:10/25 iteration:300/459 batch loss is :0.0249
2025-06-26 01:13:56 - INFO - epoch:10/25 iteration:305/459 batch loss is :0.0352
2025-06-26 01:14:17 - INFO - epoch:10/25 iteration:310/459 batch loss is :0.0258
2025-06-26 01:14:39 - INFO - epoch:10/25 iteration:315/459 batch loss is :0.0395
2025-06-26 01:15:00 - INFO - epoch:10/25 iteration:320/459 batch loss is :0.0301
2025-06-26 01:15:22 - INFO - epoch:10/25 iteration:325/459 batch loss is :0.0358
2025-06-26 01:15:43 - INFO - epoch:10/25 iteration:330/459 batch loss is :0.0305
2025-06-26 01:16:05 - INFO - epoch:10/25 iteration:335/459 batch loss is :0.0159
2025-06-26 01:16:26 - INFO - epoch:10/25 iteration:340/459 batch loss is :0.0205
2025-06-26 01:16:48 - INFO - epoch:10/25 iteration:345/459 batch loss is :0.0378
2025-06-26 01:17:09 - INFO - epoch:10/25 iteration:350/459 batch loss is :0.0290
2025-06-26 01:17:31 - INFO - epoch:10/25 iteration:355/459 batch loss is :0.0291
2025-06-26 01:17:52 - INFO - epoch:10/25 iteration:360/459 batch loss is :0.0309
2025-06-26 01:18:14 - INFO - epoch:10/25 iteration:365/459 batch loss is :0.0245
2025-06-26 01:18:36 - INFO - epoch:10/25 iteration:370/459 batch loss is :0.0367
2025-06-26 01:18:57 - INFO - epoch:10/25 iteration:375/459 batch loss is :0.1163
2025-06-26 01:19:19 - INFO - epoch:10/25 iteration:380/459 batch loss is :0.0239
2025-06-26 01:19:40 - INFO - epoch:10/25 iteration:385/459 batch loss is :0.0352
2025-06-26 01:20:02 - INFO - epoch:10/25 iteration:390/459 batch loss is :0.0117
2025-06-26 01:20:23 - INFO - epoch:10/25 iteration:395/459 batch loss is :0.0356
2025-06-26 01:20:45 - INFO - epoch:10/25 iteration:400/459 batch loss is :0.0596
2025-06-26 01:21:06 - INFO - epoch:10/25 iteration:405/459 batch loss is :0.0290
2025-06-26 01:21:28 - INFO - epoch:10/25 iteration:410/459 batch loss is :0.0330
2025-06-26 01:21:49 - INFO - epoch:10/25 iteration:415/459 batch loss is :0.0331
2025-06-26 01:22:11 - INFO - epoch:10/25 iteration:420/459 batch loss is :0.0088
2025-06-26 01:22:32 - INFO - epoch:10/25 iteration:425/459 batch loss is :0.0324
2025-06-26 01:22:54 - INFO - epoch:10/25 iteration:430/459 batch loss is :0.0297
2025-06-26 01:23:15 - INFO - epoch:10/25 iteration:435/459 batch loss is :0.0404
2025-06-26 01:23:36 - INFO - epoch:10/25 iteration:440/459 batch loss is :0.0809
2025-06-26 01:23:56 - INFO - epoch:10/25 iteration:445/459 batch loss is :0.0333
2025-06-26 01:24:17 - INFO - epoch:10/25 iteration:450/459 batch loss is :0.0592
2025-06-26 01:24:38 - INFO - epoch:10/25 iteration:455/459 batch loss is :0.0157
2025-06-26 01:24:52 - INFO - Epoch:10/25 Loss is :0.0341
2025-06-26 01:34:07 - INFO - VAL loss :0.0320
2025-06-26 01:36:49 - INFO - epoch:11/25 iteration:0/459 batch loss is :0.0211
2025-06-26 01:37:12 - INFO - epoch:11/25 iteration:5/459 batch loss is :0.0159
2025-06-26 01:37:35 - INFO - epoch:11/25 iteration:10/459 batch loss is :0.0297
2025-06-26 01:37:58 - INFO - epoch:11/25 iteration:15/459 batch loss is :0.0181
2025-06-26 01:38:22 - INFO - epoch:11/25 iteration:20/459 batch loss is :0.0185
2025-06-26 01:38:45 - INFO - epoch:11/25 iteration:25/459 batch loss is :0.0262
2025-06-26 01:39:08 - INFO - epoch:11/25 iteration:30/459 batch loss is :0.0296
2025-06-26 01:39:30 - INFO - epoch:11/25 iteration:35/459 batch loss is :0.0240
2025-06-26 01:39:52 - INFO - epoch:11/25 iteration:40/459 batch loss is :0.0279
2025-06-26 01:40:13 - INFO - epoch:11/25 iteration:45/459 batch loss is :0.0410
2025-06-26 01:40:35 - INFO - epoch:11/25 iteration:50/459 batch loss is :0.0433
2025-06-26 01:40:57 - INFO - epoch:11/25 iteration:55/459 batch loss is :0.0447
2025-06-26 01:41:19 - INFO - epoch:11/25 iteration:60/459 batch loss is :0.0236
2025-06-26 01:41:41 - INFO - epoch:11/25 iteration:65/459 batch loss is :0.0381
2025-06-26 01:42:03 - INFO - epoch:11/25 iteration:70/459 batch loss is :0.0414
2025-06-26 01:42:24 - INFO - epoch:11/25 iteration:75/459 batch loss is :0.0261
2025-06-26 01:42:46 - INFO - epoch:11/25 iteration:80/459 batch loss is :0.0317
2025-06-26 01:43:08 - INFO - epoch:11/25 iteration:85/459 batch loss is :0.0390
2025-06-26 01:43:30 - INFO - epoch:11/25 iteration:90/459 batch loss is :0.0303
2025-06-26 01:43:51 - INFO - epoch:11/25 iteration:95/459 batch loss is :0.0249
2025-06-26 01:44:13 - INFO - epoch:11/25 iteration:100/459 batch loss is :0.0382
2025-06-26 01:44:34 - INFO - epoch:11/25 iteration:105/459 batch loss is :0.0487
2025-06-26 01:44:56 - INFO - epoch:11/25 iteration:110/459 batch loss is :0.0225
2025-06-26 01:45:18 - INFO - epoch:11/25 iteration:115/459 batch loss is :0.0165
2025-06-26 01:45:39 - INFO - epoch:11/25 iteration:120/459 batch loss is :0.0216
2025-06-26 01:46:00 - INFO - epoch:11/25 iteration:125/459 batch loss is :0.0278
2025-06-26 01:46:22 - INFO - epoch:11/25 iteration:130/459 batch loss is :0.0501
2025-06-26 01:46:43 - INFO - epoch:11/25 iteration:135/459 batch loss is :0.0301
2025-06-26 01:47:05 - INFO - epoch:11/25 iteration:140/459 batch loss is :0.0182
2025-06-26 01:47:27 - INFO - epoch:11/25 iteration:145/459 batch loss is :0.0340
2025-06-26 01:47:48 - INFO - epoch:11/25 iteration:150/459 batch loss is :0.0293
2025-06-26 01:48:10 - INFO - epoch:11/25 iteration:155/459 batch loss is :0.0428
2025-06-26 01:48:31 - INFO - epoch:11/25 iteration:160/459 batch loss is :0.0241
2025-06-26 01:48:53 - INFO - epoch:11/25 iteration:165/459 batch loss is :0.0578
2025-06-26 01:49:15 - INFO - epoch:11/25 iteration:170/459 batch loss is :0.0279
2025-06-26 01:49:36 - INFO - epoch:11/25 iteration:175/459 batch loss is :0.0236
2025-06-26 01:49:58 - INFO - epoch:11/25 iteration:180/459 batch loss is :0.0274
2025-06-26 01:50:19 - INFO - epoch:11/25 iteration:185/459 batch loss is :0.0238
2025-06-26 01:50:41 - INFO - epoch:11/25 iteration:190/459 batch loss is :0.0255
2025-06-26 01:51:02 - INFO - epoch:11/25 iteration:195/459 batch loss is :0.0323
2025-06-26 01:51:24 - INFO - epoch:11/25 iteration:200/459 batch loss is :0.0290
2025-06-26 01:51:45 - INFO - epoch:11/25 iteration:205/459 batch loss is :0.0357
2025-06-26 01:52:07 - INFO - epoch:11/25 iteration:210/459 batch loss is :0.0268
2025-06-26 01:52:28 - INFO - epoch:11/25 iteration:215/459 batch loss is :0.0242
2025-06-26 01:52:50 - INFO - epoch:11/25 iteration:220/459 batch loss is :0.0316
2025-06-26 01:53:12 - INFO - epoch:11/25 iteration:225/459 batch loss is :0.0262
2025-06-26 01:53:33 - INFO - epoch:11/25 iteration:230/459 batch loss is :0.0460
2025-06-26 01:53:55 - INFO - epoch:11/25 iteration:235/459 batch loss is :0.0573
2025-06-26 01:54:17 - INFO - epoch:11/25 iteration:240/459 batch loss is :0.0170
2025-06-26 01:54:38 - INFO - epoch:11/25 iteration:245/459 batch loss is :0.0698
2025-06-26 01:55:00 - INFO - epoch:11/25 iteration:250/459 batch loss is :0.0261
2025-06-26 01:55:21 - INFO - epoch:11/25 iteration:255/459 batch loss is :0.0326
2025-06-26 01:55:43 - INFO - epoch:11/25 iteration:260/459 batch loss is :0.0572
2025-06-26 01:56:04 - INFO - epoch:11/25 iteration:265/459 batch loss is :0.0320
2025-06-26 01:56:26 - INFO - epoch:11/25 iteration:270/459 batch loss is :0.0367
2025-06-26 01:56:47 - INFO - epoch:11/25 iteration:275/459 batch loss is :0.0261
2025-06-26 01:57:09 - INFO - epoch:11/25 iteration:280/459 batch loss is :0.0176
2025-06-26 01:57:30 - INFO - epoch:11/25 iteration:285/459 batch loss is :0.0284
2025-06-26 01:57:52 - INFO - epoch:11/25 iteration:290/459 batch loss is :0.0188
2025-06-26 01:58:13 - INFO - epoch:11/25 iteration:295/459 batch loss is :0.0220
2025-06-26 01:58:35 - INFO - epoch:11/25 iteration:300/459 batch loss is :0.0180
2025-06-26 01:58:59 - INFO - epoch:11/25 iteration:305/459 batch loss is :0.0169
2025-06-26 01:59:22 - INFO - epoch:11/25 iteration:310/459 batch loss is :0.0234
2025-06-26 01:59:43 - INFO - epoch:11/25 iteration:315/459 batch loss is :0.0455
2025-06-26 02:00:06 - INFO - epoch:11/25 iteration:320/459 batch loss is :0.0474
2025-06-26 02:00:27 - INFO - epoch:11/25 iteration:325/459 batch loss is :0.0291
2025-06-26 02:00:49 - INFO - epoch:11/25 iteration:330/459 batch loss is :0.0157
2025-06-26 02:01:10 - INFO - epoch:11/25 iteration:335/459 batch loss is :0.0204
2025-06-26 02:01:32 - INFO - epoch:11/25 iteration:340/459 batch loss is :0.0316
2025-06-26 02:01:53 - INFO - epoch:11/25 iteration:345/459 batch loss is :0.0262
2025-06-26 02:02:14 - INFO - epoch:11/25 iteration:350/459 batch loss is :0.0534
2025-06-26 02:02:35 - INFO - epoch:11/25 iteration:355/459 batch loss is :0.0394
2025-06-26 02:02:57 - INFO - epoch:11/25 iteration:360/459 batch loss is :0.0250
2025-06-26 02:03:18 - INFO - epoch:11/25 iteration:365/459 batch loss is :0.0354
2025-06-26 02:03:40 - INFO - epoch:11/25 iteration:370/459 batch loss is :0.0226
2025-06-26 02:04:02 - INFO - epoch:11/25 iteration:375/459 batch loss is :0.0184
2025-06-26 02:04:23 - INFO - epoch:11/25 iteration:380/459 batch loss is :0.0640
2025-06-26 02:04:45 - INFO - epoch:11/25 iteration:385/459 batch loss is :0.0394
2025-06-26 02:05:07 - INFO - epoch:11/25 iteration:390/459 batch loss is :0.0200
2025-06-26 02:05:28 - INFO - epoch:11/25 iteration:395/459 batch loss is :0.0115
2025-06-26 02:05:50 - INFO - epoch:11/25 iteration:400/459 batch loss is :0.0196
2025-06-26 02:06:11 - INFO - epoch:11/25 iteration:405/459 batch loss is :0.0401
2025-06-26 02:06:33 - INFO - epoch:11/25 iteration:410/459 batch loss is :0.0448
2025-06-26 02:06:54 - INFO - epoch:11/25 iteration:415/459 batch loss is :0.0447
2025-06-26 02:07:16 - INFO - epoch:11/25 iteration:420/459 batch loss is :0.0204
2025-06-26 02:07:37 - INFO - epoch:11/25 iteration:425/459 batch loss is :0.0246
2025-06-26 02:07:58 - INFO - epoch:11/25 iteration:430/459 batch loss is :0.0474
2025-06-26 02:08:19 - INFO - epoch:11/25 iteration:435/459 batch loss is :0.0370
2025-06-26 02:08:40 - INFO - epoch:11/25 iteration:440/459 batch loss is :0.0191
2025-06-26 02:09:01 - INFO - epoch:11/25 iteration:445/459 batch loss is :0.0207
2025-06-26 02:09:22 - INFO - epoch:11/25 iteration:450/459 batch loss is :0.0294
2025-06-26 02:09:43 - INFO - epoch:11/25 iteration:455/459 batch loss is :0.0665
2025-06-26 02:09:57 - INFO - Epoch:11/25 Loss is :0.0338
2025-06-26 02:12:50 - INFO - epoch:12/25 iteration:0/459 batch loss is :0.0157
2025-06-26 02:13:13 - INFO - epoch:12/25 iteration:5/459 batch loss is :0.0161
2025-06-26 02:13:37 - INFO - epoch:12/25 iteration:10/459 batch loss is :0.0248
2025-06-26 02:14:00 - INFO - epoch:12/25 iteration:15/459 batch loss is :0.0384
2025-06-26 02:14:22 - INFO - epoch:12/25 iteration:20/459 batch loss is :0.0341
2025-06-26 02:14:45 - INFO - epoch:12/25 iteration:25/459 batch loss is :0.0398
2025-06-26 02:15:06 - INFO - epoch:12/25 iteration:30/459 batch loss is :0.0342
2025-06-26 02:15:28 - INFO - epoch:12/25 iteration:35/459 batch loss is :0.0354
2025-06-26 02:15:49 - INFO - epoch:12/25 iteration:40/459 batch loss is :0.0227
2025-06-26 02:16:11 - INFO - epoch:12/25 iteration:45/459 batch loss is :0.0327
2025-06-26 02:16:32 - INFO - epoch:12/25 iteration:50/459 batch loss is :0.0192
2025-06-26 02:16:54 - INFO - epoch:12/25 iteration:55/459 batch loss is :0.0312
2025-06-26 02:17:16 - INFO - epoch:12/25 iteration:60/459 batch loss is :0.0229
2025-06-26 02:17:37 - INFO - epoch:12/25 iteration:65/459 batch loss is :0.0376
2025-06-26 02:17:58 - INFO - epoch:12/25 iteration:70/459 batch loss is :0.0312
2025-06-26 02:18:20 - INFO - epoch:12/25 iteration:75/459 batch loss is :0.0806
2025-06-26 02:18:42 - INFO - epoch:12/25 iteration:80/459 batch loss is :0.0403
2025-06-26 02:19:03 - INFO - epoch:12/25 iteration:85/459 batch loss is :0.0267
2025-06-26 02:19:25 - INFO - epoch:12/25 iteration:90/459 batch loss is :0.0303
2025-06-26 02:19:46 - INFO - epoch:12/25 iteration:95/459 batch loss is :0.0273
2025-06-26 02:20:08 - INFO - epoch:12/25 iteration:100/459 batch loss is :0.0205
2025-06-26 02:20:29 - INFO - epoch:12/25 iteration:105/459 batch loss is :0.0245
2025-06-26 02:20:51 - INFO - epoch:12/25 iteration:110/459 batch loss is :0.0248
2025-06-26 02:21:12 - INFO - epoch:12/25 iteration:115/459 batch loss is :0.0847
2025-06-26 02:21:34 - INFO - epoch:12/25 iteration:120/459 batch loss is :0.1160
2025-06-26 02:21:55 - INFO - epoch:12/25 iteration:125/459 batch loss is :0.0241
2025-06-26 02:22:17 - INFO - epoch:12/25 iteration:130/459 batch loss is :0.0273
2025-06-26 02:22:39 - INFO - epoch:12/25 iteration:135/459 batch loss is :0.0311
2025-06-26 02:23:00 - INFO - epoch:12/25 iteration:140/459 batch loss is :0.0521
2025-06-26 02:23:22 - INFO - epoch:12/25 iteration:145/459 batch loss is :0.0186
2025-06-26 02:23:44 - INFO - epoch:12/25 iteration:150/459 batch loss is :0.0331
2025-06-26 02:24:05 - INFO - epoch:12/25 iteration:155/459 batch loss is :0.0217
2025-06-26 02:24:26 - INFO - epoch:12/25 iteration:160/459 batch loss is :0.0361
2025-06-26 02:24:48 - INFO - epoch:12/25 iteration:165/459 batch loss is :0.0377
2025-06-26 02:25:09 - INFO - epoch:12/25 iteration:170/459 batch loss is :0.0199
2025-06-26 02:25:31 - INFO - epoch:12/25 iteration:175/459 batch loss is :0.0180
2025-06-26 02:25:52 - INFO - epoch:12/25 iteration:180/459 batch loss is :0.0162
2025-06-26 02:26:14 - INFO - epoch:12/25 iteration:185/459 batch loss is :0.0192
2025-06-26 02:26:35 - INFO - epoch:12/25 iteration:190/459 batch loss is :0.0213
2025-06-26 02:26:57 - INFO - epoch:12/25 iteration:195/459 batch loss is :0.0307
2025-06-26 02:27:18 - INFO - epoch:12/25 iteration:200/459 batch loss is :0.0358
2025-06-26 02:27:40 - INFO - epoch:12/25 iteration:205/459 batch loss is :0.0511
2025-06-26 02:28:01 - INFO - epoch:12/25 iteration:210/459 batch loss is :0.0239
2025-06-26 02:28:23 - INFO - epoch:12/25 iteration:215/459 batch loss is :0.0236
2025-06-26 02:28:45 - INFO - epoch:12/25 iteration:220/459 batch loss is :0.0397
2025-06-26 02:29:07 - INFO - epoch:12/25 iteration:225/459 batch loss is :0.0378
2025-06-26 02:29:28 - INFO - epoch:12/25 iteration:230/459 batch loss is :0.0239
2025-06-26 02:29:50 - INFO - epoch:12/25 iteration:235/459 batch loss is :0.0507
2025-06-26 02:30:11 - INFO - epoch:12/25 iteration:240/459 batch loss is :0.0419
2025-06-26 02:30:33 - INFO - epoch:12/25 iteration:245/459 batch loss is :0.0214
2025-06-26 02:30:55 - INFO - epoch:12/25 iteration:250/459 batch loss is :0.0165
2025-06-26 02:31:16 - INFO - epoch:12/25 iteration:255/459 batch loss is :0.0329
2025-06-26 02:31:37 - INFO - epoch:12/25 iteration:260/459 batch loss is :0.0293
2025-06-26 02:31:59 - INFO - epoch:12/25 iteration:265/459 batch loss is :0.0379
2025-06-26 02:32:21 - INFO - epoch:12/25 iteration:270/459 batch loss is :0.0231
2025-06-26 02:32:42 - INFO - epoch:12/25 iteration:275/459 batch loss is :0.0299
2025-06-26 02:33:04 - INFO - epoch:12/25 iteration:280/459 batch loss is :0.0326
2025-06-26 02:33:25 - INFO - epoch:12/25 iteration:285/459 batch loss is :0.0175
2025-06-26 02:33:46 - INFO - epoch:12/25 iteration:290/459 batch loss is :0.0164
2025-06-26 02:34:08 - INFO - epoch:12/25 iteration:295/459 batch loss is :0.0158
2025-06-26 02:34:29 - INFO - epoch:12/25 iteration:300/459 batch loss is :0.0363
2025-06-26 02:34:51 - INFO - epoch:12/25 iteration:305/459 batch loss is :0.0304
2025-06-26 02:35:12 - INFO - epoch:12/25 iteration:310/459 batch loss is :0.0331
2025-06-26 02:35:34 - INFO - epoch:12/25 iteration:315/459 batch loss is :0.0405
2025-06-26 02:35:56 - INFO - epoch:12/25 iteration:320/459 batch loss is :0.0241
2025-06-26 02:36:17 - INFO - epoch:12/25 iteration:325/459 batch loss is :0.0279
2025-06-26 02:36:39 - INFO - epoch:12/25 iteration:330/459 batch loss is :0.0615
2025-06-26 02:37:01 - INFO - epoch:12/25 iteration:335/459 batch loss is :0.0293
2025-06-26 02:37:22 - INFO - epoch:12/25 iteration:340/459 batch loss is :0.0370
2025-06-26 02:37:44 - INFO - epoch:12/25 iteration:345/459 batch loss is :0.0505
2025-06-26 02:38:06 - INFO - epoch:12/25 iteration:350/459 batch loss is :0.0462
2025-06-26 02:38:27 - INFO - epoch:12/25 iteration:355/459 batch loss is :0.0868
2025-06-26 02:38:49 - INFO - epoch:12/25 iteration:360/459 batch loss is :0.0642
2025-06-26 02:39:10 - INFO - epoch:12/25 iteration:365/459 batch loss is :0.0559
2025-06-26 02:39:32 - INFO - epoch:12/25 iteration:370/459 batch loss is :0.0295
2025-06-26 02:39:54 - INFO - epoch:12/25 iteration:375/459 batch loss is :0.0222
2025-06-26 02:40:15 - INFO - epoch:12/25 iteration:380/459 batch loss is :0.0327
2025-06-26 02:40:37 - INFO - epoch:12/25 iteration:385/459 batch loss is :0.0381
2025-06-26 02:40:59 - INFO - epoch:12/25 iteration:390/459 batch loss is :0.0261
2025-06-26 02:41:20 - INFO - epoch:12/25 iteration:395/459 batch loss is :0.0276
2025-06-26 02:41:42 - INFO - epoch:12/25 iteration:400/459 batch loss is :0.0216
2025-06-26 02:42:03 - INFO - epoch:12/25 iteration:405/459 batch loss is :0.0128
2025-06-26 02:42:25 - INFO - epoch:12/25 iteration:410/459 batch loss is :0.0537
2025-06-26 02:42:47 - INFO - epoch:12/25 iteration:415/459 batch loss is :0.0123
2025-06-26 02:43:08 - INFO - epoch:12/25 iteration:420/459 batch loss is :0.0665
2025-06-26 02:43:30 - INFO - epoch:12/25 iteration:425/459 batch loss is :0.0320
2025-06-26 02:43:51 - INFO - epoch:12/25 iteration:430/459 batch loss is :0.0174
2025-06-26 02:44:12 - INFO - epoch:12/25 iteration:435/459 batch loss is :0.0482
2025-06-26 02:44:33 - INFO - epoch:12/25 iteration:440/459 batch loss is :0.0296
2025-06-26 02:44:54 - INFO - epoch:12/25 iteration:445/459 batch loss is :0.0245
2025-06-26 02:45:15 - INFO - epoch:12/25 iteration:450/459 batch loss is :0.0368
2025-06-26 02:45:35 - INFO - epoch:12/25 iteration:455/459 batch loss is :0.0301
2025-06-26 02:45:50 - INFO - Epoch:12/25 Loss is :0.0337
2025-06-26 02:48:41 - INFO - epoch:13/25 iteration:0/459 batch loss is :0.0345
2025-06-26 02:49:05 - INFO - epoch:13/25 iteration:5/459 batch loss is :0.0230
2025-06-26 02:49:28 - INFO - epoch:13/25 iteration:10/459 batch loss is :0.0309
2025-06-26 02:49:51 - INFO - epoch:13/25 iteration:15/459 batch loss is :0.0485
2025-06-26 02:50:14 - INFO - epoch:13/25 iteration:20/459 batch loss is :0.0545
2025-06-26 02:50:36 - INFO - epoch:13/25 iteration:25/459 batch loss is :0.0253
2025-06-26 02:50:58 - INFO - epoch:13/25 iteration:30/459 batch loss is :0.0183
2025-06-26 02:51:19 - INFO - epoch:13/25 iteration:35/459 batch loss is :0.0529
2025-06-26 02:51:40 - INFO - epoch:13/25 iteration:40/459 batch loss is :0.0512
2025-06-26 02:52:02 - INFO - epoch:13/25 iteration:45/459 batch loss is :0.0383
2025-06-26 02:52:23 - INFO - epoch:13/25 iteration:50/459 batch loss is :0.0167
2025-06-26 02:52:45 - INFO - epoch:13/25 iteration:55/459 batch loss is :0.0299
2025-06-26 02:53:07 - INFO - epoch:13/25 iteration:60/459 batch loss is :0.0293
2025-06-26 02:53:28 - INFO - epoch:13/25 iteration:65/459 batch loss is :0.0498
2025-06-26 02:53:50 - INFO - epoch:13/25 iteration:70/459 batch loss is :0.0581
2025-06-26 02:54:11 - INFO - epoch:13/25 iteration:75/459 batch loss is :0.0361
2025-06-26 02:54:33 - INFO - epoch:13/25 iteration:80/459 batch loss is :0.0288
2025-06-26 02:54:54 - INFO - epoch:13/25 iteration:85/459 batch loss is :0.0311
2025-06-26 02:55:16 - INFO - epoch:13/25 iteration:90/459 batch loss is :0.0373
2025-06-26 02:55:37 - INFO - epoch:13/25 iteration:95/459 batch loss is :0.1404
2025-06-26 02:55:59 - INFO - epoch:13/25 iteration:100/459 batch loss is :0.0167
2025-06-26 02:56:20 - INFO - epoch:13/25 iteration:105/459 batch loss is :0.0529
2025-06-26 02:56:41 - INFO - epoch:13/25 iteration:110/459 batch loss is :0.0278
2025-06-26 02:57:03 - INFO - epoch:13/25 iteration:115/459 batch loss is :0.0465
2025-06-26 02:57:25 - INFO - epoch:13/25 iteration:120/459 batch loss is :0.0252
2025-06-26 02:57:46 - INFO - epoch:13/25 iteration:125/459 batch loss is :0.0228
2025-06-26 02:58:08 - INFO - epoch:13/25 iteration:130/459 batch loss is :0.0392
2025-06-26 02:58:29 - INFO - epoch:13/25 iteration:135/459 batch loss is :0.0227
2025-06-26 02:58:51 - INFO - epoch:13/25 iteration:140/459 batch loss is :0.0204
2025-06-26 02:59:12 - INFO - epoch:13/25 iteration:145/459 batch loss is :0.0308
2025-06-26 02:59:33 - INFO - epoch:13/25 iteration:150/459 batch loss is :0.0336
2025-06-26 02:59:54 - INFO - epoch:13/25 iteration:155/459 batch loss is :0.0604
2025-06-26 03:00:16 - INFO - epoch:13/25 iteration:160/459 batch loss is :0.1015
2025-06-26 03:00:37 - INFO - epoch:13/25 iteration:165/459 batch loss is :0.0201
2025-06-26 03:00:59 - INFO - epoch:13/25 iteration:170/459 batch loss is :0.0417
2025-06-26 03:01:21 - INFO - epoch:13/25 iteration:175/459 batch loss is :0.0364
2025-06-26 03:01:42 - INFO - epoch:13/25 iteration:180/459 batch loss is :0.0230
2025-06-26 03:02:04 - INFO - epoch:13/25 iteration:185/459 batch loss is :0.0244
2025-06-26 03:02:26 - INFO - epoch:13/25 iteration:190/459 batch loss is :0.0369
2025-06-26 03:02:47 - INFO - epoch:13/25 iteration:195/459 batch loss is :0.0422
2025-06-26 03:03:09 - INFO - epoch:13/25 iteration:200/459 batch loss is :0.0640
2025-06-26 03:03:30 - INFO - epoch:13/25 iteration:205/459 batch loss is :0.0388
2025-06-26 03:03:52 - INFO - epoch:13/25 iteration:210/459 batch loss is :0.0442
2025-06-26 03:04:13 - INFO - epoch:13/25 iteration:215/459 batch loss is :0.0192
2025-06-26 03:04:35 - INFO - epoch:13/25 iteration:220/459 batch loss is :0.0294
2025-06-26 03:04:57 - INFO - epoch:13/25 iteration:225/459 batch loss is :0.0297
2025-06-26 03:05:19 - INFO - epoch:13/25 iteration:230/459 batch loss is :0.0164
2025-06-26 03:05:40 - INFO - epoch:13/25 iteration:235/459 batch loss is :0.0383
2025-06-26 03:06:01 - INFO - epoch:13/25 iteration:240/459 batch loss is :0.0370
2025-06-26 03:06:23 - INFO - epoch:13/25 iteration:245/459 batch loss is :0.0331
2025-06-26 03:06:44 - INFO - epoch:13/25 iteration:250/459 batch loss is :0.0449
2025-06-26 03:07:06 - INFO - epoch:13/25 iteration:255/459 batch loss is :0.0683
2025-06-26 03:07:27 - INFO - epoch:13/25 iteration:260/459 batch loss is :0.0176
2025-06-26 03:07:49 - INFO - epoch:13/25 iteration:265/459 batch loss is :0.0282
2025-06-26 03:08:10 - INFO - epoch:13/25 iteration:270/459 batch loss is :0.0312
2025-06-26 03:08:32 - INFO - epoch:13/25 iteration:275/459 batch loss is :0.0221
2025-06-26 03:08:54 - INFO - epoch:13/25 iteration:280/459 batch loss is :0.0267
2025-06-26 03:09:15 - INFO - epoch:13/25 iteration:285/459 batch loss is :0.0219
2025-06-26 03:09:37 - INFO - epoch:13/25 iteration:290/459 batch loss is :0.0204
2025-06-26 03:09:58 - INFO - epoch:13/25 iteration:295/459 batch loss is :0.0416
2025-06-26 03:10:20 - INFO - epoch:13/25 iteration:300/459 batch loss is :0.0403
2025-06-26 03:10:41 - INFO - epoch:13/25 iteration:305/459 batch loss is :0.0228
2025-06-26 03:11:03 - INFO - epoch:13/25 iteration:310/459 batch loss is :0.0260
2025-06-26 03:11:25 - INFO - epoch:13/25 iteration:315/459 batch loss is :0.0288
2025-06-26 03:11:46 - INFO - epoch:13/25 iteration:320/459 batch loss is :0.0237
2025-06-26 03:12:08 - INFO - epoch:13/25 iteration:325/459 batch loss is :0.1170
2025-06-26 03:12:30 - INFO - epoch:13/25 iteration:330/459 batch loss is :0.0309
2025-06-26 03:12:51 - INFO - epoch:13/25 iteration:335/459 batch loss is :0.0237
2025-06-26 03:13:13 - INFO - epoch:13/25 iteration:340/459 batch loss is :0.0328
2025-06-26 03:13:34 - INFO - epoch:13/25 iteration:345/459 batch loss is :0.0198
2025-06-26 03:13:56 - INFO - epoch:13/25 iteration:350/459 batch loss is :0.0180
2025-06-26 03:14:17 - INFO - epoch:13/25 iteration:355/459 batch loss is :0.0525
2025-06-26 03:14:40 - INFO - epoch:13/25 iteration:360/459 batch loss is :0.0822
2025-06-26 03:15:01 - INFO - epoch:13/25 iteration:365/459 batch loss is :0.0215
2025-06-26 03:15:23 - INFO - epoch:13/25 iteration:370/459 batch loss is :0.0198
2025-06-26 03:15:44 - INFO - epoch:13/25 iteration:375/459 batch loss is :0.0345
2025-06-26 03:16:06 - INFO - epoch:13/25 iteration:380/459 batch loss is :0.0289
2025-06-26 03:16:28 - INFO - epoch:13/25 iteration:385/459 batch loss is :0.0496
2025-06-26 03:16:50 - INFO - epoch:13/25 iteration:390/459 batch loss is :0.0332
2025-06-26 03:17:11 - INFO - epoch:13/25 iteration:395/459 batch loss is :0.0125
2025-06-26 03:17:33 - INFO - epoch:13/25 iteration:400/459 batch loss is :0.0666
2025-06-26 03:17:54 - INFO - epoch:13/25 iteration:405/459 batch loss is :0.0488
2025-06-26 03:18:16 - INFO - epoch:13/25 iteration:410/459 batch loss is :0.0388
2025-06-26 03:18:37 - INFO - epoch:13/25 iteration:415/459 batch loss is :0.0666
2025-06-26 03:19:00 - INFO - epoch:13/25 iteration:420/459 batch loss is :0.0340
2025-06-26 03:19:21 - INFO - epoch:13/25 iteration:425/459 batch loss is :0.0337
2025-06-26 03:19:43 - INFO - epoch:13/25 iteration:430/459 batch loss is :0.0241
2025-06-26 03:20:04 - INFO - epoch:13/25 iteration:435/459 batch loss is :0.0553
2025-06-26 03:20:25 - INFO - epoch:13/25 iteration:440/459 batch loss is :0.0544
2025-06-26 03:20:45 - INFO - epoch:13/25 iteration:445/459 batch loss is :0.0247
2025-06-26 03:21:06 - INFO - epoch:13/25 iteration:450/459 batch loss is :0.0338
2025-06-26 03:21:27 - INFO - epoch:13/25 iteration:455/459 batch loss is :0.0385
2025-06-26 03:21:41 - INFO - Epoch:13/25 Loss is :0.0337
2025-06-26 03:24:44 - INFO - epoch:14/25 iteration:0/459 batch loss is :0.0225
2025-06-26 03:25:07 - INFO - epoch:14/25 iteration:5/459 batch loss is :0.0171
2025-06-26 03:25:31 - INFO - epoch:14/25 iteration:10/459 batch loss is :0.0690
2025-06-26 03:25:54 - INFO - epoch:14/25 iteration:15/459 batch loss is :0.0239
2025-06-26 03:26:17 - INFO - epoch:14/25 iteration:20/459 batch loss is :0.0270
2025-06-26 03:26:39 - INFO - epoch:14/25 iteration:25/459 batch loss is :0.0139
2025-06-26 03:27:01 - INFO - epoch:14/25 iteration:30/459 batch loss is :0.0467
2025-06-26 03:27:23 - INFO - epoch:14/25 iteration:35/459 batch loss is :0.0280
2025-06-26 03:27:45 - INFO - epoch:14/25 iteration:40/459 batch loss is :0.0204
2025-06-26 03:28:06 - INFO - epoch:14/25 iteration:45/459 batch loss is :0.0288
2025-06-26 03:28:28 - INFO - epoch:14/25 iteration:50/459 batch loss is :0.0286
2025-06-26 03:28:49 - INFO - epoch:14/25 iteration:55/459 batch loss is :0.0272
2025-06-26 03:29:11 - INFO - epoch:14/25 iteration:60/459 batch loss is :0.0251
2025-06-26 03:29:33 - INFO - epoch:14/25 iteration:65/459 batch loss is :0.0341
2025-06-26 03:29:54 - INFO - epoch:14/25 iteration:70/459 batch loss is :0.0218
2025-06-26 03:30:16 - INFO - epoch:14/25 iteration:75/459 batch loss is :0.0399
2025-06-26 03:30:37 - INFO - epoch:14/25 iteration:80/459 batch loss is :0.0200
2025-06-26 03:30:59 - INFO - epoch:14/25 iteration:85/459 batch loss is :0.0173
2025-06-26 03:31:20 - INFO - epoch:14/25 iteration:90/459 batch loss is :0.0347
2025-06-26 03:31:42 - INFO - epoch:14/25 iteration:95/459 batch loss is :0.0248
2025-06-26 03:32:03 - INFO - epoch:14/25 iteration:100/459 batch loss is :0.0183
2025-06-26 03:32:25 - INFO - epoch:14/25 iteration:105/459 batch loss is :0.0564
2025-06-26 03:32:47 - INFO - epoch:14/25 iteration:110/459 batch loss is :0.0261
2025-06-26 03:33:08 - INFO - epoch:14/25 iteration:115/459 batch loss is :0.0424
2025-06-26 03:33:30 - INFO - epoch:14/25 iteration:120/459 batch loss is :0.0277
2025-06-26 03:33:52 - INFO - epoch:14/25 iteration:125/459 batch loss is :0.0377
2025-06-26 03:34:13 - INFO - epoch:14/25 iteration:130/459 batch loss is :0.0205
2025-06-26 03:34:35 - INFO - epoch:14/25 iteration:135/459 batch loss is :0.0453
2025-06-26 03:34:56 - INFO - epoch:14/25 iteration:140/459 batch loss is :0.0253
2025-06-26 03:35:18 - INFO - epoch:14/25 iteration:145/459 batch loss is :0.0182
2025-06-26 03:35:39 - INFO - epoch:14/25 iteration:150/459 batch loss is :0.0588
2025-06-26 03:36:01 - INFO - epoch:14/25 iteration:155/459 batch loss is :0.0359
2025-06-26 03:36:22 - INFO - epoch:14/25 iteration:160/459 batch loss is :0.0334
2025-06-26 03:36:44 - INFO - epoch:14/25 iteration:165/459 batch loss is :0.0323
2025-06-26 03:37:05 - INFO - epoch:14/25 iteration:170/459 batch loss is :0.0368
2025-06-26 03:37:27 - INFO - epoch:14/25 iteration:175/459 batch loss is :0.0254
2025-06-26 03:37:49 - INFO - epoch:14/25 iteration:180/459 batch loss is :0.0367
2025-06-26 03:38:10 - INFO - epoch:14/25 iteration:185/459 batch loss is :0.0417
2025-06-26 03:38:32 - INFO - epoch:14/25 iteration:190/459 batch loss is :0.0113
2025-06-26 03:38:54 - INFO - epoch:14/25 iteration:195/459 batch loss is :0.0261
2025-06-26 03:39:15 - INFO - epoch:14/25 iteration:200/459 batch loss is :0.0253
2025-06-26 03:39:36 - INFO - epoch:14/25 iteration:205/459 batch loss is :0.0141
2025-06-26 03:39:58 - INFO - epoch:14/25 iteration:210/459 batch loss is :0.0384
2025-06-26 03:40:19 - INFO - epoch:14/25 iteration:215/459 batch loss is :0.0459
2025-06-26 03:40:41 - INFO - epoch:14/25 iteration:220/459 batch loss is :0.0436
2025-06-26 03:41:03 - INFO - epoch:14/25 iteration:225/459 batch loss is :0.0309
2025-06-26 03:41:24 - INFO - epoch:14/25 iteration:230/459 batch loss is :0.0353
2025-06-26 03:41:45 - INFO - epoch:14/25 iteration:235/459 batch loss is :0.0239
2025-06-26 03:42:07 - INFO - epoch:14/25 iteration:240/459 batch loss is :0.0216
2025-06-26 03:42:30 - INFO - epoch:14/25 iteration:245/459 batch loss is :0.0293
2025-06-26 03:42:51 - INFO - epoch:14/25 iteration:250/459 batch loss is :0.0261
2025-06-26 03:43:13 - INFO - epoch:14/25 iteration:255/459 batch loss is :0.0339
2025-06-26 03:43:35 - INFO - epoch:14/25 iteration:260/459 batch loss is :0.0422
2025-06-26 03:43:57 - INFO - epoch:14/25 iteration:265/459 batch loss is :0.0348
2025-06-26 03:44:19 - INFO - epoch:14/25 iteration:270/459 batch loss is :0.0358
2025-06-26 03:44:40 - INFO - epoch:14/25 iteration:275/459 batch loss is :0.0285
2025-06-26 03:45:02 - INFO - epoch:14/25 iteration:280/459 batch loss is :0.0417
2025-06-26 03:45:23 - INFO - epoch:14/25 iteration:285/459 batch loss is :0.0461
2025-06-26 03:45:45 - INFO - epoch:14/25 iteration:290/459 batch loss is :0.0383
2025-06-26 03:46:07 - INFO - epoch:14/25 iteration:295/459 batch loss is :0.0343
2025-06-26 03:46:28 - INFO - epoch:14/25 iteration:300/459 batch loss is :0.0213
2025-06-26 03:46:49 - INFO - epoch:14/25 iteration:305/459 batch loss is :0.0643
2025-06-26 03:47:11 - INFO - epoch:14/25 iteration:310/459 batch loss is :0.0335
2025-06-26 03:47:33 - INFO - epoch:14/25 iteration:315/459 batch loss is :0.0243
2025-06-26 03:47:54 - INFO - epoch:14/25 iteration:320/459 batch loss is :0.0615
2025-06-26 03:48:16 - INFO - epoch:14/25 iteration:325/459 batch loss is :0.0342
2025-06-26 03:48:38 - INFO - epoch:14/25 iteration:330/459 batch loss is :0.0209
2025-06-26 03:48:59 - INFO - epoch:14/25 iteration:335/459 batch loss is :0.0402
2025-06-26 03:49:21 - INFO - epoch:14/25 iteration:340/459 batch loss is :0.0265
2025-06-26 03:49:42 - INFO - epoch:14/25 iteration:345/459 batch loss is :0.0235
2025-06-26 03:50:04 - INFO - epoch:14/25 iteration:350/459 batch loss is :0.0381
2025-06-26 03:50:26 - INFO - epoch:14/25 iteration:355/459 batch loss is :0.0206
2025-06-26 03:50:48 - INFO - epoch:14/25 iteration:360/459 batch loss is :0.0205
2025-06-26 03:51:09 - INFO - epoch:14/25 iteration:365/459 batch loss is :0.0133
2025-06-26 03:51:31 - INFO - epoch:14/25 iteration:370/459 batch loss is :0.0117
2025-06-26 03:51:53 - INFO - epoch:14/25 iteration:375/459 batch loss is :0.0233
2025-06-26 03:52:14 - INFO - epoch:14/25 iteration:380/459 batch loss is :0.0154
2025-06-26 03:52:36 - INFO - epoch:14/25 iteration:385/459 batch loss is :0.0252
2025-06-26 03:52:57 - INFO - epoch:14/25 iteration:390/459 batch loss is :0.0274
2025-06-26 03:53:19 - INFO - epoch:14/25 iteration:395/459 batch loss is :0.1206
2025-06-26 03:53:40 - INFO - epoch:14/25 iteration:400/459 batch loss is :0.0351
2025-06-26 03:54:02 - INFO - epoch:14/25 iteration:405/459 batch loss is :0.0298
2025-06-26 03:54:24 - INFO - epoch:14/25 iteration:410/459 batch loss is :0.0304
2025-06-26 03:54:45 - INFO - epoch:14/25 iteration:415/459 batch loss is :0.0177
2025-06-26 03:55:06 - INFO - epoch:14/25 iteration:420/459 batch loss is :0.0544
2025-06-26 03:55:28 - INFO - epoch:14/25 iteration:425/459 batch loss is :0.0842
2025-06-26 03:55:49 - INFO - epoch:14/25 iteration:430/459 batch loss is :0.0296
2025-06-26 03:56:10 - INFO - epoch:14/25 iteration:435/459 batch loss is :0.0476
2025-06-26 03:56:31 - INFO - epoch:14/25 iteration:440/459 batch loss is :0.0208
2025-06-26 03:56:52 - INFO - epoch:14/25 iteration:445/459 batch loss is :0.0175
2025-06-26 03:57:13 - INFO - epoch:14/25 iteration:450/459 batch loss is :0.0373
2025-06-26 03:57:34 - INFO - epoch:14/25 iteration:455/459 batch loss is :0.0331
2025-06-26 03:57:49 - INFO - Epoch:14/25 Loss is :0.0338
2025-06-26 04:00:42 - INFO - epoch:15/25 iteration:0/459 batch loss is :0.0347
2025-06-26 04:01:06 - INFO - epoch:15/25 iteration:5/459 batch loss is :0.0390
2025-06-26 04:01:29 - INFO - epoch:15/25 iteration:10/459 batch loss is :0.0453
2025-06-26 04:01:53 - INFO - epoch:15/25 iteration:15/459 batch loss is :0.0352
2025-06-26 04:02:15 - INFO - epoch:15/25 iteration:20/459 batch loss is :0.0193
2025-06-26 04:02:37 - INFO - epoch:15/25 iteration:25/459 batch loss is :0.0550
2025-06-26 04:02:58 - INFO - epoch:15/25 iteration:30/459 batch loss is :0.0325
2025-06-26 04:03:20 - INFO - epoch:15/25 iteration:35/459 batch loss is :0.0334
2025-06-26 04:03:41 - INFO - epoch:15/25 iteration:40/459 batch loss is :0.0251
2025-06-26 04:04:03 - INFO - epoch:15/25 iteration:45/459 batch loss is :0.0221
2025-06-26 04:04:25 - INFO - epoch:15/25 iteration:50/459 batch loss is :0.0303
2025-06-26 04:04:46 - INFO - epoch:15/25 iteration:55/459 batch loss is :0.0467
2025-06-26 04:05:08 - INFO - epoch:15/25 iteration:60/459 batch loss is :0.0350
2025-06-26 04:05:29 - INFO - epoch:15/25 iteration:65/459 batch loss is :0.0262
2025-06-26 04:05:51 - INFO - epoch:15/25 iteration:70/459 batch loss is :0.0331
2025-06-26 04:06:12 - INFO - epoch:15/25 iteration:75/459 batch loss is :0.0388
2025-06-26 04:06:33 - INFO - epoch:15/25 iteration:80/459 batch loss is :0.0220
2025-06-26 04:06:55 - INFO - epoch:15/25 iteration:85/459 batch loss is :0.0290
2025-06-26 04:07:17 - INFO - epoch:15/25 iteration:90/459 batch loss is :0.0430
2025-06-26 04:07:38 - INFO - epoch:15/25 iteration:95/459 batch loss is :0.0236
2025-06-26 04:08:00 - INFO - epoch:15/25 iteration:100/459 batch loss is :0.0168
2025-06-26 04:08:21 - INFO - epoch:15/25 iteration:105/459 batch loss is :0.0204
2025-06-26 04:08:43 - INFO - epoch:15/25 iteration:110/459 batch loss is :0.0363
2025-06-26 04:09:04 - INFO - epoch:15/25 iteration:115/459 batch loss is :0.0253
2025-06-26 04:09:26 - INFO - epoch:15/25 iteration:120/459 batch loss is :0.0213
2025-06-26 04:09:47 - INFO - epoch:15/25 iteration:125/459 batch loss is :0.0272
2025-06-26 04:10:09 - INFO - epoch:15/25 iteration:130/459 batch loss is :0.0261
2025-06-26 04:10:30 - INFO - epoch:15/25 iteration:135/459 batch loss is :0.0177
2025-06-26 04:10:52 - INFO - epoch:15/25 iteration:140/459 batch loss is :0.0306
2025-06-26 04:11:13 - INFO - epoch:15/25 iteration:145/459 batch loss is :0.0257
2025-06-26 04:11:35 - INFO - epoch:15/25 iteration:150/459 batch loss is :0.0149
2025-06-26 04:11:56 - INFO - epoch:15/25 iteration:155/459 batch loss is :0.0286
2025-06-26 04:12:18 - INFO - epoch:15/25 iteration:160/459 batch loss is :0.0479
2025-06-26 04:12:40 - INFO - epoch:15/25 iteration:165/459 batch loss is :0.0375
2025-06-26 04:13:01 - INFO - epoch:15/25 iteration:170/459 batch loss is :0.0427
2025-06-26 04:13:23 - INFO - epoch:15/25 iteration:175/459 batch loss is :0.0460
2025-06-26 04:13:44 - INFO - epoch:15/25 iteration:180/459 batch loss is :0.0340
2025-06-26 04:14:06 - INFO - epoch:15/25 iteration:185/459 batch loss is :0.0328
2025-06-26 04:14:27 - INFO - epoch:15/25 iteration:190/459 batch loss is :0.0350
2025-06-26 04:14:48 - INFO - epoch:15/25 iteration:195/459 batch loss is :0.0369
2025-06-26 04:15:10 - INFO - epoch:15/25 iteration:200/459 batch loss is :0.0457
2025-06-26 04:15:31 - INFO - epoch:15/25 iteration:205/459 batch loss is :0.0286
2025-06-26 04:15:53 - INFO - epoch:15/25 iteration:210/459 batch loss is :0.0364
2025-06-26 04:16:14 - INFO - epoch:15/25 iteration:215/459 batch loss is :0.0262
2025-06-26 04:16:35 - INFO - epoch:15/25 iteration:220/459 batch loss is :0.0203
2025-06-26 04:16:57 - INFO - epoch:15/25 iteration:225/459 batch loss is :0.0396
2025-06-26 04:17:19 - INFO - epoch:15/25 iteration:230/459 batch loss is :0.0344
2025-06-26 04:17:41 - INFO - epoch:15/25 iteration:235/459 batch loss is :0.0330
2025-06-26 04:18:02 - INFO - epoch:15/25 iteration:240/459 batch loss is :0.0312
2025-06-26 04:18:23 - INFO - epoch:15/25 iteration:245/459 batch loss is :0.0189
2025-06-26 04:18:45 - INFO - epoch:15/25 iteration:250/459 batch loss is :0.0319
2025-06-26 04:19:06 - INFO - epoch:15/25 iteration:255/459 batch loss is :0.0410
2025-06-26 04:19:28 - INFO - epoch:15/25 iteration:260/459 batch loss is :0.0344
2025-06-26 04:19:49 - INFO - epoch:15/25 iteration:265/459 batch loss is :0.0209
2025-06-26 04:20:11 - INFO - epoch:15/25 iteration:270/459 batch loss is :0.0242
2025-06-26 04:20:33 - INFO - epoch:15/25 iteration:275/459 batch loss is :0.0314
2025-06-26 04:20:55 - INFO - epoch:15/25 iteration:280/459 batch loss is :0.0226
2025-06-26 04:21:16 - INFO - epoch:15/25 iteration:285/459 batch loss is :0.0200
2025-06-26 04:21:37 - INFO - epoch:15/25 iteration:290/459 batch loss is :0.0394
2025-06-26 04:21:59 - INFO - epoch:15/25 iteration:295/459 batch loss is :0.0356
2025-06-26 04:22:21 - INFO - epoch:15/25 iteration:300/459 batch loss is :0.0200
2025-06-26 04:22:42 - INFO - epoch:15/25 iteration:305/459 batch loss is :0.0243
2025-06-26 04:23:04 - INFO - epoch:15/25 iteration:310/459 batch loss is :0.0459
2025-06-26 04:23:26 - INFO - epoch:15/25 iteration:315/459 batch loss is :0.0700
2025-06-26 04:23:47 - INFO - epoch:15/25 iteration:320/459 batch loss is :0.0649
2025-06-26 04:24:09 - INFO - epoch:15/25 iteration:325/459 batch loss is :0.0441
2025-06-26 04:24:30 - INFO - epoch:15/25 iteration:330/459 batch loss is :0.0312
2025-06-26 04:24:51 - INFO - epoch:15/25 iteration:335/459 batch loss is :0.0446
2025-06-26 04:25:13 - INFO - epoch:15/25 iteration:340/459 batch loss is :0.0493
2025-06-26 04:25:34 - INFO - epoch:15/25 iteration:345/459 batch loss is :0.0456
2025-06-26 04:25:56 - INFO - epoch:15/25 iteration:350/459 batch loss is :0.0511
2025-06-26 04:26:17 - INFO - epoch:15/25 iteration:355/459 batch loss is :0.0415
2025-06-26 04:26:39 - INFO - epoch:15/25 iteration:360/459 batch loss is :0.0214
2025-06-26 04:27:01 - INFO - epoch:15/25 iteration:365/459 batch loss is :0.0339
2025-06-26 04:27:23 - INFO - epoch:15/25 iteration:370/459 batch loss is :0.0372
2025-06-26 04:27:44 - INFO - epoch:15/25 iteration:375/459 batch loss is :0.0469
2025-06-26 04:28:05 - INFO - epoch:15/25 iteration:380/459 batch loss is :0.0267
2025-06-26 04:28:27 - INFO - epoch:15/25 iteration:385/459 batch loss is :0.0392
2025-06-26 04:28:49 - INFO - epoch:15/25 iteration:390/459 batch loss is :0.0261
2025-06-26 04:29:10 - INFO - epoch:15/25 iteration:395/459 batch loss is :0.0342
2025-06-26 04:29:32 - INFO - epoch:15/25 iteration:400/459 batch loss is :0.0270
2025-06-26 04:29:53 - INFO - epoch:15/25 iteration:405/459 batch loss is :0.0250
2025-06-26 04:30:15 - INFO - epoch:15/25 iteration:410/459 batch loss is :0.0568
2025-06-26 04:30:37 - INFO - epoch:15/25 iteration:415/459 batch loss is :0.0236
2025-06-26 04:30:58 - INFO - epoch:15/25 iteration:420/459 batch loss is :0.0210
2025-06-26 04:31:20 - INFO - epoch:15/25 iteration:425/459 batch loss is :0.0250
2025-06-26 04:31:41 - INFO - epoch:15/25 iteration:430/459 batch loss is :0.0251
2025-06-26 04:32:02 - INFO - epoch:15/25 iteration:435/459 batch loss is :0.0281
2025-06-26 04:32:23 - INFO - epoch:15/25 iteration:440/459 batch loss is :0.0384
2025-06-26 04:32:44 - INFO - epoch:15/25 iteration:445/459 batch loss is :0.0285
2025-06-26 04:33:05 - INFO - epoch:15/25 iteration:450/459 batch loss is :0.0381
2025-06-26 04:33:25 - INFO - epoch:15/25 iteration:455/459 batch loss is :0.0249
2025-06-26 04:33:39 - INFO - Epoch:15/25 Loss is :0.0340
2025-06-26 04:43:02 - INFO - VAL loss :0.0323
2025-06-26 04:45:54 - INFO - epoch:16/25 iteration:0/459 batch loss is :0.0272
2025-06-26 04:46:17 - INFO - epoch:16/25 iteration:5/459 batch loss is :0.0305
2025-06-26 04:46:40 - INFO - epoch:16/25 iteration:10/459 batch loss is :0.0244
2025-06-26 04:47:03 - INFO - epoch:16/25 iteration:15/459 batch loss is :0.1019
2025-06-26 04:47:26 - INFO - epoch:16/25 iteration:20/459 batch loss is :0.0436
2025-06-26 04:47:48 - INFO - epoch:16/25 iteration:25/459 batch loss is :0.0228
2025-06-26 04:48:11 - INFO - epoch:16/25 iteration:30/459 batch loss is :0.0387
2025-06-26 04:48:33 - INFO - epoch:16/25 iteration:35/459 batch loss is :0.0090
2025-06-26 04:48:55 - INFO - epoch:16/25 iteration:40/459 batch loss is :0.0328
2025-06-26 04:49:16 - INFO - epoch:16/25 iteration:45/459 batch loss is :0.0280
2025-06-26 04:49:37 - INFO - epoch:16/25 iteration:50/459 batch loss is :0.0372
2025-06-26 04:49:59 - INFO - epoch:16/25 iteration:55/459 batch loss is :0.0337
2025-06-26 04:50:21 - INFO - epoch:16/25 iteration:60/459 batch loss is :0.0428
2025-06-26 04:50:42 - INFO - epoch:16/25 iteration:65/459 batch loss is :0.0848
2025-06-26 04:51:04 - INFO - epoch:16/25 iteration:70/459 batch loss is :0.0268
2025-06-26 04:51:25 - INFO - epoch:16/25 iteration:75/459 batch loss is :0.0230
2025-06-26 04:51:47 - INFO - epoch:16/25 iteration:80/459 batch loss is :0.0314
2025-06-26 04:52:09 - INFO - epoch:16/25 iteration:85/459 batch loss is :0.0562
2025-06-26 04:52:30 - INFO - epoch:16/25 iteration:90/459 batch loss is :0.0165
2025-06-26 04:52:52 - INFO - epoch:16/25 iteration:95/459 batch loss is :0.0377
2025-06-26 04:53:13 - INFO - epoch:16/25 iteration:100/459 batch loss is :0.0172
2025-06-26 04:53:34 - INFO - epoch:16/25 iteration:105/459 batch loss is :0.0295
2025-06-26 04:53:56 - INFO - epoch:16/25 iteration:110/459 batch loss is :0.0185
2025-06-26 04:54:18 - INFO - epoch:16/25 iteration:115/459 batch loss is :0.0260
2025-06-26 04:54:39 - INFO - epoch:16/25 iteration:120/459 batch loss is :0.0534
2025-06-26 04:55:01 - INFO - epoch:16/25 iteration:125/459 batch loss is :0.0142
2025-06-26 04:55:22 - INFO - epoch:16/25 iteration:130/459 batch loss is :0.0224
2025-06-26 04:55:44 - INFO - epoch:16/25 iteration:135/459 batch loss is :0.0270
2025-06-26 04:56:05 - INFO - epoch:16/25 iteration:140/459 batch loss is :0.0211
2025-06-26 04:56:27 - INFO - epoch:16/25 iteration:145/459 batch loss is :0.0275
2025-06-26 04:56:49 - INFO - epoch:16/25 iteration:150/459 batch loss is :0.0543
2025-06-26 04:57:10 - INFO - epoch:16/25 iteration:155/459 batch loss is :0.0318
2025-06-26 04:57:32 - INFO - epoch:16/25 iteration:160/459 batch loss is :0.0548
2025-06-26 04:57:53 - INFO - epoch:16/25 iteration:165/459 batch loss is :0.0802
2025-06-26 04:58:15 - INFO - epoch:16/25 iteration:170/459 batch loss is :0.0554
2025-06-26 04:58:37 - INFO - epoch:16/25 iteration:175/459 batch loss is :0.0137
2025-06-26 04:58:58 - INFO - epoch:16/25 iteration:180/459 batch loss is :0.0598
2025-06-26 04:59:19 - INFO - epoch:16/25 iteration:185/459 batch loss is :0.0448
2025-06-26 04:59:41 - INFO - epoch:16/25 iteration:190/459 batch loss is :0.0224
2025-06-26 05:00:02 - INFO - epoch:16/25 iteration:195/459 batch loss is :0.0388
