2025-06-24 11:06:51 - INFO - ------------------------------------------------------------------------------------------------
2025-06-24 11:06:51 - INFO - starting new training !!!!
2025-06-24 11:06:51 - INFO - ------------------------------------------------------------------------------------------------
2025-06-24 11:06:51 - INFO - Namespace(batch=4, class_dict={'Early AMD': 0, 'Int AMD': 1, 'GA': 2, 'Wet': 3, 'Scar': 4, 'Not AMD': 5}, device=device(type='cuda'), epoch=25, excel_path='excel/vol_annotations_06_03_2025.xlsx', gamma=0.1, json='D:\\AMD-data-visualisation\\jsons\\patient_level\\train_val_split_new_dataset.json', log_dir='logs/Resnet_medicalnet', lr=0.0015, model_path='pretrained\\resnet_50_23dataset.pth', num_classes=6, save_dir='model_parameter_Resnet_medicalnet', save_freq=5, step_size=10, weight_matrix=tensor([0.2700, 0.2080, 0.0740, 0.0380, 0.1360, 1.0000]))
2025-06-24 11:06:51 - INFO - parameters are being saved at :model_parameter_Resnet_medicalnet\37
2025-06-24 11:06:52 - INFO - the wandb run name is : laced-bird-38
2025-06-24 11:06:52 - INFO - found 4 gpus!
2025-06-24 11:06:52 - INFO - DataParallel(
  (module): ResNet(
    (conv1): Conv3d(1, 64, kernel_size=(7, 7, 7), stride=(2, 2, 2), padding=(3, 3, 3), bias=False)
    (bn1): SyncBatchNorm(64, eps=1e-05, momentum=0.1, affine=True, track_running_stats=True)
    (relu): ReLU(inplace=True)
    (maxpool): MaxPool3d(kernel_size=(3, 3, 3), stride=2, padding=1, dilation=1, ceil_mode=False)
    (layer1): Sequential(
      (0): Bottleneck(
        (conv1): Conv3d(64, 64, kernel_size=(1, 1, 1), stride=(1, 1, 1), bias=False)
        (bn1): SyncBatchNorm(64, eps=1e-05, momentum=0.1, affine=True, track_running_stats=True)
        (conv2): Conv3d(64, 64, kernel_size=(3, 3, 3), stride=(1, 1, 1), padding=(1, 1, 1), bias=False)
        (bn2): SyncBatchNorm(64, eps=1e-05, momentum=0.1, affine=True, track_running_stats=True)
        (conv3): Conv3d(64, 256, kernel_size=(1, 1, 1), stride=(1, 1, 1), bias=False)
        (bn3): SyncBatchNorm(256, eps=1e-05, momentum=0.1, affine=True, track_running_stats=True)
        (relu): ReLU(inplace=True)
        (downsample): Sequential(
          (0): Conv3d(64, 256, kernel_size=(1, 1, 1), stride=(1, 1, 1), bias=False)
          (1): SyncBatchNorm(256, eps=1e-05, momentum=0.1, affine=True, track_running_stats=True)
        )
      )
      (1): Bottleneck(
        (conv1): Conv3d(256, 64, kernel_size=(1, 1, 1), stride=(1, 1, 1), bias=False)
        (bn1): SyncBatchNorm(64, eps=1e-05, momentum=0.1, affine=True, track_running_stats=True)
        (conv2): Conv3d(64, 64, kernel_size=(3, 3, 3), stride=(1, 1, 1), padding=(1, 1, 1), bias=False)
        (bn2): SyncBatchNorm(64, eps=1e-05, momentum=0.1, affine=True, track_running_stats=True)
        (conv3): Conv3d(64, 256, kernel_size=(1, 1, 1), stride=(1, 1, 1), bias=False)
        (bn3): SyncBatchNorm(256, eps=1e-05, momentum=0.1, affine=True, track_running_stats=True)
        (relu): ReLU(inplace=True)
      )
      (2): Bottleneck(
        (conv1): Conv3d(256, 64, kernel_size=(1, 1, 1), stride=(1, 1, 1), bias=False)
        (bn1): SyncBatchNorm(64, eps=1e-05, momentum=0.1, affine=True, track_running_stats=True)
        (conv2): Conv3d(64, 64, kernel_size=(3, 3, 3), stride=(1, 1, 1), padding=(1, 1, 1), bias=False)
        (bn2): SyncBatchNorm(64, eps=1e-05, momentum=0.1, affine=True, track_running_stats=True)
        (conv3): Conv3d(64, 256, kernel_size=(1, 1, 1), stride=(1, 1, 1), bias=False)
        (bn3): SyncBatchNorm(256, eps=1e-05, momentum=0.1, affine=True, track_running_stats=True)
        (relu): ReLU(inplace=True)
      )
    )
    (layer2): Sequential(
      (0): Bottleneck(
        (conv1): Conv3d(256, 128, kernel_size=(1, 1, 1), stride=(1, 1, 1), bias=False)
        (bn1): SyncBatchNorm(128, eps=1e-05, momentum=0.1, affine=True, track_running_stats=True)
        (conv2): Conv3d(128, 128, kernel_size=(3, 3, 3), stride=(2, 2, 2), padding=(1, 1, 1), bias=False)
        (bn2): SyncBatchNorm(128, eps=1e-05, momentum=0.1, affine=True, track_running_stats=True)
        (conv3): Conv3d(128, 512, kernel_size=(1, 1, 1), stride=(1, 1, 1), bias=False)
        (bn3): SyncBatchNorm(512, eps=1e-05, momentum=0.1, affine=True, track_running_stats=True)
        (relu): ReLU(inplace=True)
        (downsample): Sequential(
          (0): Conv3d(256, 512, kernel_size=(1, 1, 1), stride=(2, 2, 2), bias=False)
          (1): SyncBatchNorm(512, eps=1e-05, momentum=0.1, affine=True, track_running_stats=True)
        )
      )
      (1): Bottleneck(
        (conv1): Conv3d(512, 128, kernel_size=(1, 1, 1), stride=(1, 1, 1), bias=False)
        (bn1): SyncBatchNorm(128, eps=1e-05, momentum=0.1, affine=True, track_running_stats=True)
        (conv2): Conv3d(128, 128, kernel_size=(3, 3, 3), stride=(1, 1, 1), padding=(1, 1, 1), bias=False)
        (bn2): SyncBatchNorm(128, eps=1e-05, momentum=0.1, affine=True, track_running_stats=True)
        (conv3): Conv3d(128, 512, kernel_size=(1, 1, 1), stride=(1, 1, 1), bias=False)
        (bn3): SyncBatchNorm(512, eps=1e-05, momentum=0.1, affine=True, track_running_stats=True)
        (relu): ReLU(inplace=True)
      )
      (2): Bottleneck(
        (conv1): Conv3d(512, 128, kernel_size=(1, 1, 1), stride=(1, 1, 1), bias=False)
        (bn1): SyncBatchNorm(128, eps=1e-05, momentum=0.1, affine=True, track_running_stats=True)
        (conv2): Conv3d(128, 128, kernel_size=(3, 3, 3), stride=(1, 1, 1), padding=(1, 1, 1), bias=False)
        (bn2): SyncBatchNorm(128, eps=1e-05, momentum=0.1, affine=True, track_running_stats=True)
        (conv3): Conv3d(128, 512, kernel_size=(1, 1, 1), stride=(1, 1, 1), bias=False)
        (bn3): SyncBatchNorm(512, eps=1e-05, momentum=0.1, affine=True, track_running_stats=True)
        (relu): ReLU(inplace=True)
      )
      (3): Bottleneck(
        (conv1): Conv3d(512, 128, kernel_size=(1, 1, 1), stride=(1, 1, 1), bias=False)
        (bn1): SyncBatchNorm(128, eps=1e-05, momentum=0.1, affine=True, track_running_stats=True)
        (conv2): Conv3d(128, 128, kernel_size=(3, 3, 3), stride=(1, 1, 1), padding=(1, 1, 1), bias=False)
        (bn2): SyncBatchNorm(128, eps=1e-05, momentum=0.1, affine=True, track_running_stats=True)
        (conv3): Conv3d(128, 512, kernel_size=(1, 1, 1), stride=(1, 1, 1), bias=False)
        (bn3): SyncBatchNorm(512, eps=1e-05, momentum=0.1, affine=True, track_running_stats=True)
        (relu): ReLU(inplace=True)
      )
    )
    (layer3): Sequential(
      (0): Bottleneck(
        (conv1): Conv3d(512, 256, kernel_size=(1, 1, 1), stride=(1, 1, 1), bias=False)
        (bn1): SyncBatchNorm(256, eps=1e-05, momentum=0.1, affine=True, track_running_stats=True)
        (conv2): Conv3d(256, 256, kernel_size=(3, 3, 3), stride=(1, 1, 1), padding=(2, 2, 2), dilation=(2, 2, 2), bias=False)
        (bn2): SyncBatchNorm(256, eps=1e-05, momentum=0.1, affine=True, track_running_stats=True)
        (conv3): Conv3d(256, 1024, kernel_size=(1, 1, 1), stride=(1, 1, 1), bias=False)
        (bn3): SyncBatchNorm(1024, eps=1e-05, momentum=0.1, affine=True, track_running_stats=True)
        (relu): ReLU(inplace=True)
        (downsample): Sequential(
          (0): Conv3d(512, 1024, kernel_size=(1, 1, 1), stride=(1, 1, 1), bias=False)
          (1): SyncBatchNorm(1024, eps=1e-05, momentum=0.1, affine=True, track_running_stats=True)
        )
      )
      (1): Bottleneck(
        (conv1): Conv3d(1024, 256, kernel_size=(1, 1, 1), stride=(1, 1, 1), bias=False)
        (bn1): SyncBatchNorm(256, eps=1e-05, momentum=0.1, affine=True, track_running_stats=True)
        (conv2): Conv3d(256, 256, kernel_size=(3, 3, 3), stride=(1, 1, 1), padding=(2, 2, 2), dilation=(2, 2, 2), bias=False)
        (bn2): SyncBatchNorm(256, eps=1e-05, momentum=0.1, affine=True, track_running_stats=True)
        (conv3): Conv3d(256, 1024, kernel_size=(1, 1, 1), stride=(1, 1, 1), bias=False)
        (bn3): SyncBatchNorm(1024, eps=1e-05, momentum=0.1, affine=True, track_running_stats=True)
        (relu): ReLU(inplace=True)
      )
      (2): Bottleneck(
        (conv1): Conv3d(1024, 256, kernel_size=(1, 1, 1), stride=(1, 1, 1), bias=False)
        (bn1): SyncBatchNorm(256, eps=1e-05, momentum=0.1, affine=True, track_running_stats=True)
        (conv2): Conv3d(256, 256, kernel_size=(3, 3, 3), stride=(1, 1, 1), padding=(2, 2, 2), dilation=(2, 2, 2), bias=False)
        (bn2): SyncBatchNorm(256, eps=1e-05, momentum=0.1, affine=True, track_running_stats=True)
        (conv3): Conv3d(256, 1024, kernel_size=(1, 1, 1), stride=(1, 1, 1), bias=False)
        (bn3): SyncBatchNorm(1024, eps=1e-05, momentum=0.1, affine=True, track_running_stats=True)
        (relu): ReLU(inplace=True)
      )
      (3): Bottleneck(
        (conv1): Conv3d(1024, 256, kernel_size=(1, 1, 1), stride=(1, 1, 1), bias=False)
        (bn1): SyncBatchNorm(256, eps=1e-05, momentum=0.1, affine=True, track_running_stats=True)
        (conv2): Conv3d(256, 256, kernel_size=(3, 3, 3), stride=(1, 1, 1), padding=(2, 2, 2), dilation=(2, 2, 2), bias=False)
        (bn2): SyncBatchNorm(256, eps=1e-05, momentum=0.1, affine=True, track_running_stats=True)
        (conv3): Conv3d(256, 1024, kernel_size=(1, 1, 1), stride=(1, 1, 1), bias=False)
        (bn3): SyncBatchNorm(1024, eps=1e-05, momentum=0.1, affine=True, track_running_stats=True)
        (relu): ReLU(inplace=True)
      )
      (4): Bottleneck(
        (conv1): Conv3d(1024, 256, kernel_size=(1, 1, 1), stride=(1, 1, 1), bias=False)
        (bn1): SyncBatchNorm(256, eps=1e-05, momentum=0.1, affine=True, track_running_stats=True)
        (conv2): Conv3d(256, 256, kernel_size=(3, 3, 3), stride=(1, 1, 1), padding=(2, 2, 2), dilation=(2, 2, 2), bias=False)
        (bn2): SyncBatchNorm(256, eps=1e-05, momentum=0.1, affine=True, track_running_stats=True)
        (conv3): Conv3d(256, 1024, kernel_size=(1, 1, 1), stride=(1, 1, 1), bias=False)
        (bn3): SyncBatchNorm(1024, eps=1e-05, momentum=0.1, affine=True, track_running_stats=True)
        (relu): ReLU(inplace=True)
      )
      (5): Bottleneck(
        (conv1): Conv3d(1024, 256, kernel_size=(1, 1, 1), stride=(1, 1, 1), bias=False)
        (bn1): SyncBatchNorm(256, eps=1e-05, momentum=0.1, affine=True, track_running_stats=True)
        (conv2): Conv3d(256, 256, kernel_size=(3, 3, 3), stride=(1, 1, 1), padding=(2, 2, 2), dilation=(2, 2, 2), bias=False)
        (bn2): SyncBatchNorm(256, eps=1e-05, momentum=0.1, affine=True, track_running_stats=True)
        (conv3): Conv3d(256, 1024, kernel_size=(1, 1, 1), stride=(1, 1, 1), bias=False)
        (bn3): SyncBatchNorm(1024, eps=1e-05, momentum=0.1, affine=True, track_running_stats=True)
        (relu): ReLU(inplace=True)
      )
    )
    (layer4): Sequential(
      (0): Bottleneck(
        (conv1): Conv3d(1024, 512, kernel_size=(1, 1, 1), stride=(1, 1, 1), bias=False)
        (bn1): SyncBatchNorm(512, eps=1e-05, momentum=0.1, affine=True, track_running_stats=True)
        (conv2): Conv3d(512, 512, kernel_size=(3, 3, 3), stride=(1, 1, 1), padding=(4, 4, 4), dilation=(4, 4, 4), bias=False)
        (bn2): SyncBatchNorm(512, eps=1e-05, momentum=0.1, affine=True, track_running_stats=True)
        (conv3): Conv3d(512, 2048, kernel_size=(1, 1, 1), stride=(1, 1, 1), bias=False)
        (bn3): SyncBatchNorm(2048, eps=1e-05, momentum=0.1, affine=True, track_running_stats=True)
        (relu): ReLU(inplace=True)
        (downsample): Sequential(
          (0): Conv3d(1024, 2048, kernel_size=(1, 1, 1), stride=(1, 1, 1), bias=False)
          (1): SyncBatchNorm(2048, eps=1e-05, momentum=0.1, affine=True, track_running_stats=True)
        )
      )
      (1): Bottleneck(
        (conv1): Conv3d(2048, 512, kernel_size=(1, 1, 1), stride=(1, 1, 1), bias=False)
        (bn1): SyncBatchNorm(512, eps=1e-05, momentum=0.1, affine=True, track_running_stats=True)
        (conv2): Conv3d(512, 512, kernel_size=(3, 3, 3), stride=(1, 1, 1), padding=(4, 4, 4), dilation=(4, 4, 4), bias=False)
        (bn2): SyncBatchNorm(512, eps=1e-05, momentum=0.1, affine=True, track_running_stats=True)
        (conv3): Conv3d(512, 2048, kernel_size=(1, 1, 1), stride=(1, 1, 1), bias=False)
        (bn3): SyncBatchNorm(2048, eps=1e-05, momentum=0.1, affine=True, track_running_stats=True)
        (relu): ReLU(inplace=True)
      )
      (2): Bottleneck(
        (conv1): Conv3d(2048, 512, kernel_size=(1, 1, 1), stride=(1, 1, 1), bias=False)
        (bn1): SyncBatchNorm(512, eps=1e-05, momentum=0.1, affine=True, track_running_stats=True)
        (conv2): Conv3d(512, 512, kernel_size=(3, 3, 3), stride=(1, 1, 1), padding=(4, 4, 4), dilation=(4, 4, 4), bias=False)
        (bn2): SyncBatchNorm(512, eps=1e-05, momentum=0.1, affine=True, track_running_stats=True)
        (conv3): Conv3d(512, 2048, kernel_size=(1, 1, 1), stride=(1, 1, 1), bias=False)
        (bn3): SyncBatchNorm(2048, eps=1e-05, momentum=0.1, affine=True, track_running_stats=True)
        (relu): ReLU(inplace=True)
      )
    )
    (GAP): AdaptiveAvgPool3d(output_size=(2, 2, 2))
    (linear): Linear(in_features=16384, out_features=6, bias=True)
  )
)
2025-06-24 11:06:52 - INFO - the missing keys are : 
['module.linear.weight', 'module.linear.bias']
2025-06-24 11:06:52 - INFO - the unexpected keys are :
[]
2025-06-24 11:06:52 - INFO - loaded model parameters from pretrained\resnet_50_23dataset.pth
2025-06-24 11:06:54 - INFO - fold number:0
2025-06-24 11:09:20 - INFO - epoch:0/25 iteration:0/1377 batch loss is :0.7316
2025-06-24 11:09:27 - INFO - epoch:0/25 iteration:5/1377 batch loss is :0.2504
2025-06-24 11:09:34 - INFO - epoch:0/25 iteration:10/1377 batch loss is :0.1870
2025-06-24 11:09:40 - INFO - epoch:0/25 iteration:15/1377 batch loss is :0.1411
2025-06-24 11:09:47 - INFO - epoch:0/25 iteration:20/1377 batch loss is :0.0779
2025-06-24 11:09:53 - INFO - epoch:0/25 iteration:25/1377 batch loss is :0.1109
2025-06-24 11:10:00 - INFO - epoch:0/25 iteration:30/1377 batch loss is :0.0686
2025-06-24 11:10:06 - INFO - epoch:0/25 iteration:35/1377 batch loss is :0.1114
2025-06-24 11:10:13 - INFO - epoch:0/25 iteration:40/1377 batch loss is :0.1730
2025-06-24 11:10:19 - INFO - epoch:0/25 iteration:45/1377 batch loss is :0.2330
2025-06-24 11:10:25 - INFO - epoch:0/25 iteration:50/1377 batch loss is :0.1496
2025-06-24 11:10:32 - INFO - epoch:0/25 iteration:55/1377 batch loss is :0.1528
2025-06-24 11:10:38 - INFO - epoch:0/25 iteration:60/1377 batch loss is :0.1176
2025-06-24 11:10:44 - INFO - epoch:0/25 iteration:65/1377 batch loss is :0.0877
2025-06-24 11:10:51 - INFO - epoch:0/25 iteration:70/1377 batch loss is :0.0620
2025-06-24 11:10:57 - INFO - epoch:0/25 iteration:75/1377 batch loss is :0.0813
2025-06-24 11:11:03 - INFO - epoch:0/25 iteration:80/1377 batch loss is :0.1095
2025-06-24 11:11:10 - INFO - epoch:0/25 iteration:85/1377 batch loss is :0.1215
2025-06-24 11:11:16 - INFO - epoch:0/25 iteration:90/1377 batch loss is :0.1387
2025-06-24 11:11:23 - INFO - epoch:0/25 iteration:95/1377 batch loss is :0.2123
2025-06-24 11:11:29 - INFO - epoch:0/25 iteration:100/1377 batch loss is :0.0834
2025-06-24 11:11:36 - INFO - epoch:0/25 iteration:105/1377 batch loss is :0.1149
2025-06-24 11:11:43 - INFO - epoch:0/25 iteration:110/1377 batch loss is :0.0863
2025-06-24 11:11:50 - INFO - epoch:0/25 iteration:115/1377 batch loss is :0.1071
2025-06-24 11:11:57 - INFO - epoch:0/25 iteration:120/1377 batch loss is :0.1139
2025-06-24 11:12:04 - INFO - epoch:0/25 iteration:125/1377 batch loss is :0.2500
2025-06-24 11:12:11 - INFO - epoch:0/25 iteration:130/1377 batch loss is :0.0494
2025-06-24 11:12:19 - INFO - epoch:0/25 iteration:135/1377 batch loss is :0.1999
2025-06-24 11:12:26 - INFO - epoch:0/25 iteration:140/1377 batch loss is :0.1697
2025-06-24 11:12:34 - INFO - epoch:0/25 iteration:145/1377 batch loss is :0.0517
2025-06-24 11:12:42 - INFO - epoch:0/25 iteration:150/1377 batch loss is :0.0888
2025-06-24 11:12:49 - INFO - epoch:0/25 iteration:155/1377 batch loss is :0.0706
2025-06-24 11:12:57 - INFO - epoch:0/25 iteration:160/1377 batch loss is :0.1086
2025-06-24 11:13:04 - INFO - epoch:0/25 iteration:165/1377 batch loss is :0.1217
2025-06-24 11:13:12 - INFO - epoch:0/25 iteration:170/1377 batch loss is :0.0600
2025-06-24 11:13:19 - INFO - epoch:0/25 iteration:175/1377 batch loss is :0.0510
2025-06-24 11:13:27 - INFO - epoch:0/25 iteration:180/1377 batch loss is :0.0572
2025-06-24 11:13:35 - INFO - epoch:0/25 iteration:185/1377 batch loss is :0.1129
2025-06-24 11:13:43 - INFO - epoch:0/25 iteration:190/1377 batch loss is :0.0994
2025-06-24 11:13:51 - INFO - epoch:0/25 iteration:195/1377 batch loss is :0.2259
2025-06-24 11:13:58 - INFO - epoch:0/25 iteration:200/1377 batch loss is :0.0950
2025-06-24 11:14:05 - INFO - epoch:0/25 iteration:205/1377 batch loss is :0.1189
2025-06-24 11:14:13 - INFO - epoch:0/25 iteration:210/1377 batch loss is :0.1427
2025-06-24 11:14:20 - INFO - epoch:0/25 iteration:215/1377 batch loss is :0.1919
2025-06-24 11:14:28 - INFO - epoch:0/25 iteration:220/1377 batch loss is :0.3233
2025-06-24 11:14:35 - INFO - epoch:0/25 iteration:225/1377 batch loss is :0.1292
2025-06-24 11:14:43 - INFO - epoch:0/25 iteration:230/1377 batch loss is :0.1098
2025-06-24 11:14:50 - INFO - epoch:0/25 iteration:235/1377 batch loss is :0.0757
2025-06-24 11:14:57 - INFO - epoch:0/25 iteration:240/1377 batch loss is :0.1459
2025-06-24 11:15:06 - INFO - epoch:0/25 iteration:245/1377 batch loss is :0.0745
2025-06-24 11:15:14 - INFO - epoch:0/25 iteration:250/1377 batch loss is :0.1628
2025-06-24 11:15:21 - INFO - epoch:0/25 iteration:255/1377 batch loss is :0.0888
2025-06-24 11:15:29 - INFO - epoch:0/25 iteration:260/1377 batch loss is :0.1110
2025-06-24 11:15:36 - INFO - epoch:0/25 iteration:265/1377 batch loss is :0.1264
2025-06-24 11:15:43 - INFO - epoch:0/25 iteration:270/1377 batch loss is :0.1061
2025-06-24 11:15:51 - INFO - epoch:0/25 iteration:275/1377 batch loss is :0.0879
2025-06-24 11:15:59 - INFO - epoch:0/25 iteration:280/1377 batch loss is :0.1386
2025-06-24 11:16:06 - INFO - epoch:0/25 iteration:285/1377 batch loss is :0.0726
2025-06-24 11:16:14 - INFO - epoch:0/25 iteration:290/1377 batch loss is :0.1423
2025-06-24 11:16:21 - INFO - epoch:0/25 iteration:295/1377 batch loss is :0.0440
2025-06-24 11:16:28 - INFO - epoch:0/25 iteration:300/1377 batch loss is :0.0811
2025-06-24 11:16:36 - INFO - epoch:0/25 iteration:305/1377 batch loss is :0.1653
2025-06-24 11:16:43 - INFO - epoch:0/25 iteration:310/1377 batch loss is :0.1561
2025-06-24 11:16:51 - INFO - epoch:0/25 iteration:315/1377 batch loss is :0.1460
2025-06-24 11:16:58 - INFO - epoch:0/25 iteration:320/1377 batch loss is :0.1400
2025-06-24 11:17:05 - INFO - epoch:0/25 iteration:325/1377 batch loss is :0.0587
2025-06-24 11:17:13 - INFO - epoch:0/25 iteration:330/1377 batch loss is :0.2769
2025-06-24 11:17:20 - INFO - epoch:0/25 iteration:335/1377 batch loss is :0.0796
2025-06-24 11:17:28 - INFO - epoch:0/25 iteration:340/1377 batch loss is :0.1291
2025-06-24 11:17:35 - INFO - epoch:0/25 iteration:345/1377 batch loss is :0.1281
2025-06-24 11:17:43 - INFO - epoch:0/25 iteration:350/1377 batch loss is :0.0514
2025-06-24 11:17:51 - INFO - epoch:0/25 iteration:355/1377 batch loss is :0.1254
2025-06-24 11:17:58 - INFO - epoch:0/25 iteration:360/1377 batch loss is :0.0749
2025-06-24 11:18:05 - INFO - epoch:0/25 iteration:365/1377 batch loss is :0.1118
2025-06-24 11:18:13 - INFO - epoch:0/25 iteration:370/1377 batch loss is :0.1039
2025-06-24 11:18:20 - INFO - epoch:0/25 iteration:375/1377 batch loss is :0.0719
2025-06-24 11:18:28 - INFO - epoch:0/25 iteration:380/1377 batch loss is :0.2559
2025-06-24 11:18:35 - INFO - epoch:0/25 iteration:385/1377 batch loss is :0.0635
2025-06-24 11:18:43 - INFO - epoch:0/25 iteration:390/1377 batch loss is :0.2379
2025-06-24 11:18:50 - INFO - epoch:0/25 iteration:395/1377 batch loss is :0.0915
2025-06-24 11:18:58 - INFO - epoch:0/25 iteration:400/1377 batch loss is :0.0649
2025-06-24 11:19:05 - INFO - epoch:0/25 iteration:405/1377 batch loss is :0.0407
2025-06-24 11:19:11 - INFO - epoch:0/25 iteration:410/1377 batch loss is :0.0787
2025-06-24 11:19:18 - INFO - epoch:0/25 iteration:415/1377 batch loss is :0.0759
2025-06-24 11:19:24 - INFO - epoch:0/25 iteration:420/1377 batch loss is :0.0990
2025-06-24 11:19:31 - INFO - epoch:0/25 iteration:425/1377 batch loss is :0.1250
2025-06-24 11:19:37 - INFO - epoch:0/25 iteration:430/1377 batch loss is :0.2537
2025-06-24 11:19:43 - INFO - epoch:0/25 iteration:435/1377 batch loss is :0.1307
2025-06-24 11:19:50 - INFO - epoch:0/25 iteration:440/1377 batch loss is :0.1037
2025-06-24 11:19:56 - INFO - epoch:0/25 iteration:445/1377 batch loss is :0.2070
2025-06-24 11:20:03 - INFO - epoch:0/25 iteration:450/1377 batch loss is :0.0519
2025-06-24 11:20:09 - INFO - epoch:0/25 iteration:455/1377 batch loss is :0.1535
2025-06-24 11:20:16 - INFO - epoch:0/25 iteration:460/1377 batch loss is :0.0718
2025-06-24 11:20:22 - INFO - epoch:0/25 iteration:465/1377 batch loss is :0.1749
2025-06-24 11:20:28 - INFO - epoch:0/25 iteration:470/1377 batch loss is :0.0784
2025-06-24 11:20:35 - INFO - epoch:0/25 iteration:475/1377 batch loss is :0.0902
2025-06-24 11:20:41 - INFO - epoch:0/25 iteration:480/1377 batch loss is :0.1499
2025-06-24 11:20:48 - INFO - epoch:0/25 iteration:485/1377 batch loss is :0.0760
2025-06-24 11:20:54 - INFO - epoch:0/25 iteration:490/1377 batch loss is :0.0611
2025-06-24 11:21:01 - INFO - epoch:0/25 iteration:495/1377 batch loss is :0.1058
2025-06-24 11:21:07 - INFO - epoch:0/25 iteration:500/1377 batch loss is :0.0969
2025-06-24 11:21:13 - INFO - epoch:0/25 iteration:505/1377 batch loss is :0.1092
2025-06-24 11:21:20 - INFO - epoch:0/25 iteration:510/1377 batch loss is :0.1184
2025-06-24 11:21:26 - INFO - epoch:0/25 iteration:515/1377 batch loss is :0.0526
2025-06-24 11:21:33 - INFO - epoch:0/25 iteration:520/1377 batch loss is :0.2962
2025-06-24 11:21:39 - INFO - epoch:0/25 iteration:525/1377 batch loss is :0.1131
2025-06-24 11:21:46 - INFO - epoch:0/25 iteration:530/1377 batch loss is :0.0531
2025-06-24 11:21:52 - INFO - epoch:0/25 iteration:535/1377 batch loss is :0.0928
2025-06-24 11:21:58 - INFO - epoch:0/25 iteration:540/1377 batch loss is :0.0687
2025-06-24 11:22:05 - INFO - epoch:0/25 iteration:545/1377 batch loss is :0.1203
2025-06-24 11:22:11 - INFO - epoch:0/25 iteration:550/1377 batch loss is :0.1044
2025-06-24 11:22:18 - INFO - epoch:0/25 iteration:555/1377 batch loss is :0.1167
2025-06-24 11:22:24 - INFO - epoch:0/25 iteration:560/1377 batch loss is :0.1453
2025-06-24 11:22:30 - INFO - epoch:0/25 iteration:565/1377 batch loss is :0.1218
2025-06-24 11:22:37 - INFO - epoch:0/25 iteration:570/1377 batch loss is :0.2182
2025-06-24 11:22:43 - INFO - epoch:0/25 iteration:575/1377 batch loss is :0.0583
2025-06-24 11:22:50 - INFO - epoch:0/25 iteration:580/1377 batch loss is :0.1331
2025-06-24 11:22:56 - INFO - epoch:0/25 iteration:585/1377 batch loss is :0.0429
2025-06-24 11:23:03 - INFO - epoch:0/25 iteration:590/1377 batch loss is :0.0929
2025-06-24 11:23:09 - INFO - epoch:0/25 iteration:595/1377 batch loss is :0.1203
2025-06-24 11:23:15 - INFO - epoch:0/25 iteration:600/1377 batch loss is :0.1006
2025-06-24 11:23:22 - INFO - epoch:0/25 iteration:605/1377 batch loss is :0.0762
2025-06-24 11:23:28 - INFO - epoch:0/25 iteration:610/1377 batch loss is :0.0686
2025-06-24 11:23:35 - INFO - epoch:0/25 iteration:615/1377 batch loss is :0.1375
2025-06-24 11:23:41 - INFO - epoch:0/25 iteration:620/1377 batch loss is :0.1148
2025-06-24 11:23:47 - INFO - epoch:0/25 iteration:625/1377 batch loss is :0.0918
2025-06-24 11:23:54 - INFO - epoch:0/25 iteration:630/1377 batch loss is :0.0848
2025-06-24 11:24:00 - INFO - epoch:0/25 iteration:635/1377 batch loss is :0.1758
2025-06-24 11:24:07 - INFO - epoch:0/25 iteration:640/1377 batch loss is :0.0600
2025-06-24 11:24:13 - INFO - epoch:0/25 iteration:645/1377 batch loss is :0.1236
2025-06-24 11:24:19 - INFO - epoch:0/25 iteration:650/1377 batch loss is :0.0656
2025-06-24 11:24:26 - INFO - epoch:0/25 iteration:655/1377 batch loss is :0.1036
2025-06-24 11:24:32 - INFO - epoch:0/25 iteration:660/1377 batch loss is :0.0667
2025-06-24 11:24:39 - INFO - epoch:0/25 iteration:665/1377 batch loss is :0.1142
2025-06-24 11:24:45 - INFO - epoch:0/25 iteration:670/1377 batch loss is :0.0668
2025-06-24 11:24:51 - INFO - epoch:0/25 iteration:675/1377 batch loss is :0.0711
2025-06-24 11:24:58 - INFO - epoch:0/25 iteration:680/1377 batch loss is :0.0778
2025-06-24 11:25:04 - INFO - epoch:0/25 iteration:685/1377 batch loss is :0.0471
2025-06-24 11:25:11 - INFO - epoch:0/25 iteration:690/1377 batch loss is :0.0848
2025-06-24 11:25:17 - INFO - epoch:0/25 iteration:695/1377 batch loss is :0.1389
2025-06-24 11:25:24 - INFO - epoch:0/25 iteration:700/1377 batch loss is :0.0803
2025-06-24 11:25:30 - INFO - epoch:0/25 iteration:705/1377 batch loss is :0.0489
2025-06-24 11:25:36 - INFO - epoch:0/25 iteration:710/1377 batch loss is :0.0499
2025-06-24 11:25:43 - INFO - epoch:0/25 iteration:715/1377 batch loss is :0.2396
2025-06-24 11:25:49 - INFO - epoch:0/25 iteration:720/1377 batch loss is :0.1335
2025-06-24 11:25:56 - INFO - epoch:0/25 iteration:725/1377 batch loss is :0.2057
2025-06-24 11:26:02 - INFO - epoch:0/25 iteration:730/1377 batch loss is :0.1627
2025-06-24 11:26:09 - INFO - epoch:0/25 iteration:735/1377 batch loss is :0.1449
2025-06-24 11:26:15 - INFO - epoch:0/25 iteration:740/1377 batch loss is :0.1007
2025-06-24 11:26:22 - INFO - epoch:0/25 iteration:745/1377 batch loss is :0.2354
2025-06-24 11:26:28 - INFO - epoch:0/25 iteration:750/1377 batch loss is :0.0863
2025-06-24 11:26:34 - INFO - epoch:0/25 iteration:755/1377 batch loss is :0.1122
2025-06-24 11:26:41 - INFO - epoch:0/25 iteration:760/1377 batch loss is :0.0898
2025-06-24 11:26:47 - INFO - epoch:0/25 iteration:765/1377 batch loss is :0.0746
2025-06-24 11:26:54 - INFO - epoch:0/25 iteration:770/1377 batch loss is :0.1045
2025-06-24 11:27:00 - INFO - epoch:0/25 iteration:775/1377 batch loss is :0.1198
2025-06-24 11:27:06 - INFO - epoch:0/25 iteration:780/1377 batch loss is :0.0866
2025-06-24 11:27:13 - INFO - epoch:0/25 iteration:785/1377 batch loss is :0.0731
2025-06-24 11:27:19 - INFO - epoch:0/25 iteration:790/1377 batch loss is :0.2553
2025-06-24 11:27:26 - INFO - epoch:0/25 iteration:795/1377 batch loss is :0.1043
2025-06-24 11:27:32 - INFO - epoch:0/25 iteration:800/1377 batch loss is :0.0553
2025-06-24 11:27:38 - INFO - epoch:0/25 iteration:805/1377 batch loss is :0.0341
2025-06-24 11:27:45 - INFO - epoch:0/25 iteration:810/1377 batch loss is :0.0894
2025-06-24 11:27:51 - INFO - epoch:0/25 iteration:815/1377 batch loss is :0.0981
2025-06-24 11:27:58 - INFO - epoch:0/25 iteration:820/1377 batch loss is :0.1309
2025-06-24 11:28:04 - INFO - epoch:0/25 iteration:825/1377 batch loss is :0.2072
2025-06-24 11:28:11 - INFO - epoch:0/25 iteration:830/1377 batch loss is :0.0785
2025-06-24 11:28:17 - INFO - epoch:0/25 iteration:835/1377 batch loss is :0.0748
2025-06-24 11:28:24 - INFO - epoch:0/25 iteration:840/1377 batch loss is :0.0811
2025-06-24 11:28:30 - INFO - epoch:0/25 iteration:845/1377 batch loss is :0.0752
2025-06-24 11:28:37 - INFO - epoch:0/25 iteration:850/1377 batch loss is :0.0831
2025-06-24 11:28:43 - INFO - epoch:0/25 iteration:855/1377 batch loss is :0.1733
2025-06-24 11:28:49 - INFO - epoch:0/25 iteration:860/1377 batch loss is :0.1228
2025-06-24 11:28:56 - INFO - epoch:0/25 iteration:865/1377 batch loss is :0.1130
2025-06-24 11:29:02 - INFO - epoch:0/25 iteration:870/1377 batch loss is :0.1234
2025-06-24 11:29:09 - INFO - epoch:0/25 iteration:875/1377 batch loss is :0.1176
2025-06-24 11:29:15 - INFO - epoch:0/25 iteration:880/1377 batch loss is :0.1414
2025-06-24 11:29:22 - INFO - epoch:0/25 iteration:885/1377 batch loss is :0.1087
2025-06-24 11:29:28 - INFO - epoch:0/25 iteration:890/1377 batch loss is :0.1207
2025-06-24 11:29:35 - INFO - epoch:0/25 iteration:895/1377 batch loss is :0.0691
2025-06-24 11:29:41 - INFO - epoch:0/25 iteration:900/1377 batch loss is :0.1466
2025-06-24 11:29:48 - INFO - epoch:0/25 iteration:905/1377 batch loss is :0.1034
2025-06-24 11:29:54 - INFO - epoch:0/25 iteration:910/1377 batch loss is :0.0596
2025-06-24 11:30:01 - INFO - epoch:0/25 iteration:915/1377 batch loss is :0.2095
2025-06-24 11:30:08 - INFO - epoch:0/25 iteration:920/1377 batch loss is :0.0702
2025-06-24 11:30:15 - INFO - epoch:0/25 iteration:925/1377 batch loss is :0.0929
2025-06-24 11:30:22 - INFO - epoch:0/25 iteration:930/1377 batch loss is :0.0900
2025-06-24 11:30:29 - INFO - epoch:0/25 iteration:935/1377 batch loss is :0.1205
2025-06-24 11:30:36 - INFO - epoch:0/25 iteration:940/1377 batch loss is :0.1090
2025-06-24 11:30:43 - INFO - epoch:0/25 iteration:945/1377 batch loss is :0.0677
2025-06-24 11:30:50 - INFO - epoch:0/25 iteration:950/1377 batch loss is :0.0872
2025-06-24 11:30:57 - INFO - epoch:0/25 iteration:955/1377 batch loss is :0.0396
2025-06-24 11:31:04 - INFO - epoch:0/25 iteration:960/1377 batch loss is :0.0811
2025-06-24 11:31:11 - INFO - epoch:0/25 iteration:965/1377 batch loss is :0.0792
2025-06-24 11:31:18 - INFO - epoch:0/25 iteration:970/1377 batch loss is :0.0536
2025-06-24 11:31:25 - INFO - epoch:0/25 iteration:975/1377 batch loss is :0.1058
2025-06-24 11:31:32 - INFO - epoch:0/25 iteration:980/1377 batch loss is :0.1218
2025-06-24 11:31:38 - INFO - epoch:0/25 iteration:985/1377 batch loss is :0.2303
2025-06-24 11:31:45 - INFO - epoch:0/25 iteration:990/1377 batch loss is :0.0623
2025-06-24 11:31:51 - INFO - epoch:0/25 iteration:995/1377 batch loss is :0.0465
2025-06-24 11:31:58 - INFO - epoch:0/25 iteration:1000/1377 batch loss is :0.1399
2025-06-24 11:32:05 - INFO - epoch:0/25 iteration:1005/1377 batch loss is :0.0519
2025-06-24 11:32:11 - INFO - epoch:0/25 iteration:1010/1377 batch loss is :0.0958
2025-06-24 11:32:18 - INFO - epoch:0/25 iteration:1015/1377 batch loss is :0.0449
2025-06-24 11:32:25 - INFO - epoch:0/25 iteration:1020/1377 batch loss is :0.1306
2025-06-24 11:32:32 - INFO - epoch:0/25 iteration:1025/1377 batch loss is :0.0956
2025-06-24 11:32:38 - INFO - epoch:0/25 iteration:1030/1377 batch loss is :0.0963
2025-06-24 11:32:45 - INFO - epoch:0/25 iteration:1035/1377 batch loss is :0.1101
2025-06-24 11:32:51 - INFO - epoch:0/25 iteration:1040/1377 batch loss is :0.0624
2025-06-24 11:32:58 - INFO - epoch:0/25 iteration:1045/1377 batch loss is :0.0745
2025-06-24 11:33:04 - INFO - epoch:0/25 iteration:1050/1377 batch loss is :0.1136
2025-06-24 11:33:11 - INFO - epoch:0/25 iteration:1055/1377 batch loss is :0.0573
2025-06-24 11:33:17 - INFO - epoch:0/25 iteration:1060/1377 batch loss is :0.0837
2025-06-24 11:33:24 - INFO - epoch:0/25 iteration:1065/1377 batch loss is :0.0611
2025-06-24 11:33:30 - INFO - epoch:0/25 iteration:1070/1377 batch loss is :0.0586
2025-06-24 11:33:37 - INFO - epoch:0/25 iteration:1075/1377 batch loss is :0.0646
2025-06-24 11:33:43 - INFO - epoch:0/25 iteration:1080/1377 batch loss is :0.0459
2025-06-24 11:33:50 - INFO - epoch:0/25 iteration:1085/1377 batch loss is :0.0629
2025-06-24 11:33:56 - INFO - epoch:0/25 iteration:1090/1377 batch loss is :0.0556
2025-06-24 11:34:02 - INFO - epoch:0/25 iteration:1095/1377 batch loss is :0.0792
2025-06-24 11:34:09 - INFO - epoch:0/25 iteration:1100/1377 batch loss is :0.0587
2025-06-24 11:34:16 - INFO - epoch:0/25 iteration:1105/1377 batch loss is :0.1128
2025-06-24 11:34:22 - INFO - epoch:0/25 iteration:1110/1377 batch loss is :0.0876
2025-06-24 11:34:29 - INFO - epoch:0/25 iteration:1115/1377 batch loss is :0.1170
2025-06-24 11:34:35 - INFO - epoch:0/25 iteration:1120/1377 batch loss is :0.0766
2025-06-24 11:34:41 - INFO - epoch:0/25 iteration:1125/1377 batch loss is :0.0332
2025-06-24 11:34:48 - INFO - epoch:0/25 iteration:1130/1377 batch loss is :0.0774
2025-06-24 11:34:54 - INFO - epoch:0/25 iteration:1135/1377 batch loss is :0.0672
2025-06-24 11:35:00 - INFO - epoch:0/25 iteration:1140/1377 batch loss is :0.0930
2025-06-24 11:35:07 - INFO - epoch:0/25 iteration:1145/1377 batch loss is :0.1595
2025-06-24 11:35:13 - INFO - epoch:0/25 iteration:1150/1377 batch loss is :0.1310
2025-06-24 11:35:20 - INFO - epoch:0/25 iteration:1155/1377 batch loss is :0.2023
2025-06-24 11:35:26 - INFO - epoch:0/25 iteration:1160/1377 batch loss is :0.0921
2025-06-24 11:35:32 - INFO - epoch:0/25 iteration:1165/1377 batch loss is :0.0686
2025-06-24 11:35:39 - INFO - epoch:0/25 iteration:1170/1377 batch loss is :0.0890
2025-06-24 11:35:46 - INFO - epoch:0/25 iteration:1175/1377 batch loss is :0.1058
2025-06-24 11:35:53 - INFO - epoch:0/25 iteration:1180/1377 batch loss is :0.0511
2025-06-24 11:35:59 - INFO - epoch:0/25 iteration:1185/1377 batch loss is :0.1201
2025-06-24 11:36:06 - INFO - epoch:0/25 iteration:1190/1377 batch loss is :0.0783
2025-06-24 11:36:12 - INFO - epoch:0/25 iteration:1195/1377 batch loss is :0.1254
2025-06-24 11:36:19 - INFO - epoch:0/25 iteration:1200/1377 batch loss is :0.1766
2025-06-24 11:36:25 - INFO - epoch:0/25 iteration:1205/1377 batch loss is :0.0576
2025-06-24 11:36:32 - INFO - epoch:0/25 iteration:1210/1377 batch loss is :0.0990
2025-06-24 11:36:38 - INFO - epoch:0/25 iteration:1215/1377 batch loss is :0.0951
2025-06-24 11:36:45 - INFO - epoch:0/25 iteration:1220/1377 batch loss is :0.0759
2025-06-24 11:36:52 - INFO - epoch:0/25 iteration:1225/1377 batch loss is :0.0624
2025-06-24 11:36:59 - INFO - epoch:0/25 iteration:1230/1377 batch loss is :0.0777
2025-06-24 11:37:05 - INFO - epoch:0/25 iteration:1235/1377 batch loss is :0.0510
2025-06-24 11:37:12 - INFO - epoch:0/25 iteration:1240/1377 batch loss is :0.2558
2025-06-24 11:37:18 - INFO - epoch:0/25 iteration:1245/1377 batch loss is :0.0764
2025-06-24 11:37:25 - INFO - epoch:0/25 iteration:1250/1377 batch loss is :0.1931
2025-06-24 11:37:32 - INFO - epoch:0/25 iteration:1255/1377 batch loss is :0.1354
2025-06-24 11:37:38 - INFO - epoch:0/25 iteration:1260/1377 batch loss is :0.1334
2025-06-24 11:37:45 - INFO - epoch:0/25 iteration:1265/1377 batch loss is :0.0820
2025-06-24 11:37:51 - INFO - epoch:0/25 iteration:1270/1377 batch loss is :0.0534
2025-06-24 11:37:58 - INFO - epoch:0/25 iteration:1275/1377 batch loss is :0.0890
2025-06-24 11:38:04 - INFO - epoch:0/25 iteration:1280/1377 batch loss is :0.0882
2025-06-24 11:38:10 - INFO - epoch:0/25 iteration:1285/1377 batch loss is :0.0542
2025-06-24 11:38:17 - INFO - epoch:0/25 iteration:1290/1377 batch loss is :0.0807
2025-06-24 11:38:23 - INFO - epoch:0/25 iteration:1295/1377 batch loss is :0.0613
2025-06-24 11:38:30 - INFO - epoch:0/25 iteration:1300/1377 batch loss is :0.0911
2025-06-24 11:38:36 - INFO - epoch:0/25 iteration:1305/1377 batch loss is :0.0917
2025-06-24 11:38:42 - INFO - epoch:0/25 iteration:1310/1377 batch loss is :0.0622
2025-06-24 11:38:49 - INFO - epoch:0/25 iteration:1315/1377 batch loss is :0.0873
2025-06-24 11:38:55 - INFO - epoch:0/25 iteration:1320/1377 batch loss is :0.1607
2025-06-24 11:39:02 - INFO - epoch:0/25 iteration:1325/1377 batch loss is :0.0641
2025-06-24 11:39:08 - INFO - epoch:0/25 iteration:1330/1377 batch loss is :0.0540
2025-06-24 11:39:15 - INFO - epoch:0/25 iteration:1335/1377 batch loss is :0.0475
2025-06-24 11:39:21 - INFO - epoch:0/25 iteration:1340/1377 batch loss is :0.1427
2025-06-24 11:39:28 - INFO - epoch:0/25 iteration:1345/1377 batch loss is :0.1025
2025-06-24 11:39:34 - INFO - epoch:0/25 iteration:1350/1377 batch loss is :0.0550
2025-06-24 11:39:41 - INFO - epoch:0/25 iteration:1355/1377 batch loss is :0.0978
2025-06-24 11:39:47 - INFO - epoch:0/25 iteration:1360/1377 batch loss is :0.2309
2025-06-24 11:39:53 - INFO - epoch:0/25 iteration:1365/1377 batch loss is :0.0580
2025-06-24 11:39:59 - INFO - epoch:0/25 iteration:1370/1377 batch loss is :0.0863
2025-06-24 11:40:06 - INFO - epoch:0/25 iteration:1375/1377 batch loss is :0.0990
2025-06-24 11:40:07 - INFO - Epoch:0/25 Loss is :0.1113
2025-06-24 11:49:46 - INFO - VAL loss :0.1101
2025-06-24 11:52:04 - INFO - epoch:1/25 iteration:0/1377 batch loss is :0.0975
2025-06-24 11:52:11 - INFO - epoch:1/25 iteration:5/1377 batch loss is :0.0673
2025-06-24 11:52:18 - INFO - epoch:1/25 iteration:10/1377 batch loss is :0.1259
2025-06-24 11:52:24 - INFO - epoch:1/25 iteration:15/1377 batch loss is :0.0464
2025-06-24 11:52:31 - INFO - epoch:1/25 iteration:20/1377 batch loss is :0.1602
2025-06-24 11:52:37 - INFO - epoch:1/25 iteration:25/1377 batch loss is :0.0704
2025-06-24 11:52:44 - INFO - epoch:1/25 iteration:30/1377 batch loss is :0.0901
2025-06-24 11:52:50 - INFO - epoch:1/25 iteration:35/1377 batch loss is :0.0555
2025-06-24 11:52:57 - INFO - epoch:1/25 iteration:40/1377 batch loss is :0.0826
2025-06-24 11:53:03 - INFO - epoch:1/25 iteration:45/1377 batch loss is :0.0660
2025-06-24 11:53:10 - INFO - epoch:1/25 iteration:50/1377 batch loss is :0.0699
2025-06-24 11:53:16 - INFO - epoch:1/25 iteration:55/1377 batch loss is :0.0693
2025-06-24 11:53:23 - INFO - epoch:1/25 iteration:60/1377 batch loss is :0.1175
2025-06-24 11:53:29 - INFO - epoch:1/25 iteration:65/1377 batch loss is :0.2841
2025-06-24 11:53:36 - INFO - epoch:1/25 iteration:70/1377 batch loss is :0.0817
2025-06-24 11:53:42 - INFO - epoch:1/25 iteration:75/1377 batch loss is :0.1026
2025-06-24 11:53:49 - INFO - epoch:1/25 iteration:80/1377 batch loss is :0.1170
2025-06-24 11:53:55 - INFO - epoch:1/25 iteration:85/1377 batch loss is :0.1098
2025-06-24 11:54:01 - INFO - epoch:1/25 iteration:90/1377 batch loss is :0.0895
2025-06-24 11:54:08 - INFO - epoch:1/25 iteration:95/1377 batch loss is :0.0747
2025-06-24 11:54:14 - INFO - epoch:1/25 iteration:100/1377 batch loss is :0.0488
2025-06-24 11:54:21 - INFO - epoch:1/25 iteration:105/1377 batch loss is :0.1456
2025-06-24 11:54:27 - INFO - epoch:1/25 iteration:110/1377 batch loss is :0.0618
2025-06-24 11:54:34 - INFO - epoch:1/25 iteration:115/1377 batch loss is :0.0801
2025-06-24 11:54:40 - INFO - epoch:1/25 iteration:120/1377 batch loss is :0.0642
2025-06-24 11:54:47 - INFO - epoch:1/25 iteration:125/1377 batch loss is :0.0730
2025-06-24 11:54:53 - INFO - epoch:1/25 iteration:130/1377 batch loss is :0.0974
2025-06-24 11:54:59 - INFO - epoch:1/25 iteration:135/1377 batch loss is :0.0655
2025-06-24 11:55:06 - INFO - epoch:1/25 iteration:140/1377 batch loss is :0.0678
2025-06-24 11:55:12 - INFO - epoch:1/25 iteration:145/1377 batch loss is :0.0942
2025-06-24 11:55:18 - INFO - epoch:1/25 iteration:150/1377 batch loss is :0.0577
2025-06-24 11:55:25 - INFO - epoch:1/25 iteration:155/1377 batch loss is :0.1307
2025-06-24 11:55:31 - INFO - epoch:1/25 iteration:160/1377 batch loss is :0.0793
2025-06-24 11:55:38 - INFO - epoch:1/25 iteration:165/1377 batch loss is :0.0883
2025-06-24 11:55:44 - INFO - epoch:1/25 iteration:170/1377 batch loss is :0.0521
2025-06-24 11:55:50 - INFO - epoch:1/25 iteration:175/1377 batch loss is :0.0949
2025-06-24 11:55:57 - INFO - epoch:1/25 iteration:180/1377 batch loss is :0.0506
2025-06-24 11:56:03 - INFO - epoch:1/25 iteration:185/1377 batch loss is :0.1071
2025-06-24 11:56:09 - INFO - epoch:1/25 iteration:190/1377 batch loss is :0.0868
2025-06-24 11:56:16 - INFO - epoch:1/25 iteration:195/1377 batch loss is :0.1305
2025-06-24 11:56:22 - INFO - epoch:1/25 iteration:200/1377 batch loss is :0.1285
2025-06-24 11:56:28 - INFO - epoch:1/25 iteration:205/1377 batch loss is :0.0498
2025-06-24 11:56:35 - INFO - epoch:1/25 iteration:210/1377 batch loss is :0.0958
2025-06-24 11:56:41 - INFO - epoch:1/25 iteration:215/1377 batch loss is :0.0603
2025-06-24 11:56:47 - INFO - epoch:1/25 iteration:220/1377 batch loss is :0.0989
2025-06-24 11:56:54 - INFO - epoch:1/25 iteration:225/1377 batch loss is :0.0917
2025-06-24 11:57:00 - INFO - epoch:1/25 iteration:230/1377 batch loss is :0.1314
2025-06-24 11:57:06 - INFO - epoch:1/25 iteration:235/1377 batch loss is :0.1378
2025-06-24 11:57:13 - INFO - epoch:1/25 iteration:240/1377 batch loss is :0.0603
2025-06-24 11:57:19 - INFO - epoch:1/25 iteration:245/1377 batch loss is :0.1151
2025-06-24 11:57:26 - INFO - epoch:1/25 iteration:250/1377 batch loss is :0.1418
2025-06-24 11:57:32 - INFO - epoch:1/25 iteration:255/1377 batch loss is :0.0703
2025-06-24 11:57:38 - INFO - epoch:1/25 iteration:260/1377 batch loss is :0.0713
2025-06-24 11:57:45 - INFO - epoch:1/25 iteration:265/1377 batch loss is :0.1055
2025-06-24 11:57:51 - INFO - epoch:1/25 iteration:270/1377 batch loss is :0.0613
2025-06-24 11:57:57 - INFO - epoch:1/25 iteration:275/1377 batch loss is :0.1174
2025-06-24 11:58:04 - INFO - epoch:1/25 iteration:280/1377 batch loss is :0.0664
2025-06-24 11:58:10 - INFO - epoch:1/25 iteration:285/1377 batch loss is :0.0996
2025-06-24 11:58:16 - INFO - epoch:1/25 iteration:290/1377 batch loss is :0.0478
2025-06-24 11:58:23 - INFO - epoch:1/25 iteration:295/1377 batch loss is :0.0921
2025-06-24 11:58:29 - INFO - epoch:1/25 iteration:300/1377 batch loss is :0.0721
2025-06-24 11:58:35 - INFO - epoch:1/25 iteration:305/1377 batch loss is :0.0848
2025-06-24 11:58:42 - INFO - epoch:1/25 iteration:310/1377 batch loss is :0.0885
2025-06-24 11:58:48 - INFO - epoch:1/25 iteration:315/1377 batch loss is :0.0425
2025-06-24 11:58:55 - INFO - epoch:1/25 iteration:320/1377 batch loss is :0.1755
2025-06-24 11:59:01 - INFO - epoch:1/25 iteration:325/1377 batch loss is :0.0831
2025-06-24 11:59:07 - INFO - epoch:1/25 iteration:330/1377 batch loss is :0.0378
2025-06-24 11:59:14 - INFO - epoch:1/25 iteration:335/1377 batch loss is :0.0573
2025-06-24 11:59:20 - INFO - epoch:1/25 iteration:340/1377 batch loss is :0.0767
2025-06-24 11:59:27 - INFO - epoch:1/25 iteration:345/1377 batch loss is :0.0624
2025-06-24 11:59:33 - INFO - epoch:1/25 iteration:350/1377 batch loss is :0.0761
2025-06-24 11:59:39 - INFO - epoch:1/25 iteration:355/1377 batch loss is :0.0525
2025-06-24 11:59:45 - INFO - epoch:1/25 iteration:360/1377 batch loss is :0.1449
2025-06-24 11:59:52 - INFO - epoch:1/25 iteration:365/1377 batch loss is :0.0560
2025-06-24 11:59:58 - INFO - epoch:1/25 iteration:370/1377 batch loss is :0.0691
2025-06-24 12:00:04 - INFO - epoch:1/25 iteration:375/1377 batch loss is :0.0624
2025-06-24 12:00:10 - INFO - epoch:1/25 iteration:380/1377 batch loss is :0.0582
2025-06-24 12:00:17 - INFO - epoch:1/25 iteration:385/1377 batch loss is :0.0820
2025-06-24 12:00:23 - INFO - epoch:1/25 iteration:390/1377 batch loss is :0.1006
2025-06-24 12:00:30 - INFO - epoch:1/25 iteration:395/1377 batch loss is :0.1047
2025-06-24 12:00:36 - INFO - epoch:1/25 iteration:400/1377 batch loss is :0.2902
2025-06-24 12:00:42 - INFO - epoch:1/25 iteration:405/1377 batch loss is :0.0526
2025-06-24 12:00:49 - INFO - epoch:1/25 iteration:410/1377 batch loss is :0.1040
2025-06-24 12:00:55 - INFO - epoch:1/25 iteration:415/1377 batch loss is :0.0996
2025-06-24 12:01:02 - INFO - epoch:1/25 iteration:420/1377 batch loss is :0.0766
2025-06-24 12:01:08 - INFO - epoch:1/25 iteration:425/1377 batch loss is :0.1152
2025-06-24 12:01:15 - INFO - epoch:1/25 iteration:430/1377 batch loss is :0.1173
2025-06-24 12:01:21 - INFO - epoch:1/25 iteration:435/1377 batch loss is :0.0746
2025-06-24 12:01:28 - INFO - epoch:1/25 iteration:440/1377 batch loss is :0.0740
2025-06-24 12:01:34 - INFO - epoch:1/25 iteration:445/1377 batch loss is :0.0690
2025-06-24 12:01:40 - INFO - epoch:1/25 iteration:450/1377 batch loss is :0.1048
2025-06-24 12:01:47 - INFO - epoch:1/25 iteration:455/1377 batch loss is :0.0466
2025-06-24 12:01:53 - INFO - epoch:1/25 iteration:460/1377 batch loss is :0.0474
2025-06-24 12:02:00 - INFO - epoch:1/25 iteration:465/1377 batch loss is :0.0562
2025-06-24 12:02:06 - INFO - epoch:1/25 iteration:470/1377 batch loss is :0.1136
2025-06-24 12:02:13 - INFO - epoch:1/25 iteration:475/1377 batch loss is :0.2210
2025-06-24 12:02:19 - INFO - epoch:1/25 iteration:480/1377 batch loss is :0.1134
2025-06-24 12:02:26 - INFO - epoch:1/25 iteration:485/1377 batch loss is :0.0535
2025-06-24 12:02:32 - INFO - epoch:1/25 iteration:490/1377 batch loss is :0.0490
2025-06-24 12:02:41 - INFO - epoch:1/25 iteration:495/1377 batch loss is :0.1000
2025-06-24 12:02:48 - INFO - epoch:1/25 iteration:500/1377 batch loss is :0.0678
2025-06-24 12:02:54 - INFO - epoch:1/25 iteration:505/1377 batch loss is :0.0849
2025-06-24 12:03:00 - INFO - epoch:1/25 iteration:510/1377 batch loss is :0.0776
2025-06-24 12:03:07 - INFO - epoch:1/25 iteration:515/1377 batch loss is :0.1155
2025-06-24 12:03:13 - INFO - epoch:1/25 iteration:520/1377 batch loss is :0.0383
2025-06-24 12:03:20 - INFO - epoch:1/25 iteration:525/1377 batch loss is :0.0690
2025-06-24 12:03:26 - INFO - epoch:1/25 iteration:530/1377 batch loss is :0.1221
2025-06-24 12:03:32 - INFO - epoch:1/25 iteration:535/1377 batch loss is :0.1473
2025-06-24 12:03:39 - INFO - epoch:1/25 iteration:540/1377 batch loss is :0.0705
2025-06-24 12:03:45 - INFO - epoch:1/25 iteration:545/1377 batch loss is :0.0676
2025-06-24 12:03:52 - INFO - epoch:1/25 iteration:550/1377 batch loss is :0.0849
2025-06-24 12:03:58 - INFO - epoch:1/25 iteration:555/1377 batch loss is :0.0560
2025-06-24 12:04:05 - INFO - epoch:1/25 iteration:560/1377 batch loss is :0.1048
2025-06-24 12:04:11 - INFO - epoch:1/25 iteration:565/1377 batch loss is :0.1017
2025-06-24 12:04:18 - INFO - epoch:1/25 iteration:570/1377 batch loss is :0.1249
2025-06-24 12:04:24 - INFO - epoch:1/25 iteration:575/1377 batch loss is :0.0987
2025-06-24 12:04:31 - INFO - epoch:1/25 iteration:580/1377 batch loss is :0.0788
2025-06-24 12:04:37 - INFO - epoch:1/25 iteration:585/1377 batch loss is :0.0600
2025-06-24 12:04:44 - INFO - epoch:1/25 iteration:590/1377 batch loss is :0.0655
2025-06-24 12:04:50 - INFO - epoch:1/25 iteration:595/1377 batch loss is :0.1213
2025-06-24 12:04:56 - INFO - epoch:1/25 iteration:600/1377 batch loss is :0.0795
2025-06-24 12:05:03 - INFO - epoch:1/25 iteration:605/1377 batch loss is :0.1451
2025-06-24 12:05:09 - INFO - epoch:1/25 iteration:610/1377 batch loss is :0.0975
2025-06-24 12:05:16 - INFO - epoch:1/25 iteration:615/1377 batch loss is :0.1012
2025-06-24 12:05:22 - INFO - epoch:1/25 iteration:620/1377 batch loss is :0.0942
2025-06-24 12:05:29 - INFO - epoch:1/25 iteration:625/1377 batch loss is :0.0728
2025-06-24 12:05:35 - INFO - epoch:1/25 iteration:630/1377 batch loss is :0.0769
2025-06-24 12:05:41 - INFO - epoch:1/25 iteration:635/1377 batch loss is :0.0816
2025-06-24 12:05:48 - INFO - epoch:1/25 iteration:640/1377 batch loss is :0.0800
2025-06-24 12:05:54 - INFO - epoch:1/25 iteration:645/1377 batch loss is :0.0692
2025-06-24 12:06:00 - INFO - epoch:1/25 iteration:650/1377 batch loss is :0.1916
2025-06-24 12:06:07 - INFO - epoch:1/25 iteration:655/1377 batch loss is :0.0776
2025-06-24 12:06:13 - INFO - epoch:1/25 iteration:660/1377 batch loss is :0.0894
2025-06-24 12:06:20 - INFO - epoch:1/25 iteration:665/1377 batch loss is :0.0738
2025-06-24 12:06:26 - INFO - epoch:1/25 iteration:670/1377 batch loss is :0.0659
2025-06-24 12:06:32 - INFO - epoch:1/25 iteration:675/1377 batch loss is :0.1115
2025-06-24 12:06:39 - INFO - epoch:1/25 iteration:680/1377 batch loss is :0.0563
2025-06-24 12:06:45 - INFO - epoch:1/25 iteration:685/1377 batch loss is :0.0501
2025-06-24 12:06:51 - INFO - epoch:1/25 iteration:690/1377 batch loss is :0.0946
2025-06-24 12:06:58 - INFO - epoch:1/25 iteration:695/1377 batch loss is :0.0679
2025-06-24 12:07:04 - INFO - epoch:1/25 iteration:700/1377 batch loss is :0.0954
2025-06-24 12:07:11 - INFO - epoch:1/25 iteration:705/1377 batch loss is :0.0712
2025-06-24 12:07:17 - INFO - epoch:1/25 iteration:710/1377 batch loss is :0.0692
2025-06-24 12:07:24 - INFO - epoch:1/25 iteration:715/1377 batch loss is :0.1978
2025-06-24 12:07:30 - INFO - epoch:1/25 iteration:720/1377 batch loss is :0.0703
2025-06-24 12:07:36 - INFO - epoch:1/25 iteration:725/1377 batch loss is :0.0542
2025-06-24 12:07:43 - INFO - epoch:1/25 iteration:730/1377 batch loss is :0.1986
2025-06-24 12:07:49 - INFO - epoch:1/25 iteration:735/1377 batch loss is :0.0775
2025-06-24 12:07:56 - INFO - epoch:1/25 iteration:740/1377 batch loss is :0.0768
2025-06-24 12:08:02 - INFO - epoch:1/25 iteration:745/1377 batch loss is :0.0817
2025-06-24 12:08:09 - INFO - epoch:1/25 iteration:750/1377 batch loss is :0.1002
2025-06-24 12:08:15 - INFO - epoch:1/25 iteration:755/1377 batch loss is :0.0909
2025-06-24 12:08:22 - INFO - epoch:1/25 iteration:760/1377 batch loss is :0.1043
2025-06-24 12:08:28 - INFO - epoch:1/25 iteration:765/1377 batch loss is :0.1122
2025-06-24 12:08:35 - INFO - epoch:1/25 iteration:770/1377 batch loss is :0.0455
2025-06-24 12:08:41 - INFO - epoch:1/25 iteration:775/1377 batch loss is :0.0698
2025-06-24 12:08:47 - INFO - epoch:1/25 iteration:780/1377 batch loss is :0.0578
2025-06-24 12:08:54 - INFO - epoch:1/25 iteration:785/1377 batch loss is :0.0752
2025-06-24 12:09:00 - INFO - epoch:1/25 iteration:790/1377 batch loss is :0.0858
2025-06-24 12:09:07 - INFO - epoch:1/25 iteration:795/1377 batch loss is :0.1060
2025-06-24 12:09:13 - INFO - epoch:1/25 iteration:800/1377 batch loss is :0.0990
2025-06-24 12:09:20 - INFO - epoch:1/25 iteration:805/1377 batch loss is :0.0755
2025-06-24 12:09:26 - INFO - epoch:1/25 iteration:810/1377 batch loss is :0.0346
2025-06-24 12:09:32 - INFO - epoch:1/25 iteration:815/1377 batch loss is :0.0660
2025-06-24 12:09:39 - INFO - epoch:1/25 iteration:820/1377 batch loss is :0.0650
2025-06-24 12:09:45 - INFO - epoch:1/25 iteration:825/1377 batch loss is :0.0267
2025-06-24 12:09:52 - INFO - epoch:1/25 iteration:830/1377 batch loss is :0.0744
2025-06-24 12:09:58 - INFO - epoch:1/25 iteration:835/1377 batch loss is :0.0676
2025-06-24 12:10:04 - INFO - epoch:1/25 iteration:840/1377 batch loss is :0.0906
2025-06-24 12:10:11 - INFO - epoch:1/25 iteration:845/1377 batch loss is :0.0757
2025-06-24 12:10:17 - INFO - epoch:1/25 iteration:850/1377 batch loss is :0.1134
2025-06-24 12:10:24 - INFO - epoch:1/25 iteration:855/1377 batch loss is :0.0953
2025-06-24 12:10:30 - INFO - epoch:1/25 iteration:860/1377 batch loss is :0.0832
2025-06-24 12:10:37 - INFO - epoch:1/25 iteration:865/1377 batch loss is :0.0732
2025-06-24 12:10:43 - INFO - epoch:1/25 iteration:870/1377 batch loss is :0.0613
2025-06-24 12:10:49 - INFO - epoch:1/25 iteration:875/1377 batch loss is :0.0766
2025-06-24 12:10:56 - INFO - epoch:1/25 iteration:880/1377 batch loss is :0.1208
2025-06-24 12:11:02 - INFO - epoch:1/25 iteration:885/1377 batch loss is :0.0925
2025-06-24 12:11:08 - INFO - epoch:1/25 iteration:890/1377 batch loss is :0.0501
2025-06-24 12:11:15 - INFO - epoch:1/25 iteration:895/1377 batch loss is :0.1007
2025-06-24 12:11:21 - INFO - epoch:1/25 iteration:900/1377 batch loss is :0.0999
2025-06-24 12:11:28 - INFO - epoch:1/25 iteration:905/1377 batch loss is :0.0664
2025-06-24 12:11:34 - INFO - epoch:1/25 iteration:910/1377 batch loss is :0.0779
2025-06-24 12:11:41 - INFO - epoch:1/25 iteration:915/1377 batch loss is :0.0583
2025-06-24 12:11:47 - INFO - epoch:1/25 iteration:920/1377 batch loss is :0.0683
2025-06-24 12:11:53 - INFO - epoch:1/25 iteration:925/1377 batch loss is :0.0936
2025-06-24 12:12:00 - INFO - epoch:1/25 iteration:930/1377 batch loss is :0.0726
2025-06-24 12:12:06 - INFO - epoch:1/25 iteration:935/1377 batch loss is :0.0660
2025-06-24 12:12:13 - INFO - epoch:1/25 iteration:940/1377 batch loss is :0.0996
2025-06-24 12:12:19 - INFO - epoch:1/25 iteration:945/1377 batch loss is :0.1987
2025-06-24 12:12:26 - INFO - epoch:1/25 iteration:950/1377 batch loss is :0.0672
2025-06-24 12:12:32 - INFO - epoch:1/25 iteration:955/1377 batch loss is :0.1651
2025-06-24 12:12:38 - INFO - epoch:1/25 iteration:960/1377 batch loss is :0.0607
2025-06-24 12:12:45 - INFO - epoch:1/25 iteration:965/1377 batch loss is :0.0649
2025-06-24 12:12:51 - INFO - epoch:1/25 iteration:970/1377 batch loss is :0.0900
2025-06-24 12:12:58 - INFO - epoch:1/25 iteration:975/1377 batch loss is :0.0479
2025-06-24 12:13:04 - INFO - epoch:1/25 iteration:980/1377 batch loss is :0.0494
2025-06-24 12:13:11 - INFO - epoch:1/25 iteration:985/1377 batch loss is :0.0676
2025-06-24 12:13:17 - INFO - epoch:1/25 iteration:990/1377 batch loss is :0.0853
2025-06-24 12:13:23 - INFO - epoch:1/25 iteration:995/1377 batch loss is :0.0803
2025-06-24 12:13:30 - INFO - epoch:1/25 iteration:1000/1377 batch loss is :0.0812
2025-06-24 12:13:36 - INFO - epoch:1/25 iteration:1005/1377 batch loss is :0.0762
2025-06-24 12:13:43 - INFO - epoch:1/25 iteration:1010/1377 batch loss is :0.0562
2025-06-24 12:13:49 - INFO - epoch:1/25 iteration:1015/1377 batch loss is :0.0526
2025-06-24 12:13:56 - INFO - epoch:1/25 iteration:1020/1377 batch loss is :0.0876
2025-06-24 12:14:02 - INFO - epoch:1/25 iteration:1025/1377 batch loss is :0.0814
2025-06-24 12:14:08 - INFO - epoch:1/25 iteration:1030/1377 batch loss is :0.0341
2025-06-24 12:14:15 - INFO - epoch:1/25 iteration:1035/1377 batch loss is :0.0410
2025-06-24 12:14:21 - INFO - epoch:1/25 iteration:1040/1377 batch loss is :0.1367
2025-06-24 12:14:28 - INFO - epoch:1/25 iteration:1045/1377 batch loss is :0.0878
2025-06-24 12:14:34 - INFO - epoch:1/25 iteration:1050/1377 batch loss is :0.0637
2025-06-24 12:14:41 - INFO - epoch:1/25 iteration:1055/1377 batch loss is :0.4163
2025-06-24 12:14:47 - INFO - epoch:1/25 iteration:1060/1377 batch loss is :0.1159
2025-06-24 12:14:53 - INFO - epoch:1/25 iteration:1065/1377 batch loss is :0.0875
2025-06-24 12:15:00 - INFO - epoch:1/25 iteration:1070/1377 batch loss is :0.0344
2025-06-24 12:15:06 - INFO - epoch:1/25 iteration:1075/1377 batch loss is :0.0614
2025-06-24 12:15:13 - INFO - epoch:1/25 iteration:1080/1377 batch loss is :0.0606
2025-06-24 12:15:19 - INFO - epoch:1/25 iteration:1085/1377 batch loss is :0.0602
2025-06-24 12:15:25 - INFO - epoch:1/25 iteration:1090/1377 batch loss is :0.0868
2025-06-24 12:15:32 - INFO - epoch:1/25 iteration:1095/1377 batch loss is :0.0729
2025-06-24 12:15:38 - INFO - epoch:1/25 iteration:1100/1377 batch loss is :0.0962
2025-06-24 12:15:45 - INFO - epoch:1/25 iteration:1105/1377 batch loss is :0.1123
2025-06-24 12:15:51 - INFO - epoch:1/25 iteration:1110/1377 batch loss is :0.0560
2025-06-24 12:15:57 - INFO - epoch:1/25 iteration:1115/1377 batch loss is :0.0358
2025-06-24 12:16:04 - INFO - epoch:1/25 iteration:1120/1377 batch loss is :0.0839
2025-06-24 12:16:10 - INFO - epoch:1/25 iteration:1125/1377 batch loss is :0.0383
2025-06-24 12:16:17 - INFO - epoch:1/25 iteration:1130/1377 batch loss is :0.0641
2025-06-24 12:16:23 - INFO - epoch:1/25 iteration:1135/1377 batch loss is :0.1180
2025-06-24 12:16:30 - INFO - epoch:1/25 iteration:1140/1377 batch loss is :0.1200
2025-06-24 12:16:36 - INFO - epoch:1/25 iteration:1145/1377 batch loss is :0.0834
2025-06-24 12:16:42 - INFO - epoch:1/25 iteration:1150/1377 batch loss is :0.1906
2025-06-24 12:16:49 - INFO - epoch:1/25 iteration:1155/1377 batch loss is :0.0477
2025-06-24 12:16:55 - INFO - epoch:1/25 iteration:1160/1377 batch loss is :0.0466
2025-06-24 12:17:02 - INFO - epoch:1/25 iteration:1165/1377 batch loss is :0.0404
2025-06-24 12:17:08 - INFO - epoch:1/25 iteration:1170/1377 batch loss is :0.0390
2025-06-24 12:17:14 - INFO - epoch:1/25 iteration:1175/1377 batch loss is :0.0368
2025-06-24 12:17:21 - INFO - epoch:1/25 iteration:1180/1377 batch loss is :0.0697
2025-06-24 12:17:27 - INFO - epoch:1/25 iteration:1185/1377 batch loss is :0.0859
2025-06-24 12:17:34 - INFO - epoch:1/25 iteration:1190/1377 batch loss is :0.1065
2025-06-24 12:17:40 - INFO - epoch:1/25 iteration:1195/1377 batch loss is :0.0519
2025-06-24 12:17:47 - INFO - epoch:1/25 iteration:1200/1377 batch loss is :0.0511
2025-06-24 12:17:53 - INFO - epoch:1/25 iteration:1205/1377 batch loss is :0.0815
2025-06-24 12:17:59 - INFO - epoch:1/25 iteration:1210/1377 batch loss is :0.0585
2025-06-24 12:18:06 - INFO - epoch:1/25 iteration:1215/1377 batch loss is :0.1061
2025-06-24 12:18:12 - INFO - epoch:1/25 iteration:1220/1377 batch loss is :0.0469
2025-06-24 12:18:18 - INFO - epoch:1/25 iteration:1225/1377 batch loss is :0.0397
2025-06-24 12:18:25 - INFO - epoch:1/25 iteration:1230/1377 batch loss is :0.0666
2025-06-24 12:18:31 - INFO - epoch:1/25 iteration:1235/1377 batch loss is :0.0546
2025-06-24 12:18:38 - INFO - epoch:1/25 iteration:1240/1377 batch loss is :0.0445
2025-06-24 12:18:44 - INFO - epoch:1/25 iteration:1245/1377 batch loss is :0.0450
2025-06-24 12:18:50 - INFO - epoch:1/25 iteration:1250/1377 batch loss is :0.0562
2025-06-24 12:18:57 - INFO - epoch:1/25 iteration:1255/1377 batch loss is :0.0779
2025-06-24 12:19:03 - INFO - epoch:1/25 iteration:1260/1377 batch loss is :0.0896
2025-06-24 12:19:10 - INFO - epoch:1/25 iteration:1265/1377 batch loss is :0.0551
2025-06-24 12:19:16 - INFO - epoch:1/25 iteration:1270/1377 batch loss is :0.0729
2025-06-24 12:19:23 - INFO - epoch:1/25 iteration:1275/1377 batch loss is :0.0462
2025-06-24 12:19:29 - INFO - epoch:1/25 iteration:1280/1377 batch loss is :0.0418
2025-06-24 12:19:35 - INFO - epoch:1/25 iteration:1285/1377 batch loss is :0.0942
2025-06-24 12:19:42 - INFO - epoch:1/25 iteration:1290/1377 batch loss is :0.0701
2025-06-24 12:19:48 - INFO - epoch:1/25 iteration:1295/1377 batch loss is :0.1066
2025-06-24 12:19:55 - INFO - epoch:1/25 iteration:1300/1377 batch loss is :0.1937
2025-06-24 12:20:01 - INFO - epoch:1/25 iteration:1305/1377 batch loss is :0.0706
2025-06-24 12:20:08 - INFO - epoch:1/25 iteration:1310/1377 batch loss is :0.0794
2025-06-24 12:20:14 - INFO - epoch:1/25 iteration:1315/1377 batch loss is :0.0689
2025-06-24 12:20:21 - INFO - epoch:1/25 iteration:1320/1377 batch loss is :0.0556
2025-06-24 12:20:27 - INFO - epoch:1/25 iteration:1325/1377 batch loss is :0.1600
2025-06-24 12:20:34 - INFO - epoch:1/25 iteration:1330/1377 batch loss is :0.1523
2025-06-24 12:20:41 - INFO - epoch:1/25 iteration:1335/1377 batch loss is :0.0766
2025-06-24 12:20:47 - INFO - epoch:1/25 iteration:1340/1377 batch loss is :0.0613
2025-06-24 12:20:54 - INFO - epoch:1/25 iteration:1345/1377 batch loss is :0.0640
2025-06-24 12:21:00 - INFO - epoch:1/25 iteration:1350/1377 batch loss is :0.1559
2025-06-24 12:21:06 - INFO - epoch:1/25 iteration:1355/1377 batch loss is :0.0989
2025-06-24 12:21:12 - INFO - epoch:1/25 iteration:1360/1377 batch loss is :0.1274
2025-06-24 12:21:19 - INFO - epoch:1/25 iteration:1365/1377 batch loss is :0.0876
2025-06-24 12:21:25 - INFO - epoch:1/25 iteration:1370/1377 batch loss is :0.0428
2025-06-24 12:21:31 - INFO - epoch:1/25 iteration:1375/1377 batch loss is :0.0990
2025-06-24 12:21:32 - INFO - Epoch:1/25 Loss is :0.0877
2025-06-24 12:23:54 - INFO - epoch:2/25 iteration:0/1377 batch loss is :0.0726
2025-06-24 12:24:06 - INFO - epoch:2/25 iteration:5/1377 batch loss is :0.0785
2025-06-24 12:24:12 - INFO - epoch:2/25 iteration:10/1377 batch loss is :0.1570
2025-06-24 12:24:19 - INFO - epoch:2/25 iteration:15/1377 batch loss is :0.0872
2025-06-24 12:24:25 - INFO - epoch:2/25 iteration:20/1377 batch loss is :0.0361
2025-06-24 12:24:32 - INFO - epoch:2/25 iteration:25/1377 batch loss is :0.0944
2025-06-24 12:24:38 - INFO - epoch:2/25 iteration:30/1377 batch loss is :0.0752
2025-06-24 12:24:45 - INFO - epoch:2/25 iteration:35/1377 batch loss is :0.0785
2025-06-24 12:24:51 - INFO - epoch:2/25 iteration:40/1377 batch loss is :0.0386
2025-06-24 12:24:58 - INFO - epoch:2/25 iteration:45/1377 batch loss is :0.0681
2025-06-24 12:25:04 - INFO - epoch:2/25 iteration:50/1377 batch loss is :0.0792
2025-06-24 12:25:11 - INFO - epoch:2/25 iteration:55/1377 batch loss is :0.1053
2025-06-24 12:25:18 - INFO - epoch:2/25 iteration:60/1377 batch loss is :0.1180
2025-06-24 12:25:24 - INFO - epoch:2/25 iteration:65/1377 batch loss is :0.0911
2025-06-24 12:25:31 - INFO - epoch:2/25 iteration:70/1377 batch loss is :0.0928
2025-06-24 12:25:37 - INFO - epoch:2/25 iteration:75/1377 batch loss is :0.0714
2025-06-24 12:25:44 - INFO - epoch:2/25 iteration:80/1377 batch loss is :0.0699
2025-06-24 12:25:50 - INFO - epoch:2/25 iteration:85/1377 batch loss is :0.0567
2025-06-24 12:25:56 - INFO - epoch:2/25 iteration:90/1377 batch loss is :0.0967
2025-06-24 12:26:03 - INFO - epoch:2/25 iteration:95/1377 batch loss is :0.0652
2025-06-24 12:26:09 - INFO - epoch:2/25 iteration:100/1377 batch loss is :0.0733
2025-06-24 12:26:16 - INFO - epoch:2/25 iteration:105/1377 batch loss is :0.0770
2025-06-24 12:26:22 - INFO - epoch:2/25 iteration:110/1377 batch loss is :0.0557
2025-06-24 12:26:29 - INFO - epoch:2/25 iteration:115/1377 batch loss is :0.0942
2025-06-24 12:26:35 - INFO - epoch:2/25 iteration:120/1377 batch loss is :0.0552
2025-06-24 12:26:42 - INFO - epoch:2/25 iteration:125/1377 batch loss is :0.0671
2025-06-24 12:26:48 - INFO - epoch:2/25 iteration:130/1377 batch loss is :0.0549
2025-06-24 12:26:55 - INFO - epoch:2/25 iteration:135/1377 batch loss is :0.0922
2025-06-24 12:27:01 - INFO - epoch:2/25 iteration:140/1377 batch loss is :0.0497
2025-06-24 12:27:08 - INFO - epoch:2/25 iteration:145/1377 batch loss is :0.0324
2025-06-24 12:27:14 - INFO - epoch:2/25 iteration:150/1377 batch loss is :0.0724
2025-06-24 12:27:21 - INFO - epoch:2/25 iteration:155/1377 batch loss is :0.1019
2025-06-24 12:27:27 - INFO - epoch:2/25 iteration:160/1377 batch loss is :0.0506
2025-06-24 12:27:34 - INFO - epoch:2/25 iteration:165/1377 batch loss is :0.0992
2025-06-24 12:27:40 - INFO - epoch:2/25 iteration:170/1377 batch loss is :0.0674
2025-06-24 12:27:47 - INFO - epoch:2/25 iteration:175/1377 batch loss is :0.0734
2025-06-24 12:27:53 - INFO - epoch:2/25 iteration:180/1377 batch loss is :0.0568
2025-06-24 12:27:59 - INFO - epoch:2/25 iteration:185/1377 batch loss is :0.0960
2025-06-24 12:28:06 - INFO - epoch:2/25 iteration:190/1377 batch loss is :0.0992
2025-06-24 12:28:12 - INFO - epoch:2/25 iteration:195/1377 batch loss is :0.0708
2025-06-24 12:28:19 - INFO - epoch:2/25 iteration:200/1377 batch loss is :0.1080
2025-06-24 12:28:25 - INFO - epoch:2/25 iteration:205/1377 batch loss is :0.1630
2025-06-24 12:28:32 - INFO - epoch:2/25 iteration:210/1377 batch loss is :0.0681
2025-06-24 12:28:38 - INFO - epoch:2/25 iteration:215/1377 batch loss is :0.0696
2025-06-24 12:28:44 - INFO - epoch:2/25 iteration:220/1377 batch loss is :0.0898
2025-06-24 12:28:51 - INFO - epoch:2/25 iteration:225/1377 batch loss is :0.0639
2025-06-24 12:28:57 - INFO - epoch:2/25 iteration:230/1377 batch loss is :0.0517
2025-06-24 12:29:04 - INFO - epoch:2/25 iteration:235/1377 batch loss is :0.0643
2025-06-24 12:29:10 - INFO - epoch:2/25 iteration:240/1377 batch loss is :0.0533
2025-06-24 12:29:17 - INFO - epoch:2/25 iteration:245/1377 batch loss is :0.0711
2025-06-24 12:29:23 - INFO - epoch:2/25 iteration:250/1377 batch loss is :0.0761
2025-06-24 12:29:29 - INFO - epoch:2/25 iteration:255/1377 batch loss is :0.0668
2025-06-24 12:29:36 - INFO - epoch:2/25 iteration:260/1377 batch loss is :0.0774
2025-06-24 12:29:42 - INFO - epoch:2/25 iteration:265/1377 batch loss is :0.0760
2025-06-24 12:29:49 - INFO - epoch:2/25 iteration:270/1377 batch loss is :0.0572
2025-06-24 12:29:55 - INFO - epoch:2/25 iteration:275/1377 batch loss is :0.0752
2025-06-24 12:30:02 - INFO - epoch:2/25 iteration:280/1377 batch loss is :0.0471
2025-06-24 12:30:08 - INFO - epoch:2/25 iteration:285/1377 batch loss is :0.1313
2025-06-24 12:30:15 - INFO - epoch:2/25 iteration:290/1377 batch loss is :0.0252
2025-06-24 12:30:22 - INFO - epoch:2/25 iteration:295/1377 batch loss is :0.0550
2025-06-24 12:30:29 - INFO - epoch:2/25 iteration:300/1377 batch loss is :0.0548
2025-06-24 12:30:36 - INFO - epoch:2/25 iteration:305/1377 batch loss is :0.0469
2025-06-24 12:30:43 - INFO - epoch:2/25 iteration:310/1377 batch loss is :0.0947
2025-06-24 12:30:50 - INFO - epoch:2/25 iteration:315/1377 batch loss is :0.0600
2025-06-24 12:30:56 - INFO - epoch:2/25 iteration:320/1377 batch loss is :0.1868
2025-06-24 12:31:03 - INFO - epoch:2/25 iteration:325/1377 batch loss is :0.0397
2025-06-24 12:31:09 - INFO - epoch:2/25 iteration:330/1377 batch loss is :0.0695
2025-06-24 12:31:16 - INFO - epoch:2/25 iteration:335/1377 batch loss is :0.0504
2025-06-24 12:31:22 - INFO - epoch:2/25 iteration:340/1377 batch loss is :0.1061
2025-06-24 12:31:29 - INFO - epoch:2/25 iteration:345/1377 batch loss is :0.1112
2025-06-24 12:31:35 - INFO - epoch:2/25 iteration:350/1377 batch loss is :0.1080
2025-06-24 12:31:42 - INFO - epoch:2/25 iteration:355/1377 batch loss is :0.2273
2025-06-24 12:31:48 - INFO - epoch:2/25 iteration:360/1377 batch loss is :0.0698
2025-06-24 12:31:55 - INFO - epoch:2/25 iteration:365/1377 batch loss is :0.0504
2025-06-24 12:32:01 - INFO - epoch:2/25 iteration:370/1377 batch loss is :0.0484
2025-06-24 12:32:07 - INFO - epoch:2/25 iteration:375/1377 batch loss is :0.0578
2025-06-24 12:32:14 - INFO - epoch:2/25 iteration:380/1377 batch loss is :0.0377
2025-06-24 12:32:20 - INFO - epoch:2/25 iteration:385/1377 batch loss is :0.0893
2025-06-24 12:32:27 - INFO - epoch:2/25 iteration:390/1377 batch loss is :0.0953
2025-06-24 12:32:33 - INFO - epoch:2/25 iteration:395/1377 batch loss is :0.0718
2025-06-24 12:32:40 - INFO - epoch:2/25 iteration:400/1377 batch loss is :0.0648
2025-06-24 12:32:46 - INFO - epoch:2/25 iteration:405/1377 batch loss is :0.0630
2025-06-24 12:32:53 - INFO - epoch:2/25 iteration:410/1377 batch loss is :0.1522
2025-06-24 12:32:59 - INFO - epoch:2/25 iteration:415/1377 batch loss is :0.1024
2025-06-24 12:33:06 - INFO - epoch:2/25 iteration:420/1377 batch loss is :0.0430
2025-06-24 12:33:12 - INFO - epoch:2/25 iteration:425/1377 batch loss is :0.0748
2025-06-24 12:33:18 - INFO - epoch:2/25 iteration:430/1377 batch loss is :0.1188
2025-06-24 12:33:25 - INFO - epoch:2/25 iteration:435/1377 batch loss is :0.1042
2025-06-24 12:33:31 - INFO - epoch:2/25 iteration:440/1377 batch loss is :0.0805
2025-06-24 12:33:38 - INFO - epoch:2/25 iteration:445/1377 batch loss is :0.1715
2025-06-24 12:33:44 - INFO - epoch:2/25 iteration:450/1377 batch loss is :0.1105
2025-06-24 12:33:51 - INFO - epoch:2/25 iteration:455/1377 batch loss is :0.1089
2025-06-24 12:33:57 - INFO - epoch:2/25 iteration:460/1377 batch loss is :0.0727
2025-06-24 12:34:03 - INFO - epoch:2/25 iteration:465/1377 batch loss is :0.0327
2025-06-24 12:34:10 - INFO - epoch:2/25 iteration:470/1377 batch loss is :0.0836
2025-06-24 12:34:16 - INFO - epoch:2/25 iteration:475/1377 batch loss is :0.0810
2025-06-24 12:34:23 - INFO - epoch:2/25 iteration:480/1377 batch loss is :0.1090
2025-06-24 12:34:29 - INFO - epoch:2/25 iteration:485/1377 batch loss is :0.1190
2025-06-24 12:34:36 - INFO - epoch:2/25 iteration:490/1377 batch loss is :0.0794
2025-06-24 12:34:42 - INFO - epoch:2/25 iteration:495/1377 batch loss is :0.0508
2025-06-24 12:34:49 - INFO - epoch:2/25 iteration:500/1377 batch loss is :0.0979
2025-06-24 12:34:55 - INFO - epoch:2/25 iteration:505/1377 batch loss is :0.0548
2025-06-24 12:35:01 - INFO - epoch:2/25 iteration:510/1377 batch loss is :0.2497
2025-06-24 12:35:08 - INFO - epoch:2/25 iteration:515/1377 batch loss is :0.0536
2025-06-24 12:35:14 - INFO - epoch:2/25 iteration:520/1377 batch loss is :0.0573
2025-06-24 12:35:21 - INFO - epoch:2/25 iteration:525/1377 batch loss is :0.0405
2025-06-24 12:35:27 - INFO - epoch:2/25 iteration:530/1377 batch loss is :0.0734
2025-06-24 12:35:34 - INFO - epoch:2/25 iteration:535/1377 batch loss is :0.0603
2025-06-24 12:35:40 - INFO - epoch:2/25 iteration:540/1377 batch loss is :0.1611
2025-06-24 12:35:46 - INFO - epoch:2/25 iteration:545/1377 batch loss is :0.0805
2025-06-24 12:35:53 - INFO - epoch:2/25 iteration:550/1377 batch loss is :0.0985
2025-06-24 12:35:59 - INFO - epoch:2/25 iteration:555/1377 batch loss is :0.1748
2025-06-24 12:36:06 - INFO - epoch:2/25 iteration:560/1377 batch loss is :0.0549
2025-06-24 12:36:12 - INFO - epoch:2/25 iteration:565/1377 batch loss is :0.0684
2025-06-24 12:36:19 - INFO - epoch:2/25 iteration:570/1377 batch loss is :0.0492
2025-06-24 12:36:25 - INFO - epoch:2/25 iteration:575/1377 batch loss is :0.2111
2025-06-24 12:36:31 - INFO - epoch:2/25 iteration:580/1377 batch loss is :0.0780
2025-06-24 12:36:38 - INFO - epoch:2/25 iteration:585/1377 batch loss is :0.0749
2025-06-24 12:36:44 - INFO - epoch:2/25 iteration:590/1377 batch loss is :0.0920
2025-06-24 12:36:51 - INFO - epoch:2/25 iteration:595/1377 batch loss is :0.0727
2025-06-24 12:36:57 - INFO - epoch:2/25 iteration:600/1377 batch loss is :0.0938
2025-06-24 12:37:03 - INFO - epoch:2/25 iteration:605/1377 batch loss is :0.1116
2025-06-24 12:37:10 - INFO - epoch:2/25 iteration:610/1377 batch loss is :0.0616
2025-06-24 12:37:16 - INFO - epoch:2/25 iteration:615/1377 batch loss is :0.0857
2025-06-24 12:37:23 - INFO - epoch:2/25 iteration:620/1377 batch loss is :0.1297
2025-06-24 12:37:29 - INFO - epoch:2/25 iteration:625/1377 batch loss is :0.0490
2025-06-24 12:37:36 - INFO - epoch:2/25 iteration:630/1377 batch loss is :0.0791
2025-06-24 12:37:42 - INFO - epoch:2/25 iteration:635/1377 batch loss is :0.0591
2025-06-24 12:37:48 - INFO - epoch:2/25 iteration:640/1377 batch loss is :0.0915
2025-06-24 12:37:55 - INFO - epoch:2/25 iteration:645/1377 batch loss is :0.0917
2025-06-24 12:38:01 - INFO - epoch:2/25 iteration:650/1377 batch loss is :0.0629
2025-06-24 12:38:08 - INFO - epoch:2/25 iteration:655/1377 batch loss is :0.0557
2025-06-24 12:38:14 - INFO - epoch:2/25 iteration:660/1377 batch loss is :0.0689
2025-06-24 12:38:20 - INFO - epoch:2/25 iteration:665/1377 batch loss is :0.0566
2025-06-24 12:38:27 - INFO - epoch:2/25 iteration:670/1377 batch loss is :0.0459
2025-06-24 12:38:33 - INFO - epoch:2/25 iteration:675/1377 batch loss is :0.1077
2025-06-24 12:38:40 - INFO - epoch:2/25 iteration:680/1377 batch loss is :0.0513
2025-06-24 12:38:46 - INFO - epoch:2/25 iteration:685/1377 batch loss is :0.0689
2025-06-24 12:38:53 - INFO - epoch:2/25 iteration:690/1377 batch loss is :0.0467
2025-06-24 12:38:59 - INFO - epoch:2/25 iteration:695/1377 batch loss is :0.0729
2025-06-24 12:39:06 - INFO - epoch:2/25 iteration:700/1377 batch loss is :0.0593
2025-06-24 12:39:12 - INFO - epoch:2/25 iteration:705/1377 batch loss is :0.1115
2025-06-24 12:39:19 - INFO - epoch:2/25 iteration:710/1377 batch loss is :0.0943
2025-06-24 12:39:25 - INFO - epoch:2/25 iteration:715/1377 batch loss is :0.1861
2025-06-24 12:39:31 - INFO - epoch:2/25 iteration:720/1377 batch loss is :0.0694
2025-06-24 12:39:38 - INFO - epoch:2/25 iteration:725/1377 batch loss is :0.0393
2025-06-24 12:39:44 - INFO - epoch:2/25 iteration:730/1377 batch loss is :0.0989
2025-06-24 12:39:51 - INFO - epoch:2/25 iteration:735/1377 batch loss is :0.0486
2025-06-24 12:39:57 - INFO - epoch:2/25 iteration:740/1377 batch loss is :0.0561
2025-06-24 12:40:04 - INFO - epoch:2/25 iteration:745/1377 batch loss is :0.1383
2025-06-24 12:40:10 - INFO - epoch:2/25 iteration:750/1377 batch loss is :0.1028
2025-06-24 12:40:16 - INFO - epoch:2/25 iteration:755/1377 batch loss is :0.1152
2025-06-24 12:40:23 - INFO - epoch:2/25 iteration:760/1377 batch loss is :0.1200
2025-06-24 12:40:29 - INFO - epoch:2/25 iteration:765/1377 batch loss is :0.0640
2025-06-24 12:40:36 - INFO - epoch:2/25 iteration:770/1377 batch loss is :0.0598
2025-06-24 12:40:42 - INFO - epoch:2/25 iteration:775/1377 batch loss is :0.0908
2025-06-24 12:40:49 - INFO - epoch:2/25 iteration:780/1377 batch loss is :0.1210
2025-06-24 12:40:55 - INFO - epoch:2/25 iteration:785/1377 batch loss is :0.0513
2025-06-24 12:41:02 - INFO - epoch:2/25 iteration:790/1377 batch loss is :0.0838
2025-06-24 12:41:08 - INFO - epoch:2/25 iteration:795/1377 batch loss is :0.0569
2025-06-24 12:41:15 - INFO - epoch:2/25 iteration:800/1377 batch loss is :0.0709
2025-06-24 12:41:21 - INFO - epoch:2/25 iteration:805/1377 batch loss is :0.0551
2025-06-24 12:41:28 - INFO - epoch:2/25 iteration:810/1377 batch loss is :0.0433
2025-06-24 12:41:35 - INFO - epoch:2/25 iteration:815/1377 batch loss is :0.0561
2025-06-24 12:41:42 - INFO - epoch:2/25 iteration:820/1377 batch loss is :0.0400
2025-06-24 12:41:49 - INFO - epoch:2/25 iteration:825/1377 batch loss is :0.1260
2025-06-24 12:41:56 - INFO - epoch:2/25 iteration:830/1377 batch loss is :0.0581
2025-06-24 12:42:03 - INFO - epoch:2/25 iteration:835/1377 batch loss is :0.0840
2025-06-24 12:42:10 - INFO - epoch:2/25 iteration:840/1377 batch loss is :0.0499
2025-06-24 12:42:16 - INFO - epoch:2/25 iteration:845/1377 batch loss is :0.0577
2025-06-24 12:42:23 - INFO - epoch:2/25 iteration:850/1377 batch loss is :0.0738
2025-06-24 12:42:30 - INFO - epoch:2/25 iteration:855/1377 batch loss is :0.0888
2025-06-24 12:42:37 - INFO - epoch:2/25 iteration:860/1377 batch loss is :0.0341
2025-06-24 12:42:44 - INFO - epoch:2/25 iteration:865/1377 batch loss is :0.0438
2025-06-24 12:42:50 - INFO - epoch:2/25 iteration:870/1377 batch loss is :0.0694
2025-06-24 12:42:57 - INFO - epoch:2/25 iteration:875/1377 batch loss is :0.0726
2025-06-24 12:43:03 - INFO - epoch:2/25 iteration:880/1377 batch loss is :0.0986
2025-06-24 12:43:10 - INFO - epoch:2/25 iteration:885/1377 batch loss is :0.0556
2025-06-24 12:43:17 - INFO - epoch:2/25 iteration:890/1377 batch loss is :0.0900
2025-06-24 12:43:23 - INFO - epoch:2/25 iteration:895/1377 batch loss is :0.0744
2025-06-24 12:43:30 - INFO - epoch:2/25 iteration:900/1377 batch loss is :0.0628
2025-06-24 12:43:36 - INFO - epoch:2/25 iteration:905/1377 batch loss is :0.0545
2025-06-24 12:43:43 - INFO - epoch:2/25 iteration:910/1377 batch loss is :0.0981
2025-06-24 12:43:49 - INFO - epoch:2/25 iteration:915/1377 batch loss is :0.0665
2025-06-24 12:43:55 - INFO - epoch:2/25 iteration:920/1377 batch loss is :0.0898
2025-06-24 12:44:02 - INFO - epoch:2/25 iteration:925/1377 batch loss is :0.0401
2025-06-24 12:44:09 - INFO - epoch:2/25 iteration:930/1377 batch loss is :0.0391
2025-06-24 12:44:15 - INFO - epoch:2/25 iteration:935/1377 batch loss is :0.0628
2025-06-24 12:44:22 - INFO - epoch:2/25 iteration:940/1377 batch loss is :0.1402
2025-06-24 12:44:28 - INFO - epoch:2/25 iteration:945/1377 batch loss is :0.0667
2025-06-24 12:44:35 - INFO - epoch:2/25 iteration:950/1377 batch loss is :0.0636
2025-06-24 12:44:41 - INFO - epoch:2/25 iteration:955/1377 batch loss is :0.1432
2025-06-24 12:44:48 - INFO - epoch:2/25 iteration:960/1377 batch loss is :0.0454
2025-06-24 12:44:54 - INFO - epoch:2/25 iteration:965/1377 batch loss is :0.0545
2025-06-24 12:45:01 - INFO - epoch:2/25 iteration:970/1377 batch loss is :0.0437
2025-06-24 12:45:08 - INFO - epoch:2/25 iteration:975/1377 batch loss is :0.0813
2025-06-24 12:45:14 - INFO - epoch:2/25 iteration:980/1377 batch loss is :0.0675
2025-06-24 12:45:21 - INFO - epoch:2/25 iteration:985/1377 batch loss is :0.1027
2025-06-24 12:45:27 - INFO - epoch:2/25 iteration:990/1377 batch loss is :0.1393
2025-06-24 12:45:34 - INFO - epoch:2/25 iteration:995/1377 batch loss is :0.0562
2025-06-24 12:45:40 - INFO - epoch:2/25 iteration:1000/1377 batch loss is :0.1181
2025-06-24 12:45:47 - INFO - epoch:2/25 iteration:1005/1377 batch loss is :0.0561
2025-06-24 12:45:54 - INFO - epoch:2/25 iteration:1010/1377 batch loss is :0.0703
2025-06-24 12:46:01 - INFO - epoch:2/25 iteration:1015/1377 batch loss is :0.0358
2025-06-24 12:46:08 - INFO - epoch:2/25 iteration:1020/1377 batch loss is :0.0454
2025-06-24 12:46:15 - INFO - epoch:2/25 iteration:1025/1377 batch loss is :0.0669
2025-06-24 12:46:21 - INFO - epoch:2/25 iteration:1030/1377 batch loss is :0.0860
2025-06-24 12:46:28 - INFO - epoch:2/25 iteration:1035/1377 batch loss is :0.1158
2025-06-24 12:46:34 - INFO - epoch:2/25 iteration:1040/1377 batch loss is :0.0656
2025-06-24 12:46:41 - INFO - epoch:2/25 iteration:1045/1377 batch loss is :0.0732
2025-06-24 12:46:47 - INFO - epoch:2/25 iteration:1050/1377 batch loss is :0.0733
2025-06-24 12:46:54 - INFO - epoch:2/25 iteration:1055/1377 batch loss is :0.0585
2025-06-24 12:47:00 - INFO - epoch:2/25 iteration:1060/1377 batch loss is :0.0912
2025-06-24 12:47:06 - INFO - epoch:2/25 iteration:1065/1377 batch loss is :0.1088
2025-06-24 12:47:13 - INFO - epoch:2/25 iteration:1070/1377 batch loss is :0.0728
2025-06-24 12:47:19 - INFO - epoch:2/25 iteration:1075/1377 batch loss is :0.0988
2025-06-24 12:47:26 - INFO - epoch:2/25 iteration:1080/1377 batch loss is :0.0619
2025-06-24 12:47:32 - INFO - epoch:2/25 iteration:1085/1377 batch loss is :0.1516
2025-06-24 12:47:39 - INFO - epoch:2/25 iteration:1090/1377 batch loss is :0.0582
2025-06-24 12:47:45 - INFO - epoch:2/25 iteration:1095/1377 batch loss is :0.0490
2025-06-24 12:47:52 - INFO - epoch:2/25 iteration:1100/1377 batch loss is :0.1218
2025-06-24 12:47:58 - INFO - epoch:2/25 iteration:1105/1377 batch loss is :0.0678
2025-06-24 12:48:05 - INFO - epoch:2/25 iteration:1110/1377 batch loss is :0.1254
2025-06-24 12:48:11 - INFO - epoch:2/25 iteration:1115/1377 batch loss is :0.0333
2025-06-24 12:48:18 - INFO - epoch:2/25 iteration:1120/1377 batch loss is :0.1108
2025-06-24 12:48:25 - INFO - epoch:2/25 iteration:1125/1377 batch loss is :0.0845
2025-06-24 12:48:31 - INFO - epoch:2/25 iteration:1130/1377 batch loss is :0.1256
2025-06-24 12:48:38 - INFO - epoch:2/25 iteration:1135/1377 batch loss is :0.0949
2025-06-24 12:48:44 - INFO - epoch:2/25 iteration:1140/1377 batch loss is :0.0806
2025-06-24 12:48:50 - INFO - epoch:2/25 iteration:1145/1377 batch loss is :0.0707
2025-06-24 12:48:57 - INFO - epoch:2/25 iteration:1150/1377 batch loss is :0.0741
2025-06-24 12:49:03 - INFO - epoch:2/25 iteration:1155/1377 batch loss is :0.0713
2025-06-24 12:49:10 - INFO - epoch:2/25 iteration:1160/1377 batch loss is :0.0556
2025-06-24 12:49:16 - INFO - epoch:2/25 iteration:1165/1377 batch loss is :0.0469
2025-06-24 12:49:23 - INFO - epoch:2/25 iteration:1170/1377 batch loss is :0.0593
2025-06-24 12:49:29 - INFO - epoch:2/25 iteration:1175/1377 batch loss is :0.1212
2025-06-24 12:49:36 - INFO - epoch:2/25 iteration:1180/1377 batch loss is :0.0586
2025-06-24 12:49:42 - INFO - epoch:2/25 iteration:1185/1377 batch loss is :0.0838
2025-06-24 12:49:49 - INFO - epoch:2/25 iteration:1190/1377 batch loss is :0.0626
2025-06-24 12:49:55 - INFO - epoch:2/25 iteration:1195/1377 batch loss is :0.1342
2025-06-24 12:50:01 - INFO - epoch:2/25 iteration:1200/1377 batch loss is :0.1148
2025-06-24 12:50:08 - INFO - epoch:2/25 iteration:1205/1377 batch loss is :0.1131
2025-06-24 12:50:14 - INFO - epoch:2/25 iteration:1210/1377 batch loss is :0.0779
2025-06-24 12:50:21 - INFO - epoch:2/25 iteration:1215/1377 batch loss is :0.0878
2025-06-24 12:50:27 - INFO - epoch:2/25 iteration:1220/1377 batch loss is :0.0835
2025-06-24 12:50:34 - INFO - epoch:2/25 iteration:1225/1377 batch loss is :0.0581
2025-06-24 12:50:40 - INFO - epoch:2/25 iteration:1230/1377 batch loss is :0.0805
2025-06-24 12:50:47 - INFO - epoch:2/25 iteration:1235/1377 batch loss is :0.0575
2025-06-24 12:50:53 - INFO - epoch:2/25 iteration:1240/1377 batch loss is :0.0745
2025-06-24 12:51:00 - INFO - epoch:2/25 iteration:1245/1377 batch loss is :0.1064
2025-06-24 12:51:06 - INFO - epoch:2/25 iteration:1250/1377 batch loss is :0.0819
2025-06-24 12:51:12 - INFO - epoch:2/25 iteration:1255/1377 batch loss is :0.0401
2025-06-24 12:51:19 - INFO - epoch:2/25 iteration:1260/1377 batch loss is :0.0849
2025-06-24 12:51:25 - INFO - epoch:2/25 iteration:1265/1377 batch loss is :0.0858
2025-06-24 12:51:32 - INFO - epoch:2/25 iteration:1270/1377 batch loss is :0.0589
2025-06-24 12:51:38 - INFO - epoch:2/25 iteration:1275/1377 batch loss is :0.0670
2025-06-24 12:51:45 - INFO - epoch:2/25 iteration:1280/1377 batch loss is :0.1822
2025-06-24 12:51:51 - INFO - epoch:2/25 iteration:1285/1377 batch loss is :0.0836
2025-06-24 12:51:58 - INFO - epoch:2/25 iteration:1290/1377 batch loss is :0.0923
2025-06-24 12:52:04 - INFO - epoch:2/25 iteration:1295/1377 batch loss is :0.0390
2025-06-24 12:52:10 - INFO - epoch:2/25 iteration:1300/1377 batch loss is :0.0925
2025-06-24 12:52:17 - INFO - epoch:2/25 iteration:1305/1377 batch loss is :0.0778
2025-06-24 12:52:23 - INFO - epoch:2/25 iteration:1310/1377 batch loss is :0.0298
2025-06-24 12:52:30 - INFO - epoch:2/25 iteration:1315/1377 batch loss is :0.0798
2025-06-24 12:52:36 - INFO - epoch:2/25 iteration:1320/1377 batch loss is :0.0624
2025-06-24 12:52:43 - INFO - epoch:2/25 iteration:1325/1377 batch loss is :0.0672
2025-06-24 12:52:49 - INFO - epoch:2/25 iteration:1330/1377 batch loss is :0.0454
2025-06-24 12:52:56 - INFO - epoch:2/25 iteration:1335/1377 batch loss is :0.0842
2025-06-24 12:53:02 - INFO - epoch:2/25 iteration:1340/1377 batch loss is :0.0820
2025-06-24 12:53:08 - INFO - epoch:2/25 iteration:1345/1377 batch loss is :0.0783
2025-06-24 12:53:15 - INFO - epoch:2/25 iteration:1350/1377 batch loss is :0.0862
2025-06-24 12:53:21 - INFO - epoch:2/25 iteration:1355/1377 batch loss is :0.0647
2025-06-24 12:53:27 - INFO - epoch:2/25 iteration:1360/1377 batch loss is :0.0552
2025-06-24 12:53:34 - INFO - epoch:2/25 iteration:1365/1377 batch loss is :0.0592
2025-06-24 12:53:40 - INFO - epoch:2/25 iteration:1370/1377 batch loss is :0.0477
2025-06-24 12:53:46 - INFO - epoch:2/25 iteration:1375/1377 batch loss is :0.0911
2025-06-24 12:53:47 - INFO - Epoch:2/25 Loss is :0.0820
2025-06-24 12:56:29 - INFO - epoch:3/25 iteration:0/1377 batch loss is :0.0726
2025-06-24 12:56:35 - INFO - epoch:3/25 iteration:5/1377 batch loss is :0.0758
2025-06-24 12:56:42 - INFO - epoch:3/25 iteration:10/1377 batch loss is :0.0548
2025-06-24 12:56:49 - INFO - epoch:3/25 iteration:15/1377 batch loss is :0.0478
2025-06-24 12:56:56 - INFO - epoch:3/25 iteration:20/1377 batch loss is :0.0332
2025-06-24 12:57:02 - INFO - epoch:3/25 iteration:25/1377 batch loss is :0.0236
2025-06-24 12:57:09 - INFO - epoch:3/25 iteration:30/1377 batch loss is :0.1197
2025-06-24 12:57:15 - INFO - epoch:3/25 iteration:35/1377 batch loss is :0.0272
2025-06-24 12:57:21 - INFO - epoch:3/25 iteration:40/1377 batch loss is :0.0416
2025-06-24 12:57:28 - INFO - epoch:3/25 iteration:45/1377 batch loss is :0.0855
2025-06-24 12:57:34 - INFO - epoch:3/25 iteration:50/1377 batch loss is :0.0453
2025-06-24 12:57:41 - INFO - epoch:3/25 iteration:55/1377 batch loss is :0.1181
2025-06-24 12:57:47 - INFO - epoch:3/25 iteration:60/1377 batch loss is :0.1786
2025-06-24 12:57:53 - INFO - epoch:3/25 iteration:65/1377 batch loss is :0.0934
2025-06-24 12:58:00 - INFO - epoch:3/25 iteration:70/1377 batch loss is :0.1044
2025-06-24 12:58:06 - INFO - epoch:3/25 iteration:75/1377 batch loss is :0.0680
2025-06-24 12:58:12 - INFO - epoch:3/25 iteration:80/1377 batch loss is :0.0324
2025-06-24 12:58:19 - INFO - epoch:3/25 iteration:85/1377 batch loss is :0.0589
2025-06-24 12:58:25 - INFO - epoch:3/25 iteration:90/1377 batch loss is :0.0628
2025-06-24 12:58:31 - INFO - epoch:3/25 iteration:95/1377 batch loss is :0.0683
2025-06-24 12:58:38 - INFO - epoch:3/25 iteration:100/1377 batch loss is :0.0665
2025-06-24 12:58:44 - INFO - epoch:3/25 iteration:105/1377 batch loss is :0.0392
2025-06-24 12:58:50 - INFO - epoch:3/25 iteration:110/1377 batch loss is :0.0586
2025-06-24 12:58:57 - INFO - epoch:3/25 iteration:115/1377 batch loss is :0.1274
2025-06-24 12:59:03 - INFO - epoch:3/25 iteration:120/1377 batch loss is :0.0717
2025-06-24 12:59:10 - INFO - epoch:3/25 iteration:125/1377 batch loss is :0.0638
2025-06-24 12:59:16 - INFO - epoch:3/25 iteration:130/1377 batch loss is :0.0695
2025-06-24 12:59:22 - INFO - epoch:3/25 iteration:135/1377 batch loss is :0.0656
2025-06-24 12:59:29 - INFO - epoch:3/25 iteration:140/1377 batch loss is :0.0966
2025-06-24 12:59:35 - INFO - epoch:3/25 iteration:145/1377 batch loss is :0.1506
2025-06-24 12:59:41 - INFO - epoch:3/25 iteration:150/1377 batch loss is :0.1486
2025-06-24 12:59:48 - INFO - epoch:3/25 iteration:155/1377 batch loss is :0.0976
2025-06-24 12:59:54 - INFO - epoch:3/25 iteration:160/1377 batch loss is :0.0884
2025-06-24 13:00:01 - INFO - epoch:3/25 iteration:165/1377 batch loss is :0.0831
2025-06-24 13:00:07 - INFO - epoch:3/25 iteration:170/1377 batch loss is :0.0864
2025-06-24 13:00:13 - INFO - epoch:3/25 iteration:175/1377 batch loss is :0.0631
2025-06-24 13:00:20 - INFO - epoch:3/25 iteration:180/1377 batch loss is :0.0606
2025-06-24 13:00:26 - INFO - epoch:3/25 iteration:185/1377 batch loss is :0.0810
2025-06-24 13:00:32 - INFO - epoch:3/25 iteration:190/1377 batch loss is :0.0507
2025-06-24 13:00:39 - INFO - epoch:3/25 iteration:195/1377 batch loss is :0.0847
2025-06-24 13:00:45 - INFO - epoch:3/25 iteration:200/1377 batch loss is :0.0752
2025-06-24 13:00:52 - INFO - epoch:3/25 iteration:205/1377 batch loss is :0.0359
2025-06-24 13:00:58 - INFO - epoch:3/25 iteration:210/1377 batch loss is :0.0691
2025-06-24 13:01:04 - INFO - epoch:3/25 iteration:215/1377 batch loss is :0.2031
2025-06-24 13:01:11 - INFO - epoch:3/25 iteration:220/1377 batch loss is :0.0592
2025-06-24 13:01:17 - INFO - epoch:3/25 iteration:225/1377 batch loss is :0.0680
2025-06-24 13:01:24 - INFO - epoch:3/25 iteration:230/1377 batch loss is :0.1373
2025-06-24 13:01:30 - INFO - epoch:3/25 iteration:235/1377 batch loss is :0.0598
2025-06-24 13:01:36 - INFO - epoch:3/25 iteration:240/1377 batch loss is :0.0806
2025-06-24 13:01:43 - INFO - epoch:3/25 iteration:245/1377 batch loss is :0.0849
2025-06-24 13:01:49 - INFO - epoch:3/25 iteration:250/1377 batch loss is :0.0638
2025-06-24 13:01:55 - INFO - epoch:3/25 iteration:255/1377 batch loss is :0.0606
2025-06-24 13:02:02 - INFO - epoch:3/25 iteration:260/1377 batch loss is :0.1180
2025-06-24 13:02:08 - INFO - epoch:3/25 iteration:265/1377 batch loss is :0.0602
2025-06-24 13:02:14 - INFO - epoch:3/25 iteration:270/1377 batch loss is :0.0716
2025-06-24 13:02:21 - INFO - epoch:3/25 iteration:275/1377 batch loss is :0.0592
2025-06-24 13:02:27 - INFO - epoch:3/25 iteration:280/1377 batch loss is :0.0831
2025-06-24 13:02:34 - INFO - epoch:3/25 iteration:285/1377 batch loss is :0.0777
2025-06-24 13:02:40 - INFO - epoch:3/25 iteration:290/1377 batch loss is :0.1290
2025-06-24 13:02:46 - INFO - epoch:3/25 iteration:295/1377 batch loss is :0.0625
2025-06-24 13:02:53 - INFO - epoch:3/25 iteration:300/1377 batch loss is :0.0622
2025-06-24 13:02:59 - INFO - epoch:3/25 iteration:305/1377 batch loss is :0.0616
2025-06-24 13:03:05 - INFO - epoch:3/25 iteration:310/1377 batch loss is :0.0732
2025-06-24 13:03:12 - INFO - epoch:3/25 iteration:315/1377 batch loss is :0.0611
2025-06-24 13:03:18 - INFO - epoch:3/25 iteration:320/1377 batch loss is :0.0446
2025-06-24 13:03:25 - INFO - epoch:3/25 iteration:325/1377 batch loss is :0.0609
2025-06-24 13:03:31 - INFO - epoch:3/25 iteration:330/1377 batch loss is :0.0326
2025-06-24 13:03:37 - INFO - epoch:3/25 iteration:335/1377 batch loss is :0.0615
2025-06-24 13:03:44 - INFO - epoch:3/25 iteration:340/1377 batch loss is :0.0556
2025-06-24 13:03:50 - INFO - epoch:3/25 iteration:345/1377 batch loss is :0.0651
2025-06-24 13:03:56 - INFO - epoch:3/25 iteration:350/1377 batch loss is :0.0835
2025-06-24 13:04:03 - INFO - epoch:3/25 iteration:355/1377 batch loss is :0.0428
2025-06-24 13:04:09 - INFO - epoch:3/25 iteration:360/1377 batch loss is :0.0836
2025-06-24 13:04:15 - INFO - epoch:3/25 iteration:365/1377 batch loss is :0.0635
2025-06-24 13:04:22 - INFO - epoch:3/25 iteration:370/1377 batch loss is :0.1015
2025-06-24 13:04:28 - INFO - epoch:3/25 iteration:375/1377 batch loss is :0.1012
2025-06-24 13:04:35 - INFO - epoch:3/25 iteration:380/1377 batch loss is :0.0751
2025-06-24 13:04:41 - INFO - epoch:3/25 iteration:385/1377 batch loss is :0.1039
2025-06-24 13:04:47 - INFO - epoch:3/25 iteration:390/1377 batch loss is :0.0790
2025-06-24 13:04:54 - INFO - epoch:3/25 iteration:395/1377 batch loss is :0.1111
2025-06-24 13:05:00 - INFO - epoch:3/25 iteration:400/1377 batch loss is :0.2446
2025-06-24 13:05:06 - INFO - epoch:3/25 iteration:405/1377 batch loss is :0.0557
2025-06-24 13:05:13 - INFO - epoch:3/25 iteration:410/1377 batch loss is :0.0490
2025-06-24 13:05:19 - INFO - epoch:3/25 iteration:415/1377 batch loss is :0.0640
2025-06-24 13:05:25 - INFO - epoch:3/25 iteration:420/1377 batch loss is :0.0519
2025-06-24 13:05:32 - INFO - epoch:3/25 iteration:425/1377 batch loss is :0.0894
2025-06-24 13:05:38 - INFO - epoch:3/25 iteration:430/1377 batch loss is :0.0448
2025-06-24 13:05:45 - INFO - epoch:3/25 iteration:435/1377 batch loss is :0.0387
2025-06-24 13:05:51 - INFO - epoch:3/25 iteration:440/1377 batch loss is :0.1014
2025-06-24 13:05:57 - INFO - epoch:3/25 iteration:445/1377 batch loss is :0.0450
2025-06-24 13:06:04 - INFO - epoch:3/25 iteration:450/1377 batch loss is :0.1217
2025-06-24 13:06:10 - INFO - epoch:3/25 iteration:455/1377 batch loss is :0.0934
2025-06-24 13:06:17 - INFO - epoch:3/25 iteration:460/1377 batch loss is :0.0518
2025-06-24 13:06:23 - INFO - epoch:3/25 iteration:465/1377 batch loss is :0.1163
2025-06-24 13:06:29 - INFO - epoch:3/25 iteration:470/1377 batch loss is :0.0661
2025-06-24 13:06:36 - INFO - epoch:3/25 iteration:475/1377 batch loss is :0.1052
2025-06-24 13:06:42 - INFO - epoch:3/25 iteration:480/1377 batch loss is :0.0745
2025-06-24 13:06:49 - INFO - epoch:3/25 iteration:485/1377 batch loss is :0.2005
2025-06-24 13:06:55 - INFO - epoch:3/25 iteration:490/1377 batch loss is :0.0681
2025-06-24 13:07:01 - INFO - epoch:3/25 iteration:495/1377 batch loss is :0.1063
2025-06-24 13:07:08 - INFO - epoch:3/25 iteration:500/1377 batch loss is :0.0947
2025-06-24 13:07:14 - INFO - epoch:3/25 iteration:505/1377 batch loss is :0.0790
2025-06-24 13:07:21 - INFO - epoch:3/25 iteration:510/1377 batch loss is :0.0483
2025-06-24 13:07:27 - INFO - epoch:3/25 iteration:515/1377 batch loss is :0.0663
2025-06-24 13:07:33 - INFO - epoch:3/25 iteration:520/1377 batch loss is :0.0744
2025-06-24 13:07:40 - INFO - epoch:3/25 iteration:525/1377 batch loss is :0.0324
2025-06-24 13:07:46 - INFO - epoch:3/25 iteration:530/1377 batch loss is :0.0845
2025-06-24 13:07:53 - INFO - epoch:3/25 iteration:535/1377 batch loss is :0.0432
2025-06-24 13:07:59 - INFO - epoch:3/25 iteration:540/1377 batch loss is :0.0375
2025-06-24 13:08:05 - INFO - epoch:3/25 iteration:545/1377 batch loss is :0.0585
2025-06-24 13:08:12 - INFO - epoch:3/25 iteration:550/1377 batch loss is :0.0353
2025-06-24 13:08:18 - INFO - epoch:3/25 iteration:555/1377 batch loss is :0.0548
2025-06-24 13:08:24 - INFO - epoch:3/25 iteration:560/1377 batch loss is :0.0464
2025-06-24 13:08:31 - INFO - epoch:3/25 iteration:565/1377 batch loss is :0.1436
2025-06-24 13:08:37 - INFO - epoch:3/25 iteration:570/1377 batch loss is :0.0639
2025-06-24 13:08:43 - INFO - epoch:3/25 iteration:575/1377 batch loss is :0.0629
2025-06-24 13:08:50 - INFO - epoch:3/25 iteration:580/1377 batch loss is :0.1020
2025-06-24 13:08:56 - INFO - epoch:3/25 iteration:585/1377 batch loss is :0.0599
2025-06-24 13:09:03 - INFO - epoch:3/25 iteration:590/1377 batch loss is :0.0669
2025-06-24 13:09:09 - INFO - epoch:3/25 iteration:595/1377 batch loss is :0.0706
2025-06-24 13:09:15 - INFO - epoch:3/25 iteration:600/1377 batch loss is :0.0726
2025-06-24 13:09:22 - INFO - epoch:3/25 iteration:605/1377 batch loss is :0.0545
2025-06-24 13:09:28 - INFO - epoch:3/25 iteration:610/1377 batch loss is :0.0460
2025-06-24 13:09:35 - INFO - epoch:3/25 iteration:615/1377 batch loss is :0.2565
2025-06-24 13:09:41 - INFO - epoch:3/25 iteration:620/1377 batch loss is :0.0786
2025-06-24 13:09:47 - INFO - epoch:3/25 iteration:625/1377 batch loss is :0.0839
2025-06-24 13:09:54 - INFO - epoch:3/25 iteration:630/1377 batch loss is :0.0375
2025-06-24 13:10:00 - INFO - epoch:3/25 iteration:635/1377 batch loss is :0.0538
2025-06-24 13:10:06 - INFO - epoch:3/25 iteration:640/1377 batch loss is :0.0415
2025-06-24 13:10:13 - INFO - epoch:3/25 iteration:645/1377 batch loss is :0.0492
2025-06-24 13:10:19 - INFO - epoch:3/25 iteration:650/1377 batch loss is :0.0743
2025-06-24 13:10:26 - INFO - epoch:3/25 iteration:655/1377 batch loss is :0.1415
2025-06-24 13:10:32 - INFO - epoch:3/25 iteration:660/1377 batch loss is :0.0793
2025-06-24 13:10:38 - INFO - epoch:3/25 iteration:665/1377 batch loss is :0.0686
2025-06-24 13:10:45 - INFO - epoch:3/25 iteration:670/1377 batch loss is :0.0379
2025-06-24 13:10:51 - INFO - epoch:3/25 iteration:675/1377 batch loss is :0.0245
2025-06-24 13:10:58 - INFO - epoch:3/25 iteration:680/1377 batch loss is :0.1007
2025-06-24 13:11:04 - INFO - epoch:3/25 iteration:685/1377 batch loss is :0.0435
2025-06-24 13:11:10 - INFO - epoch:3/25 iteration:690/1377 batch loss is :0.0983
2025-06-24 13:11:17 - INFO - epoch:3/25 iteration:695/1377 batch loss is :0.0512
2025-06-24 13:11:23 - INFO - epoch:3/25 iteration:700/1377 batch loss is :0.1197
2025-06-24 13:11:30 - INFO - epoch:3/25 iteration:705/1377 batch loss is :0.0763
2025-06-24 13:11:36 - INFO - epoch:3/25 iteration:710/1377 batch loss is :0.0968
2025-06-24 13:11:42 - INFO - epoch:3/25 iteration:715/1377 batch loss is :0.0736
2025-06-24 13:11:49 - INFO - epoch:3/25 iteration:720/1377 batch loss is :0.0488
2025-06-24 13:11:55 - INFO - epoch:3/25 iteration:725/1377 batch loss is :0.0841
2025-06-24 13:12:01 - INFO - epoch:3/25 iteration:730/1377 batch loss is :0.0699
2025-06-24 13:12:08 - INFO - epoch:3/25 iteration:735/1377 batch loss is :0.0697
2025-06-24 13:12:14 - INFO - epoch:3/25 iteration:740/1377 batch loss is :0.0878
2025-06-24 13:12:20 - INFO - epoch:3/25 iteration:745/1377 batch loss is :0.0716
2025-06-24 13:12:27 - INFO - epoch:3/25 iteration:750/1377 batch loss is :0.0652
2025-06-24 13:12:33 - INFO - epoch:3/25 iteration:755/1377 batch loss is :0.0977
2025-06-24 13:12:39 - INFO - epoch:3/25 iteration:760/1377 batch loss is :0.0378
2025-06-24 13:12:46 - INFO - epoch:3/25 iteration:765/1377 batch loss is :0.0736
2025-06-24 13:12:52 - INFO - epoch:3/25 iteration:770/1377 batch loss is :0.1007
2025-06-24 13:12:59 - INFO - epoch:3/25 iteration:775/1377 batch loss is :0.0280
2025-06-24 13:13:05 - INFO - epoch:3/25 iteration:780/1377 batch loss is :0.0722
2025-06-24 13:13:12 - INFO - epoch:3/25 iteration:785/1377 batch loss is :0.0671
2025-06-24 13:13:18 - INFO - epoch:3/25 iteration:790/1377 batch loss is :0.0375
2025-06-24 13:13:25 - INFO - epoch:3/25 iteration:795/1377 batch loss is :0.0658
2025-06-24 13:13:31 - INFO - epoch:3/25 iteration:800/1377 batch loss is :0.0902
2025-06-24 13:13:38 - INFO - epoch:3/25 iteration:805/1377 batch loss is :0.0451
2025-06-24 13:13:44 - INFO - epoch:3/25 iteration:810/1377 batch loss is :0.0543
2025-06-24 13:13:51 - INFO - epoch:3/25 iteration:815/1377 batch loss is :0.0416
2025-06-24 13:13:57 - INFO - epoch:3/25 iteration:820/1377 batch loss is :0.1427
2025-06-24 13:14:04 - INFO - epoch:3/25 iteration:825/1377 batch loss is :0.1162
2025-06-24 13:14:10 - INFO - epoch:3/25 iteration:830/1377 batch loss is :0.0834
2025-06-24 13:14:17 - INFO - epoch:3/25 iteration:835/1377 batch loss is :0.0593
2025-06-24 13:14:23 - INFO - epoch:3/25 iteration:840/1377 batch loss is :0.1403
2025-06-24 13:14:30 - INFO - epoch:3/25 iteration:845/1377 batch loss is :0.0966
2025-06-24 13:14:36 - INFO - epoch:3/25 iteration:850/1377 batch loss is :0.1034
2025-06-24 13:14:43 - INFO - epoch:3/25 iteration:855/1377 batch loss is :0.0769
2025-06-24 13:14:49 - INFO - epoch:3/25 iteration:860/1377 batch loss is :0.1276
2025-06-24 13:14:55 - INFO - epoch:3/25 iteration:865/1377 batch loss is :0.0431
2025-06-24 13:15:02 - INFO - epoch:3/25 iteration:870/1377 batch loss is :0.0596
2025-06-24 13:15:08 - INFO - epoch:3/25 iteration:875/1377 batch loss is :0.0941
2025-06-24 13:15:15 - INFO - epoch:3/25 iteration:880/1377 batch loss is :0.0588
2025-06-24 13:15:22 - INFO - epoch:3/25 iteration:885/1377 batch loss is :0.0943
2025-06-24 13:15:28 - INFO - epoch:3/25 iteration:890/1377 batch loss is :0.0666
2025-06-24 13:15:35 - INFO - epoch:3/25 iteration:895/1377 batch loss is :0.0482
2025-06-24 13:15:41 - INFO - epoch:3/25 iteration:900/1377 batch loss is :0.0633
2025-06-24 13:15:48 - INFO - epoch:3/25 iteration:905/1377 batch loss is :0.0649
2025-06-24 13:15:55 - INFO - epoch:3/25 iteration:910/1377 batch loss is :0.0426
2025-06-24 13:16:01 - INFO - epoch:3/25 iteration:915/1377 batch loss is :0.0779
2025-06-24 13:16:08 - INFO - epoch:3/25 iteration:920/1377 batch loss is :0.0505
2025-06-24 13:16:15 - INFO - epoch:3/25 iteration:925/1377 batch loss is :0.0700
2025-06-24 13:16:22 - INFO - epoch:3/25 iteration:930/1377 batch loss is :0.0474
2025-06-24 13:16:29 - INFO - epoch:3/25 iteration:935/1377 batch loss is :0.0723
2025-06-24 13:16:36 - INFO - epoch:3/25 iteration:940/1377 batch loss is :0.0735
2025-06-24 13:16:42 - INFO - epoch:3/25 iteration:945/1377 batch loss is :0.1042
2025-06-24 13:16:49 - INFO - epoch:3/25 iteration:950/1377 batch loss is :0.0366
2025-06-24 13:16:56 - INFO - epoch:3/25 iteration:955/1377 batch loss is :0.0353
2025-06-24 13:17:02 - INFO - epoch:3/25 iteration:960/1377 batch loss is :0.0653
2025-06-24 13:17:09 - INFO - epoch:3/25 iteration:965/1377 batch loss is :0.0662
2025-06-24 13:17:15 - INFO - epoch:3/25 iteration:970/1377 batch loss is :0.0963
2025-06-24 13:17:22 - INFO - epoch:3/25 iteration:975/1377 batch loss is :0.3379
2025-06-24 13:17:28 - INFO - epoch:3/25 iteration:980/1377 batch loss is :0.0456
2025-06-24 13:17:34 - INFO - epoch:3/25 iteration:985/1377 batch loss is :0.0726
2025-06-24 13:17:41 - INFO - epoch:3/25 iteration:990/1377 batch loss is :0.0601
2025-06-24 13:17:47 - INFO - epoch:3/25 iteration:995/1377 batch loss is :0.1093
2025-06-24 13:17:54 - INFO - epoch:3/25 iteration:1000/1377 batch loss is :0.0661
2025-06-24 13:18:00 - INFO - epoch:3/25 iteration:1005/1377 batch loss is :0.0491
2025-06-24 13:18:07 - INFO - epoch:3/25 iteration:1010/1377 batch loss is :0.1152
2025-06-24 13:18:13 - INFO - epoch:3/25 iteration:1015/1377 batch loss is :0.0847
2025-06-24 13:18:20 - INFO - epoch:3/25 iteration:1020/1377 batch loss is :0.1068
2025-06-24 13:18:26 - INFO - epoch:3/25 iteration:1025/1377 batch loss is :0.0629
2025-06-24 13:18:33 - INFO - epoch:3/25 iteration:1030/1377 batch loss is :0.0529
2025-06-24 13:18:39 - INFO - epoch:3/25 iteration:1035/1377 batch loss is :0.2244
2025-06-24 13:18:45 - INFO - epoch:3/25 iteration:1040/1377 batch loss is :0.0532
2025-06-24 13:18:52 - INFO - epoch:3/25 iteration:1045/1377 batch loss is :0.0376
2025-06-24 13:18:58 - INFO - epoch:3/25 iteration:1050/1377 batch loss is :0.0897
2025-06-24 13:19:05 - INFO - epoch:3/25 iteration:1055/1377 batch loss is :0.0897
2025-06-24 13:19:11 - INFO - epoch:3/25 iteration:1060/1377 batch loss is :0.0412
2025-06-24 13:19:18 - INFO - epoch:3/25 iteration:1065/1377 batch loss is :0.0393
2025-06-24 13:19:24 - INFO - epoch:3/25 iteration:1070/1377 batch loss is :0.0687
2025-06-24 13:19:30 - INFO - epoch:3/25 iteration:1075/1377 batch loss is :0.0372
2025-06-24 13:19:37 - INFO - epoch:3/25 iteration:1080/1377 batch loss is :0.0508
2025-06-24 13:19:43 - INFO - epoch:3/25 iteration:1085/1377 batch loss is :0.0885
2025-06-24 13:19:50 - INFO - epoch:3/25 iteration:1090/1377 batch loss is :0.0838
2025-06-24 13:19:56 - INFO - epoch:3/25 iteration:1095/1377 batch loss is :0.0671
2025-06-24 13:20:03 - INFO - epoch:3/25 iteration:1100/1377 batch loss is :0.0960
2025-06-24 13:20:09 - INFO - epoch:3/25 iteration:1105/1377 batch loss is :0.0432
2025-06-24 13:20:15 - INFO - epoch:3/25 iteration:1110/1377 batch loss is :0.0965
2025-06-24 13:20:22 - INFO - epoch:3/25 iteration:1115/1377 batch loss is :0.1451
2025-06-24 13:20:28 - INFO - epoch:3/25 iteration:1120/1377 batch loss is :0.0418
2025-06-24 13:20:35 - INFO - epoch:3/25 iteration:1125/1377 batch loss is :0.0442
2025-06-24 13:20:41 - INFO - epoch:3/25 iteration:1130/1377 batch loss is :0.0602
2025-06-24 13:20:48 - INFO - epoch:3/25 iteration:1135/1377 batch loss is :0.1810
2025-06-24 13:20:54 - INFO - epoch:3/25 iteration:1140/1377 batch loss is :0.0297
2025-06-24 13:21:01 - INFO - epoch:3/25 iteration:1145/1377 batch loss is :0.0777
2025-06-24 13:21:07 - INFO - epoch:3/25 iteration:1150/1377 batch loss is :0.0543
2025-06-24 13:21:13 - INFO - epoch:3/25 iteration:1155/1377 batch loss is :0.0798
2025-06-24 13:21:19 - INFO - epoch:3/25 iteration:1160/1377 batch loss is :0.0956
2025-06-24 13:21:24 - INFO - epoch:3/25 iteration:1165/1377 batch loss is :0.0363
2025-06-24 13:21:30 - INFO - epoch:3/25 iteration:1170/1377 batch loss is :0.0506
2025-06-24 13:21:36 - INFO - epoch:3/25 iteration:1175/1377 batch loss is :0.2721
2025-06-24 13:21:42 - INFO - epoch:3/25 iteration:1180/1377 batch loss is :0.1903
2025-06-24 13:21:47 - INFO - epoch:3/25 iteration:1185/1377 batch loss is :0.0763
2025-06-24 13:21:53 - INFO - epoch:3/25 iteration:1190/1377 batch loss is :0.0879
2025-06-24 13:21:58 - INFO - epoch:3/25 iteration:1195/1377 batch loss is :0.0483
2025-06-24 13:22:04 - INFO - epoch:3/25 iteration:1200/1377 batch loss is :0.0733
2025-06-24 13:22:10 - INFO - epoch:3/25 iteration:1205/1377 batch loss is :0.0609
2025-06-24 13:22:15 - INFO - epoch:3/25 iteration:1210/1377 batch loss is :0.0306
2025-06-24 13:22:21 - INFO - epoch:3/25 iteration:1215/1377 batch loss is :0.0586
2025-06-24 13:22:28 - INFO - epoch:3/25 iteration:1220/1377 batch loss is :0.0772
2025-06-24 13:22:34 - INFO - epoch:3/25 iteration:1225/1377 batch loss is :0.0923
2025-06-24 13:22:41 - INFO - epoch:3/25 iteration:1230/1377 batch loss is :0.0708
2025-06-24 13:22:47 - INFO - epoch:3/25 iteration:1235/1377 batch loss is :0.1108
2025-06-24 13:22:53 - INFO - epoch:3/25 iteration:1240/1377 batch loss is :0.4266
2025-06-24 13:23:00 - INFO - epoch:3/25 iteration:1245/1377 batch loss is :0.1765
2025-06-24 13:23:06 - INFO - epoch:3/25 iteration:1250/1377 batch loss is :0.0784
2025-06-24 13:23:13 - INFO - epoch:3/25 iteration:1255/1377 batch loss is :0.0521
2025-06-24 13:23:19 - INFO - epoch:3/25 iteration:1260/1377 batch loss is :0.0635
2025-06-24 13:23:26 - INFO - epoch:3/25 iteration:1265/1377 batch loss is :0.0551
2025-06-24 13:23:32 - INFO - epoch:3/25 iteration:1270/1377 batch loss is :0.0698
2025-06-24 13:23:39 - INFO - epoch:3/25 iteration:1275/1377 batch loss is :0.0710
2025-06-24 13:23:45 - INFO - epoch:3/25 iteration:1280/1377 batch loss is :0.0448
2025-06-24 13:23:51 - INFO - epoch:3/25 iteration:1285/1377 batch loss is :0.1396
2025-06-24 13:23:58 - INFO - epoch:3/25 iteration:1290/1377 batch loss is :0.0635
2025-06-24 13:24:04 - INFO - epoch:3/25 iteration:1295/1377 batch loss is :0.0716
2025-06-24 13:24:11 - INFO - epoch:3/25 iteration:1300/1377 batch loss is :0.0578
2025-06-24 13:24:17 - INFO - epoch:3/25 iteration:1305/1377 batch loss is :0.0768
2025-06-24 13:24:24 - INFO - epoch:3/25 iteration:1310/1377 batch loss is :0.0435
2025-06-24 13:24:30 - INFO - epoch:3/25 iteration:1315/1377 batch loss is :0.0646
2025-06-24 13:24:37 - INFO - epoch:3/25 iteration:1320/1377 batch loss is :0.0984
2025-06-24 13:24:43 - INFO - epoch:3/25 iteration:1325/1377 batch loss is :0.0482
2025-06-24 13:24:49 - INFO - epoch:3/25 iteration:1330/1377 batch loss is :0.0418
2025-06-24 13:24:56 - INFO - epoch:3/25 iteration:1335/1377 batch loss is :0.0975
2025-06-24 13:25:02 - INFO - epoch:3/25 iteration:1340/1377 batch loss is :0.0740
2025-06-24 13:25:09 - INFO - epoch:3/25 iteration:1345/1377 batch loss is :0.0525
2025-06-24 13:25:15 - INFO - epoch:3/25 iteration:1350/1377 batch loss is :0.0641
2025-06-24 13:25:21 - INFO - epoch:3/25 iteration:1355/1377 batch loss is :0.0647
2025-06-24 13:25:28 - INFO - epoch:3/25 iteration:1360/1377 batch loss is :0.0600
2025-06-24 13:25:34 - INFO - epoch:3/25 iteration:1365/1377 batch loss is :0.0364
2025-06-24 13:25:40 - INFO - epoch:3/25 iteration:1370/1377 batch loss is :0.1187
2025-06-24 13:25:46 - INFO - epoch:3/25 iteration:1375/1377 batch loss is :0.0773
2025-06-24 13:25:47 - INFO - Epoch:3/25 Loss is :0.0766
2025-06-24 13:28:17 - INFO - epoch:4/25 iteration:0/1377 batch loss is :0.0557
2025-06-24 13:28:24 - INFO - epoch:4/25 iteration:5/1377 batch loss is :0.0974
2025-06-24 13:28:31 - INFO - epoch:4/25 iteration:10/1377 batch loss is :0.0283
2025-06-24 13:28:37 - INFO - epoch:4/25 iteration:15/1377 batch loss is :0.1186
2025-06-24 13:28:44 - INFO - epoch:4/25 iteration:20/1377 batch loss is :0.0768
2025-06-24 13:28:51 - INFO - epoch:4/25 iteration:25/1377 batch loss is :0.0641
2025-06-24 13:28:57 - INFO - epoch:4/25 iteration:30/1377 batch loss is :0.0528
2025-06-24 13:29:03 - INFO - epoch:4/25 iteration:35/1377 batch loss is :0.0783
2025-06-24 13:29:10 - INFO - epoch:4/25 iteration:40/1377 batch loss is :0.0868
2025-06-24 13:29:16 - INFO - epoch:4/25 iteration:45/1377 batch loss is :0.0424
2025-06-24 13:29:22 - INFO - epoch:4/25 iteration:50/1377 batch loss is :0.0501
2025-06-24 13:29:29 - INFO - epoch:4/25 iteration:55/1377 batch loss is :0.0536
2025-06-24 13:29:35 - INFO - epoch:4/25 iteration:60/1377 batch loss is :0.0487
2025-06-24 13:29:41 - INFO - epoch:4/25 iteration:65/1377 batch loss is :0.0752
2025-06-24 13:29:48 - INFO - epoch:4/25 iteration:70/1377 batch loss is :0.0961
2025-06-24 13:29:54 - INFO - epoch:4/25 iteration:75/1377 batch loss is :0.0678
2025-06-24 13:30:00 - INFO - epoch:4/25 iteration:80/1377 batch loss is :0.1164
2025-06-24 13:30:07 - INFO - epoch:4/25 iteration:85/1377 batch loss is :0.0538
2025-06-24 13:30:13 - INFO - epoch:4/25 iteration:90/1377 batch loss is :0.0353
2025-06-24 13:30:19 - INFO - epoch:4/25 iteration:95/1377 batch loss is :0.0616
2025-06-24 13:30:26 - INFO - epoch:4/25 iteration:100/1377 batch loss is :0.0473
2025-06-24 13:30:32 - INFO - epoch:4/25 iteration:105/1377 batch loss is :0.1138
2025-06-24 13:30:38 - INFO - epoch:4/25 iteration:110/1377 batch loss is :0.0406
2025-06-24 13:30:45 - INFO - epoch:4/25 iteration:115/1377 batch loss is :0.0862
2025-06-24 13:30:51 - INFO - epoch:4/25 iteration:120/1377 batch loss is :0.0882
2025-06-24 13:30:57 - INFO - epoch:4/25 iteration:125/1377 batch loss is :0.0504
2025-06-24 13:31:03 - INFO - epoch:4/25 iteration:130/1377 batch loss is :0.0786
2025-06-24 13:31:10 - INFO - epoch:4/25 iteration:135/1377 batch loss is :0.0422
2025-06-24 13:31:16 - INFO - epoch:4/25 iteration:140/1377 batch loss is :0.0449
2025-06-24 13:31:23 - INFO - epoch:4/25 iteration:145/1377 batch loss is :0.0350
2025-06-24 13:31:30 - INFO - epoch:4/25 iteration:150/1377 batch loss is :0.0818
2025-06-24 13:31:36 - INFO - epoch:4/25 iteration:155/1377 batch loss is :0.1306
2025-06-24 13:31:42 - INFO - epoch:4/25 iteration:160/1377 batch loss is :0.0437
2025-06-24 13:31:49 - INFO - epoch:4/25 iteration:165/1377 batch loss is :0.0740
2025-06-24 13:31:55 - INFO - epoch:4/25 iteration:170/1377 batch loss is :0.0696
2025-06-24 13:32:02 - INFO - epoch:4/25 iteration:175/1377 batch loss is :0.0894
2025-06-24 13:32:08 - INFO - epoch:4/25 iteration:180/1377 batch loss is :0.0808
2025-06-24 13:32:14 - INFO - epoch:4/25 iteration:185/1377 batch loss is :0.0850
2025-06-24 13:32:21 - INFO - epoch:4/25 iteration:190/1377 batch loss is :0.0410
2025-06-24 13:32:27 - INFO - epoch:4/25 iteration:195/1377 batch loss is :0.0650
2025-06-24 13:32:34 - INFO - epoch:4/25 iteration:200/1377 batch loss is :0.1101
2025-06-24 13:32:40 - INFO - epoch:4/25 iteration:205/1377 batch loss is :0.0708
2025-06-24 13:32:46 - INFO - epoch:4/25 iteration:210/1377 batch loss is :0.0638
2025-06-24 13:32:53 - INFO - epoch:4/25 iteration:215/1377 batch loss is :0.0738
2025-06-24 13:32:59 - INFO - epoch:4/25 iteration:220/1377 batch loss is :0.1086
2025-06-24 13:33:06 - INFO - epoch:4/25 iteration:225/1377 batch loss is :0.1072
2025-06-24 13:33:12 - INFO - epoch:4/25 iteration:230/1377 batch loss is :0.0974
2025-06-24 13:33:18 - INFO - epoch:4/25 iteration:235/1377 batch loss is :0.0714
2025-06-24 13:33:25 - INFO - epoch:4/25 iteration:240/1377 batch loss is :0.0475
2025-06-24 13:33:31 - INFO - epoch:4/25 iteration:245/1377 batch loss is :0.1785
2025-06-24 13:33:37 - INFO - epoch:4/25 iteration:250/1377 batch loss is :0.0428
2025-06-24 13:33:44 - INFO - epoch:4/25 iteration:255/1377 batch loss is :0.0753
2025-06-24 13:33:50 - INFO - epoch:4/25 iteration:260/1377 batch loss is :0.0387
2025-06-24 13:33:57 - INFO - epoch:4/25 iteration:265/1377 batch loss is :0.0601
2025-06-24 13:34:03 - INFO - epoch:4/25 iteration:270/1377 batch loss is :0.0393
2025-06-24 13:34:10 - INFO - epoch:4/25 iteration:275/1377 batch loss is :0.0415
2025-06-24 13:34:16 - INFO - epoch:4/25 iteration:280/1377 batch loss is :0.0583
2025-06-24 13:34:23 - INFO - epoch:4/25 iteration:285/1377 batch loss is :0.0661
2025-06-24 13:34:29 - INFO - epoch:4/25 iteration:290/1377 batch loss is :0.0603
2025-06-24 13:34:35 - INFO - epoch:4/25 iteration:295/1377 batch loss is :0.0542
2025-06-24 13:34:42 - INFO - epoch:4/25 iteration:300/1377 batch loss is :0.0564
2025-06-24 13:34:48 - INFO - epoch:4/25 iteration:305/1377 batch loss is :0.0470
2025-06-24 13:34:55 - INFO - epoch:4/25 iteration:310/1377 batch loss is :0.0703
2025-06-24 13:35:01 - INFO - epoch:4/25 iteration:315/1377 batch loss is :0.0866
2025-06-24 13:35:08 - INFO - epoch:4/25 iteration:320/1377 batch loss is :0.0321
2025-06-24 13:35:14 - INFO - epoch:4/25 iteration:325/1377 batch loss is :0.0411
2025-06-24 13:35:21 - INFO - epoch:4/25 iteration:330/1377 batch loss is :0.0714
2025-06-24 13:35:27 - INFO - epoch:4/25 iteration:335/1377 batch loss is :0.0501
2025-06-24 13:35:33 - INFO - epoch:4/25 iteration:340/1377 batch loss is :0.0864
2025-06-24 13:35:40 - INFO - epoch:4/25 iteration:345/1377 batch loss is :0.1652
2025-06-24 13:35:46 - INFO - epoch:4/25 iteration:350/1377 batch loss is :0.1583
2025-06-24 13:35:53 - INFO - epoch:4/25 iteration:355/1377 batch loss is :0.0796
2025-06-24 13:35:59 - INFO - epoch:4/25 iteration:360/1377 batch loss is :0.0524
2025-06-24 13:36:05 - INFO - epoch:4/25 iteration:365/1377 batch loss is :0.0561
2025-06-24 13:36:12 - INFO - epoch:4/25 iteration:370/1377 batch loss is :0.0601
2025-06-24 13:36:18 - INFO - epoch:4/25 iteration:375/1377 batch loss is :0.0965
2025-06-24 13:36:25 - INFO - epoch:4/25 iteration:380/1377 batch loss is :0.0351
2025-06-24 13:36:31 - INFO - epoch:4/25 iteration:385/1377 batch loss is :0.0455
2025-06-24 13:36:38 - INFO - epoch:4/25 iteration:390/1377 batch loss is :0.0357
2025-06-24 13:36:44 - INFO - epoch:4/25 iteration:395/1377 batch loss is :0.0488
2025-06-24 13:36:51 - INFO - epoch:4/25 iteration:400/1377 batch loss is :0.0452
2025-06-24 13:36:57 - INFO - epoch:4/25 iteration:405/1377 batch loss is :0.0398
2025-06-24 13:37:03 - INFO - epoch:4/25 iteration:410/1377 batch loss is :0.0622
2025-06-24 13:37:10 - INFO - epoch:4/25 iteration:415/1377 batch loss is :0.0413
2025-06-24 13:37:16 - INFO - epoch:4/25 iteration:420/1377 batch loss is :0.0672
2025-06-24 13:37:23 - INFO - epoch:4/25 iteration:425/1377 batch loss is :0.0706
2025-06-24 13:37:29 - INFO - epoch:4/25 iteration:430/1377 batch loss is :0.0884
2025-06-24 13:37:35 - INFO - epoch:4/25 iteration:435/1377 batch loss is :0.1251
2025-06-24 13:37:42 - INFO - epoch:4/25 iteration:440/1377 batch loss is :0.0559
2025-06-24 13:37:48 - INFO - epoch:4/25 iteration:445/1377 batch loss is :0.0597
2025-06-24 13:37:55 - INFO - epoch:4/25 iteration:450/1377 batch loss is :0.0561
2025-06-24 13:38:01 - INFO - epoch:4/25 iteration:455/1377 batch loss is :0.0579
2025-06-24 13:38:07 - INFO - epoch:4/25 iteration:460/1377 batch loss is :0.0927
2025-06-24 13:38:14 - INFO - epoch:4/25 iteration:465/1377 batch loss is :0.1606
2025-06-24 13:38:20 - INFO - epoch:4/25 iteration:470/1377 batch loss is :0.0395
2025-06-24 13:38:27 - INFO - epoch:4/25 iteration:475/1377 batch loss is :0.2143
2025-06-24 13:38:33 - INFO - epoch:4/25 iteration:480/1377 batch loss is :0.0841
2025-06-24 13:38:39 - INFO - epoch:4/25 iteration:485/1377 batch loss is :0.0737
2025-06-24 13:38:46 - INFO - epoch:4/25 iteration:490/1377 batch loss is :0.1074
2025-06-24 13:38:52 - INFO - epoch:4/25 iteration:495/1377 batch loss is :0.0850
2025-06-24 13:38:59 - INFO - epoch:4/25 iteration:500/1377 batch loss is :0.0535
2025-06-24 13:39:05 - INFO - epoch:4/25 iteration:505/1377 batch loss is :0.0659
2025-06-24 13:39:12 - INFO - epoch:4/25 iteration:510/1377 batch loss is :0.0602
2025-06-24 13:39:18 - INFO - epoch:4/25 iteration:515/1377 batch loss is :0.0542
2025-06-24 13:39:24 - INFO - epoch:4/25 iteration:520/1377 batch loss is :0.0858
2025-06-24 13:39:31 - INFO - epoch:4/25 iteration:525/1377 batch loss is :0.0409
2025-06-24 13:39:37 - INFO - epoch:4/25 iteration:530/1377 batch loss is :0.0449
2025-06-24 13:39:44 - INFO - epoch:4/25 iteration:535/1377 batch loss is :0.0489
2025-06-24 13:39:50 - INFO - epoch:4/25 iteration:540/1377 batch loss is :0.0767
2025-06-24 13:39:56 - INFO - epoch:4/25 iteration:545/1377 batch loss is :0.0352
2025-06-24 13:40:03 - INFO - epoch:4/25 iteration:550/1377 batch loss is :0.0626
2025-06-24 13:40:10 - INFO - epoch:4/25 iteration:555/1377 batch loss is :0.0706
2025-06-24 13:40:16 - INFO - epoch:4/25 iteration:560/1377 batch loss is :0.0834
2025-06-24 13:40:23 - INFO - epoch:4/25 iteration:565/1377 batch loss is :0.0607
2025-06-24 13:40:30 - INFO - epoch:4/25 iteration:570/1377 batch loss is :0.1100
2025-06-24 13:40:38 - INFO - epoch:4/25 iteration:575/1377 batch loss is :0.0546
2025-06-24 13:40:45 - INFO - epoch:4/25 iteration:580/1377 batch loss is :0.0708
2025-06-24 13:40:52 - INFO - epoch:4/25 iteration:585/1377 batch loss is :0.0816
2025-06-24 13:41:00 - INFO - epoch:4/25 iteration:590/1377 batch loss is :0.0588
2025-06-24 13:41:07 - INFO - epoch:4/25 iteration:595/1377 batch loss is :0.0674
2025-06-24 13:41:14 - INFO - epoch:4/25 iteration:600/1377 batch loss is :0.0316
2025-06-24 13:41:22 - INFO - epoch:4/25 iteration:605/1377 batch loss is :0.1177
2025-06-24 13:41:29 - INFO - epoch:4/25 iteration:610/1377 batch loss is :0.0799
2025-06-24 13:41:37 - INFO - epoch:4/25 iteration:615/1377 batch loss is :0.0616
2025-06-24 13:41:44 - INFO - epoch:4/25 iteration:620/1377 batch loss is :0.0578
2025-06-24 13:41:52 - INFO - epoch:4/25 iteration:625/1377 batch loss is :0.0844
2025-06-24 13:42:00 - INFO - epoch:4/25 iteration:630/1377 batch loss is :0.0666
2025-06-24 13:42:07 - INFO - epoch:4/25 iteration:635/1377 batch loss is :0.0660
2025-06-24 13:42:14 - INFO - epoch:4/25 iteration:640/1377 batch loss is :0.0672
2025-06-24 13:42:21 - INFO - epoch:4/25 iteration:645/1377 batch loss is :0.0290
2025-06-24 13:42:29 - INFO - epoch:4/25 iteration:650/1377 batch loss is :0.0350
2025-06-24 13:42:36 - INFO - epoch:4/25 iteration:655/1377 batch loss is :0.1098
2025-06-24 13:42:44 - INFO - epoch:4/25 iteration:660/1377 batch loss is :0.0362
2025-06-24 13:42:51 - INFO - epoch:4/25 iteration:665/1377 batch loss is :0.0621
2025-06-24 13:42:59 - INFO - epoch:4/25 iteration:670/1377 batch loss is :0.0452
2025-06-24 13:43:07 - INFO - epoch:4/25 iteration:675/1377 batch loss is :0.0801
2025-06-24 13:43:15 - INFO - epoch:4/25 iteration:680/1377 batch loss is :0.0347
2025-06-24 13:43:22 - INFO - epoch:4/25 iteration:685/1377 batch loss is :0.0266
2025-06-24 13:43:29 - INFO - epoch:4/25 iteration:690/1377 batch loss is :0.0495
2025-06-24 13:43:36 - INFO - epoch:4/25 iteration:695/1377 batch loss is :0.0724
2025-06-24 13:43:44 - INFO - epoch:4/25 iteration:700/1377 batch loss is :0.0398
2025-06-24 13:43:51 - INFO - epoch:4/25 iteration:705/1377 batch loss is :0.0916
2025-06-24 13:43:59 - INFO - epoch:4/25 iteration:710/1377 batch loss is :0.1126
2025-06-24 13:44:07 - INFO - epoch:4/25 iteration:715/1377 batch loss is :0.0465
2025-06-24 13:44:14 - INFO - epoch:4/25 iteration:720/1377 batch loss is :0.0446
2025-06-24 13:44:21 - INFO - epoch:4/25 iteration:725/1377 batch loss is :0.0685
2025-06-24 13:44:28 - INFO - epoch:4/25 iteration:730/1377 batch loss is :0.0996
2025-06-24 13:44:36 - INFO - epoch:4/25 iteration:735/1377 batch loss is :0.0303
2025-06-24 13:44:43 - INFO - epoch:4/25 iteration:740/1377 batch loss is :0.0686
2025-06-24 13:44:50 - INFO - epoch:4/25 iteration:745/1377 batch loss is :0.1026
2025-06-24 13:44:58 - INFO - epoch:4/25 iteration:750/1377 batch loss is :0.0485
2025-06-24 13:45:06 - INFO - epoch:4/25 iteration:755/1377 batch loss is :0.0887
2025-06-24 13:45:14 - INFO - epoch:4/25 iteration:760/1377 batch loss is :0.0582
2025-06-24 13:45:22 - INFO - epoch:4/25 iteration:765/1377 batch loss is :0.0413
2025-06-24 13:45:30 - INFO - epoch:4/25 iteration:770/1377 batch loss is :0.0394
2025-06-24 13:45:38 - INFO - epoch:4/25 iteration:775/1377 batch loss is :0.0768
2025-06-24 13:45:47 - INFO - epoch:4/25 iteration:780/1377 batch loss is :0.0940
2025-06-24 13:45:54 - INFO - epoch:4/25 iteration:785/1377 batch loss is :0.0545
2025-06-24 13:46:02 - INFO - epoch:4/25 iteration:790/1377 batch loss is :0.0529
2025-06-24 13:46:10 - INFO - epoch:4/25 iteration:795/1377 batch loss is :0.0542
2025-06-24 13:46:17 - INFO - epoch:4/25 iteration:800/1377 batch loss is :0.0406
2025-06-24 13:46:25 - INFO - epoch:4/25 iteration:805/1377 batch loss is :0.0763
2025-06-24 13:46:32 - INFO - epoch:4/25 iteration:810/1377 batch loss is :0.0987
2025-06-24 13:46:41 - INFO - epoch:4/25 iteration:815/1377 batch loss is :0.0305
2025-06-24 13:46:48 - INFO - epoch:4/25 iteration:820/1377 batch loss is :0.0367
2025-06-24 13:46:55 - INFO - epoch:4/25 iteration:825/1377 batch loss is :0.0606
2025-06-24 13:47:04 - INFO - epoch:4/25 iteration:830/1377 batch loss is :0.4016
2025-06-24 13:47:11 - INFO - epoch:4/25 iteration:835/1377 batch loss is :0.0782
2025-06-24 13:47:18 - INFO - epoch:4/25 iteration:840/1377 batch loss is :0.0682
2025-06-24 13:47:25 - INFO - epoch:4/25 iteration:845/1377 batch loss is :0.0994
2025-06-24 13:47:31 - INFO - epoch:4/25 iteration:850/1377 batch loss is :0.0560
2025-06-24 13:47:38 - INFO - epoch:4/25 iteration:855/1377 batch loss is :0.0372
2025-06-24 13:47:45 - INFO - epoch:4/25 iteration:860/1377 batch loss is :0.0686
2025-06-24 13:47:51 - INFO - epoch:4/25 iteration:865/1377 batch loss is :0.0607
2025-06-24 13:47:58 - INFO - epoch:4/25 iteration:870/1377 batch loss is :0.0682
2025-06-24 13:48:04 - INFO - epoch:4/25 iteration:875/1377 batch loss is :0.0705
2025-06-24 13:48:11 - INFO - epoch:4/25 iteration:880/1377 batch loss is :0.0369
2025-06-24 13:48:17 - INFO - epoch:4/25 iteration:885/1377 batch loss is :0.0353
2025-06-24 13:48:24 - INFO - epoch:4/25 iteration:890/1377 batch loss is :0.0653
2025-06-24 13:48:30 - INFO - epoch:4/25 iteration:895/1377 batch loss is :0.0323
2025-06-24 13:48:37 - INFO - epoch:4/25 iteration:900/1377 batch loss is :0.0712
2025-06-24 13:48:43 - INFO - epoch:4/25 iteration:905/1377 batch loss is :0.0705
2025-06-24 13:48:50 - INFO - epoch:4/25 iteration:910/1377 batch loss is :0.0871
2025-06-24 13:48:56 - INFO - epoch:4/25 iteration:915/1377 batch loss is :0.0429
2025-06-24 13:49:03 - INFO - epoch:4/25 iteration:920/1377 batch loss is :0.0627
2025-06-24 13:49:09 - INFO - epoch:4/25 iteration:925/1377 batch loss is :0.1163
2025-06-24 13:49:16 - INFO - epoch:4/25 iteration:930/1377 batch loss is :0.0690
2025-06-24 13:49:22 - INFO - epoch:4/25 iteration:935/1377 batch loss is :0.0620
2025-06-24 13:49:29 - INFO - epoch:4/25 iteration:940/1377 batch loss is :0.0393
2025-06-24 13:49:35 - INFO - epoch:4/25 iteration:945/1377 batch loss is :0.0351
2025-06-24 13:49:42 - INFO - epoch:4/25 iteration:950/1377 batch loss is :0.0528
2025-06-24 13:49:48 - INFO - epoch:4/25 iteration:955/1377 batch loss is :0.0270
2025-06-24 13:49:55 - INFO - epoch:4/25 iteration:960/1377 batch loss is :0.0441
2025-06-24 13:50:01 - INFO - epoch:4/25 iteration:965/1377 batch loss is :0.0375
2025-06-24 13:50:08 - INFO - epoch:4/25 iteration:970/1377 batch loss is :0.0273
2025-06-24 13:50:14 - INFO - epoch:4/25 iteration:975/1377 batch loss is :0.0741
2025-06-24 13:50:21 - INFO - epoch:4/25 iteration:980/1377 batch loss is :0.0701
2025-06-24 13:50:27 - INFO - epoch:4/25 iteration:985/1377 batch loss is :0.0300
2025-06-24 13:50:33 - INFO - epoch:4/25 iteration:990/1377 batch loss is :0.0478
2025-06-24 13:50:40 - INFO - epoch:4/25 iteration:995/1377 batch loss is :0.0352
2025-06-24 13:50:46 - INFO - epoch:4/25 iteration:1000/1377 batch loss is :0.0864
2025-06-24 13:50:53 - INFO - epoch:4/25 iteration:1005/1377 batch loss is :0.0382
2025-06-24 13:50:59 - INFO - epoch:4/25 iteration:1010/1377 batch loss is :0.0148
2025-06-24 13:51:06 - INFO - epoch:4/25 iteration:1015/1377 batch loss is :0.1254
2025-06-24 13:51:12 - INFO - epoch:4/25 iteration:1020/1377 batch loss is :0.0785
2025-06-24 13:51:19 - INFO - epoch:4/25 iteration:1025/1377 batch loss is :0.0826
2025-06-24 13:51:25 - INFO - epoch:4/25 iteration:1030/1377 batch loss is :0.0923
2025-06-24 13:51:32 - INFO - epoch:4/25 iteration:1035/1377 batch loss is :0.0452
2025-06-24 13:51:38 - INFO - epoch:4/25 iteration:1040/1377 batch loss is :0.0543
2025-06-24 13:51:44 - INFO - epoch:4/25 iteration:1045/1377 batch loss is :0.1216
2025-06-24 13:51:51 - INFO - epoch:4/25 iteration:1050/1377 batch loss is :0.0619
2025-06-24 13:51:57 - INFO - epoch:4/25 iteration:1055/1377 batch loss is :0.0536
2025-06-24 13:52:04 - INFO - epoch:4/25 iteration:1060/1377 batch loss is :0.0442
2025-06-24 13:52:10 - INFO - epoch:4/25 iteration:1065/1377 batch loss is :0.0666
2025-06-24 13:52:17 - INFO - epoch:4/25 iteration:1070/1377 batch loss is :0.0493
2025-06-24 13:52:23 - INFO - epoch:4/25 iteration:1075/1377 batch loss is :0.0653
2025-06-24 13:52:30 - INFO - epoch:4/25 iteration:1080/1377 batch loss is :0.0624
2025-06-24 13:52:36 - INFO - epoch:4/25 iteration:1085/1377 batch loss is :0.0604
2025-06-24 13:52:43 - INFO - epoch:4/25 iteration:1090/1377 batch loss is :0.0482
2025-06-24 13:52:49 - INFO - epoch:4/25 iteration:1095/1377 batch loss is :0.0500
2025-06-24 13:52:56 - INFO - epoch:4/25 iteration:1100/1377 batch loss is :0.1050
2025-06-24 13:53:02 - INFO - epoch:4/25 iteration:1105/1377 batch loss is :0.0519
2025-06-24 13:53:08 - INFO - epoch:4/25 iteration:1110/1377 batch loss is :0.0773
2025-06-24 13:53:15 - INFO - epoch:4/25 iteration:1115/1377 batch loss is :0.0907
2025-06-24 13:53:21 - INFO - epoch:4/25 iteration:1120/1377 batch loss is :0.0426
2025-06-24 13:53:28 - INFO - epoch:4/25 iteration:1125/1377 batch loss is :0.0966
2025-06-24 13:53:34 - INFO - epoch:4/25 iteration:1130/1377 batch loss is :0.1247
2025-06-24 13:53:41 - INFO - epoch:4/25 iteration:1135/1377 batch loss is :0.0671
2025-06-24 13:53:47 - INFO - epoch:4/25 iteration:1140/1377 batch loss is :0.0398
2025-06-24 13:53:54 - INFO - epoch:4/25 iteration:1145/1377 batch loss is :0.0524
2025-06-24 13:54:00 - INFO - epoch:4/25 iteration:1150/1377 batch loss is :0.0318
2025-06-24 13:54:07 - INFO - epoch:4/25 iteration:1155/1377 batch loss is :0.0404
2025-06-24 13:54:13 - INFO - epoch:4/25 iteration:1160/1377 batch loss is :0.1720
2025-06-24 13:54:19 - INFO - epoch:4/25 iteration:1165/1377 batch loss is :0.0909
2025-06-24 13:54:26 - INFO - epoch:4/25 iteration:1170/1377 batch loss is :0.2028
2025-06-24 13:54:32 - INFO - epoch:4/25 iteration:1175/1377 batch loss is :0.0475
2025-06-24 13:54:39 - INFO - epoch:4/25 iteration:1180/1377 batch loss is :0.0429
2025-06-24 13:54:45 - INFO - epoch:4/25 iteration:1185/1377 batch loss is :0.0661
2025-06-24 13:54:52 - INFO - epoch:4/25 iteration:1190/1377 batch loss is :0.0606
2025-06-24 13:54:58 - INFO - epoch:4/25 iteration:1195/1377 batch loss is :0.0657
2025-06-24 13:55:05 - INFO - epoch:4/25 iteration:1200/1377 batch loss is :0.0564
2025-06-24 13:55:11 - INFO - epoch:4/25 iteration:1205/1377 batch loss is :0.0522
2025-06-24 13:55:18 - INFO - epoch:4/25 iteration:1210/1377 batch loss is :0.0581
2025-06-24 13:55:24 - INFO - epoch:4/25 iteration:1215/1377 batch loss is :0.0320
2025-06-24 13:55:30 - INFO - epoch:4/25 iteration:1220/1377 batch loss is :0.0993
2025-06-24 13:55:37 - INFO - epoch:4/25 iteration:1225/1377 batch loss is :0.1119
2025-06-24 13:55:43 - INFO - epoch:4/25 iteration:1230/1377 batch loss is :0.0399
2025-06-24 13:55:50 - INFO - epoch:4/25 iteration:1235/1377 batch loss is :0.1720
2025-06-24 13:55:56 - INFO - epoch:4/25 iteration:1240/1377 batch loss is :0.0656
2025-06-24 13:56:03 - INFO - epoch:4/25 iteration:1245/1377 batch loss is :0.0752
2025-06-24 13:56:09 - INFO - epoch:4/25 iteration:1250/1377 batch loss is :0.0739
2025-06-24 13:56:16 - INFO - epoch:4/25 iteration:1255/1377 batch loss is :0.0794
2025-06-24 13:56:22 - INFO - epoch:4/25 iteration:1260/1377 batch loss is :0.0453
2025-06-24 13:56:29 - INFO - epoch:4/25 iteration:1265/1377 batch loss is :0.0494
2025-06-24 13:56:35 - INFO - epoch:4/25 iteration:1270/1377 batch loss is :0.0318
2025-06-24 13:56:41 - INFO - epoch:4/25 iteration:1275/1377 batch loss is :0.0636
2025-06-24 13:56:48 - INFO - epoch:4/25 iteration:1280/1377 batch loss is :0.0302
2025-06-24 13:56:54 - INFO - epoch:4/25 iteration:1285/1377 batch loss is :0.0706
2025-06-24 13:57:01 - INFO - epoch:4/25 iteration:1290/1377 batch loss is :0.0706
2025-06-24 13:57:07 - INFO - epoch:4/25 iteration:1295/1377 batch loss is :0.0851
2025-06-24 13:57:14 - INFO - epoch:4/25 iteration:1300/1377 batch loss is :0.0788
2025-06-24 13:57:20 - INFO - epoch:4/25 iteration:1305/1377 batch loss is :0.0459
2025-06-24 13:57:26 - INFO - epoch:4/25 iteration:1310/1377 batch loss is :0.0562
2025-06-24 13:57:33 - INFO - epoch:4/25 iteration:1315/1377 batch loss is :0.0288
2025-06-24 13:57:39 - INFO - epoch:4/25 iteration:1320/1377 batch loss is :0.1756
2025-06-24 13:57:46 - INFO - epoch:4/25 iteration:1325/1377 batch loss is :0.0598
2025-06-24 13:57:52 - INFO - epoch:4/25 iteration:1330/1377 batch loss is :0.0819
2025-06-24 13:57:59 - INFO - epoch:4/25 iteration:1335/1377 batch loss is :0.1600
2025-06-24 13:58:05 - INFO - epoch:4/25 iteration:1340/1377 batch loss is :0.0908
2025-06-24 13:58:12 - INFO - epoch:4/25 iteration:1345/1377 batch loss is :0.0481
2025-06-24 13:58:18 - INFO - epoch:4/25 iteration:1350/1377 batch loss is :0.0772
2025-06-24 13:58:25 - INFO - epoch:4/25 iteration:1355/1377 batch loss is :0.0805
2025-06-24 13:58:31 - INFO - epoch:4/25 iteration:1360/1377 batch loss is :0.0578
2025-06-24 13:58:37 - INFO - epoch:4/25 iteration:1365/1377 batch loss is :0.0858
2025-06-24 13:58:43 - INFO - epoch:4/25 iteration:1370/1377 batch loss is :0.0483
2025-06-24 13:58:50 - INFO - epoch:4/25 iteration:1375/1377 batch loss is :0.0626
2025-06-24 13:58:52 - INFO - Epoch:4/25 Loss is :0.0708
2025-06-24 14:01:17 - INFO - epoch:5/25 iteration:0/1377 batch loss is :0.0459
2025-06-24 14:01:29 - INFO - epoch:5/25 iteration:5/1377 batch loss is :0.0591
2025-06-24 14:01:36 - INFO - epoch:5/25 iteration:10/1377 batch loss is :0.0892
2025-06-24 14:01:42 - INFO - epoch:5/25 iteration:15/1377 batch loss is :0.0549
2025-06-24 14:01:49 - INFO - epoch:5/25 iteration:20/1377 batch loss is :0.0606
2025-06-24 14:01:55 - INFO - epoch:5/25 iteration:25/1377 batch loss is :0.1267
2025-06-24 14:02:01 - INFO - epoch:5/25 iteration:30/1377 batch loss is :0.0540
2025-06-24 14:02:08 - INFO - epoch:5/25 iteration:35/1377 batch loss is :0.0675
2025-06-24 14:02:14 - INFO - epoch:5/25 iteration:40/1377 batch loss is :0.0857
2025-06-24 14:02:21 - INFO - epoch:5/25 iteration:45/1377 batch loss is :0.0568
2025-06-24 14:02:27 - INFO - epoch:5/25 iteration:50/1377 batch loss is :0.0266
2025-06-24 14:02:33 - INFO - epoch:5/25 iteration:55/1377 batch loss is :0.0312
2025-06-24 14:02:40 - INFO - epoch:5/25 iteration:60/1377 batch loss is :0.0738
2025-06-24 14:02:46 - INFO - epoch:5/25 iteration:65/1377 batch loss is :0.0495
2025-06-24 14:02:53 - INFO - epoch:5/25 iteration:70/1377 batch loss is :0.1131
2025-06-24 14:02:59 - INFO - epoch:5/25 iteration:75/1377 batch loss is :0.0414
2025-06-24 14:03:06 - INFO - epoch:5/25 iteration:80/1377 batch loss is :0.0333
2025-06-24 14:03:12 - INFO - epoch:5/25 iteration:85/1377 batch loss is :0.0392
2025-06-24 14:03:18 - INFO - epoch:5/25 iteration:90/1377 batch loss is :0.0331
2025-06-24 14:03:25 - INFO - epoch:5/25 iteration:95/1377 batch loss is :0.0605
2025-06-24 14:03:31 - INFO - epoch:5/25 iteration:100/1377 batch loss is :0.0621
2025-06-24 14:03:38 - INFO - epoch:5/25 iteration:105/1377 batch loss is :0.0201
2025-06-24 14:03:44 - INFO - epoch:5/25 iteration:110/1377 batch loss is :0.0486
2025-06-24 14:03:51 - INFO - epoch:5/25 iteration:115/1377 batch loss is :0.0170
2025-06-24 14:03:57 - INFO - epoch:5/25 iteration:120/1377 batch loss is :0.0780
2025-06-24 14:04:03 - INFO - epoch:5/25 iteration:125/1377 batch loss is :0.0479
2025-06-24 14:04:10 - INFO - epoch:5/25 iteration:130/1377 batch loss is :0.0399
2025-06-24 14:04:16 - INFO - epoch:5/25 iteration:135/1377 batch loss is :0.0958
2025-06-24 14:04:23 - INFO - epoch:5/25 iteration:140/1377 batch loss is :0.0188
2025-06-24 14:04:29 - INFO - epoch:5/25 iteration:145/1377 batch loss is :0.0624
2025-06-24 14:04:36 - INFO - epoch:5/25 iteration:150/1377 batch loss is :0.0908
2025-06-24 14:04:42 - INFO - epoch:5/25 iteration:155/1377 batch loss is :0.0540
2025-06-24 14:04:48 - INFO - epoch:5/25 iteration:160/1377 batch loss is :0.0256
2025-06-24 14:04:55 - INFO - epoch:5/25 iteration:165/1377 batch loss is :0.0595
2025-06-24 14:05:01 - INFO - epoch:5/25 iteration:170/1377 batch loss is :0.0662
2025-06-24 14:05:08 - INFO - epoch:5/25 iteration:175/1377 batch loss is :0.1119
2025-06-24 14:05:14 - INFO - epoch:5/25 iteration:180/1377 batch loss is :0.0554
2025-06-24 14:05:20 - INFO - epoch:5/25 iteration:185/1377 batch loss is :0.0603
2025-06-24 14:05:27 - INFO - epoch:5/25 iteration:190/1377 batch loss is :0.0436
2025-06-24 14:05:33 - INFO - epoch:5/25 iteration:195/1377 batch loss is :0.0598
2025-06-24 14:05:40 - INFO - epoch:5/25 iteration:200/1377 batch loss is :0.0633
2025-06-24 14:05:46 - INFO - epoch:5/25 iteration:205/1377 batch loss is :0.0339
2025-06-24 14:05:53 - INFO - epoch:5/25 iteration:210/1377 batch loss is :0.0401
2025-06-24 14:05:59 - INFO - epoch:5/25 iteration:215/1377 batch loss is :0.0573
2025-06-24 14:06:06 - INFO - epoch:5/25 iteration:220/1377 batch loss is :0.0266
2025-06-24 14:06:12 - INFO - epoch:5/25 iteration:225/1377 batch loss is :0.0241
2025-06-24 14:06:18 - INFO - epoch:5/25 iteration:230/1377 batch loss is :0.0389
2025-06-24 14:06:25 - INFO - epoch:5/25 iteration:235/1377 batch loss is :0.0658
2025-06-24 14:06:31 - INFO - epoch:5/25 iteration:240/1377 batch loss is :0.0615
2025-06-24 14:06:38 - INFO - epoch:5/25 iteration:245/1377 batch loss is :0.0673
2025-06-24 14:06:44 - INFO - epoch:5/25 iteration:250/1377 batch loss is :0.0579
2025-06-24 14:06:50 - INFO - epoch:5/25 iteration:255/1377 batch loss is :0.0421
2025-06-24 14:06:57 - INFO - epoch:5/25 iteration:260/1377 batch loss is :0.0587
2025-06-24 14:07:03 - INFO - epoch:5/25 iteration:265/1377 batch loss is :0.0856
2025-06-24 14:07:10 - INFO - epoch:5/25 iteration:270/1377 batch loss is :0.0377
2025-06-24 14:07:16 - INFO - epoch:5/25 iteration:275/1377 batch loss is :0.0420
2025-06-24 14:07:23 - INFO - epoch:5/25 iteration:280/1377 batch loss is :0.0986
2025-06-24 14:07:29 - INFO - epoch:5/25 iteration:285/1377 batch loss is :0.0777
2025-06-24 14:07:35 - INFO - epoch:5/25 iteration:290/1377 batch loss is :0.0745
2025-06-24 14:07:42 - INFO - epoch:5/25 iteration:295/1377 batch loss is :0.0344
2025-06-24 14:07:48 - INFO - epoch:5/25 iteration:300/1377 batch loss is :0.0326
2025-06-24 14:07:55 - INFO - epoch:5/25 iteration:305/1377 batch loss is :0.1423
2025-06-24 14:08:01 - INFO - epoch:5/25 iteration:310/1377 batch loss is :0.1014
2025-06-24 14:08:08 - INFO - epoch:5/25 iteration:315/1377 batch loss is :0.1158
2025-06-24 14:08:14 - INFO - epoch:5/25 iteration:320/1377 batch loss is :0.0865
2025-06-24 14:08:21 - INFO - epoch:5/25 iteration:325/1377 batch loss is :0.0477
2025-06-24 14:08:27 - INFO - epoch:5/25 iteration:330/1377 batch loss is :0.0717
2025-06-24 14:08:34 - INFO - epoch:5/25 iteration:335/1377 batch loss is :0.0594
2025-06-24 14:08:40 - INFO - epoch:5/25 iteration:340/1377 batch loss is :0.0701
2025-06-24 14:08:46 - INFO - epoch:5/25 iteration:345/1377 batch loss is :0.0319
2025-06-24 14:08:53 - INFO - epoch:5/25 iteration:350/1377 batch loss is :0.0635
2025-06-24 14:08:59 - INFO - epoch:5/25 iteration:355/1377 batch loss is :0.0584
2025-06-24 14:09:06 - INFO - epoch:5/25 iteration:360/1377 batch loss is :0.1119
2025-06-24 14:09:12 - INFO - epoch:5/25 iteration:365/1377 batch loss is :0.0619
2025-06-24 14:09:19 - INFO - epoch:5/25 iteration:370/1377 batch loss is :0.0502
2025-06-24 14:09:25 - INFO - epoch:5/25 iteration:375/1377 batch loss is :0.1249
2025-06-24 14:09:32 - INFO - epoch:5/25 iteration:380/1377 batch loss is :0.0363
2025-06-24 14:09:38 - INFO - epoch:5/25 iteration:385/1377 batch loss is :0.0660
2025-06-24 14:09:44 - INFO - epoch:5/25 iteration:390/1377 batch loss is :0.0588
2025-06-24 14:09:51 - INFO - epoch:5/25 iteration:395/1377 batch loss is :0.0283
2025-06-24 14:09:57 - INFO - epoch:5/25 iteration:400/1377 batch loss is :0.0318
2025-06-24 14:10:03 - INFO - epoch:5/25 iteration:405/1377 batch loss is :0.0219
2025-06-24 14:10:10 - INFO - epoch:5/25 iteration:410/1377 batch loss is :0.0891
2025-06-24 14:10:17 - INFO - epoch:5/25 iteration:415/1377 batch loss is :0.0835
2025-06-24 14:10:23 - INFO - epoch:5/25 iteration:420/1377 batch loss is :0.0348
2025-06-24 14:10:29 - INFO - epoch:5/25 iteration:425/1377 batch loss is :0.0526
2025-06-24 14:10:36 - INFO - epoch:5/25 iteration:430/1377 batch loss is :0.1740
2025-06-24 14:10:42 - INFO - epoch:5/25 iteration:435/1377 batch loss is :0.0517
2025-06-24 14:10:49 - INFO - epoch:5/25 iteration:440/1377 batch loss is :0.0625
2025-06-24 14:10:55 - INFO - epoch:5/25 iteration:445/1377 batch loss is :0.0671
2025-06-24 14:11:02 - INFO - epoch:5/25 iteration:450/1377 batch loss is :0.0983
2025-06-24 14:11:08 - INFO - epoch:5/25 iteration:455/1377 batch loss is :0.0455
2025-06-24 14:11:15 - INFO - epoch:5/25 iteration:460/1377 batch loss is :0.0567
2025-06-24 14:11:21 - INFO - epoch:5/25 iteration:465/1377 batch loss is :0.0395
2025-06-24 14:11:27 - INFO - epoch:5/25 iteration:470/1377 batch loss is :0.0362
2025-06-24 14:11:34 - INFO - epoch:5/25 iteration:475/1377 batch loss is :0.0686
2025-06-24 14:11:40 - INFO - epoch:5/25 iteration:480/1377 batch loss is :0.1290
2025-06-24 14:11:47 - INFO - epoch:5/25 iteration:485/1377 batch loss is :0.0396
2025-06-24 14:11:53 - INFO - epoch:5/25 iteration:490/1377 batch loss is :0.0969
2025-06-24 14:12:00 - INFO - epoch:5/25 iteration:495/1377 batch loss is :0.0449
2025-06-24 14:12:06 - INFO - epoch:5/25 iteration:500/1377 batch loss is :0.0468
2025-06-24 14:12:12 - INFO - epoch:5/25 iteration:505/1377 batch loss is :0.0608
2025-06-24 14:12:19 - INFO - epoch:5/25 iteration:510/1377 batch loss is :0.0412
2025-06-24 14:12:25 - INFO - epoch:5/25 iteration:515/1377 batch loss is :0.0303
2025-06-24 14:12:32 - INFO - epoch:5/25 iteration:520/1377 batch loss is :0.0631
2025-06-24 14:12:38 - INFO - epoch:5/25 iteration:525/1377 batch loss is :0.0535
2025-06-24 14:12:45 - INFO - epoch:5/25 iteration:530/1377 batch loss is :0.0415
2025-06-24 14:12:51 - INFO - epoch:5/25 iteration:535/1377 batch loss is :0.0381
2025-06-24 14:12:58 - INFO - epoch:5/25 iteration:540/1377 batch loss is :0.0749
2025-06-24 14:13:04 - INFO - epoch:5/25 iteration:545/1377 batch loss is :0.0848
2025-06-24 14:13:10 - INFO - epoch:5/25 iteration:550/1377 batch loss is :0.0542
2025-06-24 14:13:17 - INFO - epoch:5/25 iteration:555/1377 batch loss is :0.0573
2025-06-24 14:13:23 - INFO - epoch:5/25 iteration:560/1377 batch loss is :0.0628
2025-06-24 14:13:30 - INFO - epoch:5/25 iteration:565/1377 batch loss is :0.0398
2025-06-24 14:13:36 - INFO - epoch:5/25 iteration:570/1377 batch loss is :0.1110
2025-06-24 14:13:42 - INFO - epoch:5/25 iteration:575/1377 batch loss is :0.0555
2025-06-24 14:13:49 - INFO - epoch:5/25 iteration:580/1377 batch loss is :0.0865
2025-06-24 14:13:55 - INFO - epoch:5/25 iteration:585/1377 batch loss is :0.0265
2025-06-24 14:14:02 - INFO - epoch:5/25 iteration:590/1377 batch loss is :0.1537
2025-06-24 14:14:08 - INFO - epoch:5/25 iteration:595/1377 batch loss is :0.0601
2025-06-24 14:14:14 - INFO - epoch:5/25 iteration:600/1377 batch loss is :0.0562
2025-06-24 14:14:21 - INFO - epoch:5/25 iteration:605/1377 batch loss is :0.0478
2025-06-24 14:14:27 - INFO - epoch:5/25 iteration:610/1377 batch loss is :0.0615
2025-06-24 14:14:34 - INFO - epoch:5/25 iteration:615/1377 batch loss is :0.0561
2025-06-24 14:14:40 - INFO - epoch:5/25 iteration:620/1377 batch loss is :0.0358
2025-06-24 14:14:47 - INFO - epoch:5/25 iteration:625/1377 batch loss is :0.0976
2025-06-24 14:14:53 - INFO - epoch:5/25 iteration:630/1377 batch loss is :0.0354
2025-06-24 14:14:59 - INFO - epoch:5/25 iteration:635/1377 batch loss is :0.0809
2025-06-24 14:15:06 - INFO - epoch:5/25 iteration:640/1377 batch loss is :0.0902
2025-06-24 14:15:12 - INFO - epoch:5/25 iteration:645/1377 batch loss is :0.0533
2025-06-24 14:15:19 - INFO - epoch:5/25 iteration:650/1377 batch loss is :0.0456
2025-06-24 14:15:25 - INFO - epoch:5/25 iteration:655/1377 batch loss is :0.0334
2025-06-24 14:15:31 - INFO - epoch:5/25 iteration:660/1377 batch loss is :0.0807
2025-06-24 14:15:38 - INFO - epoch:5/25 iteration:665/1377 batch loss is :0.0835
2025-06-24 14:15:44 - INFO - epoch:5/25 iteration:670/1377 batch loss is :0.0685
2025-06-24 14:15:51 - INFO - epoch:5/25 iteration:675/1377 batch loss is :0.1124
2025-06-24 14:15:57 - INFO - epoch:5/25 iteration:680/1377 batch loss is :0.0307
2025-06-24 14:16:03 - INFO - epoch:5/25 iteration:685/1377 batch loss is :0.0284
2025-06-24 14:16:10 - INFO - epoch:5/25 iteration:690/1377 batch loss is :0.0557
2025-06-24 14:16:16 - INFO - epoch:5/25 iteration:695/1377 batch loss is :0.0657
2025-06-24 14:16:23 - INFO - epoch:5/25 iteration:700/1377 batch loss is :0.0274
2025-06-24 14:16:29 - INFO - epoch:5/25 iteration:705/1377 batch loss is :0.1188
2025-06-24 14:16:35 - INFO - epoch:5/25 iteration:710/1377 batch loss is :0.0383
2025-06-24 14:16:42 - INFO - epoch:5/25 iteration:715/1377 batch loss is :0.0446
2025-06-24 14:16:48 - INFO - epoch:5/25 iteration:720/1377 batch loss is :0.0668
2025-06-24 14:16:55 - INFO - epoch:5/25 iteration:725/1377 batch loss is :0.0481
2025-06-24 14:17:01 - INFO - epoch:5/25 iteration:730/1377 batch loss is :0.0898
2025-06-24 14:17:08 - INFO - epoch:5/25 iteration:735/1377 batch loss is :0.0334
2025-06-24 14:17:14 - INFO - epoch:5/25 iteration:740/1377 batch loss is :0.0936
2025-06-24 14:17:20 - INFO - epoch:5/25 iteration:745/1377 batch loss is :0.0651
2025-06-24 14:17:27 - INFO - epoch:5/25 iteration:750/1377 batch loss is :0.0596
2025-06-24 14:17:33 - INFO - epoch:5/25 iteration:755/1377 batch loss is :0.0451
2025-06-24 14:17:40 - INFO - epoch:5/25 iteration:760/1377 batch loss is :0.0391
2025-06-24 14:17:46 - INFO - epoch:5/25 iteration:765/1377 batch loss is :0.0560
2025-06-24 14:17:52 - INFO - epoch:5/25 iteration:770/1377 batch loss is :0.0831
2025-06-24 14:17:59 - INFO - epoch:5/25 iteration:775/1377 batch loss is :0.0823
2025-06-24 14:18:05 - INFO - epoch:5/25 iteration:780/1377 batch loss is :0.0446
2025-06-24 14:18:12 - INFO - epoch:5/25 iteration:785/1377 batch loss is :0.0541
2025-06-24 14:18:18 - INFO - epoch:5/25 iteration:790/1377 batch loss is :0.0427
2025-06-24 14:18:25 - INFO - epoch:5/25 iteration:795/1377 batch loss is :0.0778
2025-06-24 14:18:31 - INFO - epoch:5/25 iteration:800/1377 batch loss is :0.0484
2025-06-24 14:18:37 - INFO - epoch:5/25 iteration:805/1377 batch loss is :0.0351
2025-06-24 14:18:44 - INFO - epoch:5/25 iteration:810/1377 batch loss is :0.0874
2025-06-24 14:18:50 - INFO - epoch:5/25 iteration:815/1377 batch loss is :0.0755
2025-06-24 14:18:57 - INFO - epoch:5/25 iteration:820/1377 batch loss is :0.0486
2025-06-24 14:19:03 - INFO - epoch:5/25 iteration:825/1377 batch loss is :0.0233
2025-06-24 14:19:10 - INFO - epoch:5/25 iteration:830/1377 batch loss is :0.0807
2025-06-24 14:19:16 - INFO - epoch:5/25 iteration:835/1377 batch loss is :0.0826
2025-06-24 14:19:23 - INFO - epoch:5/25 iteration:840/1377 batch loss is :0.1719
2025-06-24 14:19:29 - INFO - epoch:5/25 iteration:845/1377 batch loss is :0.0664
2025-06-24 14:19:35 - INFO - epoch:5/25 iteration:850/1377 batch loss is :0.0710
2025-06-24 14:19:42 - INFO - epoch:5/25 iteration:855/1377 batch loss is :0.0454
2025-06-24 14:19:48 - INFO - epoch:5/25 iteration:860/1377 batch loss is :0.0576
2025-06-24 14:19:55 - INFO - epoch:5/25 iteration:865/1377 batch loss is :0.0370
2025-06-24 14:20:01 - INFO - epoch:5/25 iteration:870/1377 batch loss is :0.0639
2025-06-24 14:20:08 - INFO - epoch:5/25 iteration:875/1377 batch loss is :0.0463
2025-06-24 14:20:14 - INFO - epoch:5/25 iteration:880/1377 batch loss is :0.0682
2025-06-24 14:20:21 - INFO - epoch:5/25 iteration:885/1377 batch loss is :0.0944
2025-06-24 14:20:27 - INFO - epoch:5/25 iteration:890/1377 batch loss is :0.0414
2025-06-24 14:20:33 - INFO - epoch:5/25 iteration:895/1377 batch loss is :0.0908
2025-06-24 14:20:40 - INFO - epoch:5/25 iteration:900/1377 batch loss is :0.0483
2025-06-24 14:20:46 - INFO - epoch:5/25 iteration:905/1377 batch loss is :0.4067
2025-06-24 14:20:53 - INFO - epoch:5/25 iteration:910/1377 batch loss is :0.0782
2025-06-24 14:20:59 - INFO - epoch:5/25 iteration:915/1377 batch loss is :0.0629
2025-06-24 14:21:06 - INFO - epoch:5/25 iteration:920/1377 batch loss is :0.0858
2025-06-24 14:21:12 - INFO - epoch:5/25 iteration:925/1377 batch loss is :0.0253
2025-06-24 14:21:19 - INFO - epoch:5/25 iteration:930/1377 batch loss is :0.0377
2025-06-24 14:21:25 - INFO - epoch:5/25 iteration:935/1377 batch loss is :0.0192
2025-06-24 14:21:32 - INFO - epoch:5/25 iteration:940/1377 batch loss is :0.0612
2025-06-24 14:21:38 - INFO - epoch:5/25 iteration:945/1377 batch loss is :0.1271
2025-06-24 14:21:45 - INFO - epoch:5/25 iteration:950/1377 batch loss is :0.0647
2025-06-24 14:21:51 - INFO - epoch:5/25 iteration:955/1377 batch loss is :0.0262
2025-06-24 14:21:58 - INFO - epoch:5/25 iteration:960/1377 batch loss is :0.0393
2025-06-24 14:22:04 - INFO - epoch:5/25 iteration:965/1377 batch loss is :0.0449
2025-06-24 14:22:11 - INFO - epoch:5/25 iteration:970/1377 batch loss is :0.0464
2025-06-24 14:22:17 - INFO - epoch:5/25 iteration:975/1377 batch loss is :0.0591
2025-06-24 14:22:24 - INFO - epoch:5/25 iteration:980/1377 batch loss is :0.0563
2025-06-24 14:22:30 - INFO - epoch:5/25 iteration:985/1377 batch loss is :0.0841
2025-06-24 14:22:37 - INFO - epoch:5/25 iteration:990/1377 batch loss is :0.0687
2025-06-24 14:22:43 - INFO - epoch:5/25 iteration:995/1377 batch loss is :0.0693
2025-06-24 14:22:50 - INFO - epoch:5/25 iteration:1000/1377 batch loss is :0.0768
2025-06-24 14:22:56 - INFO - epoch:5/25 iteration:1005/1377 batch loss is :0.0714
2025-06-24 14:23:03 - INFO - epoch:5/25 iteration:1010/1377 batch loss is :0.0684
2025-06-24 14:23:09 - INFO - epoch:5/25 iteration:1015/1377 batch loss is :0.0846
2025-06-24 14:23:16 - INFO - epoch:5/25 iteration:1020/1377 batch loss is :0.0217
2025-06-24 14:23:22 - INFO - epoch:5/25 iteration:1025/1377 batch loss is :0.0357
2025-06-24 14:23:29 - INFO - epoch:5/25 iteration:1030/1377 batch loss is :0.0428
2025-06-24 14:23:35 - INFO - epoch:5/25 iteration:1035/1377 batch loss is :0.0348
2025-06-24 14:23:42 - INFO - epoch:5/25 iteration:1040/1377 batch loss is :0.0564
2025-06-24 14:23:48 - INFO - epoch:5/25 iteration:1045/1377 batch loss is :0.0654
2025-06-24 14:23:55 - INFO - epoch:5/25 iteration:1050/1377 batch loss is :0.0420
2025-06-24 14:24:01 - INFO - epoch:5/25 iteration:1055/1377 batch loss is :0.0342
2025-06-24 14:24:08 - INFO - epoch:5/25 iteration:1060/1377 batch loss is :0.0432
2025-06-24 14:24:14 - INFO - epoch:5/25 iteration:1065/1377 batch loss is :0.0377
2025-06-24 14:24:20 - INFO - epoch:5/25 iteration:1070/1377 batch loss is :0.0635
2025-06-24 14:24:27 - INFO - epoch:5/25 iteration:1075/1377 batch loss is :0.0351
2025-06-24 14:24:33 - INFO - epoch:5/25 iteration:1080/1377 batch loss is :0.0354
2025-06-24 14:24:40 - INFO - epoch:5/25 iteration:1085/1377 batch loss is :0.0477
2025-06-24 14:24:46 - INFO - epoch:5/25 iteration:1090/1377 batch loss is :0.0499
2025-06-24 14:24:52 - INFO - epoch:5/25 iteration:1095/1377 batch loss is :0.0866
2025-06-24 14:24:59 - INFO - epoch:5/25 iteration:1100/1377 batch loss is :0.0334
2025-06-24 14:25:05 - INFO - epoch:5/25 iteration:1105/1377 batch loss is :0.0341
2025-06-24 14:25:12 - INFO - epoch:5/25 iteration:1110/1377 batch loss is :0.0234
2025-06-24 14:25:18 - INFO - epoch:5/25 iteration:1115/1377 batch loss is :0.0508
2025-06-24 14:25:25 - INFO - epoch:5/25 iteration:1120/1377 batch loss is :0.0816
2025-06-24 14:25:31 - INFO - epoch:5/25 iteration:1125/1377 batch loss is :0.0369
2025-06-24 14:25:38 - INFO - epoch:5/25 iteration:1130/1377 batch loss is :0.0546
2025-06-24 14:25:44 - INFO - epoch:5/25 iteration:1135/1377 batch loss is :0.0549
2025-06-24 14:25:51 - INFO - epoch:5/25 iteration:1140/1377 batch loss is :0.0317
2025-06-24 14:25:57 - INFO - epoch:5/25 iteration:1145/1377 batch loss is :0.0469
2025-06-24 14:26:03 - INFO - epoch:5/25 iteration:1150/1377 batch loss is :0.0626
2025-06-24 14:26:10 - INFO - epoch:5/25 iteration:1155/1377 batch loss is :0.0611
2025-06-24 14:26:16 - INFO - epoch:5/25 iteration:1160/1377 batch loss is :0.0761
2025-06-24 14:26:23 - INFO - epoch:5/25 iteration:1165/1377 batch loss is :0.1004
2025-06-24 14:26:29 - INFO - epoch:5/25 iteration:1170/1377 batch loss is :0.0875
2025-06-24 14:26:36 - INFO - epoch:5/25 iteration:1175/1377 batch loss is :0.0798
2025-06-24 14:26:42 - INFO - epoch:5/25 iteration:1180/1377 batch loss is :0.0718
2025-06-24 14:26:49 - INFO - epoch:5/25 iteration:1185/1377 batch loss is :0.0284
2025-06-24 14:26:55 - INFO - epoch:5/25 iteration:1190/1377 batch loss is :0.0799
2025-06-24 14:27:01 - INFO - epoch:5/25 iteration:1195/1377 batch loss is :0.0394
2025-06-24 14:27:08 - INFO - epoch:5/25 iteration:1200/1377 batch loss is :0.1730
2025-06-24 14:27:14 - INFO - epoch:5/25 iteration:1205/1377 batch loss is :0.0645
2025-06-24 14:27:21 - INFO - epoch:5/25 iteration:1210/1377 batch loss is :0.0641
2025-06-24 14:27:27 - INFO - epoch:5/25 iteration:1215/1377 batch loss is :0.0953
2025-06-24 14:27:34 - INFO - epoch:5/25 iteration:1220/1377 batch loss is :0.0464
2025-06-24 14:27:40 - INFO - epoch:5/25 iteration:1225/1377 batch loss is :0.0352
2025-06-24 14:27:47 - INFO - epoch:5/25 iteration:1230/1377 batch loss is :0.0491
2025-06-24 14:27:53 - INFO - epoch:5/25 iteration:1235/1377 batch loss is :0.0920
2025-06-24 14:27:59 - INFO - epoch:5/25 iteration:1240/1377 batch loss is :0.0580
2025-06-24 14:28:06 - INFO - epoch:5/25 iteration:1245/1377 batch loss is :0.0924
2025-06-24 14:28:12 - INFO - epoch:5/25 iteration:1250/1377 batch loss is :0.0618
2025-06-24 14:28:19 - INFO - epoch:5/25 iteration:1255/1377 batch loss is :0.0629
2025-06-24 14:28:25 - INFO - epoch:5/25 iteration:1260/1377 batch loss is :0.0527
2025-06-24 14:28:32 - INFO - epoch:5/25 iteration:1265/1377 batch loss is :0.0318
2025-06-24 14:28:38 - INFO - epoch:5/25 iteration:1270/1377 batch loss is :0.0348
2025-06-24 14:28:45 - INFO - epoch:5/25 iteration:1275/1377 batch loss is :0.0460
2025-06-24 14:28:51 - INFO - epoch:5/25 iteration:1280/1377 batch loss is :0.0411
2025-06-24 14:28:58 - INFO - epoch:5/25 iteration:1285/1377 batch loss is :0.0571
2025-06-24 14:29:04 - INFO - epoch:5/25 iteration:1290/1377 batch loss is :0.0428
2025-06-24 14:29:10 - INFO - epoch:5/25 iteration:1295/1377 batch loss is :0.1108
2025-06-24 14:29:17 - INFO - epoch:5/25 iteration:1300/1377 batch loss is :0.0645
2025-06-24 14:29:23 - INFO - epoch:5/25 iteration:1305/1377 batch loss is :0.0750
2025-06-24 14:29:30 - INFO - epoch:5/25 iteration:1310/1377 batch loss is :0.0601
2025-06-24 14:29:36 - INFO - epoch:5/25 iteration:1315/1377 batch loss is :0.0602
2025-06-24 14:29:43 - INFO - epoch:5/25 iteration:1320/1377 batch loss is :0.0404
2025-06-24 14:29:49 - INFO - epoch:5/25 iteration:1325/1377 batch loss is :0.0916
2025-06-24 14:29:56 - INFO - epoch:5/25 iteration:1330/1377 batch loss is :0.0347
2025-06-24 14:30:02 - INFO - epoch:5/25 iteration:1335/1377 batch loss is :0.0295
2025-06-24 14:30:08 - INFO - epoch:5/25 iteration:1340/1377 batch loss is :0.0764
2025-06-24 14:30:15 - INFO - epoch:5/25 iteration:1345/1377 batch loss is :0.1064
2025-06-24 14:30:21 - INFO - epoch:5/25 iteration:1350/1377 batch loss is :0.0481
2025-06-24 14:30:28 - INFO - epoch:5/25 iteration:1355/1377 batch loss is :0.1444
2025-06-24 14:30:34 - INFO - epoch:5/25 iteration:1360/1377 batch loss is :0.1146
2025-06-24 14:30:40 - INFO - epoch:5/25 iteration:1365/1377 batch loss is :0.0837
2025-06-24 14:30:47 - INFO - epoch:5/25 iteration:1370/1377 batch loss is :0.0345
2025-06-24 14:30:53 - INFO - epoch:5/25 iteration:1375/1377 batch loss is :0.0412
2025-06-24 14:30:55 - INFO - Epoch:5/25 Loss is :0.0653
2025-06-24 14:40:28 - INFO - VAL loss :0.1042
2025-06-24 14:42:56 - INFO - epoch:6/25 iteration:0/1377 batch loss is :0.0820
2025-06-24 14:43:03 - INFO - epoch:6/25 iteration:5/1377 batch loss is :0.0389
2025-06-24 14:43:10 - INFO - epoch:6/25 iteration:10/1377 batch loss is :0.0159
2025-06-24 14:43:17 - INFO - epoch:6/25 iteration:15/1377 batch loss is :0.0265
2025-06-24 14:43:23 - INFO - epoch:6/25 iteration:20/1377 batch loss is :0.0719
2025-06-24 14:43:30 - INFO - epoch:6/25 iteration:25/1377 batch loss is :0.0854
2025-06-24 14:43:36 - INFO - epoch:6/25 iteration:30/1377 batch loss is :0.0488
2025-06-24 14:43:42 - INFO - epoch:6/25 iteration:35/1377 batch loss is :0.0632
2025-06-24 14:43:49 - INFO - epoch:6/25 iteration:40/1377 batch loss is :0.0423
2025-06-24 14:43:55 - INFO - epoch:6/25 iteration:45/1377 batch loss is :0.0592
2025-06-24 14:44:02 - INFO - epoch:6/25 iteration:50/1377 batch loss is :0.0872
2025-06-24 14:44:08 - INFO - epoch:6/25 iteration:55/1377 batch loss is :0.0610
2025-06-24 14:44:15 - INFO - epoch:6/25 iteration:60/1377 batch loss is :0.0792
2025-06-24 14:44:21 - INFO - epoch:6/25 iteration:65/1377 batch loss is :0.0551
2025-06-24 14:44:27 - INFO - epoch:6/25 iteration:70/1377 batch loss is :0.0650
2025-06-24 14:44:34 - INFO - epoch:6/25 iteration:75/1377 batch loss is :0.0437
2025-06-24 14:44:40 - INFO - epoch:6/25 iteration:80/1377 batch loss is :0.1118
2025-06-24 14:44:47 - INFO - epoch:6/25 iteration:85/1377 batch loss is :0.1744
2025-06-24 14:44:53 - INFO - epoch:6/25 iteration:90/1377 batch loss is :0.0380
2025-06-24 14:44:59 - INFO - epoch:6/25 iteration:95/1377 batch loss is :0.0279
2025-06-24 14:45:06 - INFO - epoch:6/25 iteration:100/1377 batch loss is :0.0630
2025-06-24 14:45:12 - INFO - epoch:6/25 iteration:105/1377 batch loss is :0.0433
2025-06-24 14:45:19 - INFO - epoch:6/25 iteration:110/1377 batch loss is :0.0703
2025-06-24 14:45:25 - INFO - epoch:6/25 iteration:115/1377 batch loss is :0.0545
2025-06-24 14:45:31 - INFO - epoch:6/25 iteration:120/1377 batch loss is :0.0257
2025-06-24 14:45:38 - INFO - epoch:6/25 iteration:125/1377 batch loss is :0.0688
2025-06-24 14:45:44 - INFO - epoch:6/25 iteration:130/1377 batch loss is :0.0549
2025-06-24 14:45:51 - INFO - epoch:6/25 iteration:135/1377 batch loss is :0.1073
2025-06-24 14:45:57 - INFO - epoch:6/25 iteration:140/1377 batch loss is :0.0961
2025-06-24 14:46:04 - INFO - epoch:6/25 iteration:145/1377 batch loss is :0.0613
2025-06-24 14:46:10 - INFO - epoch:6/25 iteration:150/1377 batch loss is :0.0269
2025-06-24 14:46:16 - INFO - epoch:6/25 iteration:155/1377 batch loss is :0.0477
2025-06-24 14:46:23 - INFO - epoch:6/25 iteration:160/1377 batch loss is :0.0206
2025-06-24 14:46:29 - INFO - epoch:6/25 iteration:165/1377 batch loss is :0.0370
2025-06-24 14:46:36 - INFO - epoch:6/25 iteration:170/1377 batch loss is :0.0764
2025-06-24 14:46:42 - INFO - epoch:6/25 iteration:175/1377 batch loss is :0.0981
2025-06-24 14:46:48 - INFO - epoch:6/25 iteration:180/1377 batch loss is :0.0873
2025-06-24 14:46:55 - INFO - epoch:6/25 iteration:185/1377 batch loss is :0.0420
2025-06-24 14:47:01 - INFO - epoch:6/25 iteration:190/1377 batch loss is :0.0332
2025-06-24 14:47:08 - INFO - epoch:6/25 iteration:195/1377 batch loss is :0.0912
2025-06-24 14:47:14 - INFO - epoch:6/25 iteration:200/1377 batch loss is :0.0609
2025-06-24 14:47:21 - INFO - epoch:6/25 iteration:205/1377 batch loss is :0.0495
2025-06-24 14:47:27 - INFO - epoch:6/25 iteration:210/1377 batch loss is :0.0484
2025-06-24 14:47:33 - INFO - epoch:6/25 iteration:215/1377 batch loss is :0.0525
2025-06-24 14:47:40 - INFO - epoch:6/25 iteration:220/1377 batch loss is :0.0552
2025-06-24 14:47:46 - INFO - epoch:6/25 iteration:225/1377 batch loss is :0.0472
2025-06-24 14:47:53 - INFO - epoch:6/25 iteration:230/1377 batch loss is :0.0333
2025-06-24 14:47:59 - INFO - epoch:6/25 iteration:235/1377 batch loss is :0.0751
2025-06-24 14:48:06 - INFO - epoch:6/25 iteration:240/1377 batch loss is :0.0669
2025-06-24 14:48:12 - INFO - epoch:6/25 iteration:245/1377 batch loss is :0.1105
2025-06-24 14:48:18 - INFO - epoch:6/25 iteration:250/1377 batch loss is :0.0763
2025-06-24 14:48:25 - INFO - epoch:6/25 iteration:255/1377 batch loss is :0.0589
2025-06-24 14:48:31 - INFO - epoch:6/25 iteration:260/1377 batch loss is :0.0795
2025-06-24 14:48:37 - INFO - epoch:6/25 iteration:265/1377 batch loss is :0.0568
2025-06-24 14:48:44 - INFO - epoch:6/25 iteration:270/1377 batch loss is :0.0651
2025-06-24 14:48:50 - INFO - epoch:6/25 iteration:275/1377 batch loss is :0.0377
2025-06-24 14:48:57 - INFO - epoch:6/25 iteration:280/1377 batch loss is :0.0371
2025-06-24 14:49:03 - INFO - epoch:6/25 iteration:285/1377 batch loss is :0.0516
2025-06-24 14:49:10 - INFO - epoch:6/25 iteration:290/1377 batch loss is :0.0255
2025-06-24 14:49:16 - INFO - epoch:6/25 iteration:295/1377 batch loss is :0.1779
2025-06-24 14:49:23 - INFO - epoch:6/25 iteration:300/1377 batch loss is :0.0602
2025-06-24 14:49:29 - INFO - epoch:6/25 iteration:305/1377 batch loss is :0.0834
2025-06-24 14:49:36 - INFO - epoch:6/25 iteration:310/1377 batch loss is :0.0471
2025-06-24 14:49:42 - INFO - epoch:6/25 iteration:315/1377 batch loss is :0.0413
2025-06-24 14:49:48 - INFO - epoch:6/25 iteration:320/1377 batch loss is :0.1017
2025-06-24 14:49:55 - INFO - epoch:6/25 iteration:325/1377 batch loss is :0.0236
2025-06-24 14:50:01 - INFO - epoch:6/25 iteration:330/1377 batch loss is :0.0648
2025-06-24 14:50:08 - INFO - epoch:6/25 iteration:335/1377 batch loss is :0.0874
2025-06-24 14:50:14 - INFO - epoch:6/25 iteration:340/1377 batch loss is :0.0331
2025-06-24 14:50:21 - INFO - epoch:6/25 iteration:345/1377 batch loss is :0.0314
2025-06-24 14:50:27 - INFO - epoch:6/25 iteration:350/1377 batch loss is :0.0779
2025-06-24 14:50:34 - INFO - epoch:6/25 iteration:355/1377 batch loss is :0.0244
2025-06-24 14:50:40 - INFO - epoch:6/25 iteration:360/1377 batch loss is :0.0524
2025-06-24 14:50:46 - INFO - epoch:6/25 iteration:365/1377 batch loss is :0.0479
2025-06-24 14:50:53 - INFO - epoch:6/25 iteration:370/1377 batch loss is :0.0232
2025-06-24 14:50:59 - INFO - epoch:6/25 iteration:375/1377 batch loss is :0.2562
2025-06-24 14:51:06 - INFO - epoch:6/25 iteration:380/1377 batch loss is :0.0524
2025-06-24 14:51:12 - INFO - epoch:6/25 iteration:385/1377 batch loss is :0.0498
2025-06-24 14:51:19 - INFO - epoch:6/25 iteration:390/1377 batch loss is :0.0543
2025-06-24 14:51:25 - INFO - epoch:6/25 iteration:395/1377 batch loss is :0.1395
2025-06-24 14:51:31 - INFO - epoch:6/25 iteration:400/1377 batch loss is :0.0235
2025-06-24 14:51:38 - INFO - epoch:6/25 iteration:405/1377 batch loss is :0.0375
2025-06-24 14:51:44 - INFO - epoch:6/25 iteration:410/1377 batch loss is :0.0888
2025-06-24 14:51:51 - INFO - epoch:6/25 iteration:415/1377 batch loss is :0.0174
2025-06-24 14:51:57 - INFO - epoch:6/25 iteration:420/1377 batch loss is :0.0398
2025-06-24 14:52:04 - INFO - epoch:6/25 iteration:425/1377 batch loss is :0.0276
2025-06-24 14:52:10 - INFO - epoch:6/25 iteration:430/1377 batch loss is :0.0518
2025-06-24 14:52:17 - INFO - epoch:6/25 iteration:435/1377 batch loss is :0.0321
2025-06-24 14:52:23 - INFO - epoch:6/25 iteration:440/1377 batch loss is :0.0325
2025-06-24 14:52:29 - INFO - epoch:6/25 iteration:445/1377 batch loss is :0.0371
2025-06-24 14:52:36 - INFO - epoch:6/25 iteration:450/1377 batch loss is :0.0603
2025-06-24 14:52:43 - INFO - epoch:6/25 iteration:455/1377 batch loss is :0.0268
2025-06-24 14:52:49 - INFO - epoch:6/25 iteration:460/1377 batch loss is :0.0564
2025-06-24 14:52:56 - INFO - epoch:6/25 iteration:465/1377 batch loss is :0.0874
2025-06-24 14:53:02 - INFO - epoch:6/25 iteration:470/1377 batch loss is :0.0456
2025-06-24 14:53:08 - INFO - epoch:6/25 iteration:475/1377 batch loss is :0.0430
2025-06-24 14:53:15 - INFO - epoch:6/25 iteration:480/1377 batch loss is :0.0322
2025-06-24 14:53:21 - INFO - epoch:6/25 iteration:485/1377 batch loss is :0.0306
2025-06-24 14:53:28 - INFO - epoch:6/25 iteration:490/1377 batch loss is :0.0724
2025-06-24 14:53:34 - INFO - epoch:6/25 iteration:495/1377 batch loss is :0.0618
2025-06-24 14:53:40 - INFO - epoch:6/25 iteration:500/1377 batch loss is :0.0486
2025-06-24 14:53:47 - INFO - epoch:6/25 iteration:505/1377 batch loss is :0.0207
2025-06-24 14:53:53 - INFO - epoch:6/25 iteration:510/1377 batch loss is :0.0464
2025-06-24 14:54:00 - INFO - epoch:6/25 iteration:515/1377 batch loss is :0.0981
2025-06-24 14:54:06 - INFO - epoch:6/25 iteration:520/1377 batch loss is :0.0431
2025-06-24 14:54:13 - INFO - epoch:6/25 iteration:525/1377 batch loss is :0.0981
2025-06-24 14:54:19 - INFO - epoch:6/25 iteration:530/1377 batch loss is :0.0406
2025-06-24 14:54:25 - INFO - epoch:6/25 iteration:535/1377 batch loss is :0.0608
2025-06-24 14:54:32 - INFO - epoch:6/25 iteration:540/1377 batch loss is :0.0796
2025-06-24 14:54:38 - INFO - epoch:6/25 iteration:545/1377 batch loss is :0.0432
2025-06-24 14:54:45 - INFO - epoch:6/25 iteration:550/1377 batch loss is :0.1320
2025-06-24 14:54:51 - INFO - epoch:6/25 iteration:555/1377 batch loss is :0.0657
2025-06-24 14:54:57 - INFO - epoch:6/25 iteration:560/1377 batch loss is :0.0700
2025-06-24 14:55:04 - INFO - epoch:6/25 iteration:565/1377 batch loss is :0.0527
2025-06-24 14:55:10 - INFO - epoch:6/25 iteration:570/1377 batch loss is :0.0728
2025-06-24 14:55:17 - INFO - epoch:6/25 iteration:575/1377 batch loss is :0.0729
2025-06-24 14:55:23 - INFO - epoch:6/25 iteration:580/1377 batch loss is :0.0390
2025-06-24 14:55:30 - INFO - epoch:6/25 iteration:585/1377 batch loss is :0.0239
2025-06-24 14:55:36 - INFO - epoch:6/25 iteration:590/1377 batch loss is :0.0715
2025-06-24 14:55:42 - INFO - epoch:6/25 iteration:595/1377 batch loss is :0.0477
2025-06-24 14:55:49 - INFO - epoch:6/25 iteration:600/1377 batch loss is :0.0531
2025-06-24 14:55:55 - INFO - epoch:6/25 iteration:605/1377 batch loss is :0.0556
2025-06-24 14:56:01 - INFO - epoch:6/25 iteration:610/1377 batch loss is :0.1230
2025-06-24 14:56:08 - INFO - epoch:6/25 iteration:615/1377 batch loss is :0.0441
2025-06-24 14:56:14 - INFO - epoch:6/25 iteration:620/1377 batch loss is :0.0494
2025-06-24 14:56:21 - INFO - epoch:6/25 iteration:625/1377 batch loss is :0.0493
2025-06-24 14:56:27 - INFO - epoch:6/25 iteration:630/1377 batch loss is :0.0659
2025-06-24 14:56:34 - INFO - epoch:6/25 iteration:635/1377 batch loss is :0.0738
2025-06-24 14:56:40 - INFO - epoch:6/25 iteration:640/1377 batch loss is :0.0547
2025-06-24 14:56:46 - INFO - epoch:6/25 iteration:645/1377 batch loss is :0.0471
2025-06-24 14:56:53 - INFO - epoch:6/25 iteration:650/1377 batch loss is :0.0370
2025-06-24 14:56:59 - INFO - epoch:6/25 iteration:655/1377 batch loss is :0.0463
2025-06-24 14:57:05 - INFO - epoch:6/25 iteration:660/1377 batch loss is :0.0920
2025-06-24 14:57:12 - INFO - epoch:6/25 iteration:665/1377 batch loss is :0.0387
2025-06-24 14:57:18 - INFO - epoch:6/25 iteration:670/1377 batch loss is :0.0724
2025-06-24 14:57:25 - INFO - epoch:6/25 iteration:675/1377 batch loss is :0.0713
2025-06-24 14:57:31 - INFO - epoch:6/25 iteration:680/1377 batch loss is :0.0418
2025-06-24 14:57:38 - INFO - epoch:6/25 iteration:685/1377 batch loss is :0.0427
2025-06-24 14:57:44 - INFO - epoch:6/25 iteration:690/1377 batch loss is :0.0300
2025-06-24 14:57:50 - INFO - epoch:6/25 iteration:695/1377 batch loss is :0.0525
2025-06-24 14:57:57 - INFO - epoch:6/25 iteration:700/1377 batch loss is :0.0284
2025-06-24 14:58:03 - INFO - epoch:6/25 iteration:705/1377 batch loss is :0.1033
2025-06-24 14:58:10 - INFO - epoch:6/25 iteration:710/1377 batch loss is :0.0523
2025-06-24 14:58:16 - INFO - epoch:6/25 iteration:715/1377 batch loss is :0.0958
2025-06-24 14:58:23 - INFO - epoch:6/25 iteration:720/1377 batch loss is :0.0304
2025-06-24 14:58:29 - INFO - epoch:6/25 iteration:725/1377 batch loss is :0.0469
2025-06-24 14:58:35 - INFO - epoch:6/25 iteration:730/1377 batch loss is :0.0376
2025-06-24 14:58:42 - INFO - epoch:6/25 iteration:735/1377 batch loss is :0.0536
2025-06-24 14:58:48 - INFO - epoch:6/25 iteration:740/1377 batch loss is :0.0663
2025-06-24 14:58:55 - INFO - epoch:6/25 iteration:745/1377 batch loss is :0.1498
2025-06-24 14:59:01 - INFO - epoch:6/25 iteration:750/1377 batch loss is :0.0289
2025-06-24 14:59:08 - INFO - epoch:6/25 iteration:755/1377 batch loss is :0.0417
2025-06-24 14:59:14 - INFO - epoch:6/25 iteration:760/1377 batch loss is :0.0588
2025-06-24 14:59:20 - INFO - epoch:6/25 iteration:765/1377 batch loss is :0.0142
2025-06-24 14:59:27 - INFO - epoch:6/25 iteration:770/1377 batch loss is :0.0402
2025-06-24 14:59:33 - INFO - epoch:6/25 iteration:775/1377 batch loss is :0.0430
2025-06-24 14:59:40 - INFO - epoch:6/25 iteration:780/1377 batch loss is :0.0429
2025-06-24 14:59:46 - INFO - epoch:6/25 iteration:785/1377 batch loss is :0.0488
2025-06-24 14:59:53 - INFO - epoch:6/25 iteration:790/1377 batch loss is :0.0584
2025-06-24 14:59:59 - INFO - epoch:6/25 iteration:795/1377 batch loss is :0.0264
2025-06-24 15:00:05 - INFO - epoch:6/25 iteration:800/1377 batch loss is :0.0936
2025-06-24 15:00:12 - INFO - epoch:6/25 iteration:805/1377 batch loss is :0.0457
2025-06-24 15:00:18 - INFO - epoch:6/25 iteration:810/1377 batch loss is :0.0470
2025-06-24 15:00:25 - INFO - epoch:6/25 iteration:815/1377 batch loss is :0.0228
2025-06-24 15:00:31 - INFO - epoch:6/25 iteration:820/1377 batch loss is :0.1037
2025-06-24 15:00:37 - INFO - epoch:6/25 iteration:825/1377 batch loss is :0.0859
2025-06-24 15:00:44 - INFO - epoch:6/25 iteration:830/1377 batch loss is :0.0598
2025-06-24 15:00:50 - INFO - epoch:6/25 iteration:835/1377 batch loss is :0.1630
2025-06-24 15:00:57 - INFO - epoch:6/25 iteration:840/1377 batch loss is :0.0552
2025-06-24 15:01:03 - INFO - epoch:6/25 iteration:845/1377 batch loss is :0.1244
2025-06-24 15:01:09 - INFO - epoch:6/25 iteration:850/1377 batch loss is :0.0540
2025-06-24 15:01:16 - INFO - epoch:6/25 iteration:855/1377 batch loss is :0.0710
2025-06-24 15:01:22 - INFO - epoch:6/25 iteration:860/1377 batch loss is :0.1034
2025-06-24 15:01:29 - INFO - epoch:6/25 iteration:865/1377 batch loss is :0.1127
2025-06-24 15:01:35 - INFO - epoch:6/25 iteration:870/1377 batch loss is :0.0955
2025-06-24 15:01:42 - INFO - epoch:6/25 iteration:875/1377 batch loss is :0.0309
2025-06-24 15:01:48 - INFO - epoch:6/25 iteration:880/1377 batch loss is :0.0503
2025-06-24 15:01:55 - INFO - epoch:6/25 iteration:885/1377 batch loss is :0.0293
2025-06-24 15:02:01 - INFO - epoch:6/25 iteration:890/1377 batch loss is :0.0406
2025-06-24 15:02:07 - INFO - epoch:6/25 iteration:895/1377 batch loss is :0.0343
2025-06-24 15:02:14 - INFO - epoch:6/25 iteration:900/1377 batch loss is :0.0455
2025-06-24 15:02:20 - INFO - epoch:6/25 iteration:905/1377 batch loss is :0.0730
2025-06-24 15:02:27 - INFO - epoch:6/25 iteration:910/1377 batch loss is :0.1246
2025-06-24 15:02:33 - INFO - epoch:6/25 iteration:915/1377 batch loss is :0.0453
2025-06-24 15:02:39 - INFO - epoch:6/25 iteration:920/1377 batch loss is :0.0633
2025-06-24 15:02:46 - INFO - epoch:6/25 iteration:925/1377 batch loss is :0.0589
2025-06-24 15:02:52 - INFO - epoch:6/25 iteration:930/1377 batch loss is :0.0399
2025-06-24 15:02:59 - INFO - epoch:6/25 iteration:935/1377 batch loss is :0.0372
2025-06-24 15:03:05 - INFO - epoch:6/25 iteration:940/1377 batch loss is :0.0682
2025-06-24 15:03:12 - INFO - epoch:6/25 iteration:945/1377 batch loss is :0.0319
2025-06-24 15:03:18 - INFO - epoch:6/25 iteration:950/1377 batch loss is :0.0202
2025-06-24 15:03:24 - INFO - epoch:6/25 iteration:955/1377 batch loss is :0.0429
2025-06-24 15:03:31 - INFO - epoch:6/25 iteration:960/1377 batch loss is :0.0333
2025-06-24 15:03:37 - INFO - epoch:6/25 iteration:965/1377 batch loss is :0.0327
2025-06-24 15:03:44 - INFO - epoch:6/25 iteration:970/1377 batch loss is :0.0363
2025-06-24 15:03:50 - INFO - epoch:6/25 iteration:975/1377 batch loss is :0.1442
2025-06-24 15:03:57 - INFO - epoch:6/25 iteration:980/1377 batch loss is :0.0445
2025-06-24 15:04:03 - INFO - epoch:6/25 iteration:985/1377 batch loss is :0.0340
2025-06-24 15:04:10 - INFO - epoch:6/25 iteration:990/1377 batch loss is :0.0494
2025-06-24 15:04:16 - INFO - epoch:6/25 iteration:995/1377 batch loss is :0.0370
2025-06-24 15:04:22 - INFO - epoch:6/25 iteration:1000/1377 batch loss is :0.0566
2025-06-24 15:04:29 - INFO - epoch:6/25 iteration:1005/1377 batch loss is :0.1247
2025-06-24 15:04:35 - INFO - epoch:6/25 iteration:1010/1377 batch loss is :0.0234
2025-06-24 15:04:42 - INFO - epoch:6/25 iteration:1015/1377 batch loss is :0.0555
2025-06-24 15:04:48 - INFO - epoch:6/25 iteration:1020/1377 batch loss is :0.0588
2025-06-24 15:04:55 - INFO - epoch:6/25 iteration:1025/1377 batch loss is :0.0422
2025-06-24 15:05:01 - INFO - epoch:6/25 iteration:1030/1377 batch loss is :0.0448
2025-06-24 15:05:08 - INFO - epoch:6/25 iteration:1035/1377 batch loss is :0.0964
2025-06-24 15:05:14 - INFO - epoch:6/25 iteration:1040/1377 batch loss is :0.0346
2025-06-24 15:05:20 - INFO - epoch:6/25 iteration:1045/1377 batch loss is :0.0488
2025-06-24 15:05:27 - INFO - epoch:6/25 iteration:1050/1377 batch loss is :0.0245
2025-06-24 15:05:33 - INFO - epoch:6/25 iteration:1055/1377 batch loss is :0.0489
2025-06-24 15:05:40 - INFO - epoch:6/25 iteration:1060/1377 batch loss is :0.1362
2025-06-24 15:05:46 - INFO - epoch:6/25 iteration:1065/1377 batch loss is :0.0621
2025-06-24 15:05:53 - INFO - epoch:6/25 iteration:1070/1377 batch loss is :0.0518
2025-06-24 15:05:59 - INFO - epoch:6/25 iteration:1075/1377 batch loss is :0.0264
2025-06-24 15:06:05 - INFO - epoch:6/25 iteration:1080/1377 batch loss is :0.0612
2025-06-24 15:06:12 - INFO - epoch:6/25 iteration:1085/1377 batch loss is :0.0525
2025-06-24 15:06:18 - INFO - epoch:6/25 iteration:1090/1377 batch loss is :0.0518
2025-06-24 15:06:25 - INFO - epoch:6/25 iteration:1095/1377 batch loss is :0.0486
2025-06-24 15:06:31 - INFO - epoch:6/25 iteration:1100/1377 batch loss is :0.0637
2025-06-24 15:06:38 - INFO - epoch:6/25 iteration:1105/1377 batch loss is :0.0534
2025-06-24 15:06:44 - INFO - epoch:6/25 iteration:1110/1377 batch loss is :0.0955
2025-06-24 15:06:51 - INFO - epoch:6/25 iteration:1115/1377 batch loss is :0.0606
2025-06-24 15:06:57 - INFO - epoch:6/25 iteration:1120/1377 batch loss is :0.0448
2025-06-24 15:07:03 - INFO - epoch:6/25 iteration:1125/1377 batch loss is :0.0395
2025-06-24 15:07:10 - INFO - epoch:6/25 iteration:1130/1377 batch loss is :0.0379
2025-06-24 15:07:16 - INFO - epoch:6/25 iteration:1135/1377 batch loss is :0.0211
2025-06-24 15:07:23 - INFO - epoch:6/25 iteration:1140/1377 batch loss is :0.0530
2025-06-24 15:07:29 - INFO - epoch:6/25 iteration:1145/1377 batch loss is :0.1125
2025-06-24 15:07:35 - INFO - epoch:6/25 iteration:1150/1377 batch loss is :0.0422
2025-06-24 15:07:42 - INFO - epoch:6/25 iteration:1155/1377 batch loss is :0.0886
2025-06-24 15:07:48 - INFO - epoch:6/25 iteration:1160/1377 batch loss is :0.0363
2025-06-24 15:07:55 - INFO - epoch:6/25 iteration:1165/1377 batch loss is :0.0769
2025-06-24 15:08:01 - INFO - epoch:6/25 iteration:1170/1377 batch loss is :0.0496
2025-06-24 15:08:08 - INFO - epoch:6/25 iteration:1175/1377 batch loss is :0.0609
2025-06-24 15:08:14 - INFO - epoch:6/25 iteration:1180/1377 batch loss is :0.0566
2025-06-24 15:08:20 - INFO - epoch:6/25 iteration:1185/1377 batch loss is :0.0363
2025-06-24 15:08:27 - INFO - epoch:6/25 iteration:1190/1377 batch loss is :0.0547
2025-06-24 15:08:33 - INFO - epoch:6/25 iteration:1195/1377 batch loss is :0.0335
2025-06-24 15:08:40 - INFO - epoch:6/25 iteration:1200/1377 batch loss is :0.0454
2025-06-24 15:08:46 - INFO - epoch:6/25 iteration:1205/1377 batch loss is :0.0235
2025-06-24 15:08:52 - INFO - epoch:6/25 iteration:1210/1377 batch loss is :0.0533
2025-06-24 15:08:59 - INFO - epoch:6/25 iteration:1215/1377 batch loss is :0.0505
2025-06-24 15:09:05 - INFO - epoch:6/25 iteration:1220/1377 batch loss is :0.0585
2025-06-24 15:09:12 - INFO - epoch:6/25 iteration:1225/1377 batch loss is :0.0687
2025-06-24 15:09:18 - INFO - epoch:6/25 iteration:1230/1377 batch loss is :0.0621
2025-06-24 15:09:25 - INFO - epoch:6/25 iteration:1235/1377 batch loss is :0.0777
2025-06-24 15:09:31 - INFO - epoch:6/25 iteration:1240/1377 batch loss is :0.0606
2025-06-24 15:09:37 - INFO - epoch:6/25 iteration:1245/1377 batch loss is :0.0591
2025-06-24 15:09:44 - INFO - epoch:6/25 iteration:1250/1377 batch loss is :0.0183
2025-06-24 15:09:50 - INFO - epoch:6/25 iteration:1255/1377 batch loss is :0.0406
2025-06-24 15:09:56 - INFO - epoch:6/25 iteration:1260/1377 batch loss is :0.1035
2025-06-24 15:10:03 - INFO - epoch:6/25 iteration:1265/1377 batch loss is :0.0545
2025-06-24 15:10:09 - INFO - epoch:6/25 iteration:1270/1377 batch loss is :0.0607
2025-06-24 15:10:16 - INFO - epoch:6/25 iteration:1275/1377 batch loss is :0.0587
2025-06-24 15:10:22 - INFO - epoch:6/25 iteration:1280/1377 batch loss is :0.0565
2025-06-24 15:10:29 - INFO - epoch:6/25 iteration:1285/1377 batch loss is :0.0449
2025-06-24 15:10:35 - INFO - epoch:6/25 iteration:1290/1377 batch loss is :0.0650
2025-06-24 15:10:41 - INFO - epoch:6/25 iteration:1295/1377 batch loss is :0.0341
2025-06-24 15:10:48 - INFO - epoch:6/25 iteration:1300/1377 batch loss is :0.0802
2025-06-24 15:10:54 - INFO - epoch:6/25 iteration:1305/1377 batch loss is :0.0682
2025-06-24 15:11:00 - INFO - epoch:6/25 iteration:1310/1377 batch loss is :0.0713
2025-06-24 15:11:07 - INFO - epoch:6/25 iteration:1315/1377 batch loss is :0.0729
2025-06-24 15:11:13 - INFO - epoch:6/25 iteration:1320/1377 batch loss is :0.0304
2025-06-24 15:11:20 - INFO - epoch:6/25 iteration:1325/1377 batch loss is :0.0412
2025-06-24 15:11:26 - INFO - epoch:6/25 iteration:1330/1377 batch loss is :0.0655
2025-06-24 15:11:32 - INFO - epoch:6/25 iteration:1335/1377 batch loss is :0.0476
2025-06-24 15:11:39 - INFO - epoch:6/25 iteration:1340/1377 batch loss is :0.0467
2025-06-24 15:11:45 - INFO - epoch:6/25 iteration:1345/1377 batch loss is :0.0469
2025-06-24 15:11:51 - INFO - epoch:6/25 iteration:1350/1377 batch loss is :0.0342
2025-06-24 15:11:58 - INFO - epoch:6/25 iteration:1355/1377 batch loss is :0.0897
2025-06-24 15:12:04 - INFO - epoch:6/25 iteration:1360/1377 batch loss is :0.0513
2025-06-24 15:12:10 - INFO - epoch:6/25 iteration:1365/1377 batch loss is :0.0527
2025-06-24 15:12:16 - INFO - epoch:6/25 iteration:1370/1377 batch loss is :0.0771
2025-06-24 15:12:22 - INFO - epoch:6/25 iteration:1375/1377 batch loss is :0.0287
2025-06-24 15:12:24 - INFO - Epoch:6/25 Loss is :0.0612
2025-06-24 15:14:49 - INFO - epoch:7/25 iteration:0/1377 batch loss is :0.0484
2025-06-24 15:14:55 - INFO - epoch:7/25 iteration:5/1377 batch loss is :0.0519
2025-06-24 15:15:02 - INFO - epoch:7/25 iteration:10/1377 batch loss is :0.0843
2025-06-24 15:15:09 - INFO - epoch:7/25 iteration:15/1377 batch loss is :0.0151
2025-06-24 15:15:15 - INFO - epoch:7/25 iteration:20/1377 batch loss is :0.0339
2025-06-24 15:15:22 - INFO - epoch:7/25 iteration:25/1377 batch loss is :0.0289
2025-06-24 15:15:28 - INFO - epoch:7/25 iteration:30/1377 batch loss is :0.0383
2025-06-24 15:15:34 - INFO - epoch:7/25 iteration:35/1377 batch loss is :0.0170
2025-06-24 15:15:41 - INFO - epoch:7/25 iteration:40/1377 batch loss is :0.0691
2025-06-24 15:15:47 - INFO - epoch:7/25 iteration:45/1377 batch loss is :0.0832
2025-06-24 15:15:54 - INFO - epoch:7/25 iteration:50/1377 batch loss is :0.1404
2025-06-24 15:16:00 - INFO - epoch:7/25 iteration:55/1377 batch loss is :0.0581
2025-06-24 15:16:06 - INFO - epoch:7/25 iteration:60/1377 batch loss is :0.0587
2025-06-24 15:16:13 - INFO - epoch:7/25 iteration:65/1377 batch loss is :0.0584
2025-06-24 15:16:19 - INFO - epoch:7/25 iteration:70/1377 batch loss is :0.0600
2025-06-24 15:16:26 - INFO - epoch:7/25 iteration:75/1377 batch loss is :0.0518
2025-06-24 15:16:32 - INFO - epoch:7/25 iteration:80/1377 batch loss is :0.0176
2025-06-24 15:16:38 - INFO - epoch:7/25 iteration:85/1377 batch loss is :0.1019
2025-06-24 15:16:45 - INFO - epoch:7/25 iteration:90/1377 batch loss is :0.0554
2025-06-24 15:16:51 - INFO - epoch:7/25 iteration:95/1377 batch loss is :0.0880
2025-06-24 15:16:58 - INFO - epoch:7/25 iteration:100/1377 batch loss is :0.0689
2025-06-24 15:17:04 - INFO - epoch:7/25 iteration:105/1377 batch loss is :0.0572
2025-06-24 15:17:11 - INFO - epoch:7/25 iteration:110/1377 batch loss is :0.0416
2025-06-24 15:17:17 - INFO - epoch:7/25 iteration:115/1377 batch loss is :0.0527
2025-06-24 15:17:23 - INFO - epoch:7/25 iteration:120/1377 batch loss is :0.0244
2025-06-24 15:17:30 - INFO - epoch:7/25 iteration:125/1377 batch loss is :0.0173
2025-06-24 15:17:36 - INFO - epoch:7/25 iteration:130/1377 batch loss is :0.0131
2025-06-24 15:17:43 - INFO - epoch:7/25 iteration:135/1377 batch loss is :0.1083
2025-06-24 15:17:49 - INFO - epoch:7/25 iteration:140/1377 batch loss is :0.0195
2025-06-24 15:17:55 - INFO - epoch:7/25 iteration:145/1377 batch loss is :0.1557
2025-06-24 15:18:02 - INFO - epoch:7/25 iteration:150/1377 batch loss is :0.0485
2025-06-24 15:18:08 - INFO - epoch:7/25 iteration:155/1377 batch loss is :0.0531
2025-06-24 15:18:15 - INFO - epoch:7/25 iteration:160/1377 batch loss is :0.0804
2025-06-24 15:18:21 - INFO - epoch:7/25 iteration:165/1377 batch loss is :0.0196
2025-06-24 15:18:28 - INFO - epoch:7/25 iteration:170/1377 batch loss is :0.1593
2025-06-24 15:18:34 - INFO - epoch:7/25 iteration:175/1377 batch loss is :0.0562
2025-06-24 15:18:40 - INFO - epoch:7/25 iteration:180/1377 batch loss is :0.0766
2025-06-24 15:18:47 - INFO - epoch:7/25 iteration:185/1377 batch loss is :0.0438
2025-06-24 15:18:53 - INFO - epoch:7/25 iteration:190/1377 batch loss is :0.0996
2025-06-24 15:19:00 - INFO - epoch:7/25 iteration:195/1377 batch loss is :0.0716
2025-06-24 15:19:06 - INFO - epoch:7/25 iteration:200/1377 batch loss is :0.0901
2025-06-24 15:19:12 - INFO - epoch:7/25 iteration:205/1377 batch loss is :0.0280
2025-06-24 15:19:19 - INFO - epoch:7/25 iteration:210/1377 batch loss is :0.0563
2025-06-24 15:19:25 - INFO - epoch:7/25 iteration:215/1377 batch loss is :0.0558
2025-06-24 15:19:32 - INFO - epoch:7/25 iteration:220/1377 batch loss is :0.0811
2025-06-24 15:19:38 - INFO - epoch:7/25 iteration:225/1377 batch loss is :0.0429
2025-06-24 15:19:45 - INFO - epoch:7/25 iteration:230/1377 batch loss is :0.0914
2025-06-24 15:19:51 - INFO - epoch:7/25 iteration:235/1377 batch loss is :0.0333
2025-06-24 15:19:57 - INFO - epoch:7/25 iteration:240/1377 batch loss is :0.0252
2025-06-24 15:20:04 - INFO - epoch:7/25 iteration:245/1377 batch loss is :0.0599
2025-06-24 15:20:10 - INFO - epoch:7/25 iteration:250/1377 batch loss is :0.0370
2025-06-24 15:20:17 - INFO - epoch:7/25 iteration:255/1377 batch loss is :0.0323
2025-06-24 15:20:23 - INFO - epoch:7/25 iteration:260/1377 batch loss is :0.0605
2025-06-24 15:20:29 - INFO - epoch:7/25 iteration:265/1377 batch loss is :0.0597
2025-06-24 15:20:36 - INFO - epoch:7/25 iteration:270/1377 batch loss is :0.0609
2025-06-24 15:20:42 - INFO - epoch:7/25 iteration:275/1377 batch loss is :0.0555
2025-06-24 15:20:49 - INFO - epoch:7/25 iteration:280/1377 batch loss is :0.0496
2025-06-24 15:20:55 - INFO - epoch:7/25 iteration:285/1377 batch loss is :0.0396
2025-06-24 15:21:01 - INFO - epoch:7/25 iteration:290/1377 batch loss is :0.0647
2025-06-24 15:21:08 - INFO - epoch:7/25 iteration:295/1377 batch loss is :0.0496
2025-06-24 15:21:14 - INFO - epoch:7/25 iteration:300/1377 batch loss is :0.0887
2025-06-24 15:21:21 - INFO - epoch:7/25 iteration:305/1377 batch loss is :0.0391
2025-06-24 15:21:27 - INFO - epoch:7/25 iteration:310/1377 batch loss is :0.0337
2025-06-24 15:21:34 - INFO - epoch:7/25 iteration:315/1377 batch loss is :0.0426
2025-06-24 15:21:40 - INFO - epoch:7/25 iteration:320/1377 batch loss is :0.0501
2025-06-24 15:21:47 - INFO - epoch:7/25 iteration:325/1377 batch loss is :0.0193
2025-06-24 15:21:53 - INFO - epoch:7/25 iteration:330/1377 batch loss is :0.0341
2025-06-24 15:22:00 - INFO - epoch:7/25 iteration:335/1377 batch loss is :0.0530
2025-06-24 15:22:06 - INFO - epoch:7/25 iteration:340/1377 batch loss is :0.0580
2025-06-24 15:22:12 - INFO - epoch:7/25 iteration:345/1377 batch loss is :0.0488
2025-06-24 15:22:19 - INFO - epoch:7/25 iteration:350/1377 batch loss is :0.0407
2025-06-24 15:22:25 - INFO - epoch:7/25 iteration:355/1377 batch loss is :0.0468
2025-06-24 15:22:32 - INFO - epoch:7/25 iteration:360/1377 batch loss is :0.0496
2025-06-24 15:22:38 - INFO - epoch:7/25 iteration:365/1377 batch loss is :0.0778
2025-06-24 15:22:44 - INFO - epoch:7/25 iteration:370/1377 batch loss is :0.0410
2025-06-24 15:22:51 - INFO - epoch:7/25 iteration:375/1377 batch loss is :0.0341
2025-06-24 15:22:57 - INFO - epoch:7/25 iteration:380/1377 batch loss is :0.0489
2025-06-24 15:23:04 - INFO - epoch:7/25 iteration:385/1377 batch loss is :0.0504
2025-06-24 15:23:10 - INFO - epoch:7/25 iteration:390/1377 batch loss is :0.0221
2025-06-24 15:23:17 - INFO - epoch:7/25 iteration:395/1377 batch loss is :0.0284
2025-06-24 15:23:23 - INFO - epoch:7/25 iteration:400/1377 batch loss is :0.0506
2025-06-24 15:23:29 - INFO - epoch:7/25 iteration:405/1377 batch loss is :0.0430
2025-06-24 15:23:36 - INFO - epoch:7/25 iteration:410/1377 batch loss is :0.0935
2025-06-24 15:23:42 - INFO - epoch:7/25 iteration:415/1377 batch loss is :0.0336
2025-06-24 15:23:49 - INFO - epoch:7/25 iteration:420/1377 batch loss is :0.0861
2025-06-24 15:23:55 - INFO - epoch:7/25 iteration:425/1377 batch loss is :0.0937
2025-06-24 15:24:02 - INFO - epoch:7/25 iteration:430/1377 batch loss is :0.0238
2025-06-24 15:24:08 - INFO - epoch:7/25 iteration:435/1377 batch loss is :0.0351
2025-06-24 15:24:14 - INFO - epoch:7/25 iteration:440/1377 batch loss is :0.0878
2025-06-24 15:24:21 - INFO - epoch:7/25 iteration:445/1377 batch loss is :0.1134
2025-06-24 15:24:27 - INFO - epoch:7/25 iteration:450/1377 batch loss is :0.0340
2025-06-24 15:24:34 - INFO - epoch:7/25 iteration:455/1377 batch loss is :0.0692
2025-06-24 15:24:40 - INFO - epoch:7/25 iteration:460/1377 batch loss is :0.0807
2025-06-24 15:24:47 - INFO - epoch:7/25 iteration:465/1377 batch loss is :0.0289
2025-06-24 15:24:53 - INFO - epoch:7/25 iteration:470/1377 batch loss is :0.0457
2025-06-24 15:24:59 - INFO - epoch:7/25 iteration:475/1377 batch loss is :0.0222
2025-06-24 15:25:06 - INFO - epoch:7/25 iteration:480/1377 batch loss is :0.0340
2025-06-24 15:25:12 - INFO - epoch:7/25 iteration:485/1377 batch loss is :0.0606
2025-06-24 15:25:19 - INFO - epoch:7/25 iteration:490/1377 batch loss is :0.0916
2025-06-24 15:25:25 - INFO - epoch:7/25 iteration:495/1377 batch loss is :0.0579
2025-06-24 15:25:32 - INFO - epoch:7/25 iteration:500/1377 batch loss is :0.0550
2025-06-24 15:25:38 - INFO - epoch:7/25 iteration:505/1377 batch loss is :0.0300
2025-06-24 15:25:45 - INFO - epoch:7/25 iteration:510/1377 batch loss is :0.2601
2025-06-24 15:25:51 - INFO - epoch:7/25 iteration:515/1377 batch loss is :0.1018
2025-06-24 15:25:57 - INFO - epoch:7/25 iteration:520/1377 batch loss is :0.0293
2025-06-24 15:26:04 - INFO - epoch:7/25 iteration:525/1377 batch loss is :0.0461
2025-06-24 15:26:10 - INFO - epoch:7/25 iteration:530/1377 batch loss is :0.0634
2025-06-24 15:26:17 - INFO - epoch:7/25 iteration:535/1377 batch loss is :0.0878
2025-06-24 15:26:23 - INFO - epoch:7/25 iteration:540/1377 batch loss is :0.0329
2025-06-24 15:26:30 - INFO - epoch:7/25 iteration:545/1377 batch loss is :0.0487
2025-06-24 15:26:36 - INFO - epoch:7/25 iteration:550/1377 batch loss is :0.0131
2025-06-24 15:26:42 - INFO - epoch:7/25 iteration:555/1377 batch loss is :0.0972
2025-06-24 15:26:49 - INFO - epoch:7/25 iteration:560/1377 batch loss is :0.0862
2025-06-24 15:26:55 - INFO - epoch:7/25 iteration:565/1377 batch loss is :0.0568
2025-06-24 15:27:02 - INFO - epoch:7/25 iteration:570/1377 batch loss is :0.0938
2025-06-24 15:27:08 - INFO - epoch:7/25 iteration:575/1377 batch loss is :0.0412
2025-06-24 15:27:15 - INFO - epoch:7/25 iteration:580/1377 batch loss is :0.0423
2025-06-24 15:27:21 - INFO - epoch:7/25 iteration:585/1377 batch loss is :0.0408
2025-06-24 15:27:27 - INFO - epoch:7/25 iteration:590/1377 batch loss is :0.1160
2025-06-24 15:27:34 - INFO - epoch:7/25 iteration:595/1377 batch loss is :0.0577
2025-06-24 15:27:40 - INFO - epoch:7/25 iteration:600/1377 batch loss is :0.0319
2025-06-24 15:27:47 - INFO - epoch:7/25 iteration:605/1377 batch loss is :0.1003
2025-06-24 15:27:53 - INFO - epoch:7/25 iteration:610/1377 batch loss is :0.1178
2025-06-24 15:27:59 - INFO - epoch:7/25 iteration:615/1377 batch loss is :0.0180
2025-06-24 15:28:06 - INFO - epoch:7/25 iteration:620/1377 batch loss is :0.0472
2025-06-24 15:28:12 - INFO - epoch:7/25 iteration:625/1377 batch loss is :0.0542
2025-06-24 15:28:19 - INFO - epoch:7/25 iteration:630/1377 batch loss is :0.0448
2025-06-24 15:28:25 - INFO - epoch:7/25 iteration:635/1377 batch loss is :0.0466
2025-06-24 15:28:31 - INFO - epoch:7/25 iteration:640/1377 batch loss is :0.0457
2025-06-24 15:28:38 - INFO - epoch:7/25 iteration:645/1377 batch loss is :0.0468
2025-06-24 15:28:44 - INFO - epoch:7/25 iteration:650/1377 batch loss is :0.0270
2025-06-24 15:28:51 - INFO - epoch:7/25 iteration:655/1377 batch loss is :0.0625
2025-06-24 15:28:57 - INFO - epoch:7/25 iteration:660/1377 batch loss is :0.0285
2025-06-24 15:29:03 - INFO - epoch:7/25 iteration:665/1377 batch loss is :0.0630
2025-06-24 15:29:10 - INFO - epoch:7/25 iteration:670/1377 batch loss is :0.0427
2025-06-24 15:29:16 - INFO - epoch:7/25 iteration:675/1377 batch loss is :0.0682
2025-06-24 15:29:23 - INFO - epoch:7/25 iteration:680/1377 batch loss is :0.0668
2025-06-24 15:29:29 - INFO - epoch:7/25 iteration:685/1377 batch loss is :0.0450
2025-06-24 15:29:35 - INFO - epoch:7/25 iteration:690/1377 batch loss is :0.0506
2025-06-24 15:29:42 - INFO - epoch:7/25 iteration:695/1377 batch loss is :0.0411
2025-06-24 15:29:48 - INFO - epoch:7/25 iteration:700/1377 batch loss is :0.0438
2025-06-24 15:29:55 - INFO - epoch:7/25 iteration:705/1377 batch loss is :0.0514
2025-06-24 15:30:01 - INFO - epoch:7/25 iteration:710/1377 batch loss is :0.0957
2025-06-24 15:30:07 - INFO - epoch:7/25 iteration:715/1377 batch loss is :0.0754
2025-06-24 15:30:14 - INFO - epoch:7/25 iteration:720/1377 batch loss is :0.0631
2025-06-24 15:30:20 - INFO - epoch:7/25 iteration:725/1377 batch loss is :0.0532
2025-06-24 15:30:27 - INFO - epoch:7/25 iteration:730/1377 batch loss is :0.0856
2025-06-24 15:30:33 - INFO - epoch:7/25 iteration:735/1377 batch loss is :0.0986
2025-06-24 15:30:39 - INFO - epoch:7/25 iteration:740/1377 batch loss is :0.0568
2025-06-24 15:30:46 - INFO - epoch:7/25 iteration:745/1377 batch loss is :0.0315
2025-06-24 15:30:52 - INFO - epoch:7/25 iteration:750/1377 batch loss is :0.0464
2025-06-24 15:30:59 - INFO - epoch:7/25 iteration:755/1377 batch loss is :0.0320
2025-06-24 15:31:05 - INFO - epoch:7/25 iteration:760/1377 batch loss is :0.0466
2025-06-24 15:31:11 - INFO - epoch:7/25 iteration:765/1377 batch loss is :0.0575
2025-06-24 15:31:18 - INFO - epoch:7/25 iteration:770/1377 batch loss is :0.0597
2025-06-24 15:31:24 - INFO - epoch:7/25 iteration:775/1377 batch loss is :0.0264
2025-06-24 15:31:31 - INFO - epoch:7/25 iteration:780/1377 batch loss is :0.0239
2025-06-24 15:31:37 - INFO - epoch:7/25 iteration:785/1377 batch loss is :0.0926
2025-06-24 15:31:44 - INFO - epoch:7/25 iteration:790/1377 batch loss is :0.0497
2025-06-24 15:31:50 - INFO - epoch:7/25 iteration:795/1377 batch loss is :0.0148
2025-06-24 15:31:57 - INFO - epoch:7/25 iteration:800/1377 batch loss is :0.0392
2025-06-24 15:32:03 - INFO - epoch:7/25 iteration:805/1377 batch loss is :0.1076
2025-06-24 15:32:09 - INFO - epoch:7/25 iteration:810/1377 batch loss is :0.0359
2025-06-24 15:32:16 - INFO - epoch:7/25 iteration:815/1377 batch loss is :0.0470
2025-06-24 15:32:22 - INFO - epoch:7/25 iteration:820/1377 batch loss is :0.0906
2025-06-24 15:32:29 - INFO - epoch:7/25 iteration:825/1377 batch loss is :0.0441
2025-06-24 15:32:35 - INFO - epoch:7/25 iteration:830/1377 batch loss is :0.0242
2025-06-24 15:32:41 - INFO - epoch:7/25 iteration:835/1377 batch loss is :0.0325
2025-06-24 15:32:48 - INFO - epoch:7/25 iteration:840/1377 batch loss is :0.0382
2025-06-24 15:32:54 - INFO - epoch:7/25 iteration:845/1377 batch loss is :0.0399
2025-06-24 15:33:01 - INFO - epoch:7/25 iteration:850/1377 batch loss is :0.0640
2025-06-24 15:33:07 - INFO - epoch:7/25 iteration:855/1377 batch loss is :0.0403
2025-06-24 15:33:13 - INFO - epoch:7/25 iteration:860/1377 batch loss is :0.1188
2025-06-24 15:33:20 - INFO - epoch:7/25 iteration:865/1377 batch loss is :0.0578
2025-06-24 15:33:26 - INFO - epoch:7/25 iteration:870/1377 batch loss is :0.0483
2025-06-24 15:33:33 - INFO - epoch:7/25 iteration:875/1377 batch loss is :0.0268
2025-06-24 15:33:39 - INFO - epoch:7/25 iteration:880/1377 batch loss is :0.0604
2025-06-24 15:33:45 - INFO - epoch:7/25 iteration:885/1377 batch loss is :0.0253
2025-06-24 15:33:52 - INFO - epoch:7/25 iteration:890/1377 batch loss is :0.0642
2025-06-24 15:33:58 - INFO - epoch:7/25 iteration:895/1377 batch loss is :0.0499
2025-06-24 15:34:05 - INFO - epoch:7/25 iteration:900/1377 batch loss is :0.0344
2025-06-24 15:34:11 - INFO - epoch:7/25 iteration:905/1377 batch loss is :0.0232
2025-06-24 15:34:17 - INFO - epoch:7/25 iteration:910/1377 batch loss is :0.0233
2025-06-24 15:34:24 - INFO - epoch:7/25 iteration:915/1377 batch loss is :0.0326
2025-06-24 15:34:30 - INFO - epoch:7/25 iteration:920/1377 batch loss is :0.0886
2025-06-24 15:34:37 - INFO - epoch:7/25 iteration:925/1377 batch loss is :0.0242
2025-06-24 15:34:43 - INFO - epoch:7/25 iteration:930/1377 batch loss is :0.0475
2025-06-24 15:34:49 - INFO - epoch:7/25 iteration:935/1377 batch loss is :0.0198
2025-06-24 15:34:56 - INFO - epoch:7/25 iteration:940/1377 batch loss is :0.0324
2025-06-24 15:35:02 - INFO - epoch:7/25 iteration:945/1377 batch loss is :0.1734
2025-06-24 15:35:09 - INFO - epoch:7/25 iteration:950/1377 batch loss is :0.0899
2025-06-24 15:35:15 - INFO - epoch:7/25 iteration:955/1377 batch loss is :0.0517
2025-06-24 15:35:21 - INFO - epoch:7/25 iteration:960/1377 batch loss is :0.0383
2025-06-24 15:35:28 - INFO - epoch:7/25 iteration:965/1377 batch loss is :0.0549
2025-06-24 15:35:34 - INFO - epoch:7/25 iteration:970/1377 batch loss is :0.0741
2025-06-24 15:35:41 - INFO - epoch:7/25 iteration:975/1377 batch loss is :0.0438
2025-06-24 15:35:47 - INFO - epoch:7/25 iteration:980/1377 batch loss is :0.0485
2025-06-24 15:35:54 - INFO - epoch:7/25 iteration:985/1377 batch loss is :0.0598
2025-06-24 15:36:00 - INFO - epoch:7/25 iteration:990/1377 batch loss is :0.0509
2025-06-24 15:36:06 - INFO - epoch:7/25 iteration:995/1377 batch loss is :0.0530
2025-06-24 15:36:13 - INFO - epoch:7/25 iteration:1000/1377 batch loss is :0.0411
2025-06-24 15:36:19 - INFO - epoch:7/25 iteration:1005/1377 batch loss is :0.0228
2025-06-24 15:36:26 - INFO - epoch:7/25 iteration:1010/1377 batch loss is :0.0388
2025-06-24 15:36:32 - INFO - epoch:7/25 iteration:1015/1377 batch loss is :0.0809
2025-06-24 15:36:38 - INFO - epoch:7/25 iteration:1020/1377 batch loss is :0.0798
2025-06-24 15:36:45 - INFO - epoch:7/25 iteration:1025/1377 batch loss is :0.0536
2025-06-24 15:36:51 - INFO - epoch:7/25 iteration:1030/1377 batch loss is :0.0870
2025-06-24 15:36:58 - INFO - epoch:7/25 iteration:1035/1377 batch loss is :0.0333
2025-06-24 15:37:04 - INFO - epoch:7/25 iteration:1040/1377 batch loss is :0.0415
2025-06-24 15:37:11 - INFO - epoch:7/25 iteration:1045/1377 batch loss is :0.0506
2025-06-24 15:37:17 - INFO - epoch:7/25 iteration:1050/1377 batch loss is :0.0441
2025-06-24 15:37:24 - INFO - epoch:7/25 iteration:1055/1377 batch loss is :0.0461
2025-06-24 15:37:30 - INFO - epoch:7/25 iteration:1060/1377 batch loss is :0.0414
2025-06-24 15:37:36 - INFO - epoch:7/25 iteration:1065/1377 batch loss is :0.0394
2025-06-24 15:37:43 - INFO - epoch:7/25 iteration:1070/1377 batch loss is :0.0448
2025-06-24 15:37:49 - INFO - epoch:7/25 iteration:1075/1377 batch loss is :0.0309
2025-06-24 15:37:56 - INFO - epoch:7/25 iteration:1080/1377 batch loss is :0.0564
2025-06-24 15:38:02 - INFO - epoch:7/25 iteration:1085/1377 batch loss is :0.0463
2025-06-24 15:38:09 - INFO - epoch:7/25 iteration:1090/1377 batch loss is :0.0522
2025-06-24 15:38:15 - INFO - epoch:7/25 iteration:1095/1377 batch loss is :0.0429
2025-06-24 15:38:21 - INFO - epoch:7/25 iteration:1100/1377 batch loss is :0.0525
2025-06-24 15:38:28 - INFO - epoch:7/25 iteration:1105/1377 batch loss is :0.0530
2025-06-24 15:38:34 - INFO - epoch:7/25 iteration:1110/1377 batch loss is :0.0883
2025-06-24 15:38:41 - INFO - epoch:7/25 iteration:1115/1377 batch loss is :0.0384
2025-06-24 15:38:47 - INFO - epoch:7/25 iteration:1120/1377 batch loss is :0.0244
2025-06-24 15:38:53 - INFO - epoch:7/25 iteration:1125/1377 batch loss is :0.0279
2025-06-24 15:39:00 - INFO - epoch:7/25 iteration:1130/1377 batch loss is :0.2549
2025-06-24 15:39:06 - INFO - epoch:7/25 iteration:1135/1377 batch loss is :0.0581
2025-06-24 15:39:13 - INFO - epoch:7/25 iteration:1140/1377 batch loss is :0.0582
2025-06-24 15:39:19 - INFO - epoch:7/25 iteration:1145/1377 batch loss is :0.0674
2025-06-24 15:39:26 - INFO - epoch:7/25 iteration:1150/1377 batch loss is :0.0362
2025-06-24 15:39:32 - INFO - epoch:7/25 iteration:1155/1377 batch loss is :0.0218
2025-06-24 15:39:38 - INFO - epoch:7/25 iteration:1160/1377 batch loss is :0.0632
2025-06-24 15:39:45 - INFO - epoch:7/25 iteration:1165/1377 batch loss is :0.0229
2025-06-24 15:39:51 - INFO - epoch:7/25 iteration:1170/1377 batch loss is :0.0463
2025-06-24 15:39:58 - INFO - epoch:7/25 iteration:1175/1377 batch loss is :0.0468
2025-06-24 15:40:04 - INFO - epoch:7/25 iteration:1180/1377 batch loss is :0.0279
2025-06-24 15:40:11 - INFO - epoch:7/25 iteration:1185/1377 batch loss is :0.0681
2025-06-24 15:40:17 - INFO - epoch:7/25 iteration:1190/1377 batch loss is :0.0221
2025-06-24 15:40:23 - INFO - epoch:7/25 iteration:1195/1377 batch loss is :0.0486
2025-06-24 15:40:30 - INFO - epoch:7/25 iteration:1200/1377 batch loss is :0.0740
2025-06-24 15:40:36 - INFO - epoch:7/25 iteration:1205/1377 batch loss is :0.0383
2025-06-24 15:40:43 - INFO - epoch:7/25 iteration:1210/1377 batch loss is :0.0262
2025-06-24 15:40:49 - INFO - epoch:7/25 iteration:1215/1377 batch loss is :0.0640
2025-06-24 15:40:55 - INFO - epoch:7/25 iteration:1220/1377 batch loss is :0.0363
2025-06-24 15:41:02 - INFO - epoch:7/25 iteration:1225/1377 batch loss is :0.0486
2025-06-24 15:41:08 - INFO - epoch:7/25 iteration:1230/1377 batch loss is :0.0416
2025-06-24 15:41:15 - INFO - epoch:7/25 iteration:1235/1377 batch loss is :0.0663
2025-06-24 15:41:21 - INFO - epoch:7/25 iteration:1240/1377 batch loss is :0.0204
2025-06-24 15:41:28 - INFO - epoch:7/25 iteration:1245/1377 batch loss is :0.0458
2025-06-24 15:41:34 - INFO - epoch:7/25 iteration:1250/1377 batch loss is :0.0520
2025-06-24 15:41:41 - INFO - epoch:7/25 iteration:1255/1377 batch loss is :0.0490
2025-06-24 15:41:47 - INFO - epoch:7/25 iteration:1260/1377 batch loss is :0.0521
2025-06-24 15:41:53 - INFO - epoch:7/25 iteration:1265/1377 batch loss is :0.0246
2025-06-24 15:42:00 - INFO - epoch:7/25 iteration:1270/1377 batch loss is :0.0318
2025-06-24 15:42:06 - INFO - epoch:7/25 iteration:1275/1377 batch loss is :0.0185
2025-06-24 15:42:13 - INFO - epoch:7/25 iteration:1280/1377 batch loss is :0.0650
2025-06-24 15:42:19 - INFO - epoch:7/25 iteration:1285/1377 batch loss is :0.0545
2025-06-24 15:42:26 - INFO - epoch:7/25 iteration:1290/1377 batch loss is :0.0485
2025-06-24 15:42:32 - INFO - epoch:7/25 iteration:1295/1377 batch loss is :0.0925
2025-06-24 15:42:38 - INFO - epoch:7/25 iteration:1300/1377 batch loss is :0.1185
2025-06-24 15:42:45 - INFO - epoch:7/25 iteration:1305/1377 batch loss is :0.0428
2025-06-24 15:42:51 - INFO - epoch:7/25 iteration:1310/1377 batch loss is :0.0454
2025-06-24 15:42:58 - INFO - epoch:7/25 iteration:1315/1377 batch loss is :0.0507
2025-06-24 15:43:04 - INFO - epoch:7/25 iteration:1320/1377 batch loss is :0.0828
2025-06-24 15:43:10 - INFO - epoch:7/25 iteration:1325/1377 batch loss is :0.0497
2025-06-24 15:43:17 - INFO - epoch:7/25 iteration:1330/1377 batch loss is :0.0473
2025-06-24 15:43:23 - INFO - epoch:7/25 iteration:1335/1377 batch loss is :0.0355
2025-06-24 15:43:30 - INFO - epoch:7/25 iteration:1340/1377 batch loss is :0.0247
2025-06-24 15:43:36 - INFO - epoch:7/25 iteration:1345/1377 batch loss is :0.0344
2025-06-24 15:43:43 - INFO - epoch:7/25 iteration:1350/1377 batch loss is :0.0536
2025-06-24 15:43:49 - INFO - epoch:7/25 iteration:1355/1377 batch loss is :0.0251
2025-06-24 15:43:55 - INFO - epoch:7/25 iteration:1360/1377 batch loss is :0.0188
2025-06-24 15:44:01 - INFO - epoch:7/25 iteration:1365/1377 batch loss is :0.1218
2025-06-24 15:44:07 - INFO - epoch:7/25 iteration:1370/1377 batch loss is :0.0330
2025-06-24 15:44:14 - INFO - epoch:7/25 iteration:1375/1377 batch loss is :0.0454
2025-06-24 15:44:15 - INFO - Epoch:7/25 Loss is :0.0574
2025-06-24 15:46:39 - INFO - epoch:8/25 iteration:0/1377 batch loss is :0.0798
2025-06-24 15:46:46 - INFO - epoch:8/25 iteration:5/1377 batch loss is :0.0438
2025-06-24 15:46:52 - INFO - epoch:8/25 iteration:10/1377 batch loss is :0.0279
2025-06-24 15:46:59 - INFO - epoch:8/25 iteration:15/1377 batch loss is :0.1070
2025-06-24 15:47:06 - INFO - epoch:8/25 iteration:20/1377 batch loss is :0.0341
2025-06-24 15:47:12 - INFO - epoch:8/25 iteration:25/1377 batch loss is :0.0574
2025-06-24 15:47:18 - INFO - epoch:8/25 iteration:30/1377 batch loss is :0.0303
2025-06-24 15:47:25 - INFO - epoch:8/25 iteration:35/1377 batch loss is :0.0359
2025-06-24 15:47:31 - INFO - epoch:8/25 iteration:40/1377 batch loss is :0.0387
2025-06-24 15:47:38 - INFO - epoch:8/25 iteration:45/1377 batch loss is :0.0337
2025-06-24 15:47:44 - INFO - epoch:8/25 iteration:50/1377 batch loss is :0.0178
2025-06-24 15:47:50 - INFO - epoch:8/25 iteration:55/1377 batch loss is :0.0353
2025-06-24 15:47:57 - INFO - epoch:8/25 iteration:60/1377 batch loss is :0.0553
2025-06-24 15:48:03 - INFO - epoch:8/25 iteration:65/1377 batch loss is :0.0505
2025-06-24 15:48:10 - INFO - epoch:8/25 iteration:70/1377 batch loss is :0.0211
2025-06-24 15:48:16 - INFO - epoch:8/25 iteration:75/1377 batch loss is :0.0267
2025-06-24 15:48:22 - INFO - epoch:8/25 iteration:80/1377 batch loss is :0.0290
2025-06-24 15:48:29 - INFO - epoch:8/25 iteration:85/1377 batch loss is :0.0227
2025-06-24 15:48:35 - INFO - epoch:8/25 iteration:90/1377 batch loss is :0.0178
2025-06-24 15:48:42 - INFO - epoch:8/25 iteration:95/1377 batch loss is :0.0699
2025-06-24 15:48:48 - INFO - epoch:8/25 iteration:100/1377 batch loss is :0.0298
2025-06-24 15:48:54 - INFO - epoch:8/25 iteration:105/1377 batch loss is :0.1014
2025-06-24 15:49:01 - INFO - epoch:8/25 iteration:110/1377 batch loss is :0.0452
2025-06-24 15:49:07 - INFO - epoch:8/25 iteration:115/1377 batch loss is :0.0579
2025-06-24 15:49:14 - INFO - epoch:8/25 iteration:120/1377 batch loss is :0.0447
2025-06-24 15:49:20 - INFO - epoch:8/25 iteration:125/1377 batch loss is :0.0554
2025-06-24 15:49:26 - INFO - epoch:8/25 iteration:130/1377 batch loss is :0.1064
2025-06-24 15:49:33 - INFO - epoch:8/25 iteration:135/1377 batch loss is :0.0573
2025-06-24 15:49:39 - INFO - epoch:8/25 iteration:140/1377 batch loss is :0.0580
2025-06-24 15:49:46 - INFO - epoch:8/25 iteration:145/1377 batch loss is :0.0328
2025-06-24 15:49:52 - INFO - epoch:8/25 iteration:150/1377 batch loss is :0.0483
2025-06-24 15:49:58 - INFO - epoch:8/25 iteration:155/1377 batch loss is :0.0466
2025-06-24 15:50:05 - INFO - epoch:8/25 iteration:160/1377 batch loss is :0.0457
2025-06-24 15:50:11 - INFO - epoch:8/25 iteration:165/1377 batch loss is :0.0440
2025-06-24 15:50:17 - INFO - epoch:8/25 iteration:170/1377 batch loss is :0.0459
2025-06-24 15:50:24 - INFO - epoch:8/25 iteration:175/1377 batch loss is :0.0272
2025-06-24 15:50:30 - INFO - epoch:8/25 iteration:180/1377 batch loss is :0.0545
2025-06-24 15:50:37 - INFO - epoch:8/25 iteration:185/1377 batch loss is :0.0449
2025-06-24 15:50:43 - INFO - epoch:8/25 iteration:190/1377 batch loss is :0.0234
2025-06-24 15:50:49 - INFO - epoch:8/25 iteration:195/1377 batch loss is :0.0439
2025-06-24 15:50:56 - INFO - epoch:8/25 iteration:200/1377 batch loss is :0.0369
2025-06-24 15:51:02 - INFO - epoch:8/25 iteration:205/1377 batch loss is :0.0560
2025-06-24 15:51:09 - INFO - epoch:8/25 iteration:210/1377 batch loss is :0.0552
2025-06-24 15:51:15 - INFO - epoch:8/25 iteration:215/1377 batch loss is :0.0165
2025-06-24 15:51:21 - INFO - epoch:8/25 iteration:220/1377 batch loss is :0.0681
2025-06-24 15:51:28 - INFO - epoch:8/25 iteration:225/1377 batch loss is :0.0493
2025-06-24 15:51:34 - INFO - epoch:8/25 iteration:230/1377 batch loss is :0.0837
2025-06-24 15:51:41 - INFO - epoch:8/25 iteration:235/1377 batch loss is :0.0344
2025-06-24 15:51:47 - INFO - epoch:8/25 iteration:240/1377 batch loss is :0.0200
2025-06-24 15:51:53 - INFO - epoch:8/25 iteration:245/1377 batch loss is :0.0407
2025-06-24 15:52:00 - INFO - epoch:8/25 iteration:250/1377 batch loss is :0.0274
2025-06-24 15:52:06 - INFO - epoch:8/25 iteration:255/1377 batch loss is :0.0193
2025-06-24 15:52:13 - INFO - epoch:8/25 iteration:260/1377 batch loss is :0.0592
2025-06-24 15:52:19 - INFO - epoch:8/25 iteration:265/1377 batch loss is :0.0475
2025-06-24 15:52:25 - INFO - epoch:8/25 iteration:270/1377 batch loss is :0.0396
2025-06-24 15:52:32 - INFO - epoch:8/25 iteration:275/1377 batch loss is :0.1297
2025-06-24 15:52:38 - INFO - epoch:8/25 iteration:280/1377 batch loss is :0.0202
2025-06-24 15:52:44 - INFO - epoch:8/25 iteration:285/1377 batch loss is :0.0623
2025-06-24 15:52:51 - INFO - epoch:8/25 iteration:290/1377 batch loss is :0.1126
2025-06-24 15:52:57 - INFO - epoch:8/25 iteration:295/1377 batch loss is :0.0587
2025-06-24 15:53:04 - INFO - epoch:8/25 iteration:300/1377 batch loss is :0.0498
2025-06-24 15:53:10 - INFO - epoch:8/25 iteration:305/1377 batch loss is :0.0417
2025-06-24 15:53:17 - INFO - epoch:8/25 iteration:310/1377 batch loss is :0.0569
2025-06-24 15:53:23 - INFO - epoch:8/25 iteration:315/1377 batch loss is :0.0458
2025-06-24 15:53:29 - INFO - epoch:8/25 iteration:320/1377 batch loss is :0.0982
2025-06-24 15:53:36 - INFO - epoch:8/25 iteration:325/1377 batch loss is :0.0467
2025-06-24 15:53:42 - INFO - epoch:8/25 iteration:330/1377 batch loss is :0.0347
2025-06-24 15:53:48 - INFO - epoch:8/25 iteration:335/1377 batch loss is :0.0515
2025-06-24 15:53:55 - INFO - epoch:8/25 iteration:340/1377 batch loss is :0.0879
2025-06-24 15:54:01 - INFO - epoch:8/25 iteration:345/1377 batch loss is :0.0545
2025-06-24 15:54:08 - INFO - epoch:8/25 iteration:350/1377 batch loss is :0.0144
2025-06-24 15:54:14 - INFO - epoch:8/25 iteration:355/1377 batch loss is :0.0280
2025-06-24 15:54:21 - INFO - epoch:8/25 iteration:360/1377 batch loss is :0.0525
2025-06-24 15:54:27 - INFO - epoch:8/25 iteration:365/1377 batch loss is :0.0551
2025-06-24 15:54:33 - INFO - epoch:8/25 iteration:370/1377 batch loss is :0.0639
2025-06-24 15:54:40 - INFO - epoch:8/25 iteration:375/1377 batch loss is :0.0379
2025-06-24 15:54:46 - INFO - epoch:8/25 iteration:380/1377 batch loss is :0.0139
2025-06-24 15:54:53 - INFO - epoch:8/25 iteration:385/1377 batch loss is :0.0387
2025-06-24 15:54:59 - INFO - epoch:8/25 iteration:390/1377 batch loss is :0.0426
2025-06-24 15:55:05 - INFO - epoch:8/25 iteration:395/1377 batch loss is :0.0221
2025-06-24 15:55:12 - INFO - epoch:8/25 iteration:400/1377 batch loss is :0.0214
2025-06-24 15:55:18 - INFO - epoch:8/25 iteration:405/1377 batch loss is :0.2161
2025-06-24 15:55:25 - INFO - epoch:8/25 iteration:410/1377 batch loss is :0.1359
2025-06-24 15:55:31 - INFO - epoch:8/25 iteration:415/1377 batch loss is :0.0628
2025-06-24 15:55:38 - INFO - epoch:8/25 iteration:420/1377 batch loss is :0.0541
2025-06-24 15:55:44 - INFO - epoch:8/25 iteration:425/1377 batch loss is :0.0264
2025-06-24 15:55:50 - INFO - epoch:8/25 iteration:430/1377 batch loss is :0.0316
2025-06-24 15:55:57 - INFO - epoch:8/25 iteration:435/1377 batch loss is :0.0398
2025-06-24 15:56:03 - INFO - epoch:8/25 iteration:440/1377 batch loss is :0.0535
2025-06-24 15:56:10 - INFO - epoch:8/25 iteration:445/1377 batch loss is :0.0353
2025-06-24 15:56:16 - INFO - epoch:8/25 iteration:450/1377 batch loss is :0.0403
2025-06-24 15:56:23 - INFO - epoch:8/25 iteration:455/1377 batch loss is :0.0253
2025-06-24 15:56:29 - INFO - epoch:8/25 iteration:460/1377 batch loss is :0.0295
2025-06-24 15:56:35 - INFO - epoch:8/25 iteration:465/1377 batch loss is :0.0490
2025-06-24 15:56:42 - INFO - epoch:8/25 iteration:470/1377 batch loss is :0.0461
2025-06-24 15:56:48 - INFO - epoch:8/25 iteration:475/1377 batch loss is :0.0407
2025-06-24 15:56:55 - INFO - epoch:8/25 iteration:480/1377 batch loss is :0.0313
2025-06-24 15:57:01 - INFO - epoch:8/25 iteration:485/1377 batch loss is :0.0233
2025-06-24 15:57:07 - INFO - epoch:8/25 iteration:490/1377 batch loss is :0.0444
2025-06-24 15:57:14 - INFO - epoch:8/25 iteration:495/1377 batch loss is :0.0699
2025-06-24 15:57:20 - INFO - epoch:8/25 iteration:500/1377 batch loss is :0.0436
2025-06-24 15:57:27 - INFO - epoch:8/25 iteration:505/1377 batch loss is :0.0415
2025-06-24 15:57:33 - INFO - epoch:8/25 iteration:510/1377 batch loss is :0.0719
2025-06-24 15:57:39 - INFO - epoch:8/25 iteration:515/1377 batch loss is :0.0351
2025-06-24 15:57:46 - INFO - epoch:8/25 iteration:520/1377 batch loss is :0.0746
2025-06-24 15:57:52 - INFO - epoch:8/25 iteration:525/1377 batch loss is :0.1412
2025-06-24 15:57:59 - INFO - epoch:8/25 iteration:530/1377 batch loss is :0.0923
2025-06-24 15:58:05 - INFO - epoch:8/25 iteration:535/1377 batch loss is :0.0303
2025-06-24 15:58:12 - INFO - epoch:8/25 iteration:540/1377 batch loss is :0.0405
2025-06-24 15:58:18 - INFO - epoch:8/25 iteration:545/1377 batch loss is :0.0526
2025-06-24 15:58:24 - INFO - epoch:8/25 iteration:550/1377 batch loss is :0.0239
2025-06-24 15:58:31 - INFO - epoch:8/25 iteration:555/1377 batch loss is :0.0393
2025-06-24 15:58:37 - INFO - epoch:8/25 iteration:560/1377 batch loss is :0.0954
2025-06-24 15:58:43 - INFO - epoch:8/25 iteration:565/1377 batch loss is :0.0485
2025-06-24 15:58:50 - INFO - epoch:8/25 iteration:570/1377 batch loss is :0.0867
2025-06-24 15:58:56 - INFO - epoch:8/25 iteration:575/1377 batch loss is :0.0249
2025-06-24 15:59:03 - INFO - epoch:8/25 iteration:580/1377 batch loss is :0.0308
2025-06-24 15:59:09 - INFO - epoch:8/25 iteration:585/1377 batch loss is :0.0464
2025-06-24 15:59:16 - INFO - epoch:8/25 iteration:590/1377 batch loss is :0.0813
2025-06-24 15:59:22 - INFO - epoch:8/25 iteration:595/1377 batch loss is :0.0364
2025-06-24 15:59:28 - INFO - epoch:8/25 iteration:600/1377 batch loss is :0.0292
2025-06-24 15:59:35 - INFO - epoch:8/25 iteration:605/1377 batch loss is :0.1136
2025-06-24 15:59:41 - INFO - epoch:8/25 iteration:610/1377 batch loss is :0.0349
2025-06-24 15:59:48 - INFO - epoch:8/25 iteration:615/1377 batch loss is :0.0630
2025-06-24 15:59:54 - INFO - epoch:8/25 iteration:620/1377 batch loss is :0.0292
2025-06-24 16:00:00 - INFO - epoch:8/25 iteration:625/1377 batch loss is :0.0239
2025-06-24 16:00:07 - INFO - epoch:8/25 iteration:630/1377 batch loss is :0.0617
2025-06-24 16:00:13 - INFO - epoch:8/25 iteration:635/1377 batch loss is :0.1162
2025-06-24 16:00:19 - INFO - epoch:8/25 iteration:640/1377 batch loss is :0.0466
2025-06-24 16:00:26 - INFO - epoch:8/25 iteration:645/1377 batch loss is :0.0261
2025-06-24 16:00:32 - INFO - epoch:8/25 iteration:650/1377 batch loss is :0.1117
2025-06-24 16:00:39 - INFO - epoch:8/25 iteration:655/1377 batch loss is :0.0240
2025-06-24 16:00:45 - INFO - epoch:8/25 iteration:660/1377 batch loss is :0.0302
2025-06-24 16:00:51 - INFO - epoch:8/25 iteration:665/1377 batch loss is :0.0687
2025-06-24 16:00:58 - INFO - epoch:8/25 iteration:670/1377 batch loss is :0.0381
2025-06-24 16:01:04 - INFO - epoch:8/25 iteration:675/1377 batch loss is :0.0479
2025-06-24 16:01:11 - INFO - epoch:8/25 iteration:680/1377 batch loss is :0.0466
2025-06-24 16:01:17 - INFO - epoch:8/25 iteration:685/1377 batch loss is :0.0666
2025-06-24 16:01:23 - INFO - epoch:8/25 iteration:690/1377 batch loss is :0.0721
2025-06-24 16:01:30 - INFO - epoch:8/25 iteration:695/1377 batch loss is :0.0530
2025-06-24 16:01:36 - INFO - epoch:8/25 iteration:700/1377 batch loss is :0.1889
2025-06-24 16:01:43 - INFO - epoch:8/25 iteration:705/1377 batch loss is :0.0190
2025-06-24 16:01:49 - INFO - epoch:8/25 iteration:710/1377 batch loss is :0.0597
2025-06-24 16:01:55 - INFO - epoch:8/25 iteration:715/1377 batch loss is :0.0766
2025-06-24 16:02:02 - INFO - epoch:8/25 iteration:720/1377 batch loss is :0.0598
2025-06-24 16:02:08 - INFO - epoch:8/25 iteration:725/1377 batch loss is :0.0251
2025-06-24 16:02:15 - INFO - epoch:8/25 iteration:730/1377 batch loss is :0.0308
2025-06-24 16:02:21 - INFO - epoch:8/25 iteration:735/1377 batch loss is :0.0529
2025-06-24 16:02:28 - INFO - epoch:8/25 iteration:740/1377 batch loss is :0.0340
2025-06-24 16:02:34 - INFO - epoch:8/25 iteration:745/1377 batch loss is :0.1402
2025-06-24 16:02:40 - INFO - epoch:8/25 iteration:750/1377 batch loss is :0.0397
2025-06-24 16:02:47 - INFO - epoch:8/25 iteration:755/1377 batch loss is :0.0483
2025-06-24 16:02:53 - INFO - epoch:8/25 iteration:760/1377 batch loss is :0.0376
2025-06-24 16:03:00 - INFO - epoch:8/25 iteration:765/1377 batch loss is :0.0382
2025-06-24 16:03:06 - INFO - epoch:8/25 iteration:770/1377 batch loss is :0.0250
2025-06-24 16:03:12 - INFO - epoch:8/25 iteration:775/1377 batch loss is :0.0891
2025-06-24 16:03:19 - INFO - epoch:8/25 iteration:780/1377 batch loss is :0.1815
2025-06-24 16:03:25 - INFO - epoch:8/25 iteration:785/1377 batch loss is :0.0589
2025-06-24 16:03:32 - INFO - epoch:8/25 iteration:790/1377 batch loss is :0.1889
2025-06-24 16:03:38 - INFO - epoch:8/25 iteration:795/1377 batch loss is :0.0567
2025-06-24 16:03:44 - INFO - epoch:8/25 iteration:800/1377 batch loss is :0.0502
2025-06-24 16:03:51 - INFO - epoch:8/25 iteration:805/1377 batch loss is :0.0480
2025-06-24 16:03:57 - INFO - epoch:8/25 iteration:810/1377 batch loss is :0.1055
2025-06-24 16:04:04 - INFO - epoch:8/25 iteration:815/1377 batch loss is :0.0489
2025-06-24 16:04:10 - INFO - epoch:8/25 iteration:820/1377 batch loss is :0.0302
2025-06-24 16:04:16 - INFO - epoch:8/25 iteration:825/1377 batch loss is :0.0248
2025-06-24 16:04:23 - INFO - epoch:8/25 iteration:830/1377 batch loss is :0.0571
2025-06-24 16:04:29 - INFO - epoch:8/25 iteration:835/1377 batch loss is :0.0409
2025-06-24 16:04:36 - INFO - epoch:8/25 iteration:840/1377 batch loss is :0.0887
2025-06-24 16:04:42 - INFO - epoch:8/25 iteration:845/1377 batch loss is :0.0360
2025-06-24 16:04:48 - INFO - epoch:8/25 iteration:850/1377 batch loss is :0.0557
2025-06-24 16:04:55 - INFO - epoch:8/25 iteration:855/1377 batch loss is :0.0597
2025-06-24 16:05:01 - INFO - epoch:8/25 iteration:860/1377 batch loss is :0.0637
2025-06-24 16:05:08 - INFO - epoch:8/25 iteration:865/1377 batch loss is :0.0368
2025-06-24 16:05:14 - INFO - epoch:8/25 iteration:870/1377 batch loss is :0.0411
2025-06-24 16:05:20 - INFO - epoch:8/25 iteration:875/1377 batch loss is :0.0241
2025-06-24 16:05:27 - INFO - epoch:8/25 iteration:880/1377 batch loss is :0.0267
2025-06-24 16:05:33 - INFO - epoch:8/25 iteration:885/1377 batch loss is :0.0825
2025-06-24 16:05:40 - INFO - epoch:8/25 iteration:890/1377 batch loss is :0.0358
2025-06-24 16:05:46 - INFO - epoch:8/25 iteration:895/1377 batch loss is :0.1274
2025-06-24 16:05:53 - INFO - epoch:8/25 iteration:900/1377 batch loss is :0.0144
2025-06-24 16:05:59 - INFO - epoch:8/25 iteration:905/1377 batch loss is :0.0202
2025-06-24 16:06:05 - INFO - epoch:8/25 iteration:910/1377 batch loss is :0.1070
2025-06-24 16:06:12 - INFO - epoch:8/25 iteration:915/1377 batch loss is :0.0571
2025-06-24 16:06:18 - INFO - epoch:8/25 iteration:920/1377 batch loss is :0.0394
2025-06-24 16:06:25 - INFO - epoch:8/25 iteration:925/1377 batch loss is :0.0750
2025-06-24 16:06:31 - INFO - epoch:8/25 iteration:930/1377 batch loss is :0.0387
2025-06-24 16:06:37 - INFO - epoch:8/25 iteration:935/1377 batch loss is :0.0511
2025-06-24 16:06:44 - INFO - epoch:8/25 iteration:940/1377 batch loss is :0.0171
2025-06-24 16:06:50 - INFO - epoch:8/25 iteration:945/1377 batch loss is :0.0365
2025-06-24 16:06:57 - INFO - epoch:8/25 iteration:950/1377 batch loss is :0.0605
2025-06-24 16:07:03 - INFO - epoch:8/25 iteration:955/1377 batch loss is :0.0398
2025-06-24 16:07:09 - INFO - epoch:8/25 iteration:960/1377 batch loss is :0.0365
2025-06-24 16:07:16 - INFO - epoch:8/25 iteration:965/1377 batch loss is :0.0547
2025-06-24 16:07:22 - INFO - epoch:8/25 iteration:970/1377 batch loss is :0.0406
2025-06-24 16:07:29 - INFO - epoch:8/25 iteration:975/1377 batch loss is :0.1853
2025-06-24 16:07:35 - INFO - epoch:8/25 iteration:980/1377 batch loss is :0.0477
2025-06-24 16:07:42 - INFO - epoch:8/25 iteration:985/1377 batch loss is :0.0391
2025-06-24 16:07:48 - INFO - epoch:8/25 iteration:990/1377 batch loss is :0.0450
2025-06-24 16:07:54 - INFO - epoch:8/25 iteration:995/1377 batch loss is :0.0349
2025-06-24 16:08:01 - INFO - epoch:8/25 iteration:1000/1377 batch loss is :0.0382
2025-06-24 16:08:07 - INFO - epoch:8/25 iteration:1005/1377 batch loss is :0.0598
2025-06-24 16:08:14 - INFO - epoch:8/25 iteration:1010/1377 batch loss is :0.0731
2025-06-24 16:08:20 - INFO - epoch:8/25 iteration:1015/1377 batch loss is :0.0233
2025-06-24 16:08:27 - INFO - epoch:8/25 iteration:1020/1377 batch loss is :0.0442
2025-06-24 16:08:33 - INFO - epoch:8/25 iteration:1025/1377 batch loss is :0.0569
2025-06-24 16:08:39 - INFO - epoch:8/25 iteration:1030/1377 batch loss is :0.0488
2025-06-24 16:08:46 - INFO - epoch:8/25 iteration:1035/1377 batch loss is :0.0229
2025-06-24 16:08:52 - INFO - epoch:8/25 iteration:1040/1377 batch loss is :0.0556
2025-06-24 16:08:59 - INFO - epoch:8/25 iteration:1045/1377 batch loss is :0.0511
2025-06-24 16:09:05 - INFO - epoch:8/25 iteration:1050/1377 batch loss is :0.0886
2025-06-24 16:09:11 - INFO - epoch:8/25 iteration:1055/1377 batch loss is :0.0887
2025-06-24 16:09:18 - INFO - epoch:8/25 iteration:1060/1377 batch loss is :0.0251
2025-06-24 16:09:24 - INFO - epoch:8/25 iteration:1065/1377 batch loss is :0.0650
2025-06-24 16:09:31 - INFO - epoch:8/25 iteration:1070/1377 batch loss is :0.0742
2025-06-24 16:09:37 - INFO - epoch:8/25 iteration:1075/1377 batch loss is :0.0419
2025-06-24 16:09:43 - INFO - epoch:8/25 iteration:1080/1377 batch loss is :0.0490
2025-06-24 16:09:50 - INFO - epoch:8/25 iteration:1085/1377 batch loss is :0.0387
2025-06-24 16:09:57 - INFO - epoch:8/25 iteration:1090/1377 batch loss is :0.0783
2025-06-24 16:10:03 - INFO - epoch:8/25 iteration:1095/1377 batch loss is :0.0491
2025-06-24 16:10:09 - INFO - epoch:8/25 iteration:1100/1377 batch loss is :0.0518
2025-06-24 16:10:16 - INFO - epoch:8/25 iteration:1105/1377 batch loss is :0.0601
2025-06-24 16:10:22 - INFO - epoch:8/25 iteration:1110/1377 batch loss is :0.0194
2025-06-24 16:10:29 - INFO - epoch:8/25 iteration:1115/1377 batch loss is :0.0218
2025-06-24 16:10:35 - INFO - epoch:8/25 iteration:1120/1377 batch loss is :0.0634
2025-06-24 16:10:42 - INFO - epoch:8/25 iteration:1125/1377 batch loss is :0.0295
2025-06-24 16:10:48 - INFO - epoch:8/25 iteration:1130/1377 batch loss is :0.0281
2025-06-24 16:10:54 - INFO - epoch:8/25 iteration:1135/1377 batch loss is :0.0311
2025-06-24 16:11:01 - INFO - epoch:8/25 iteration:1140/1377 batch loss is :0.0698
2025-06-24 16:11:07 - INFO - epoch:8/25 iteration:1145/1377 batch loss is :0.1452
2025-06-24 16:11:14 - INFO - epoch:8/25 iteration:1150/1377 batch loss is :0.0487
2025-06-24 16:11:20 - INFO - epoch:8/25 iteration:1155/1377 batch loss is :0.0540
2025-06-24 16:11:26 - INFO - epoch:8/25 iteration:1160/1377 batch loss is :0.0702
2025-06-24 16:11:33 - INFO - epoch:8/25 iteration:1165/1377 batch loss is :0.0414
2025-06-24 16:11:39 - INFO - epoch:8/25 iteration:1170/1377 batch loss is :0.0442
2025-06-24 16:11:46 - INFO - epoch:8/25 iteration:1175/1377 batch loss is :0.0705
2025-06-24 16:11:52 - INFO - epoch:8/25 iteration:1180/1377 batch loss is :0.0317
2025-06-24 16:11:59 - INFO - epoch:8/25 iteration:1185/1377 batch loss is :0.0529
2025-06-24 16:12:05 - INFO - epoch:8/25 iteration:1190/1377 batch loss is :0.0917
2025-06-24 16:12:11 - INFO - epoch:8/25 iteration:1195/1377 batch loss is :0.0594
2025-06-24 16:12:18 - INFO - epoch:8/25 iteration:1200/1377 batch loss is :0.0227
2025-06-24 16:12:24 - INFO - epoch:8/25 iteration:1205/1377 batch loss is :0.0675
2025-06-24 16:12:31 - INFO - epoch:8/25 iteration:1210/1377 batch loss is :0.1109
2025-06-24 16:12:37 - INFO - epoch:8/25 iteration:1215/1377 batch loss is :0.0134
2025-06-24 16:12:44 - INFO - epoch:8/25 iteration:1220/1377 batch loss is :0.0502
2025-06-24 16:12:50 - INFO - epoch:8/25 iteration:1225/1377 batch loss is :0.0406
2025-06-24 16:12:56 - INFO - epoch:8/25 iteration:1230/1377 batch loss is :0.0631
2025-06-24 16:13:03 - INFO - epoch:8/25 iteration:1235/1377 batch loss is :0.0766
2025-06-24 16:13:09 - INFO - epoch:8/25 iteration:1240/1377 batch loss is :0.1890
2025-06-24 16:13:16 - INFO - epoch:8/25 iteration:1245/1377 batch loss is :0.1092
2025-06-24 16:13:22 - INFO - epoch:8/25 iteration:1250/1377 batch loss is :0.0967
2025-06-24 16:13:28 - INFO - epoch:8/25 iteration:1255/1377 batch loss is :0.0579
2025-06-24 16:13:35 - INFO - epoch:8/25 iteration:1260/1377 batch loss is :0.0503
2025-06-24 16:13:41 - INFO - epoch:8/25 iteration:1265/1377 batch loss is :0.0613
2025-06-24 16:13:48 - INFO - epoch:8/25 iteration:1270/1377 batch loss is :0.0575
2025-06-24 16:13:54 - INFO - epoch:8/25 iteration:1275/1377 batch loss is :0.0726
2025-06-24 16:14:01 - INFO - epoch:8/25 iteration:1280/1377 batch loss is :0.0406
2025-06-24 16:14:07 - INFO - epoch:8/25 iteration:1285/1377 batch loss is :0.0127
2025-06-24 16:14:13 - INFO - epoch:8/25 iteration:1290/1377 batch loss is :0.0255
2025-06-24 16:14:20 - INFO - epoch:8/25 iteration:1295/1377 batch loss is :0.0271
2025-06-24 16:14:26 - INFO - epoch:8/25 iteration:1300/1377 batch loss is :0.0334
2025-06-24 16:14:33 - INFO - epoch:8/25 iteration:1305/1377 batch loss is :0.0298
2025-06-24 16:14:39 - INFO - epoch:8/25 iteration:1310/1377 batch loss is :0.0310
2025-06-24 16:14:45 - INFO - epoch:8/25 iteration:1315/1377 batch loss is :0.0307
2025-06-24 16:14:52 - INFO - epoch:8/25 iteration:1320/1377 batch loss is :0.0440
2025-06-24 16:14:58 - INFO - epoch:8/25 iteration:1325/1377 batch loss is :0.0267
2025-06-24 16:15:05 - INFO - epoch:8/25 iteration:1330/1377 batch loss is :0.0464
2025-06-24 16:15:11 - INFO - epoch:8/25 iteration:1335/1377 batch loss is :0.0438
2025-06-24 16:15:18 - INFO - epoch:8/25 iteration:1340/1377 batch loss is :0.0268
2025-06-24 16:15:24 - INFO - epoch:8/25 iteration:1345/1377 batch loss is :0.0307
2025-06-24 16:15:30 - INFO - epoch:8/25 iteration:1350/1377 batch loss is :0.0199
2025-06-24 16:15:37 - INFO - epoch:8/25 iteration:1355/1377 batch loss is :0.0292
2025-06-24 16:15:43 - INFO - epoch:8/25 iteration:1360/1377 batch loss is :0.0278
2025-06-24 16:15:49 - INFO - epoch:8/25 iteration:1365/1377 batch loss is :0.0259
2025-06-24 16:15:55 - INFO - epoch:8/25 iteration:1370/1377 batch loss is :0.0452
2025-06-24 16:16:02 - INFO - epoch:8/25 iteration:1375/1377 batch loss is :0.0513
2025-06-24 16:16:03 - INFO - Epoch:8/25 Loss is :0.0545
2025-06-24 16:18:24 - INFO - epoch:9/25 iteration:0/1377 batch loss is :0.0624
2025-06-24 16:18:35 - INFO - epoch:9/25 iteration:5/1377 batch loss is :0.0323
2025-06-24 16:18:42 - INFO - epoch:9/25 iteration:10/1377 batch loss is :0.0287
2025-06-24 16:18:48 - INFO - epoch:9/25 iteration:15/1377 batch loss is :0.0680
2025-06-24 16:18:55 - INFO - epoch:9/25 iteration:20/1377 batch loss is :0.0581
2025-06-24 16:19:01 - INFO - epoch:9/25 iteration:25/1377 batch loss is :0.0272
2025-06-24 16:19:08 - INFO - epoch:9/25 iteration:30/1377 batch loss is :0.0980
2025-06-24 16:19:14 - INFO - epoch:9/25 iteration:35/1377 batch loss is :0.0948
2025-06-24 16:19:21 - INFO - epoch:9/25 iteration:40/1377 batch loss is :0.0395
2025-06-24 16:19:27 - INFO - epoch:9/25 iteration:45/1377 batch loss is :0.0346
2025-06-24 16:19:33 - INFO - epoch:9/25 iteration:50/1377 batch loss is :0.0219
2025-06-24 16:19:40 - INFO - epoch:9/25 iteration:55/1377 batch loss is :0.0172
2025-06-24 16:19:46 - INFO - epoch:9/25 iteration:60/1377 batch loss is :0.0166
2025-06-24 16:19:53 - INFO - epoch:9/25 iteration:65/1377 batch loss is :0.0270
2025-06-24 16:19:59 - INFO - epoch:9/25 iteration:70/1377 batch loss is :0.0180
2025-06-24 16:20:05 - INFO - epoch:9/25 iteration:75/1377 batch loss is :0.1250
2025-06-24 16:20:12 - INFO - epoch:9/25 iteration:80/1377 batch loss is :0.0484
2025-06-24 16:20:18 - INFO - epoch:9/25 iteration:85/1377 batch loss is :0.0149
2025-06-24 16:20:25 - INFO - epoch:9/25 iteration:90/1377 batch loss is :0.2371
2025-06-24 16:20:31 - INFO - epoch:9/25 iteration:95/1377 batch loss is :0.0262
2025-06-24 16:20:37 - INFO - epoch:9/25 iteration:100/1377 batch loss is :0.0356
2025-06-24 16:20:44 - INFO - epoch:9/25 iteration:105/1377 batch loss is :0.0542
2025-06-24 16:20:50 - INFO - epoch:9/25 iteration:110/1377 batch loss is :0.0750
2025-06-24 16:20:56 - INFO - epoch:9/25 iteration:115/1377 batch loss is :0.0359
2025-06-24 16:21:03 - INFO - epoch:9/25 iteration:120/1377 batch loss is :0.0435
2025-06-24 16:21:09 - INFO - epoch:9/25 iteration:125/1377 batch loss is :0.0437
2025-06-24 16:21:16 - INFO - epoch:9/25 iteration:130/1377 batch loss is :0.0286
2025-06-24 16:21:22 - INFO - epoch:9/25 iteration:135/1377 batch loss is :0.1565
2025-06-24 16:21:28 - INFO - epoch:9/25 iteration:140/1377 batch loss is :0.0334
2025-06-24 16:21:35 - INFO - epoch:9/25 iteration:145/1377 batch loss is :0.0257
2025-06-24 16:21:41 - INFO - epoch:9/25 iteration:150/1377 batch loss is :0.1638
2025-06-24 16:21:48 - INFO - epoch:9/25 iteration:155/1377 batch loss is :0.1110
2025-06-24 16:21:54 - INFO - epoch:9/25 iteration:160/1377 batch loss is :0.0293
2025-06-24 16:22:00 - INFO - epoch:9/25 iteration:165/1377 batch loss is :0.0737
2025-06-24 16:22:07 - INFO - epoch:9/25 iteration:170/1377 batch loss is :0.0880
2025-06-24 16:22:13 - INFO - epoch:9/25 iteration:175/1377 batch loss is :0.0798
2025-06-24 16:22:19 - INFO - epoch:9/25 iteration:180/1377 batch loss is :0.0568
2025-06-24 16:22:26 - INFO - epoch:9/25 iteration:185/1377 batch loss is :0.0272
2025-06-24 16:22:32 - INFO - epoch:9/25 iteration:190/1377 batch loss is :0.0656
2025-06-24 16:22:39 - INFO - epoch:9/25 iteration:195/1377 batch loss is :0.0536
2025-06-24 16:22:45 - INFO - epoch:9/25 iteration:200/1377 batch loss is :0.0309
2025-06-24 16:22:51 - INFO - epoch:9/25 iteration:205/1377 batch loss is :0.0470
2025-06-24 16:22:58 - INFO - epoch:9/25 iteration:210/1377 batch loss is :0.1066
2025-06-24 16:23:04 - INFO - epoch:9/25 iteration:215/1377 batch loss is :0.0240
2025-06-24 16:23:11 - INFO - epoch:9/25 iteration:220/1377 batch loss is :0.0479
2025-06-24 16:23:17 - INFO - epoch:9/25 iteration:225/1377 batch loss is :0.0223
2025-06-24 16:23:23 - INFO - epoch:9/25 iteration:230/1377 batch loss is :0.0423
2025-06-24 16:23:30 - INFO - epoch:9/25 iteration:235/1377 batch loss is :0.0414
2025-06-24 16:23:36 - INFO - epoch:9/25 iteration:240/1377 batch loss is :0.1038
2025-06-24 16:23:43 - INFO - epoch:9/25 iteration:245/1377 batch loss is :0.0166
2025-06-24 16:23:49 - INFO - epoch:9/25 iteration:250/1377 batch loss is :0.0388
2025-06-24 16:23:55 - INFO - epoch:9/25 iteration:255/1377 batch loss is :0.0413
2025-06-24 16:24:02 - INFO - epoch:9/25 iteration:260/1377 batch loss is :0.1182
2025-06-24 16:24:08 - INFO - epoch:9/25 iteration:265/1377 batch loss is :0.0536
2025-06-24 16:24:15 - INFO - epoch:9/25 iteration:270/1377 batch loss is :0.0228
2025-06-24 16:24:21 - INFO - epoch:9/25 iteration:275/1377 batch loss is :0.0307
2025-06-24 16:24:27 - INFO - epoch:9/25 iteration:280/1377 batch loss is :0.0257
2025-06-24 16:24:34 - INFO - epoch:9/25 iteration:285/1377 batch loss is :0.0336
2025-06-24 16:24:40 - INFO - epoch:9/25 iteration:290/1377 batch loss is :0.0153
2025-06-24 16:24:47 - INFO - epoch:9/25 iteration:295/1377 batch loss is :0.0436
2025-06-24 16:24:53 - INFO - epoch:9/25 iteration:300/1377 batch loss is :0.0119
2025-06-24 16:24:59 - INFO - epoch:9/25 iteration:305/1377 batch loss is :0.0954
2025-06-24 16:25:06 - INFO - epoch:9/25 iteration:310/1377 batch loss is :0.0543
2025-06-24 16:25:12 - INFO - epoch:9/25 iteration:315/1377 batch loss is :0.0258
2025-06-24 16:25:19 - INFO - epoch:9/25 iteration:320/1377 batch loss is :0.0229
2025-06-24 16:25:25 - INFO - epoch:9/25 iteration:325/1377 batch loss is :0.1502
2025-06-24 16:25:31 - INFO - epoch:9/25 iteration:330/1377 batch loss is :0.0330
2025-06-24 16:25:38 - INFO - epoch:9/25 iteration:335/1377 batch loss is :0.0357
2025-06-24 16:25:44 - INFO - epoch:9/25 iteration:340/1377 batch loss is :0.0348
2025-06-24 16:25:51 - INFO - epoch:9/25 iteration:345/1377 batch loss is :0.0332
2025-06-24 16:25:57 - INFO - epoch:9/25 iteration:350/1377 batch loss is :0.0807
2025-06-24 16:26:04 - INFO - epoch:9/25 iteration:355/1377 batch loss is :0.1535
2025-06-24 16:26:10 - INFO - epoch:9/25 iteration:360/1377 batch loss is :0.0231
2025-06-24 16:26:16 - INFO - epoch:9/25 iteration:365/1377 batch loss is :0.0242
2025-06-24 16:26:23 - INFO - epoch:9/25 iteration:370/1377 batch loss is :0.0559
2025-06-24 16:26:29 - INFO - epoch:9/25 iteration:375/1377 batch loss is :0.0857
2025-06-24 16:26:36 - INFO - epoch:9/25 iteration:380/1377 batch loss is :0.0527
2025-06-24 16:26:42 - INFO - epoch:9/25 iteration:385/1377 batch loss is :0.1512
2025-06-24 16:26:48 - INFO - epoch:9/25 iteration:390/1377 batch loss is :0.0463
2025-06-24 16:26:55 - INFO - epoch:9/25 iteration:395/1377 batch loss is :0.0309
2025-06-24 16:27:01 - INFO - epoch:9/25 iteration:400/1377 batch loss is :0.0522
2025-06-24 16:27:08 - INFO - epoch:9/25 iteration:405/1377 batch loss is :0.0348
2025-06-24 16:27:14 - INFO - epoch:9/25 iteration:410/1377 batch loss is :0.0214
2025-06-24 16:27:21 - INFO - epoch:9/25 iteration:415/1377 batch loss is :0.0467
2025-06-24 16:27:27 - INFO - epoch:9/25 iteration:420/1377 batch loss is :0.0296
2025-06-24 16:27:34 - INFO - epoch:9/25 iteration:425/1377 batch loss is :0.1028
2025-06-24 16:27:40 - INFO - epoch:9/25 iteration:430/1377 batch loss is :0.0354
2025-06-24 16:27:46 - INFO - epoch:9/25 iteration:435/1377 batch loss is :0.0469
2025-06-24 16:27:53 - INFO - epoch:9/25 iteration:440/1377 batch loss is :0.0347
2025-06-24 16:27:59 - INFO - epoch:9/25 iteration:445/1377 batch loss is :0.0597
2025-06-24 16:28:06 - INFO - epoch:9/25 iteration:450/1377 batch loss is :0.3105
2025-06-24 16:28:12 - INFO - epoch:9/25 iteration:455/1377 batch loss is :0.0235
2025-06-24 16:28:18 - INFO - epoch:9/25 iteration:460/1377 batch loss is :0.0537
2025-06-24 16:28:25 - INFO - epoch:9/25 iteration:465/1377 batch loss is :0.0385
2025-06-24 16:28:31 - INFO - epoch:9/25 iteration:470/1377 batch loss is :0.0515
2025-06-24 16:28:38 - INFO - epoch:9/25 iteration:475/1377 batch loss is :0.0251
2025-06-24 16:28:44 - INFO - epoch:9/25 iteration:480/1377 batch loss is :0.1234
2025-06-24 16:28:51 - INFO - epoch:9/25 iteration:485/1377 batch loss is :0.0193
2025-06-24 16:28:57 - INFO - epoch:9/25 iteration:490/1377 batch loss is :0.0308
2025-06-24 16:29:03 - INFO - epoch:9/25 iteration:495/1377 batch loss is :0.0243
2025-06-24 16:29:10 - INFO - epoch:9/25 iteration:500/1377 batch loss is :0.0286
2025-06-24 16:29:16 - INFO - epoch:9/25 iteration:505/1377 batch loss is :0.0898
2025-06-24 16:29:23 - INFO - epoch:9/25 iteration:510/1377 batch loss is :0.0204
2025-06-24 16:29:29 - INFO - epoch:9/25 iteration:515/1377 batch loss is :0.0194
2025-06-24 16:29:36 - INFO - epoch:9/25 iteration:520/1377 batch loss is :0.0323
2025-06-24 16:29:42 - INFO - epoch:9/25 iteration:525/1377 batch loss is :0.0360
2025-06-24 16:29:48 - INFO - epoch:9/25 iteration:530/1377 batch loss is :0.0281
2025-06-24 16:29:55 - INFO - epoch:9/25 iteration:535/1377 batch loss is :0.0376
2025-06-24 16:30:01 - INFO - epoch:9/25 iteration:540/1377 batch loss is :0.0347
2025-06-24 16:30:08 - INFO - epoch:9/25 iteration:545/1377 batch loss is :0.0479
2025-06-24 16:30:14 - INFO - epoch:9/25 iteration:550/1377 batch loss is :0.0978
2025-06-24 16:30:21 - INFO - epoch:9/25 iteration:555/1377 batch loss is :0.0185
2025-06-24 16:30:27 - INFO - epoch:9/25 iteration:560/1377 batch loss is :0.0261
2025-06-24 16:30:34 - INFO - epoch:9/25 iteration:565/1377 batch loss is :0.0730
2025-06-24 16:30:40 - INFO - epoch:9/25 iteration:570/1377 batch loss is :0.0353
2025-06-24 16:30:46 - INFO - epoch:9/25 iteration:575/1377 batch loss is :0.0451
2025-06-24 16:30:53 - INFO - epoch:9/25 iteration:580/1377 batch loss is :0.0360
2025-06-24 16:30:59 - INFO - epoch:9/25 iteration:585/1377 batch loss is :0.0377
2025-06-24 16:31:06 - INFO - epoch:9/25 iteration:590/1377 batch loss is :0.0315
2025-06-24 16:31:12 - INFO - epoch:9/25 iteration:595/1377 batch loss is :0.0510
2025-06-24 16:31:18 - INFO - epoch:9/25 iteration:600/1377 batch loss is :0.0395
2025-06-24 16:31:25 - INFO - epoch:9/25 iteration:605/1377 batch loss is :0.0250
2025-06-24 16:31:31 - INFO - epoch:9/25 iteration:610/1377 batch loss is :0.0332
2025-06-24 16:31:38 - INFO - epoch:9/25 iteration:615/1377 batch loss is :0.0265
2025-06-24 16:31:44 - INFO - epoch:9/25 iteration:620/1377 batch loss is :0.0342
2025-06-24 16:31:51 - INFO - epoch:9/25 iteration:625/1377 batch loss is :0.0832
2025-06-24 16:31:57 - INFO - epoch:9/25 iteration:630/1377 batch loss is :0.0631
2025-06-24 16:32:03 - INFO - epoch:9/25 iteration:635/1377 batch loss is :0.0416
2025-06-24 16:32:10 - INFO - epoch:9/25 iteration:640/1377 batch loss is :0.0998
2025-06-24 16:32:16 - INFO - epoch:9/25 iteration:645/1377 batch loss is :0.0627
2025-06-24 16:32:23 - INFO - epoch:9/25 iteration:650/1377 batch loss is :0.0237
2025-06-24 16:32:29 - INFO - epoch:9/25 iteration:655/1377 batch loss is :0.0600
2025-06-24 16:32:36 - INFO - epoch:9/25 iteration:660/1377 batch loss is :0.0286
2025-06-24 16:32:42 - INFO - epoch:9/25 iteration:665/1377 batch loss is :0.0439
2025-06-24 16:32:48 - INFO - epoch:9/25 iteration:670/1377 batch loss is :0.0303
2025-06-24 16:32:55 - INFO - epoch:9/25 iteration:675/1377 batch loss is :0.0361
2025-06-24 16:33:01 - INFO - epoch:9/25 iteration:680/1377 batch loss is :0.0566
2025-06-24 16:33:08 - INFO - epoch:9/25 iteration:685/1377 batch loss is :0.0250
2025-06-24 16:33:14 - INFO - epoch:9/25 iteration:690/1377 batch loss is :0.0399
2025-06-24 16:33:20 - INFO - epoch:9/25 iteration:695/1377 batch loss is :0.0261
2025-06-24 16:33:27 - INFO - epoch:9/25 iteration:700/1377 batch loss is :0.0951
2025-06-24 16:33:33 - INFO - epoch:9/25 iteration:705/1377 batch loss is :0.0576
2025-06-24 16:33:40 - INFO - epoch:9/25 iteration:710/1377 batch loss is :0.0400
2025-06-24 16:33:46 - INFO - epoch:9/25 iteration:715/1377 batch loss is :0.0448
2025-06-24 16:33:53 - INFO - epoch:9/25 iteration:720/1377 batch loss is :0.0787
2025-06-24 16:33:59 - INFO - epoch:9/25 iteration:725/1377 batch loss is :0.0270
2025-06-24 16:34:05 - INFO - epoch:9/25 iteration:730/1377 batch loss is :0.0503
2025-06-24 16:34:12 - INFO - epoch:9/25 iteration:735/1377 batch loss is :0.0662
2025-06-24 16:34:18 - INFO - epoch:9/25 iteration:740/1377 batch loss is :0.0159
2025-06-24 16:34:25 - INFO - epoch:9/25 iteration:745/1377 batch loss is :0.0308
2025-06-24 16:34:31 - INFO - epoch:9/25 iteration:750/1377 batch loss is :0.0265
2025-06-24 16:34:38 - INFO - epoch:9/25 iteration:755/1377 batch loss is :0.0296
2025-06-24 16:34:44 - INFO - epoch:9/25 iteration:760/1377 batch loss is :0.0640
2025-06-24 16:34:50 - INFO - epoch:9/25 iteration:765/1377 batch loss is :0.0308
2025-06-24 16:34:57 - INFO - epoch:9/25 iteration:770/1377 batch loss is :0.0618
2025-06-24 16:35:03 - INFO - epoch:9/25 iteration:775/1377 batch loss is :0.0396
2025-06-24 16:35:10 - INFO - epoch:9/25 iteration:780/1377 batch loss is :0.0318
2025-06-24 16:35:16 - INFO - epoch:9/25 iteration:785/1377 batch loss is :0.0220
2025-06-24 16:35:23 - INFO - epoch:9/25 iteration:790/1377 batch loss is :0.0565
2025-06-24 16:35:29 - INFO - epoch:9/25 iteration:795/1377 batch loss is :0.1173
2025-06-24 16:35:35 - INFO - epoch:9/25 iteration:800/1377 batch loss is :0.0376
2025-06-24 16:35:42 - INFO - epoch:9/25 iteration:805/1377 batch loss is :0.0316
2025-06-24 16:35:48 - INFO - epoch:9/25 iteration:810/1377 batch loss is :0.0589
2025-06-24 16:35:55 - INFO - epoch:9/25 iteration:815/1377 batch loss is :0.0538
2025-06-24 16:36:01 - INFO - epoch:9/25 iteration:820/1377 batch loss is :0.0423
2025-06-24 16:36:07 - INFO - epoch:9/25 iteration:825/1377 batch loss is :0.0985
2025-06-24 16:36:14 - INFO - epoch:9/25 iteration:830/1377 batch loss is :0.0473
2025-06-24 16:36:20 - INFO - epoch:9/25 iteration:835/1377 batch loss is :0.0610
2025-06-24 16:36:27 - INFO - epoch:9/25 iteration:840/1377 batch loss is :0.0436
2025-06-24 16:36:33 - INFO - epoch:9/25 iteration:845/1377 batch loss is :0.0576
2025-06-24 16:36:40 - INFO - epoch:9/25 iteration:850/1377 batch loss is :0.0333
2025-06-24 16:36:46 - INFO - epoch:9/25 iteration:855/1377 batch loss is :0.1072
2025-06-24 16:36:53 - INFO - epoch:9/25 iteration:860/1377 batch loss is :0.0249
2025-06-24 16:36:59 - INFO - epoch:9/25 iteration:865/1377 batch loss is :0.0340
2025-06-24 16:37:05 - INFO - epoch:9/25 iteration:870/1377 batch loss is :0.0474
2025-06-24 16:37:12 - INFO - epoch:9/25 iteration:875/1377 batch loss is :0.0374
2025-06-24 16:37:18 - INFO - epoch:9/25 iteration:880/1377 batch loss is :0.0343
2025-06-24 16:37:24 - INFO - epoch:9/25 iteration:885/1377 batch loss is :0.1006
2025-06-24 16:37:31 - INFO - epoch:9/25 iteration:890/1377 batch loss is :0.0704
2025-06-24 16:37:37 - INFO - epoch:9/25 iteration:895/1377 batch loss is :0.0294
2025-06-24 16:37:44 - INFO - epoch:9/25 iteration:900/1377 batch loss is :0.0483
2025-06-24 16:37:50 - INFO - epoch:9/25 iteration:905/1377 batch loss is :0.0641
2025-06-24 16:37:56 - INFO - epoch:9/25 iteration:910/1377 batch loss is :0.0235
2025-06-24 16:38:03 - INFO - epoch:9/25 iteration:915/1377 batch loss is :0.0309
2025-06-24 16:38:09 - INFO - epoch:9/25 iteration:920/1377 batch loss is :0.0449
2025-06-24 16:38:16 - INFO - epoch:9/25 iteration:925/1377 batch loss is :0.0541
2025-06-24 16:38:22 - INFO - epoch:9/25 iteration:930/1377 batch loss is :0.0201
2025-06-24 16:38:28 - INFO - epoch:9/25 iteration:935/1377 batch loss is :0.0371
2025-06-24 16:38:35 - INFO - epoch:9/25 iteration:940/1377 batch loss is :0.0459
2025-06-24 16:38:41 - INFO - epoch:9/25 iteration:945/1377 batch loss is :0.0195
2025-06-24 16:38:48 - INFO - epoch:9/25 iteration:950/1377 batch loss is :0.0239
2025-06-24 16:38:54 - INFO - epoch:9/25 iteration:955/1377 batch loss is :0.0572
2025-06-24 16:39:01 - INFO - epoch:9/25 iteration:960/1377 batch loss is :0.1206
2025-06-24 16:39:07 - INFO - epoch:9/25 iteration:965/1377 batch loss is :0.0309
2025-06-24 16:39:13 - INFO - epoch:9/25 iteration:970/1377 batch loss is :0.0543
2025-06-24 16:39:20 - INFO - epoch:9/25 iteration:975/1377 batch loss is :0.0409
2025-06-24 16:39:26 - INFO - epoch:9/25 iteration:980/1377 batch loss is :0.1647
2025-06-24 16:39:33 - INFO - epoch:9/25 iteration:985/1377 batch loss is :0.0376
2025-06-24 16:39:39 - INFO - epoch:9/25 iteration:990/1377 batch loss is :0.0437
2025-06-24 16:39:45 - INFO - epoch:9/25 iteration:995/1377 batch loss is :0.0437
2025-06-24 16:39:52 - INFO - epoch:9/25 iteration:1000/1377 batch loss is :0.0454
2025-06-24 16:39:58 - INFO - epoch:9/25 iteration:1005/1377 batch loss is :0.0730
2025-06-24 16:40:05 - INFO - epoch:9/25 iteration:1010/1377 batch loss is :0.0776
2025-06-24 16:40:11 - INFO - epoch:9/25 iteration:1015/1377 batch loss is :0.0205
2025-06-24 16:40:18 - INFO - epoch:9/25 iteration:1020/1377 batch loss is :0.0935
2025-06-24 16:40:24 - INFO - epoch:9/25 iteration:1025/1377 batch loss is :0.0569
2025-06-24 16:40:30 - INFO - epoch:9/25 iteration:1030/1377 batch loss is :0.0652
2025-06-24 16:40:37 - INFO - epoch:9/25 iteration:1035/1377 batch loss is :0.0168
2025-06-24 16:40:43 - INFO - epoch:9/25 iteration:1040/1377 batch loss is :0.0583
2025-06-24 16:40:49 - INFO - epoch:9/25 iteration:1045/1377 batch loss is :0.0464
2025-06-24 16:40:56 - INFO - epoch:9/25 iteration:1050/1377 batch loss is :0.0247
2025-06-24 16:41:02 - INFO - epoch:9/25 iteration:1055/1377 batch loss is :0.0878
2025-06-24 16:41:09 - INFO - epoch:9/25 iteration:1060/1377 batch loss is :0.0216
2025-06-24 16:41:15 - INFO - epoch:9/25 iteration:1065/1377 batch loss is :0.0500
2025-06-24 16:41:21 - INFO - epoch:9/25 iteration:1070/1377 batch loss is :0.0717
2025-06-24 16:41:28 - INFO - epoch:9/25 iteration:1075/1377 batch loss is :0.0377
2025-06-24 16:41:34 - INFO - epoch:9/25 iteration:1080/1377 batch loss is :0.0607
2025-06-24 16:41:41 - INFO - epoch:9/25 iteration:1085/1377 batch loss is :0.0348
2025-06-24 16:41:47 - INFO - epoch:9/25 iteration:1090/1377 batch loss is :0.0486
2025-06-24 16:41:53 - INFO - epoch:9/25 iteration:1095/1377 batch loss is :0.0296
2025-06-24 16:42:00 - INFO - epoch:9/25 iteration:1100/1377 batch loss is :0.0723
2025-06-24 16:42:06 - INFO - epoch:9/25 iteration:1105/1377 batch loss is :0.0574
2025-06-24 16:42:13 - INFO - epoch:9/25 iteration:1110/1377 batch loss is :0.0338
2025-06-24 16:42:19 - INFO - epoch:9/25 iteration:1115/1377 batch loss is :0.0547
2025-06-24 16:42:25 - INFO - epoch:9/25 iteration:1120/1377 batch loss is :0.0426
2025-06-24 16:42:32 - INFO - epoch:9/25 iteration:1125/1377 batch loss is :0.0761
2025-06-24 16:42:38 - INFO - epoch:9/25 iteration:1130/1377 batch loss is :0.0654
2025-06-24 16:42:45 - INFO - epoch:9/25 iteration:1135/1377 batch loss is :0.0838
2025-06-24 16:42:51 - INFO - epoch:9/25 iteration:1140/1377 batch loss is :0.1743
2025-06-24 16:42:57 - INFO - epoch:9/25 iteration:1145/1377 batch loss is :0.0432
2025-06-24 16:43:04 - INFO - epoch:9/25 iteration:1150/1377 batch loss is :0.0966
2025-06-24 16:43:10 - INFO - epoch:9/25 iteration:1155/1377 batch loss is :0.0772
2025-06-24 16:43:16 - INFO - epoch:9/25 iteration:1160/1377 batch loss is :0.0930
2025-06-24 16:43:23 - INFO - epoch:9/25 iteration:1165/1377 batch loss is :0.0994
2025-06-24 16:43:29 - INFO - epoch:9/25 iteration:1170/1377 batch loss is :0.0262
2025-06-24 16:43:36 - INFO - epoch:9/25 iteration:1175/1377 batch loss is :0.0342
2025-06-24 16:43:42 - INFO - epoch:9/25 iteration:1180/1377 batch loss is :0.0559
2025-06-24 16:43:49 - INFO - epoch:9/25 iteration:1185/1377 batch loss is :0.0416
2025-06-24 16:43:55 - INFO - epoch:9/25 iteration:1190/1377 batch loss is :0.0670
2025-06-24 16:44:01 - INFO - epoch:9/25 iteration:1195/1377 batch loss is :0.0472
2025-06-24 16:44:08 - INFO - epoch:9/25 iteration:1200/1377 batch loss is :0.0161
2025-06-24 16:44:14 - INFO - epoch:9/25 iteration:1205/1377 batch loss is :0.0466
2025-06-24 16:44:20 - INFO - epoch:9/25 iteration:1210/1377 batch loss is :0.0356
2025-06-24 16:44:27 - INFO - epoch:9/25 iteration:1215/1377 batch loss is :0.1469
2025-06-24 16:44:33 - INFO - epoch:9/25 iteration:1220/1377 batch loss is :0.0529
2025-06-24 16:44:40 - INFO - epoch:9/25 iteration:1225/1377 batch loss is :0.0423
2025-06-24 16:44:46 - INFO - epoch:9/25 iteration:1230/1377 batch loss is :0.0557
2025-06-24 16:44:52 - INFO - epoch:9/25 iteration:1235/1377 batch loss is :0.0499
2025-06-24 16:44:59 - INFO - epoch:9/25 iteration:1240/1377 batch loss is :0.0245
2025-06-24 16:45:05 - INFO - epoch:9/25 iteration:1245/1377 batch loss is :0.0365
2025-06-24 16:45:12 - INFO - epoch:9/25 iteration:1250/1377 batch loss is :0.0310
2025-06-24 16:45:18 - INFO - epoch:9/25 iteration:1255/1377 batch loss is :0.0284
2025-06-24 16:45:25 - INFO - epoch:9/25 iteration:1260/1377 batch loss is :0.1860
2025-06-24 16:45:31 - INFO - epoch:9/25 iteration:1265/1377 batch loss is :0.0203
2025-06-24 16:45:37 - INFO - epoch:9/25 iteration:1270/1377 batch loss is :0.0272
2025-06-24 16:45:44 - INFO - epoch:9/25 iteration:1275/1377 batch loss is :0.0214
2025-06-24 16:45:50 - INFO - epoch:9/25 iteration:1280/1377 batch loss is :0.0290
2025-06-24 16:45:56 - INFO - epoch:9/25 iteration:1285/1377 batch loss is :0.0696
2025-06-24 16:46:03 - INFO - epoch:9/25 iteration:1290/1377 batch loss is :0.0447
2025-06-24 16:46:09 - INFO - epoch:9/25 iteration:1295/1377 batch loss is :0.0864
2025-06-24 16:46:16 - INFO - epoch:9/25 iteration:1300/1377 batch loss is :0.0216
2025-06-24 16:46:22 - INFO - epoch:9/25 iteration:1305/1377 batch loss is :0.0338
2025-06-24 16:46:28 - INFO - epoch:9/25 iteration:1310/1377 batch loss is :0.0205
2025-06-24 16:46:35 - INFO - epoch:9/25 iteration:1315/1377 batch loss is :0.0502
2025-06-24 16:46:41 - INFO - epoch:9/25 iteration:1320/1377 batch loss is :0.0298
2025-06-24 16:46:48 - INFO - epoch:9/25 iteration:1325/1377 batch loss is :0.0460
2025-06-24 16:46:54 - INFO - epoch:9/25 iteration:1330/1377 batch loss is :0.0717
2025-06-24 16:47:01 - INFO - epoch:9/25 iteration:1335/1377 batch loss is :0.1434
2025-06-24 16:47:07 - INFO - epoch:9/25 iteration:1340/1377 batch loss is :0.0330
2025-06-24 16:47:13 - INFO - epoch:9/25 iteration:1345/1377 batch loss is :0.0883
2025-06-24 16:47:20 - INFO - epoch:9/25 iteration:1350/1377 batch loss is :0.0408
2025-06-24 16:47:26 - INFO - epoch:9/25 iteration:1355/1377 batch loss is :0.0383
2025-06-24 16:47:32 - INFO - epoch:9/25 iteration:1360/1377 batch loss is :0.1406
2025-06-24 16:47:38 - INFO - epoch:9/25 iteration:1365/1377 batch loss is :0.0581
2025-06-24 16:47:45 - INFO - epoch:9/25 iteration:1370/1377 batch loss is :0.0441
2025-06-24 16:47:51 - INFO - epoch:9/25 iteration:1375/1377 batch loss is :0.0231
2025-06-24 16:47:53 - INFO - Epoch:9/25 Loss is :0.0516
2025-06-24 16:50:18 - INFO - epoch:10/25 iteration:0/1377 batch loss is :0.0369
2025-06-24 16:50:24 - INFO - epoch:10/25 iteration:5/1377 batch loss is :0.0669
2025-06-24 16:50:31 - INFO - epoch:10/25 iteration:10/1377 batch loss is :0.0501
2025-06-24 16:50:38 - INFO - epoch:10/25 iteration:15/1377 batch loss is :0.0444
2025-06-24 16:50:44 - INFO - epoch:10/25 iteration:20/1377 batch loss is :0.0168
2025-06-24 16:50:50 - INFO - epoch:10/25 iteration:25/1377 batch loss is :0.0515
2025-06-24 16:50:57 - INFO - epoch:10/25 iteration:30/1377 batch loss is :0.0402
2025-06-24 16:51:03 - INFO - epoch:10/25 iteration:35/1377 batch loss is :0.0284
2025-06-24 16:51:10 - INFO - epoch:10/25 iteration:40/1377 batch loss is :0.0500
2025-06-24 16:51:16 - INFO - epoch:10/25 iteration:45/1377 batch loss is :0.0281
2025-06-24 16:51:23 - INFO - epoch:10/25 iteration:50/1377 batch loss is :0.0570
2025-06-24 16:51:29 - INFO - epoch:10/25 iteration:55/1377 batch loss is :0.0214
2025-06-24 16:51:35 - INFO - epoch:10/25 iteration:60/1377 batch loss is :0.1474
2025-06-24 16:51:42 - INFO - epoch:10/25 iteration:65/1377 batch loss is :0.0180
2025-06-24 16:51:48 - INFO - epoch:10/25 iteration:70/1377 batch loss is :0.0843
2025-06-24 16:51:54 - INFO - epoch:10/25 iteration:75/1377 batch loss is :0.0272
2025-06-24 16:52:01 - INFO - epoch:10/25 iteration:80/1377 batch loss is :0.0336
2025-06-24 16:52:07 - INFO - epoch:10/25 iteration:85/1377 batch loss is :0.0272
2025-06-24 16:52:14 - INFO - epoch:10/25 iteration:90/1377 batch loss is :0.0252
2025-06-24 16:52:20 - INFO - epoch:10/25 iteration:95/1377 batch loss is :0.1025
2025-06-24 16:52:27 - INFO - epoch:10/25 iteration:100/1377 batch loss is :0.0309
2025-06-24 16:52:33 - INFO - epoch:10/25 iteration:105/1377 batch loss is :0.0375
2025-06-24 16:52:39 - INFO - epoch:10/25 iteration:110/1377 batch loss is :0.0318
2025-06-24 16:52:46 - INFO - epoch:10/25 iteration:115/1377 batch loss is :0.0386
2025-06-24 16:52:52 - INFO - epoch:10/25 iteration:120/1377 batch loss is :0.0252
2025-06-24 16:52:59 - INFO - epoch:10/25 iteration:125/1377 batch loss is :0.0194
2025-06-24 16:53:05 - INFO - epoch:10/25 iteration:130/1377 batch loss is :0.0279
2025-06-24 16:53:11 - INFO - epoch:10/25 iteration:135/1377 batch loss is :0.0477
2025-06-24 16:53:18 - INFO - epoch:10/25 iteration:140/1377 batch loss is :0.0745
2025-06-24 16:53:24 - INFO - epoch:10/25 iteration:145/1377 batch loss is :0.0160
2025-06-24 16:53:30 - INFO - epoch:10/25 iteration:150/1377 batch loss is :0.0906
2025-06-24 16:53:37 - INFO - epoch:10/25 iteration:155/1377 batch loss is :0.0165
2025-06-24 16:53:43 - INFO - epoch:10/25 iteration:160/1377 batch loss is :0.0281
2025-06-24 16:53:50 - INFO - epoch:10/25 iteration:165/1377 batch loss is :0.0217
2025-06-24 16:53:56 - INFO - epoch:10/25 iteration:170/1377 batch loss is :0.0296
2025-06-24 16:54:03 - INFO - epoch:10/25 iteration:175/1377 batch loss is :0.0255
2025-06-24 16:54:09 - INFO - epoch:10/25 iteration:180/1377 batch loss is :0.0785
2025-06-24 16:54:15 - INFO - epoch:10/25 iteration:185/1377 batch loss is :0.0176
2025-06-24 16:54:22 - INFO - epoch:10/25 iteration:190/1377 batch loss is :0.0229
2025-06-24 16:54:28 - INFO - epoch:10/25 iteration:195/1377 batch loss is :0.1689
2025-06-24 16:54:35 - INFO - epoch:10/25 iteration:200/1377 batch loss is :0.0270
2025-06-24 16:54:41 - INFO - epoch:10/25 iteration:205/1377 batch loss is :0.0238
2025-06-24 16:54:47 - INFO - epoch:10/25 iteration:210/1377 batch loss is :0.0221
2025-06-24 16:54:54 - INFO - epoch:10/25 iteration:215/1377 batch loss is :0.0282
2025-06-24 16:55:00 - INFO - epoch:10/25 iteration:220/1377 batch loss is :0.0201
2025-06-24 16:55:07 - INFO - epoch:10/25 iteration:225/1377 batch loss is :0.0392
2025-06-24 16:55:13 - INFO - epoch:10/25 iteration:230/1377 batch loss is :0.0309
2025-06-24 16:55:19 - INFO - epoch:10/25 iteration:235/1377 batch loss is :0.0534
2025-06-24 16:55:26 - INFO - epoch:10/25 iteration:240/1377 batch loss is :0.0866
2025-06-24 16:55:32 - INFO - epoch:10/25 iteration:245/1377 batch loss is :0.0271
2025-06-24 16:55:39 - INFO - epoch:10/25 iteration:250/1377 batch loss is :0.0263
2025-06-24 16:55:45 - INFO - epoch:10/25 iteration:255/1377 batch loss is :0.0092
2025-06-24 16:55:51 - INFO - epoch:10/25 iteration:260/1377 batch loss is :0.0657
2025-06-24 16:55:58 - INFO - epoch:10/25 iteration:265/1377 batch loss is :0.0356
2025-06-24 16:56:04 - INFO - epoch:10/25 iteration:270/1377 batch loss is :0.0326
2025-06-24 16:56:10 - INFO - epoch:10/25 iteration:275/1377 batch loss is :0.0532
2025-06-24 16:56:17 - INFO - epoch:10/25 iteration:280/1377 batch loss is :0.0169
2025-06-24 16:56:23 - INFO - epoch:10/25 iteration:285/1377 batch loss is :0.0526
2025-06-24 16:56:30 - INFO - epoch:10/25 iteration:290/1377 batch loss is :0.1271
2025-06-24 16:56:36 - INFO - epoch:10/25 iteration:295/1377 batch loss is :0.0497
2025-06-24 16:56:42 - INFO - epoch:10/25 iteration:300/1377 batch loss is :0.0225
2025-06-24 16:56:49 - INFO - epoch:10/25 iteration:305/1377 batch loss is :0.0378
2025-06-24 16:56:55 - INFO - epoch:10/25 iteration:310/1377 batch loss is :0.0321
2025-06-24 16:57:02 - INFO - epoch:10/25 iteration:315/1377 batch loss is :0.0772
2025-06-24 16:57:08 - INFO - epoch:10/25 iteration:320/1377 batch loss is :0.0303
2025-06-24 16:57:14 - INFO - epoch:10/25 iteration:325/1377 batch loss is :0.0867
2025-06-24 16:57:21 - INFO - epoch:10/25 iteration:330/1377 batch loss is :0.0198
2025-06-24 16:57:27 - INFO - epoch:10/25 iteration:335/1377 batch loss is :0.0765
2025-06-24 16:57:34 - INFO - epoch:10/25 iteration:340/1377 batch loss is :0.0352
2025-06-24 16:57:40 - INFO - epoch:10/25 iteration:345/1377 batch loss is :0.0169
2025-06-24 16:57:47 - INFO - epoch:10/25 iteration:350/1377 batch loss is :0.0186
2025-06-24 16:57:53 - INFO - epoch:10/25 iteration:355/1377 batch loss is :0.0168
2025-06-24 16:57:59 - INFO - epoch:10/25 iteration:360/1377 batch loss is :0.0258
2025-06-24 16:58:06 - INFO - epoch:10/25 iteration:365/1377 batch loss is :0.1568
2025-06-24 16:58:12 - INFO - epoch:10/25 iteration:370/1377 batch loss is :0.0485
2025-06-24 16:58:19 - INFO - epoch:10/25 iteration:375/1377 batch loss is :0.0698
2025-06-24 16:58:25 - INFO - epoch:10/25 iteration:380/1377 batch loss is :0.0115
2025-06-24 16:58:31 - INFO - epoch:10/25 iteration:385/1377 batch loss is :0.0105
2025-06-24 16:58:38 - INFO - epoch:10/25 iteration:390/1377 batch loss is :0.0198
2025-06-24 16:58:44 - INFO - epoch:10/25 iteration:395/1377 batch loss is :0.0395
2025-06-24 16:58:51 - INFO - epoch:10/25 iteration:400/1377 batch loss is :0.0372
2025-06-24 16:58:57 - INFO - epoch:10/25 iteration:405/1377 batch loss is :0.0445
2025-06-24 16:59:04 - INFO - epoch:10/25 iteration:410/1377 batch loss is :0.0400
2025-06-24 16:59:10 - INFO - epoch:10/25 iteration:415/1377 batch loss is :0.0360
2025-06-24 16:59:16 - INFO - epoch:10/25 iteration:420/1377 batch loss is :0.0145
2025-06-24 16:59:23 - INFO - epoch:10/25 iteration:425/1377 batch loss is :0.0280
2025-06-24 16:59:29 - INFO - epoch:10/25 iteration:430/1377 batch loss is :0.0191
2025-06-24 16:59:35 - INFO - epoch:10/25 iteration:435/1377 batch loss is :0.0520
2025-06-24 16:59:42 - INFO - epoch:10/25 iteration:440/1377 batch loss is :0.0164
2025-06-24 16:59:48 - INFO - epoch:10/25 iteration:445/1377 batch loss is :0.0648
2025-06-24 16:59:55 - INFO - epoch:10/25 iteration:450/1377 batch loss is :0.0233
2025-06-24 17:00:01 - INFO - epoch:10/25 iteration:455/1377 batch loss is :0.0698
2025-06-24 17:00:08 - INFO - epoch:10/25 iteration:460/1377 batch loss is :0.0400
2025-06-24 17:00:14 - INFO - epoch:10/25 iteration:465/1377 batch loss is :0.0515
2025-06-24 17:00:20 - INFO - epoch:10/25 iteration:470/1377 batch loss is :0.0531
2025-06-24 17:00:27 - INFO - epoch:10/25 iteration:475/1377 batch loss is :0.0339
2025-06-24 17:00:33 - INFO - epoch:10/25 iteration:480/1377 batch loss is :0.0449
2025-06-24 17:00:40 - INFO - epoch:10/25 iteration:485/1377 batch loss is :0.0423
2025-06-24 17:00:46 - INFO - epoch:10/25 iteration:490/1377 batch loss is :0.0149
2025-06-24 17:00:52 - INFO - epoch:10/25 iteration:495/1377 batch loss is :0.0462
2025-06-24 17:00:59 - INFO - epoch:10/25 iteration:500/1377 batch loss is :0.0080
2025-06-24 17:01:05 - INFO - epoch:10/25 iteration:505/1377 batch loss is :0.0394
2025-06-24 17:01:12 - INFO - epoch:10/25 iteration:510/1377 batch loss is :0.0126
2025-06-24 17:01:18 - INFO - epoch:10/25 iteration:515/1377 batch loss is :0.0246
2025-06-24 17:01:25 - INFO - epoch:10/25 iteration:520/1377 batch loss is :0.0302
2025-06-24 17:01:31 - INFO - epoch:10/25 iteration:525/1377 batch loss is :0.0200
2025-06-24 17:01:37 - INFO - epoch:10/25 iteration:530/1377 batch loss is :0.0502
2025-06-24 17:01:44 - INFO - epoch:10/25 iteration:535/1377 batch loss is :0.0246
2025-06-24 17:01:50 - INFO - epoch:10/25 iteration:540/1377 batch loss is :0.0250
2025-06-24 17:01:57 - INFO - epoch:10/25 iteration:545/1377 batch loss is :0.0110
2025-06-24 17:02:03 - INFO - epoch:10/25 iteration:550/1377 batch loss is :0.0400
2025-06-24 17:02:10 - INFO - epoch:10/25 iteration:555/1377 batch loss is :0.0295
2025-06-24 17:02:16 - INFO - epoch:10/25 iteration:560/1377 batch loss is :0.0405
2025-06-24 17:02:23 - INFO - epoch:10/25 iteration:565/1377 batch loss is :0.0409
2025-06-24 17:02:29 - INFO - epoch:10/25 iteration:570/1377 batch loss is :0.0254
2025-06-24 17:02:35 - INFO - epoch:10/25 iteration:575/1377 batch loss is :0.0335
2025-06-24 17:02:42 - INFO - epoch:10/25 iteration:580/1377 batch loss is :0.0454
2025-06-24 17:02:48 - INFO - epoch:10/25 iteration:585/1377 batch loss is :0.0471
2025-06-24 17:02:55 - INFO - epoch:10/25 iteration:590/1377 batch loss is :0.0050
2025-06-24 17:03:01 - INFO - epoch:10/25 iteration:595/1377 batch loss is :0.0247
2025-06-24 17:03:07 - INFO - epoch:10/25 iteration:600/1377 batch loss is :0.0250
2025-06-24 17:03:14 - INFO - epoch:10/25 iteration:605/1377 batch loss is :0.0279
2025-06-24 17:03:20 - INFO - epoch:10/25 iteration:610/1377 batch loss is :0.0232
2025-06-24 17:03:27 - INFO - epoch:10/25 iteration:615/1377 batch loss is :0.0197
2025-06-24 17:03:33 - INFO - epoch:10/25 iteration:620/1377 batch loss is :0.0524
2025-06-24 17:03:39 - INFO - epoch:10/25 iteration:625/1377 batch loss is :0.0970
2025-06-24 17:03:46 - INFO - epoch:10/25 iteration:630/1377 batch loss is :0.1217
2025-06-24 17:03:52 - INFO - epoch:10/25 iteration:635/1377 batch loss is :0.0260
2025-06-24 17:03:59 - INFO - epoch:10/25 iteration:640/1377 batch loss is :0.0434
2025-06-24 17:04:05 - INFO - epoch:10/25 iteration:645/1377 batch loss is :0.0343
2025-06-24 17:04:12 - INFO - epoch:10/25 iteration:650/1377 batch loss is :0.0485
2025-06-24 17:04:18 - INFO - epoch:10/25 iteration:655/1377 batch loss is :0.0201
2025-06-24 17:04:24 - INFO - epoch:10/25 iteration:660/1377 batch loss is :0.0650
2025-06-24 17:04:31 - INFO - epoch:10/25 iteration:665/1377 batch loss is :0.2681
2025-06-24 17:04:37 - INFO - epoch:10/25 iteration:670/1377 batch loss is :0.0113
2025-06-24 17:04:44 - INFO - epoch:10/25 iteration:675/1377 batch loss is :0.0311
2025-06-24 17:04:50 - INFO - epoch:10/25 iteration:680/1377 batch loss is :0.0290
2025-06-24 17:04:56 - INFO - epoch:10/25 iteration:685/1377 batch loss is :0.0124
2025-06-24 17:05:03 - INFO - epoch:10/25 iteration:690/1377 batch loss is :0.0488
2025-06-24 17:05:09 - INFO - epoch:10/25 iteration:695/1377 batch loss is :0.0300
2025-06-24 17:05:16 - INFO - epoch:10/25 iteration:700/1377 batch loss is :0.0201
2025-06-24 17:05:22 - INFO - epoch:10/25 iteration:705/1377 batch loss is :0.0321
2025-06-24 17:05:29 - INFO - epoch:10/25 iteration:710/1377 batch loss is :0.0067
2025-06-24 17:05:35 - INFO - epoch:10/25 iteration:715/1377 batch loss is :0.0585
2025-06-24 17:05:41 - INFO - epoch:10/25 iteration:720/1377 batch loss is :0.0688
2025-06-24 17:05:48 - INFO - epoch:10/25 iteration:725/1377 batch loss is :0.0445
2025-06-24 17:05:54 - INFO - epoch:10/25 iteration:730/1377 batch loss is :0.0497
2025-06-24 17:06:01 - INFO - epoch:10/25 iteration:735/1377 batch loss is :0.0375
2025-06-24 17:06:07 - INFO - epoch:10/25 iteration:740/1377 batch loss is :0.0375
2025-06-24 17:06:13 - INFO - epoch:10/25 iteration:745/1377 batch loss is :0.0365
2025-06-24 17:06:20 - INFO - epoch:10/25 iteration:750/1377 batch loss is :0.0293
2025-06-24 17:06:26 - INFO - epoch:10/25 iteration:755/1377 batch loss is :0.0356
2025-06-24 17:06:33 - INFO - epoch:10/25 iteration:760/1377 batch loss is :0.0236
2025-06-24 17:06:39 - INFO - epoch:10/25 iteration:765/1377 batch loss is :0.0710
2025-06-24 17:06:45 - INFO - epoch:10/25 iteration:770/1377 batch loss is :0.0486
2025-06-24 17:06:52 - INFO - epoch:10/25 iteration:775/1377 batch loss is :0.0384
2025-06-24 17:06:58 - INFO - epoch:10/25 iteration:780/1377 batch loss is :0.0132
2025-06-24 17:07:04 - INFO - epoch:10/25 iteration:785/1377 batch loss is :0.0603
2025-06-24 17:07:11 - INFO - epoch:10/25 iteration:790/1377 batch loss is :0.0079
2025-06-24 17:07:17 - INFO - epoch:10/25 iteration:795/1377 batch loss is :0.0182
2025-06-24 17:07:24 - INFO - epoch:10/25 iteration:800/1377 batch loss is :0.0449
2025-06-24 17:07:30 - INFO - epoch:10/25 iteration:805/1377 batch loss is :0.0130
2025-06-24 17:07:37 - INFO - epoch:10/25 iteration:810/1377 batch loss is :0.0387
2025-06-24 17:07:43 - INFO - epoch:10/25 iteration:815/1377 batch loss is :0.0120
2025-06-24 17:07:49 - INFO - epoch:10/25 iteration:820/1377 batch loss is :0.0274
2025-06-24 17:07:56 - INFO - epoch:10/25 iteration:825/1377 batch loss is :0.0334
2025-06-24 17:08:02 - INFO - epoch:10/25 iteration:830/1377 batch loss is :0.0251
2025-06-24 17:08:09 - INFO - epoch:10/25 iteration:835/1377 batch loss is :0.0495
2025-06-24 17:08:15 - INFO - epoch:10/25 iteration:840/1377 batch loss is :0.0306
2025-06-24 17:08:21 - INFO - epoch:10/25 iteration:845/1377 batch loss is :0.0234
2025-06-24 17:08:28 - INFO - epoch:10/25 iteration:850/1377 batch loss is :0.0207
2025-06-24 17:08:34 - INFO - epoch:10/25 iteration:855/1377 batch loss is :0.0367
2025-06-24 17:08:41 - INFO - epoch:10/25 iteration:860/1377 batch loss is :0.0271
2025-06-24 17:08:47 - INFO - epoch:10/25 iteration:865/1377 batch loss is :0.0378
2025-06-24 17:08:54 - INFO - epoch:10/25 iteration:870/1377 batch loss is :0.0239
2025-06-24 17:09:00 - INFO - epoch:10/25 iteration:875/1377 batch loss is :0.0594
2025-06-24 17:09:06 - INFO - epoch:10/25 iteration:880/1377 batch loss is :0.0821
2025-06-24 17:09:13 - INFO - epoch:10/25 iteration:885/1377 batch loss is :0.1347
2025-06-24 17:09:19 - INFO - epoch:10/25 iteration:890/1377 batch loss is :0.0110
2025-06-24 17:09:26 - INFO - epoch:10/25 iteration:895/1377 batch loss is :0.0518
2025-06-24 17:09:32 - INFO - epoch:10/25 iteration:900/1377 batch loss is :0.0354
2025-06-24 17:09:38 - INFO - epoch:10/25 iteration:905/1377 batch loss is :0.0271
2025-06-24 17:09:45 - INFO - epoch:10/25 iteration:910/1377 batch loss is :0.0357
2025-06-24 17:09:51 - INFO - epoch:10/25 iteration:915/1377 batch loss is :0.0195
2025-06-24 17:09:58 - INFO - epoch:10/25 iteration:920/1377 batch loss is :0.0174
2025-06-24 17:10:04 - INFO - epoch:10/25 iteration:925/1377 batch loss is :0.0113
2025-06-24 17:10:11 - INFO - epoch:10/25 iteration:930/1377 batch loss is :0.0259
2025-06-24 17:10:17 - INFO - epoch:10/25 iteration:935/1377 batch loss is :0.0142
2025-06-24 17:10:23 - INFO - epoch:10/25 iteration:940/1377 batch loss is :0.0468
2025-06-24 17:10:30 - INFO - epoch:10/25 iteration:945/1377 batch loss is :0.0156
2025-06-24 17:10:36 - INFO - epoch:10/25 iteration:950/1377 batch loss is :0.0213
2025-06-24 17:10:43 - INFO - epoch:10/25 iteration:955/1377 batch loss is :0.0255
2025-06-24 17:10:49 - INFO - epoch:10/25 iteration:960/1377 batch loss is :0.0089
2025-06-24 17:10:55 - INFO - epoch:10/25 iteration:965/1377 batch loss is :0.0146
2025-06-24 17:11:02 - INFO - epoch:10/25 iteration:970/1377 batch loss is :0.0215
2025-06-24 17:11:08 - INFO - epoch:10/25 iteration:975/1377 batch loss is :0.0406
2025-06-24 17:11:15 - INFO - epoch:10/25 iteration:980/1377 batch loss is :0.0442
2025-06-24 17:11:21 - INFO - epoch:10/25 iteration:985/1377 batch loss is :0.0512
2025-06-24 17:11:28 - INFO - epoch:10/25 iteration:990/1377 batch loss is :0.0643
2025-06-24 17:11:34 - INFO - epoch:10/25 iteration:995/1377 batch loss is :0.0373
2025-06-24 17:11:40 - INFO - epoch:10/25 iteration:1000/1377 batch loss is :0.0934
2025-06-24 17:11:47 - INFO - epoch:10/25 iteration:1005/1377 batch loss is :0.1031
2025-06-24 17:11:53 - INFO - epoch:10/25 iteration:1010/1377 batch loss is :0.0163
2025-06-24 17:12:00 - INFO - epoch:10/25 iteration:1015/1377 batch loss is :0.0152
2025-06-24 17:12:06 - INFO - epoch:10/25 iteration:1020/1377 batch loss is :0.0250
2025-06-24 17:12:13 - INFO - epoch:10/25 iteration:1025/1377 batch loss is :0.0586
2025-06-24 17:12:19 - INFO - epoch:10/25 iteration:1030/1377 batch loss is :0.0270
2025-06-24 17:12:26 - INFO - epoch:10/25 iteration:1035/1377 batch loss is :0.0217
2025-06-24 17:12:32 - INFO - epoch:10/25 iteration:1040/1377 batch loss is :0.0526
2025-06-24 17:12:38 - INFO - epoch:10/25 iteration:1045/1377 batch loss is :0.0747
2025-06-24 17:12:45 - INFO - epoch:10/25 iteration:1050/1377 batch loss is :0.0518
2025-06-24 17:12:51 - INFO - epoch:10/25 iteration:1055/1377 batch loss is :0.0182
2025-06-24 17:12:58 - INFO - epoch:10/25 iteration:1060/1377 batch loss is :0.0508
2025-06-24 17:13:04 - INFO - epoch:10/25 iteration:1065/1377 batch loss is :0.0866
2025-06-24 17:13:11 - INFO - epoch:10/25 iteration:1070/1377 batch loss is :0.0093
2025-06-24 17:13:17 - INFO - epoch:10/25 iteration:1075/1377 batch loss is :0.0490
2025-06-24 17:13:23 - INFO - epoch:10/25 iteration:1080/1377 batch loss is :0.0429
2025-06-24 17:13:30 - INFO - epoch:10/25 iteration:1085/1377 batch loss is :0.0399
2025-06-24 17:13:36 - INFO - epoch:10/25 iteration:1090/1377 batch loss is :0.0523
2025-06-24 17:13:43 - INFO - epoch:10/25 iteration:1095/1377 batch loss is :0.0649
2025-06-24 17:13:49 - INFO - epoch:10/25 iteration:1100/1377 batch loss is :0.0262
2025-06-24 17:13:55 - INFO - epoch:10/25 iteration:1105/1377 batch loss is :0.0270
2025-06-24 17:14:02 - INFO - epoch:10/25 iteration:1110/1377 batch loss is :0.0319
2025-06-24 17:14:08 - INFO - epoch:10/25 iteration:1115/1377 batch loss is :0.0416
2025-06-24 17:14:15 - INFO - epoch:10/25 iteration:1120/1377 batch loss is :0.0773
2025-06-24 17:14:21 - INFO - epoch:10/25 iteration:1125/1377 batch loss is :0.0312
2025-06-24 17:14:28 - INFO - epoch:10/25 iteration:1130/1377 batch loss is :0.0184
2025-06-24 17:14:34 - INFO - epoch:10/25 iteration:1135/1377 batch loss is :0.0334
2025-06-24 17:14:40 - INFO - epoch:10/25 iteration:1140/1377 batch loss is :0.0107
2025-06-24 17:14:47 - INFO - epoch:10/25 iteration:1145/1377 batch loss is :0.0154
2025-06-24 17:14:53 - INFO - epoch:10/25 iteration:1150/1377 batch loss is :0.0131
2025-06-24 17:15:00 - INFO - epoch:10/25 iteration:1155/1377 batch loss is :0.0275
2025-06-24 17:15:06 - INFO - epoch:10/25 iteration:1160/1377 batch loss is :0.0582
2025-06-24 17:15:12 - INFO - epoch:10/25 iteration:1165/1377 batch loss is :0.0395
2025-06-24 17:15:19 - INFO - epoch:10/25 iteration:1170/1377 batch loss is :0.0392
2025-06-24 17:15:25 - INFO - epoch:10/25 iteration:1175/1377 batch loss is :0.0108
2025-06-24 17:15:32 - INFO - epoch:10/25 iteration:1180/1377 batch loss is :0.0759
2025-06-24 17:15:38 - INFO - epoch:10/25 iteration:1185/1377 batch loss is :0.0192
2025-06-24 17:15:45 - INFO - epoch:10/25 iteration:1190/1377 batch loss is :0.0141
2025-06-24 17:15:51 - INFO - epoch:10/25 iteration:1195/1377 batch loss is :0.0125
2025-06-24 17:15:57 - INFO - epoch:10/25 iteration:1200/1377 batch loss is :0.1840
2025-06-24 17:16:04 - INFO - epoch:10/25 iteration:1205/1377 batch loss is :0.0354
2025-06-24 17:16:10 - INFO - epoch:10/25 iteration:1210/1377 batch loss is :0.0499
2025-06-24 17:16:17 - INFO - epoch:10/25 iteration:1215/1377 batch loss is :0.0330
2025-06-24 17:16:23 - INFO - epoch:10/25 iteration:1220/1377 batch loss is :0.1025
2025-06-24 17:16:30 - INFO - epoch:10/25 iteration:1225/1377 batch loss is :0.0250
2025-06-24 17:16:36 - INFO - epoch:10/25 iteration:1230/1377 batch loss is :0.0273
2025-06-24 17:16:42 - INFO - epoch:10/25 iteration:1235/1377 batch loss is :0.0159
2025-06-24 17:16:49 - INFO - epoch:10/25 iteration:1240/1377 batch loss is :0.0283
2025-06-24 17:16:55 - INFO - epoch:10/25 iteration:1245/1377 batch loss is :0.0341
2025-06-24 17:17:02 - INFO - epoch:10/25 iteration:1250/1377 batch loss is :0.0385
2025-06-24 17:17:08 - INFO - epoch:10/25 iteration:1255/1377 batch loss is :0.0451
2025-06-24 17:17:15 - INFO - epoch:10/25 iteration:1260/1377 batch loss is :0.0312
2025-06-24 17:17:21 - INFO - epoch:10/25 iteration:1265/1377 batch loss is :0.0265
2025-06-24 17:17:27 - INFO - epoch:10/25 iteration:1270/1377 batch loss is :0.0182
2025-06-24 17:17:34 - INFO - epoch:10/25 iteration:1275/1377 batch loss is :0.0437
2025-06-24 17:17:40 - INFO - epoch:10/25 iteration:1280/1377 batch loss is :0.0338
2025-06-24 17:17:46 - INFO - epoch:10/25 iteration:1285/1377 batch loss is :0.0108
2025-06-24 17:17:53 - INFO - epoch:10/25 iteration:1290/1377 batch loss is :0.0136
2025-06-24 17:17:59 - INFO - epoch:10/25 iteration:1295/1377 batch loss is :0.1092
2025-06-24 17:18:06 - INFO - epoch:10/25 iteration:1300/1377 batch loss is :0.0592
2025-06-24 17:18:12 - INFO - epoch:10/25 iteration:1305/1377 batch loss is :0.0451
2025-06-24 17:18:19 - INFO - epoch:10/25 iteration:1310/1377 batch loss is :0.0803
2025-06-24 17:18:25 - INFO - epoch:10/25 iteration:1315/1377 batch loss is :0.0202
2025-06-24 17:18:31 - INFO - epoch:10/25 iteration:1320/1377 batch loss is :0.0482
2025-06-24 17:18:38 - INFO - epoch:10/25 iteration:1325/1377 batch loss is :0.0264
2025-06-24 17:18:44 - INFO - epoch:10/25 iteration:1330/1377 batch loss is :0.0271
2025-06-24 17:18:51 - INFO - epoch:10/25 iteration:1335/1377 batch loss is :0.0221
2025-06-24 17:18:57 - INFO - epoch:10/25 iteration:1340/1377 batch loss is :0.0571
2025-06-24 17:19:03 - INFO - epoch:10/25 iteration:1345/1377 batch loss is :0.0617
2025-06-24 17:19:10 - INFO - epoch:10/25 iteration:1350/1377 batch loss is :0.0762
2025-06-24 17:19:16 - INFO - epoch:10/25 iteration:1355/1377 batch loss is :0.0144
2025-06-24 17:19:22 - INFO - epoch:10/25 iteration:1360/1377 batch loss is :0.0127
2025-06-24 17:19:28 - INFO - epoch:10/25 iteration:1365/1377 batch loss is :0.0164
2025-06-24 17:19:35 - INFO - epoch:10/25 iteration:1370/1377 batch loss is :0.0965
2025-06-24 17:19:41 - INFO - epoch:10/25 iteration:1375/1377 batch loss is :0.0128
2025-06-24 17:19:42 - INFO - Epoch:10/25 Loss is :0.0405
2025-06-24 17:28:47 - INFO - VAL loss :0.1064
2025-06-24 17:31:15 - INFO - epoch:11/25 iteration:0/1377 batch loss is :0.0277
2025-06-24 17:31:21 - INFO - epoch:11/25 iteration:5/1377 batch loss is :0.0471
2025-06-24 17:31:28 - INFO - epoch:11/25 iteration:10/1377 batch loss is :0.0612
2025-06-24 17:31:35 - INFO - epoch:11/25 iteration:15/1377 batch loss is :0.0590
2025-06-24 17:31:42 - INFO - epoch:11/25 iteration:20/1377 batch loss is :0.0211
2025-06-24 17:31:48 - INFO - epoch:11/25 iteration:25/1377 batch loss is :0.0203
2025-06-24 17:31:55 - INFO - epoch:11/25 iteration:30/1377 batch loss is :0.0282
2025-06-24 17:32:01 - INFO - epoch:11/25 iteration:35/1377 batch loss is :0.0350
2025-06-24 17:32:07 - INFO - epoch:11/25 iteration:40/1377 batch loss is :0.0042
2025-06-24 17:32:14 - INFO - epoch:11/25 iteration:45/1377 batch loss is :0.0147
2025-06-24 17:32:20 - INFO - epoch:11/25 iteration:50/1377 batch loss is :0.0511
2025-06-24 17:32:26 - INFO - epoch:11/25 iteration:55/1377 batch loss is :0.0149
2025-06-24 17:32:33 - INFO - epoch:11/25 iteration:60/1377 batch loss is :0.0158
2025-06-24 17:32:39 - INFO - epoch:11/25 iteration:65/1377 batch loss is :0.0228
2025-06-24 17:32:46 - INFO - epoch:11/25 iteration:70/1377 batch loss is :0.0147
2025-06-24 17:32:52 - INFO - epoch:11/25 iteration:75/1377 batch loss is :0.0294
2025-06-24 17:32:59 - INFO - epoch:11/25 iteration:80/1377 batch loss is :0.0129
2025-06-24 17:33:05 - INFO - epoch:11/25 iteration:85/1377 batch loss is :0.0156
2025-06-24 17:33:11 - INFO - epoch:11/25 iteration:90/1377 batch loss is :0.0201
2025-06-24 17:33:18 - INFO - epoch:11/25 iteration:95/1377 batch loss is :0.0274
2025-06-24 17:33:24 - INFO - epoch:11/25 iteration:100/1377 batch loss is :0.0966
2025-06-24 17:33:30 - INFO - epoch:11/25 iteration:105/1377 batch loss is :0.0430
2025-06-24 17:33:37 - INFO - epoch:11/25 iteration:110/1377 batch loss is :0.0281
2025-06-24 17:33:43 - INFO - epoch:11/25 iteration:115/1377 batch loss is :0.0598
2025-06-24 17:33:50 - INFO - epoch:11/25 iteration:120/1377 batch loss is :0.0209
2025-06-24 17:33:56 - INFO - epoch:11/25 iteration:125/1377 batch loss is :0.0317
2025-06-24 17:34:03 - INFO - epoch:11/25 iteration:130/1377 batch loss is :0.0213
2025-06-24 17:34:09 - INFO - epoch:11/25 iteration:135/1377 batch loss is :0.0451
2025-06-24 17:34:15 - INFO - epoch:11/25 iteration:140/1377 batch loss is :0.0062
2025-06-24 17:34:22 - INFO - epoch:11/25 iteration:145/1377 batch loss is :0.0119
2025-06-24 17:34:28 - INFO - epoch:11/25 iteration:150/1377 batch loss is :0.0108
2025-06-24 17:34:35 - INFO - epoch:11/25 iteration:155/1377 batch loss is :0.0340
2025-06-24 17:34:41 - INFO - epoch:11/25 iteration:160/1377 batch loss is :0.0458
2025-06-24 17:34:47 - INFO - epoch:11/25 iteration:165/1377 batch loss is :0.0317
2025-06-24 17:34:54 - INFO - epoch:11/25 iteration:170/1377 batch loss is :0.0298
2025-06-24 17:35:00 - INFO - epoch:11/25 iteration:175/1377 batch loss is :0.0167
2025-06-24 17:35:07 - INFO - epoch:11/25 iteration:180/1377 batch loss is :0.0473
2025-06-24 17:35:13 - INFO - epoch:11/25 iteration:185/1377 batch loss is :0.0351
2025-06-24 17:35:19 - INFO - epoch:11/25 iteration:190/1377 batch loss is :0.0352
2025-06-24 17:35:26 - INFO - epoch:11/25 iteration:195/1377 batch loss is :0.0267
2025-06-24 17:35:32 - INFO - epoch:11/25 iteration:200/1377 batch loss is :0.0234
2025-06-24 17:35:39 - INFO - epoch:11/25 iteration:205/1377 batch loss is :0.0214
2025-06-24 17:35:45 - INFO - epoch:11/25 iteration:210/1377 batch loss is :0.0674
2025-06-24 17:35:52 - INFO - epoch:11/25 iteration:215/1377 batch loss is :0.0280
2025-06-24 17:35:58 - INFO - epoch:11/25 iteration:220/1377 batch loss is :0.0232
2025-06-24 17:36:04 - INFO - epoch:11/25 iteration:225/1377 batch loss is :0.0318
2025-06-24 17:36:11 - INFO - epoch:11/25 iteration:230/1377 batch loss is :0.0461
2025-06-24 17:36:17 - INFO - epoch:11/25 iteration:235/1377 batch loss is :0.0876
2025-06-24 17:36:24 - INFO - epoch:11/25 iteration:240/1377 batch loss is :0.0238
2025-06-24 17:36:30 - INFO - epoch:11/25 iteration:245/1377 batch loss is :0.0114
2025-06-24 17:36:36 - INFO - epoch:11/25 iteration:250/1377 batch loss is :0.0422
2025-06-24 17:36:43 - INFO - epoch:11/25 iteration:255/1377 batch loss is :0.0244
2025-06-24 17:36:49 - INFO - epoch:11/25 iteration:260/1377 batch loss is :0.0881
2025-06-24 17:36:56 - INFO - epoch:11/25 iteration:265/1377 batch loss is :0.0244
2025-06-24 17:37:02 - INFO - epoch:11/25 iteration:270/1377 batch loss is :0.0908
2025-06-24 17:37:09 - INFO - epoch:11/25 iteration:275/1377 batch loss is :0.0114
2025-06-24 17:37:15 - INFO - epoch:11/25 iteration:280/1377 batch loss is :0.0215
2025-06-24 17:37:22 - INFO - epoch:11/25 iteration:285/1377 batch loss is :0.0140
2025-06-24 17:37:28 - INFO - epoch:11/25 iteration:290/1377 batch loss is :0.1891
2025-06-24 17:37:34 - INFO - epoch:11/25 iteration:295/1377 batch loss is :0.0415
2025-06-24 17:37:41 - INFO - epoch:11/25 iteration:300/1377 batch loss is :0.0130
2025-06-24 17:37:47 - INFO - epoch:11/25 iteration:305/1377 batch loss is :0.0264
2025-06-24 17:37:54 - INFO - epoch:11/25 iteration:310/1377 batch loss is :0.0321
2025-06-24 17:38:00 - INFO - epoch:11/25 iteration:315/1377 batch loss is :0.0590
2025-06-24 17:38:06 - INFO - epoch:11/25 iteration:320/1377 batch loss is :0.0418
2025-06-24 17:38:13 - INFO - epoch:11/25 iteration:325/1377 batch loss is :0.0071
2025-06-24 17:38:19 - INFO - epoch:11/25 iteration:330/1377 batch loss is :0.0295
2025-06-24 17:38:26 - INFO - epoch:11/25 iteration:335/1377 batch loss is :0.0166
2025-06-24 17:38:32 - INFO - epoch:11/25 iteration:340/1377 batch loss is :0.0193
2025-06-24 17:38:38 - INFO - epoch:11/25 iteration:345/1377 batch loss is :0.0291
2025-06-24 17:38:45 - INFO - epoch:11/25 iteration:350/1377 batch loss is :0.0381
2025-06-24 17:38:51 - INFO - epoch:11/25 iteration:355/1377 batch loss is :0.0547
2025-06-24 17:38:58 - INFO - epoch:11/25 iteration:360/1377 batch loss is :0.0212
2025-06-24 17:39:04 - INFO - epoch:11/25 iteration:365/1377 batch loss is :0.0500
2025-06-24 17:39:10 - INFO - epoch:11/25 iteration:370/1377 batch loss is :0.0124
2025-06-24 17:39:17 - INFO - epoch:11/25 iteration:375/1377 batch loss is :0.0369
2025-06-24 17:39:23 - INFO - epoch:11/25 iteration:380/1377 batch loss is :0.0303
2025-06-24 17:39:30 - INFO - epoch:11/25 iteration:385/1377 batch loss is :0.0188
2025-06-24 17:39:36 - INFO - epoch:11/25 iteration:390/1377 batch loss is :0.0259
2025-06-24 17:39:43 - INFO - epoch:11/25 iteration:395/1377 batch loss is :0.0643
2025-06-24 17:39:49 - INFO - epoch:11/25 iteration:400/1377 batch loss is :0.1090
2025-06-24 17:39:55 - INFO - epoch:11/25 iteration:405/1377 batch loss is :0.0107
2025-06-24 17:40:02 - INFO - epoch:11/25 iteration:410/1377 batch loss is :0.1603
2025-06-24 17:40:08 - INFO - epoch:11/25 iteration:415/1377 batch loss is :0.0277
2025-06-24 17:40:15 - INFO - epoch:11/25 iteration:420/1377 batch loss is :0.0180
2025-06-24 17:40:21 - INFO - epoch:11/25 iteration:425/1377 batch loss is :0.0564
2025-06-24 17:40:28 - INFO - epoch:11/25 iteration:430/1377 batch loss is :0.0249
2025-06-24 17:40:34 - INFO - epoch:11/25 iteration:435/1377 batch loss is :0.0617
2025-06-24 17:40:41 - INFO - epoch:11/25 iteration:440/1377 batch loss is :0.0152
2025-06-24 17:40:47 - INFO - epoch:11/25 iteration:445/1377 batch loss is :0.0260
2025-06-24 17:40:54 - INFO - epoch:11/25 iteration:450/1377 batch loss is :0.0199
2025-06-24 17:41:00 - INFO - epoch:11/25 iteration:455/1377 batch loss is :0.0178
2025-06-24 17:41:06 - INFO - epoch:11/25 iteration:460/1377 batch loss is :0.0113
2025-06-24 17:41:13 - INFO - epoch:11/25 iteration:465/1377 batch loss is :0.0274
2025-06-24 17:41:19 - INFO - epoch:11/25 iteration:470/1377 batch loss is :0.0182
2025-06-24 17:41:26 - INFO - epoch:11/25 iteration:475/1377 batch loss is :0.0168
2025-06-24 17:41:32 - INFO - epoch:11/25 iteration:480/1377 batch loss is :0.0114
2025-06-24 17:41:38 - INFO - epoch:11/25 iteration:485/1377 batch loss is :0.0266
2025-06-24 17:41:45 - INFO - epoch:11/25 iteration:490/1377 batch loss is :0.0633
2025-06-24 17:41:51 - INFO - epoch:11/25 iteration:495/1377 batch loss is :0.0374
2025-06-24 17:41:58 - INFO - epoch:11/25 iteration:500/1377 batch loss is :0.0425
2025-06-24 17:42:04 - INFO - epoch:11/25 iteration:505/1377 batch loss is :0.0507
2025-06-24 17:42:11 - INFO - epoch:11/25 iteration:510/1377 batch loss is :0.0339
2025-06-24 17:42:17 - INFO - epoch:11/25 iteration:515/1377 batch loss is :0.0488
2025-06-24 17:42:23 - INFO - epoch:11/25 iteration:520/1377 batch loss is :0.0584
2025-06-24 17:42:30 - INFO - epoch:11/25 iteration:525/1377 batch loss is :0.0480
2025-06-24 17:42:36 - INFO - epoch:11/25 iteration:530/1377 batch loss is :0.0493
2025-06-24 17:42:43 - INFO - epoch:11/25 iteration:535/1377 batch loss is :0.0276
2025-06-24 17:42:49 - INFO - epoch:11/25 iteration:540/1377 batch loss is :0.0536
2025-06-24 17:42:56 - INFO - epoch:11/25 iteration:545/1377 batch loss is :0.0268
2025-06-24 17:43:02 - INFO - epoch:11/25 iteration:550/1377 batch loss is :0.0171
2025-06-24 17:43:08 - INFO - epoch:11/25 iteration:555/1377 batch loss is :0.0311
2025-06-24 17:43:15 - INFO - epoch:11/25 iteration:560/1377 batch loss is :0.0200
2025-06-24 17:43:21 - INFO - epoch:11/25 iteration:565/1377 batch loss is :0.0329
2025-06-24 17:43:28 - INFO - epoch:11/25 iteration:570/1377 batch loss is :0.0208
2025-06-24 17:43:34 - INFO - epoch:11/25 iteration:575/1377 batch loss is :0.0362
2025-06-24 17:43:40 - INFO - epoch:11/25 iteration:580/1377 batch loss is :0.0159
2025-06-24 17:43:47 - INFO - epoch:11/25 iteration:585/1377 batch loss is :0.0157
2025-06-24 17:43:53 - INFO - epoch:11/25 iteration:590/1377 batch loss is :0.0205
2025-06-24 17:44:00 - INFO - epoch:11/25 iteration:595/1377 batch loss is :0.0123
2025-06-24 17:44:06 - INFO - epoch:11/25 iteration:600/1377 batch loss is :0.1340
2025-06-24 17:44:13 - INFO - epoch:11/25 iteration:605/1377 batch loss is :0.0199
2025-06-24 17:44:19 - INFO - epoch:11/25 iteration:610/1377 batch loss is :0.0562
2025-06-24 17:44:25 - INFO - epoch:11/25 iteration:615/1377 batch loss is :0.0275
2025-06-24 17:44:32 - INFO - epoch:11/25 iteration:620/1377 batch loss is :0.0216
2025-06-24 17:44:38 - INFO - epoch:11/25 iteration:625/1377 batch loss is :0.0309
2025-06-24 17:44:45 - INFO - epoch:11/25 iteration:630/1377 batch loss is :0.0302
2025-06-24 17:44:51 - INFO - epoch:11/25 iteration:635/1377 batch loss is :0.0245
2025-06-24 17:44:57 - INFO - epoch:11/25 iteration:640/1377 batch loss is :0.0061
2025-06-24 17:45:04 - INFO - epoch:11/25 iteration:645/1377 batch loss is :0.0162
2025-06-24 17:45:10 - INFO - epoch:11/25 iteration:650/1377 batch loss is :0.0645
2025-06-24 17:45:17 - INFO - epoch:11/25 iteration:655/1377 batch loss is :0.0428
2025-06-24 17:45:23 - INFO - epoch:11/25 iteration:660/1377 batch loss is :0.0214
2025-06-24 17:45:29 - INFO - epoch:11/25 iteration:665/1377 batch loss is :0.0109
2025-06-24 17:45:36 - INFO - epoch:11/25 iteration:670/1377 batch loss is :0.0395
2025-06-24 17:45:42 - INFO - epoch:11/25 iteration:675/1377 batch loss is :0.0262
2025-06-24 17:45:49 - INFO - epoch:11/25 iteration:680/1377 batch loss is :0.0137
2025-06-24 17:45:55 - INFO - epoch:11/25 iteration:685/1377 batch loss is :0.0380
2025-06-24 17:46:02 - INFO - epoch:11/25 iteration:690/1377 batch loss is :0.0141
2025-06-24 17:46:08 - INFO - epoch:11/25 iteration:695/1377 batch loss is :0.0351
2025-06-24 17:46:14 - INFO - epoch:11/25 iteration:700/1377 batch loss is :0.0281
2025-06-24 17:46:21 - INFO - epoch:11/25 iteration:705/1377 batch loss is :0.0582
2025-06-24 17:46:27 - INFO - epoch:11/25 iteration:710/1377 batch loss is :0.0463
2025-06-24 17:46:34 - INFO - epoch:11/25 iteration:715/1377 batch loss is :0.0251
2025-06-24 17:46:40 - INFO - epoch:11/25 iteration:720/1377 batch loss is :0.0213
2025-06-24 17:46:46 - INFO - epoch:11/25 iteration:725/1377 batch loss is :0.0290
2025-06-24 17:46:53 - INFO - epoch:11/25 iteration:730/1377 batch loss is :0.0208
2025-06-24 17:46:59 - INFO - epoch:11/25 iteration:735/1377 batch loss is :0.0193
2025-06-24 17:47:06 - INFO - epoch:11/25 iteration:740/1377 batch loss is :0.0196
2025-06-24 17:47:12 - INFO - epoch:11/25 iteration:745/1377 batch loss is :0.0145
2025-06-24 17:47:18 - INFO - epoch:11/25 iteration:750/1377 batch loss is :0.0206
2025-06-24 17:47:25 - INFO - epoch:11/25 iteration:755/1377 batch loss is :0.0327
2025-06-24 17:47:31 - INFO - epoch:11/25 iteration:760/1377 batch loss is :0.0233
2025-06-24 17:47:37 - INFO - epoch:11/25 iteration:765/1377 batch loss is :0.0145
2025-06-24 17:47:44 - INFO - epoch:11/25 iteration:770/1377 batch loss is :0.0332
2025-06-24 17:47:50 - INFO - epoch:11/25 iteration:775/1377 batch loss is :0.0207
2025-06-24 17:47:57 - INFO - epoch:11/25 iteration:780/1377 batch loss is :0.0478
2025-06-24 17:48:03 - INFO - epoch:11/25 iteration:785/1377 batch loss is :0.0584
2025-06-24 17:48:09 - INFO - epoch:11/25 iteration:790/1377 batch loss is :0.0300
2025-06-24 17:48:16 - INFO - epoch:11/25 iteration:795/1377 batch loss is :0.0139
2025-06-24 17:48:22 - INFO - epoch:11/25 iteration:800/1377 batch loss is :0.0376
2025-06-24 17:48:29 - INFO - epoch:11/25 iteration:805/1377 batch loss is :0.0261
2025-06-24 17:48:35 - INFO - epoch:11/25 iteration:810/1377 batch loss is :0.0096
2025-06-24 17:48:41 - INFO - epoch:11/25 iteration:815/1377 batch loss is :0.0172
2025-06-24 17:48:48 - INFO - epoch:11/25 iteration:820/1377 batch loss is :0.0341
2025-06-24 17:48:54 - INFO - epoch:11/25 iteration:825/1377 batch loss is :0.0294
2025-06-24 17:49:00 - INFO - epoch:11/25 iteration:830/1377 batch loss is :0.0153
2025-06-24 17:49:07 - INFO - epoch:11/25 iteration:835/1377 batch loss is :0.0445
2025-06-24 17:49:13 - INFO - epoch:11/25 iteration:840/1377 batch loss is :0.0250
2025-06-24 17:49:19 - INFO - epoch:11/25 iteration:845/1377 batch loss is :0.0507
2025-06-24 17:49:26 - INFO - epoch:11/25 iteration:850/1377 batch loss is :0.0106
2025-06-24 17:49:32 - INFO - epoch:11/25 iteration:855/1377 batch loss is :0.0246
2025-06-24 17:49:39 - INFO - epoch:11/25 iteration:860/1377 batch loss is :0.0397
2025-06-24 17:49:45 - INFO - epoch:11/25 iteration:865/1377 batch loss is :0.0113
2025-06-24 17:49:51 - INFO - epoch:11/25 iteration:870/1377 batch loss is :0.0275
2025-06-24 17:49:58 - INFO - epoch:11/25 iteration:875/1377 batch loss is :0.0204
2025-06-24 17:50:04 - INFO - epoch:11/25 iteration:880/1377 batch loss is :0.0412
2025-06-24 17:50:10 - INFO - epoch:11/25 iteration:885/1377 batch loss is :0.0178
2025-06-24 17:50:17 - INFO - epoch:11/25 iteration:890/1377 batch loss is :0.0189
2025-06-24 17:50:23 - INFO - epoch:11/25 iteration:895/1377 batch loss is :0.0413
2025-06-24 17:50:30 - INFO - epoch:11/25 iteration:900/1377 batch loss is :0.0394
2025-06-24 17:50:36 - INFO - epoch:11/25 iteration:905/1377 batch loss is :0.0272
2025-06-24 17:50:42 - INFO - epoch:11/25 iteration:910/1377 batch loss is :0.0421
2025-06-24 17:50:49 - INFO - epoch:11/25 iteration:915/1377 batch loss is :0.0238
2025-06-24 17:50:55 - INFO - epoch:11/25 iteration:920/1377 batch loss is :0.0082
2025-06-24 17:51:02 - INFO - epoch:11/25 iteration:925/1377 batch loss is :0.0192
2025-06-24 17:51:08 - INFO - epoch:11/25 iteration:930/1377 batch loss is :0.0208
2025-06-24 17:51:15 - INFO - epoch:11/25 iteration:935/1377 batch loss is :0.0288
2025-06-24 17:51:21 - INFO - epoch:11/25 iteration:940/1377 batch loss is :0.0184
2025-06-24 17:51:27 - INFO - epoch:11/25 iteration:945/1377 batch loss is :0.0076
2025-06-24 17:51:34 - INFO - epoch:11/25 iteration:950/1377 batch loss is :0.0021
2025-06-24 17:51:40 - INFO - epoch:11/25 iteration:955/1377 batch loss is :0.0723
2025-06-24 17:51:46 - INFO - epoch:11/25 iteration:960/1377 batch loss is :0.0256
2025-06-24 17:51:53 - INFO - epoch:11/25 iteration:965/1377 batch loss is :0.0173
2025-06-24 17:51:59 - INFO - epoch:11/25 iteration:970/1377 batch loss is :0.0340
2025-06-24 17:52:06 - INFO - epoch:11/25 iteration:975/1377 batch loss is :0.0107
2025-06-24 17:52:12 - INFO - epoch:11/25 iteration:980/1377 batch loss is :0.0068
2025-06-24 17:52:18 - INFO - epoch:11/25 iteration:985/1377 batch loss is :0.0271
2025-06-24 17:52:25 - INFO - epoch:11/25 iteration:990/1377 batch loss is :0.0465
2025-06-24 17:52:31 - INFO - epoch:11/25 iteration:995/1377 batch loss is :0.0254
2025-06-24 17:52:37 - INFO - epoch:11/25 iteration:1000/1377 batch loss is :0.0087
2025-06-24 17:52:44 - INFO - epoch:11/25 iteration:1005/1377 batch loss is :0.0275
2025-06-24 17:52:50 - INFO - epoch:11/25 iteration:1010/1377 batch loss is :0.0627
2025-06-24 17:52:57 - INFO - epoch:11/25 iteration:1015/1377 batch loss is :0.1217
2025-06-24 17:53:03 - INFO - epoch:11/25 iteration:1020/1377 batch loss is :0.0447
2025-06-24 17:53:09 - INFO - epoch:11/25 iteration:1025/1377 batch loss is :0.0237
2025-06-24 17:53:16 - INFO - epoch:11/25 iteration:1030/1377 batch loss is :0.0124
2025-06-24 17:53:22 - INFO - epoch:11/25 iteration:1035/1377 batch loss is :0.0164
2025-06-24 17:53:29 - INFO - epoch:11/25 iteration:1040/1377 batch loss is :0.0238
2025-06-24 17:53:35 - INFO - epoch:11/25 iteration:1045/1377 batch loss is :0.0104
2025-06-24 17:53:41 - INFO - epoch:11/25 iteration:1050/1377 batch loss is :0.0130
2025-06-24 17:53:48 - INFO - epoch:11/25 iteration:1055/1377 batch loss is :0.0091
2025-06-24 17:53:54 - INFO - epoch:11/25 iteration:1060/1377 batch loss is :0.0511
2025-06-24 17:54:01 - INFO - epoch:11/25 iteration:1065/1377 batch loss is :0.1760
2025-06-24 17:54:07 - INFO - epoch:11/25 iteration:1070/1377 batch loss is :0.0203
2025-06-24 17:54:13 - INFO - epoch:11/25 iteration:1075/1377 batch loss is :0.0105
2025-06-24 17:54:20 - INFO - epoch:11/25 iteration:1080/1377 batch loss is :0.0438
2025-06-24 17:54:26 - INFO - epoch:11/25 iteration:1085/1377 batch loss is :0.0250
2025-06-24 17:54:33 - INFO - epoch:11/25 iteration:1090/1377 batch loss is :0.0550
2025-06-24 17:54:39 - INFO - epoch:11/25 iteration:1095/1377 batch loss is :0.0440
2025-06-24 17:54:46 - INFO - epoch:11/25 iteration:1100/1377 batch loss is :0.0774
2025-06-24 17:54:52 - INFO - epoch:11/25 iteration:1105/1377 batch loss is :0.0203
2025-06-24 17:54:58 - INFO - epoch:11/25 iteration:1110/1377 batch loss is :0.0181
2025-06-24 17:55:05 - INFO - epoch:11/25 iteration:1115/1377 batch loss is :0.0179
2025-06-24 17:55:11 - INFO - epoch:11/25 iteration:1120/1377 batch loss is :0.0034
2025-06-24 17:55:18 - INFO - epoch:11/25 iteration:1125/1377 batch loss is :0.0772
2025-06-24 17:55:24 - INFO - epoch:11/25 iteration:1130/1377 batch loss is :0.0092
2025-06-24 17:55:30 - INFO - epoch:11/25 iteration:1135/1377 batch loss is :0.0494
2025-06-24 17:55:37 - INFO - epoch:11/25 iteration:1140/1377 batch loss is :0.0140
2025-06-24 17:55:43 - INFO - epoch:11/25 iteration:1145/1377 batch loss is :0.0324
2025-06-24 17:55:50 - INFO - epoch:11/25 iteration:1150/1377 batch loss is :0.0241
2025-06-24 17:55:56 - INFO - epoch:11/25 iteration:1155/1377 batch loss is :0.0310
2025-06-24 17:56:03 - INFO - epoch:11/25 iteration:1160/1377 batch loss is :0.0099
2025-06-24 17:56:09 - INFO - epoch:11/25 iteration:1165/1377 batch loss is :0.0176
2025-06-24 17:56:15 - INFO - epoch:11/25 iteration:1170/1377 batch loss is :0.0094
2025-06-24 17:56:22 - INFO - epoch:11/25 iteration:1175/1377 batch loss is :0.0096
2025-06-24 17:56:28 - INFO - epoch:11/25 iteration:1180/1377 batch loss is :0.0506
2025-06-24 17:56:35 - INFO - epoch:11/25 iteration:1185/1377 batch loss is :0.0324
2025-06-24 17:56:41 - INFO - epoch:11/25 iteration:1190/1377 batch loss is :0.0245
2025-06-24 17:56:47 - INFO - epoch:11/25 iteration:1195/1377 batch loss is :0.0353
2025-06-24 17:56:54 - INFO - epoch:11/25 iteration:1200/1377 batch loss is :0.0344
2025-06-24 17:57:00 - INFO - epoch:11/25 iteration:1205/1377 batch loss is :0.0518
2025-06-24 17:57:07 - INFO - epoch:11/25 iteration:1210/1377 batch loss is :0.0176
2025-06-24 17:57:13 - INFO - epoch:11/25 iteration:1215/1377 batch loss is :0.0354
2025-06-24 17:57:19 - INFO - epoch:11/25 iteration:1220/1377 batch loss is :0.1639
2025-06-24 17:57:26 - INFO - epoch:11/25 iteration:1225/1377 batch loss is :0.0241
2025-06-24 17:57:32 - INFO - epoch:11/25 iteration:1230/1377 batch loss is :0.0234
2025-06-24 17:57:39 - INFO - epoch:11/25 iteration:1235/1377 batch loss is :0.0192
2025-06-24 17:57:45 - INFO - epoch:11/25 iteration:1240/1377 batch loss is :0.0353
2025-06-24 17:57:52 - INFO - epoch:11/25 iteration:1245/1377 batch loss is :0.0338
2025-06-24 17:57:58 - INFO - epoch:11/25 iteration:1250/1377 batch loss is :0.0353
2025-06-24 17:58:04 - INFO - epoch:11/25 iteration:1255/1377 batch loss is :0.0298
2025-06-24 17:58:11 - INFO - epoch:11/25 iteration:1260/1377 batch loss is :0.0735
2025-06-24 17:58:17 - INFO - epoch:11/25 iteration:1265/1377 batch loss is :0.0333
2025-06-24 17:58:24 - INFO - epoch:11/25 iteration:1270/1377 batch loss is :0.0246
2025-06-24 17:58:30 - INFO - epoch:11/25 iteration:1275/1377 batch loss is :0.0161
2025-06-24 17:58:36 - INFO - epoch:11/25 iteration:1280/1377 batch loss is :0.0396
2025-06-24 17:58:43 - INFO - epoch:11/25 iteration:1285/1377 batch loss is :0.0254
2025-06-24 17:58:49 - INFO - epoch:11/25 iteration:1290/1377 batch loss is :0.0267
2025-06-24 17:58:56 - INFO - epoch:11/25 iteration:1295/1377 batch loss is :0.0350
2025-06-24 17:59:02 - INFO - epoch:11/25 iteration:1300/1377 batch loss is :0.0127
2025-06-24 17:59:09 - INFO - epoch:11/25 iteration:1305/1377 batch loss is :0.0151
2025-06-24 17:59:15 - INFO - epoch:11/25 iteration:1310/1377 batch loss is :0.0485
2025-06-24 17:59:21 - INFO - epoch:11/25 iteration:1315/1377 batch loss is :0.0304
2025-06-24 17:59:28 - INFO - epoch:11/25 iteration:1320/1377 batch loss is :0.0814
2025-06-24 17:59:34 - INFO - epoch:11/25 iteration:1325/1377 batch loss is :0.0238
2025-06-24 17:59:41 - INFO - epoch:11/25 iteration:1330/1377 batch loss is :0.0350
2025-06-24 17:59:47 - INFO - epoch:11/25 iteration:1335/1377 batch loss is :0.0593
2025-06-24 17:59:53 - INFO - epoch:11/25 iteration:1340/1377 batch loss is :0.0127
2025-06-24 18:00:00 - INFO - epoch:11/25 iteration:1345/1377 batch loss is :0.0436
2025-06-24 18:00:06 - INFO - epoch:11/25 iteration:1350/1377 batch loss is :0.0449
2025-06-24 18:00:12 - INFO - epoch:11/25 iteration:1355/1377 batch loss is :0.0061
2025-06-24 18:00:19 - INFO - epoch:11/25 iteration:1360/1377 batch loss is :0.0146
2025-06-24 18:00:25 - INFO - epoch:11/25 iteration:1365/1377 batch loss is :0.0068
2025-06-24 18:00:31 - INFO - epoch:11/25 iteration:1370/1377 batch loss is :0.2179
2025-06-24 18:00:37 - INFO - epoch:11/25 iteration:1375/1377 batch loss is :0.0227
2025-06-24 18:00:38 - INFO - Epoch:11/25 Loss is :0.0357
2025-06-24 18:03:06 - INFO - epoch:12/25 iteration:0/1377 batch loss is :0.0102
2025-06-24 18:03:12 - INFO - epoch:12/25 iteration:5/1377 batch loss is :0.0188
2025-06-24 18:03:19 - INFO - epoch:12/25 iteration:10/1377 batch loss is :0.0224
2025-06-24 18:03:26 - INFO - epoch:12/25 iteration:15/1377 batch loss is :0.0990
2025-06-24 18:03:32 - INFO - epoch:12/25 iteration:20/1377 batch loss is :0.0180
2025-06-24 18:03:39 - INFO - epoch:12/25 iteration:25/1377 batch loss is :0.0405
2025-06-24 18:03:45 - INFO - epoch:12/25 iteration:30/1377 batch loss is :0.0415
2025-06-24 18:03:51 - INFO - epoch:12/25 iteration:35/1377 batch loss is :0.0336
2025-06-24 18:03:58 - INFO - epoch:12/25 iteration:40/1377 batch loss is :0.0622
2025-06-24 18:04:04 - INFO - epoch:12/25 iteration:45/1377 batch loss is :0.0159
2025-06-24 18:04:11 - INFO - epoch:12/25 iteration:50/1377 batch loss is :0.0450
2025-06-24 18:04:17 - INFO - epoch:12/25 iteration:55/1377 batch loss is :0.0380
2025-06-24 18:04:24 - INFO - epoch:12/25 iteration:60/1377 batch loss is :0.0555
2025-06-24 18:04:30 - INFO - epoch:12/25 iteration:65/1377 batch loss is :0.0290
2025-06-24 18:04:36 - INFO - epoch:12/25 iteration:70/1377 batch loss is :0.0200
2025-06-24 18:04:43 - INFO - epoch:12/25 iteration:75/1377 batch loss is :0.0292
2025-06-24 18:04:49 - INFO - epoch:12/25 iteration:80/1377 batch loss is :0.0285
2025-06-24 18:04:56 - INFO - epoch:12/25 iteration:85/1377 batch loss is :0.0413
2025-06-24 18:05:02 - INFO - epoch:12/25 iteration:90/1377 batch loss is :0.0136
2025-06-24 18:05:09 - INFO - epoch:12/25 iteration:95/1377 batch loss is :0.0118
2025-06-24 18:05:15 - INFO - epoch:12/25 iteration:100/1377 batch loss is :0.0529
2025-06-24 18:05:21 - INFO - epoch:12/25 iteration:105/1377 batch loss is :0.0355
2025-06-24 18:05:28 - INFO - epoch:12/25 iteration:110/1377 batch loss is :0.1045
2025-06-24 18:05:34 - INFO - epoch:12/25 iteration:115/1377 batch loss is :0.0104
2025-06-24 18:05:40 - INFO - epoch:12/25 iteration:120/1377 batch loss is :0.0100
2025-06-24 18:05:47 - INFO - epoch:12/25 iteration:125/1377 batch loss is :0.0124
2025-06-24 18:05:53 - INFO - epoch:12/25 iteration:130/1377 batch loss is :0.0467
2025-06-24 18:06:00 - INFO - epoch:12/25 iteration:135/1377 batch loss is :0.0137
2025-06-24 18:06:06 - INFO - epoch:12/25 iteration:140/1377 batch loss is :0.0356
2025-06-24 18:06:12 - INFO - epoch:12/25 iteration:145/1377 batch loss is :0.0278
2025-06-24 18:06:19 - INFO - epoch:12/25 iteration:150/1377 batch loss is :0.0340
2025-06-24 18:06:25 - INFO - epoch:12/25 iteration:155/1377 batch loss is :0.0161
2025-06-24 18:06:32 - INFO - epoch:12/25 iteration:160/1377 batch loss is :0.0134
2025-06-24 18:06:38 - INFO - epoch:12/25 iteration:165/1377 batch loss is :0.0166
2025-06-24 18:06:45 - INFO - epoch:12/25 iteration:170/1377 batch loss is :0.0195
2025-06-24 18:06:51 - INFO - epoch:12/25 iteration:175/1377 batch loss is :0.0295
2025-06-24 18:06:57 - INFO - epoch:12/25 iteration:180/1377 batch loss is :0.0251
2025-06-24 18:07:04 - INFO - epoch:12/25 iteration:185/1377 batch loss is :0.0584
2025-06-24 18:07:10 - INFO - epoch:12/25 iteration:190/1377 batch loss is :0.0262
2025-06-24 18:07:16 - INFO - epoch:12/25 iteration:195/1377 batch loss is :0.0287
2025-06-24 18:07:23 - INFO - epoch:12/25 iteration:200/1377 batch loss is :0.0187
2025-06-24 18:07:29 - INFO - epoch:12/25 iteration:205/1377 batch loss is :0.0222
2025-06-24 18:07:36 - INFO - epoch:12/25 iteration:210/1377 batch loss is :0.1024
2025-06-24 18:07:42 - INFO - epoch:12/25 iteration:215/1377 batch loss is :0.0170
2025-06-24 18:07:48 - INFO - epoch:12/25 iteration:220/1377 batch loss is :0.0084
2025-06-24 18:07:55 - INFO - epoch:12/25 iteration:225/1377 batch loss is :0.0515
2025-06-24 18:08:01 - INFO - epoch:12/25 iteration:230/1377 batch loss is :0.0127
2025-06-24 18:08:07 - INFO - epoch:12/25 iteration:235/1377 batch loss is :0.0068
2025-06-24 18:08:14 - INFO - epoch:12/25 iteration:240/1377 batch loss is :0.0345
2025-06-24 18:08:20 - INFO - epoch:12/25 iteration:245/1377 batch loss is :0.0541
2025-06-24 18:08:26 - INFO - epoch:12/25 iteration:250/1377 batch loss is :0.0171
2025-06-24 18:08:33 - INFO - epoch:12/25 iteration:255/1377 batch loss is :0.0323
2025-06-24 18:08:39 - INFO - epoch:12/25 iteration:260/1377 batch loss is :0.0231
2025-06-24 18:08:46 - INFO - epoch:12/25 iteration:265/1377 batch loss is :0.0807
2025-06-24 18:08:52 - INFO - epoch:12/25 iteration:270/1377 batch loss is :0.0505
2025-06-24 18:08:58 - INFO - epoch:12/25 iteration:275/1377 batch loss is :0.0294
2025-06-24 18:09:05 - INFO - epoch:12/25 iteration:280/1377 batch loss is :0.0703
2025-06-24 18:09:11 - INFO - epoch:12/25 iteration:285/1377 batch loss is :0.0097
2025-06-24 18:09:17 - INFO - epoch:12/25 iteration:290/1377 batch loss is :0.0130
2025-06-24 18:09:24 - INFO - epoch:12/25 iteration:295/1377 batch loss is :0.0198
2025-06-24 18:09:30 - INFO - epoch:12/25 iteration:300/1377 batch loss is :0.0350
2025-06-24 18:09:37 - INFO - epoch:12/25 iteration:305/1377 batch loss is :0.0188
2025-06-24 18:09:43 - INFO - epoch:12/25 iteration:310/1377 batch loss is :0.0370
2025-06-24 18:09:49 - INFO - epoch:12/25 iteration:315/1377 batch loss is :0.0075
2025-06-24 18:09:56 - INFO - epoch:12/25 iteration:320/1377 batch loss is :0.0604
2025-06-24 18:10:02 - INFO - epoch:12/25 iteration:325/1377 batch loss is :0.0126
2025-06-24 18:10:09 - INFO - epoch:12/25 iteration:330/1377 batch loss is :0.0221
2025-06-24 18:10:15 - INFO - epoch:12/25 iteration:335/1377 batch loss is :0.0410
2025-06-24 18:10:21 - INFO - epoch:12/25 iteration:340/1377 batch loss is :0.0387
2025-06-24 18:10:28 - INFO - epoch:12/25 iteration:345/1377 batch loss is :0.0530
2025-06-24 18:10:34 - INFO - epoch:12/25 iteration:350/1377 batch loss is :0.0422
2025-06-24 18:10:40 - INFO - epoch:12/25 iteration:355/1377 batch loss is :0.0126
2025-06-24 18:10:47 - INFO - epoch:12/25 iteration:360/1377 batch loss is :0.0708
2025-06-24 18:10:53 - INFO - epoch:12/25 iteration:365/1377 batch loss is :0.0335
2025-06-24 18:11:00 - INFO - epoch:12/25 iteration:370/1377 batch loss is :0.0883
2025-06-24 18:11:06 - INFO - epoch:12/25 iteration:375/1377 batch loss is :0.0203
2025-06-24 18:11:12 - INFO - epoch:12/25 iteration:380/1377 batch loss is :0.0369
2025-06-24 18:11:19 - INFO - epoch:12/25 iteration:385/1377 batch loss is :0.0474
2025-06-24 18:11:25 - INFO - epoch:12/25 iteration:390/1377 batch loss is :0.0333
2025-06-24 18:11:31 - INFO - epoch:12/25 iteration:395/1377 batch loss is :0.0212
2025-06-24 18:11:38 - INFO - epoch:12/25 iteration:400/1377 batch loss is :0.1481
2025-06-24 18:11:44 - INFO - epoch:12/25 iteration:405/1377 batch loss is :0.0129
2025-06-24 18:11:51 - INFO - epoch:12/25 iteration:410/1377 batch loss is :0.0249
2025-06-24 18:11:57 - INFO - epoch:12/25 iteration:415/1377 batch loss is :0.0445
2025-06-24 18:12:03 - INFO - epoch:12/25 iteration:420/1377 batch loss is :0.0504
2025-06-24 18:12:10 - INFO - epoch:12/25 iteration:425/1377 batch loss is :0.0161
2025-06-24 18:12:16 - INFO - epoch:12/25 iteration:430/1377 batch loss is :0.0157
2025-06-24 18:12:22 - INFO - epoch:12/25 iteration:435/1377 batch loss is :0.0115
2025-06-24 18:12:29 - INFO - epoch:12/25 iteration:440/1377 batch loss is :0.0460
2025-06-24 18:12:35 - INFO - epoch:12/25 iteration:445/1377 batch loss is :0.0464
2025-06-24 18:12:41 - INFO - epoch:12/25 iteration:450/1377 batch loss is :0.0369
2025-06-24 18:12:48 - INFO - epoch:12/25 iteration:455/1377 batch loss is :0.0112
2025-06-24 18:12:54 - INFO - epoch:12/25 iteration:460/1377 batch loss is :0.0262
2025-06-24 18:13:00 - INFO - epoch:12/25 iteration:465/1377 batch loss is :0.0207
2025-06-24 18:13:07 - INFO - epoch:12/25 iteration:470/1377 batch loss is :0.0017
2025-06-24 18:13:13 - INFO - epoch:12/25 iteration:475/1377 batch loss is :0.0226
2025-06-24 18:13:20 - INFO - epoch:12/25 iteration:480/1377 batch loss is :0.0253
2025-06-24 18:13:26 - INFO - epoch:12/25 iteration:485/1377 batch loss is :0.0330
2025-06-24 18:13:32 - INFO - epoch:12/25 iteration:490/1377 batch loss is :0.0034
2025-06-24 18:13:39 - INFO - epoch:12/25 iteration:495/1377 batch loss is :0.0172
2025-06-24 18:13:45 - INFO - epoch:12/25 iteration:500/1377 batch loss is :0.0222
2025-06-24 18:13:51 - INFO - epoch:12/25 iteration:505/1377 batch loss is :0.0338
2025-06-24 18:13:58 - INFO - epoch:12/25 iteration:510/1377 batch loss is :0.0282
2025-06-24 18:14:04 - INFO - epoch:12/25 iteration:515/1377 batch loss is :0.0397
2025-06-24 18:14:11 - INFO - epoch:12/25 iteration:520/1377 batch loss is :0.0274
2025-06-24 18:14:17 - INFO - epoch:12/25 iteration:525/1377 batch loss is :0.0933
2025-06-24 18:14:23 - INFO - epoch:12/25 iteration:530/1377 batch loss is :0.0133
2025-06-24 18:14:30 - INFO - epoch:12/25 iteration:535/1377 batch loss is :0.0221
2025-06-24 18:14:36 - INFO - epoch:12/25 iteration:540/1377 batch loss is :0.0333
2025-06-24 18:14:43 - INFO - epoch:12/25 iteration:545/1377 batch loss is :0.0161
2025-06-24 18:14:49 - INFO - epoch:12/25 iteration:550/1377 batch loss is :0.0394
2025-06-24 18:14:56 - INFO - epoch:12/25 iteration:555/1377 batch loss is :0.0135
2025-06-24 18:15:02 - INFO - epoch:12/25 iteration:560/1377 batch loss is :0.0207
2025-06-24 18:15:08 - INFO - epoch:12/25 iteration:565/1377 batch loss is :0.0181
2025-06-24 18:15:15 - INFO - epoch:12/25 iteration:570/1377 batch loss is :0.0104
2025-06-24 18:15:21 - INFO - epoch:12/25 iteration:575/1377 batch loss is :0.0156
2025-06-24 18:15:28 - INFO - epoch:12/25 iteration:580/1377 batch loss is :0.0610
2025-06-24 18:15:34 - INFO - epoch:12/25 iteration:585/1377 batch loss is :0.0256
2025-06-24 18:15:41 - INFO - epoch:12/25 iteration:590/1377 batch loss is :0.0175
2025-06-24 18:15:47 - INFO - epoch:12/25 iteration:595/1377 batch loss is :0.0116
2025-06-24 18:15:53 - INFO - epoch:12/25 iteration:600/1377 batch loss is :0.0280
2025-06-24 18:16:00 - INFO - epoch:12/25 iteration:605/1377 batch loss is :0.0394
2025-06-24 18:16:06 - INFO - epoch:12/25 iteration:610/1377 batch loss is :0.0093
2025-06-24 18:16:12 - INFO - epoch:12/25 iteration:615/1377 batch loss is :0.0128
2025-06-24 18:16:19 - INFO - epoch:12/25 iteration:620/1377 batch loss is :0.0120
2025-06-24 18:16:25 - INFO - epoch:12/25 iteration:625/1377 batch loss is :0.0462
2025-06-24 18:16:31 - INFO - epoch:12/25 iteration:630/1377 batch loss is :0.0478
2025-06-24 18:16:38 - INFO - epoch:12/25 iteration:635/1377 batch loss is :0.0235
2025-06-24 18:16:44 - INFO - epoch:12/25 iteration:640/1377 batch loss is :0.0263
2025-06-24 18:16:51 - INFO - epoch:12/25 iteration:645/1377 batch loss is :0.0318
2025-06-24 18:16:57 - INFO - epoch:12/25 iteration:650/1377 batch loss is :0.0652
2025-06-24 18:17:04 - INFO - epoch:12/25 iteration:655/1377 batch loss is :0.0113
2025-06-24 18:17:10 - INFO - epoch:12/25 iteration:660/1377 batch loss is :0.0407
2025-06-24 18:17:16 - INFO - epoch:12/25 iteration:665/1377 batch loss is :0.0193
2025-06-24 18:17:23 - INFO - epoch:12/25 iteration:670/1377 batch loss is :0.0033
2025-06-24 18:17:29 - INFO - epoch:12/25 iteration:675/1377 batch loss is :0.0387
2025-06-24 18:17:36 - INFO - epoch:12/25 iteration:680/1377 batch loss is :0.0094
2025-06-24 18:17:42 - INFO - epoch:12/25 iteration:685/1377 batch loss is :0.0154
2025-06-24 18:17:48 - INFO - epoch:12/25 iteration:690/1377 batch loss is :0.0153
2025-06-24 18:17:55 - INFO - epoch:12/25 iteration:695/1377 batch loss is :0.0237
2025-06-24 18:18:01 - INFO - epoch:12/25 iteration:700/1377 batch loss is :0.0149
2025-06-24 18:18:08 - INFO - epoch:12/25 iteration:705/1377 batch loss is :0.0184
2025-06-24 18:18:14 - INFO - epoch:12/25 iteration:710/1377 batch loss is :0.0694
2025-06-24 18:18:20 - INFO - epoch:12/25 iteration:715/1377 batch loss is :0.0845
2025-06-24 18:18:27 - INFO - epoch:12/25 iteration:720/1377 batch loss is :0.0274
2025-06-24 18:18:33 - INFO - epoch:12/25 iteration:725/1377 batch loss is :0.0327
2025-06-24 18:18:40 - INFO - epoch:12/25 iteration:730/1377 batch loss is :0.0411
2025-06-24 18:18:46 - INFO - epoch:12/25 iteration:735/1377 batch loss is :0.0404
2025-06-24 18:18:53 - INFO - epoch:12/25 iteration:740/1377 batch loss is :0.0106
2025-06-24 18:18:59 - INFO - epoch:12/25 iteration:745/1377 batch loss is :0.0166
2025-06-24 18:19:05 - INFO - epoch:12/25 iteration:750/1377 batch loss is :0.0303
2025-06-24 18:19:12 - INFO - epoch:12/25 iteration:755/1377 batch loss is :0.0184
2025-06-24 18:19:18 - INFO - epoch:12/25 iteration:760/1377 batch loss is :0.0117
2025-06-24 18:19:25 - INFO - epoch:12/25 iteration:765/1377 batch loss is :0.0294
2025-06-24 18:19:31 - INFO - epoch:12/25 iteration:770/1377 batch loss is :0.0271
2025-06-24 18:19:37 - INFO - epoch:12/25 iteration:775/1377 batch loss is :0.0369
2025-06-24 18:19:44 - INFO - epoch:12/25 iteration:780/1377 batch loss is :0.0165
2025-06-24 18:19:50 - INFO - epoch:12/25 iteration:785/1377 batch loss is :0.0283
2025-06-24 18:19:57 - INFO - epoch:12/25 iteration:790/1377 batch loss is :0.0349
2025-06-24 18:20:03 - INFO - epoch:12/25 iteration:795/1377 batch loss is :0.0250
2025-06-24 18:20:10 - INFO - epoch:12/25 iteration:800/1377 batch loss is :0.0343
2025-06-24 18:20:16 - INFO - epoch:12/25 iteration:805/1377 batch loss is :0.0313
2025-06-24 18:20:22 - INFO - epoch:12/25 iteration:810/1377 batch loss is :0.0179
2025-06-24 18:20:29 - INFO - epoch:12/25 iteration:815/1377 batch loss is :0.0248
2025-06-24 18:20:35 - INFO - epoch:12/25 iteration:820/1377 batch loss is :0.0086
2025-06-24 18:20:42 - INFO - epoch:12/25 iteration:825/1377 batch loss is :0.0094
2025-06-24 18:20:48 - INFO - epoch:12/25 iteration:830/1377 batch loss is :0.0117
2025-06-24 18:20:54 - INFO - epoch:12/25 iteration:835/1377 batch loss is :0.0375
2025-06-24 18:21:01 - INFO - epoch:12/25 iteration:840/1377 batch loss is :0.0255
2025-06-24 18:21:07 - INFO - epoch:12/25 iteration:845/1377 batch loss is :0.0175
2025-06-24 18:21:14 - INFO - epoch:12/25 iteration:850/1377 batch loss is :0.0191
2025-06-24 18:21:20 - INFO - epoch:12/25 iteration:855/1377 batch loss is :0.0132
2025-06-24 18:21:26 - INFO - epoch:12/25 iteration:860/1377 batch loss is :0.0106
2025-06-24 18:21:33 - INFO - epoch:12/25 iteration:865/1377 batch loss is :0.0231
2025-06-24 18:21:39 - INFO - epoch:12/25 iteration:870/1377 batch loss is :0.0273
2025-06-24 18:21:46 - INFO - epoch:12/25 iteration:875/1377 batch loss is :0.0045
2025-06-24 18:21:52 - INFO - epoch:12/25 iteration:880/1377 batch loss is :0.0075
2025-06-24 18:21:59 - INFO - epoch:12/25 iteration:885/1377 batch loss is :0.0888
2025-06-24 18:22:05 - INFO - epoch:12/25 iteration:890/1377 batch loss is :0.0253
2025-06-24 18:22:12 - INFO - epoch:12/25 iteration:895/1377 batch loss is :0.0267
2025-06-24 18:22:18 - INFO - epoch:12/25 iteration:900/1377 batch loss is :0.0422
2025-06-24 18:22:24 - INFO - epoch:12/25 iteration:905/1377 batch loss is :0.0302
2025-06-24 18:22:31 - INFO - epoch:12/25 iteration:910/1377 batch loss is :0.0065
2025-06-24 18:22:37 - INFO - epoch:12/25 iteration:915/1377 batch loss is :0.0064
2025-06-24 18:22:44 - INFO - epoch:12/25 iteration:920/1377 batch loss is :0.0205
2025-06-24 18:22:50 - INFO - epoch:12/25 iteration:925/1377 batch loss is :0.0195
2025-06-24 18:22:56 - INFO - epoch:12/25 iteration:930/1377 batch loss is :0.0082
2025-06-24 18:23:03 - INFO - epoch:12/25 iteration:935/1377 batch loss is :0.0202
2025-06-24 18:23:09 - INFO - epoch:12/25 iteration:940/1377 batch loss is :0.0445
2025-06-24 18:23:16 - INFO - epoch:12/25 iteration:945/1377 batch loss is :0.0157
2025-06-24 18:23:22 - INFO - epoch:12/25 iteration:950/1377 batch loss is :0.0605
2025-06-24 18:23:28 - INFO - epoch:12/25 iteration:955/1377 batch loss is :0.0037
2025-06-24 18:23:35 - INFO - epoch:12/25 iteration:960/1377 batch loss is :0.0233
2025-06-24 18:23:41 - INFO - epoch:12/25 iteration:965/1377 batch loss is :0.0224
2025-06-24 18:23:48 - INFO - epoch:12/25 iteration:970/1377 batch loss is :0.0659
2025-06-24 18:23:54 - INFO - epoch:12/25 iteration:975/1377 batch loss is :0.0131
2025-06-24 18:24:01 - INFO - epoch:12/25 iteration:980/1377 batch loss is :0.0746
2025-06-24 18:24:07 - INFO - epoch:12/25 iteration:985/1377 batch loss is :0.0269
2025-06-24 18:24:14 - INFO - epoch:12/25 iteration:990/1377 batch loss is :0.0118
2025-06-24 18:24:20 - INFO - epoch:12/25 iteration:995/1377 batch loss is :0.0268
2025-06-24 18:24:26 - INFO - epoch:12/25 iteration:1000/1377 batch loss is :0.0420
2025-06-24 18:24:33 - INFO - epoch:12/25 iteration:1005/1377 batch loss is :0.0191
2025-06-24 18:24:39 - INFO - epoch:12/25 iteration:1010/1377 batch loss is :0.0637
2025-06-24 18:24:46 - INFO - epoch:12/25 iteration:1015/1377 batch loss is :0.0218
2025-06-24 18:24:52 - INFO - epoch:12/25 iteration:1020/1377 batch loss is :0.0193
2025-06-24 18:24:58 - INFO - epoch:12/25 iteration:1025/1377 batch loss is :0.0097
2025-06-24 18:25:05 - INFO - epoch:12/25 iteration:1030/1377 batch loss is :0.0194
2025-06-24 18:25:11 - INFO - epoch:12/25 iteration:1035/1377 batch loss is :0.0344
2025-06-24 18:25:18 - INFO - epoch:12/25 iteration:1040/1377 batch loss is :0.0290
2025-06-24 18:25:24 - INFO - epoch:12/25 iteration:1045/1377 batch loss is :0.0088
2025-06-24 18:25:31 - INFO - epoch:12/25 iteration:1050/1377 batch loss is :0.0292
2025-06-24 18:25:37 - INFO - epoch:12/25 iteration:1055/1377 batch loss is :0.0113
2025-06-24 18:25:43 - INFO - epoch:12/25 iteration:1060/1377 batch loss is :0.0117
2025-06-24 18:25:50 - INFO - epoch:12/25 iteration:1065/1377 batch loss is :0.0354
2025-06-24 18:25:56 - INFO - epoch:12/25 iteration:1070/1377 batch loss is :0.0066
2025-06-24 18:26:03 - INFO - epoch:12/25 iteration:1075/1377 batch loss is :0.0452
2025-06-24 18:26:09 - INFO - epoch:12/25 iteration:1080/1377 batch loss is :0.0434
2025-06-24 18:26:16 - INFO - epoch:12/25 iteration:1085/1377 batch loss is :0.0144
2025-06-24 18:26:22 - INFO - epoch:12/25 iteration:1090/1377 batch loss is :0.0190
2025-06-24 18:26:28 - INFO - epoch:12/25 iteration:1095/1377 batch loss is :0.0181
2025-06-24 18:26:35 - INFO - epoch:12/25 iteration:1100/1377 batch loss is :0.0058
2025-06-24 18:26:41 - INFO - epoch:12/25 iteration:1105/1377 batch loss is :0.0080
2025-06-24 18:26:47 - INFO - epoch:12/25 iteration:1110/1377 batch loss is :0.0199
2025-06-24 18:26:54 - INFO - epoch:12/25 iteration:1115/1377 batch loss is :0.0783
2025-06-24 18:27:00 - INFO - epoch:12/25 iteration:1120/1377 batch loss is :0.0105
2025-06-24 18:27:07 - INFO - epoch:12/25 iteration:1125/1377 batch loss is :0.0563
2025-06-24 18:27:13 - INFO - epoch:12/25 iteration:1130/1377 batch loss is :0.0104
2025-06-24 18:27:20 - INFO - epoch:12/25 iteration:1135/1377 batch loss is :0.0280
2025-06-24 18:27:26 - INFO - epoch:12/25 iteration:1140/1377 batch loss is :0.0129
2025-06-24 18:27:32 - INFO - epoch:12/25 iteration:1145/1377 batch loss is :0.0284
2025-06-24 18:27:39 - INFO - epoch:12/25 iteration:1150/1377 batch loss is :0.0190
2025-06-24 18:27:45 - INFO - epoch:12/25 iteration:1155/1377 batch loss is :0.0185
2025-06-24 18:27:52 - INFO - epoch:12/25 iteration:1160/1377 batch loss is :0.0128
2025-06-24 18:27:58 - INFO - epoch:12/25 iteration:1165/1377 batch loss is :0.0354
2025-06-24 18:28:04 - INFO - epoch:12/25 iteration:1170/1377 batch loss is :0.0346
2025-06-24 18:28:11 - INFO - epoch:12/25 iteration:1175/1377 batch loss is :0.0607
2025-06-24 18:28:17 - INFO - epoch:12/25 iteration:1180/1377 batch loss is :0.0132
2025-06-24 18:28:24 - INFO - epoch:12/25 iteration:1185/1377 batch loss is :0.0219
2025-06-24 18:28:30 - INFO - epoch:12/25 iteration:1190/1377 batch loss is :0.0104
2025-06-24 18:28:36 - INFO - epoch:12/25 iteration:1195/1377 batch loss is :0.0602
2025-06-24 18:28:43 - INFO - epoch:12/25 iteration:1200/1377 batch loss is :0.0224
2025-06-24 18:28:49 - INFO - epoch:12/25 iteration:1205/1377 batch loss is :0.0681
2025-06-24 18:28:56 - INFO - epoch:12/25 iteration:1210/1377 batch loss is :0.0279
2025-06-24 18:29:02 - INFO - epoch:12/25 iteration:1215/1377 batch loss is :0.0248
2025-06-24 18:29:09 - INFO - epoch:12/25 iteration:1220/1377 batch loss is :0.0189
2025-06-24 18:29:15 - INFO - epoch:12/25 iteration:1225/1377 batch loss is :0.0068
2025-06-24 18:29:21 - INFO - epoch:12/25 iteration:1230/1377 batch loss is :0.0558
2025-06-24 18:29:28 - INFO - epoch:12/25 iteration:1235/1377 batch loss is :0.0277
2025-06-24 18:29:34 - INFO - epoch:12/25 iteration:1240/1377 batch loss is :0.0231
2025-06-24 18:29:41 - INFO - epoch:12/25 iteration:1245/1377 batch loss is :0.0416
2025-06-24 18:29:47 - INFO - epoch:12/25 iteration:1250/1377 batch loss is :0.0480
2025-06-24 18:29:54 - INFO - epoch:12/25 iteration:1255/1377 batch loss is :0.1026
2025-06-24 18:30:00 - INFO - epoch:12/25 iteration:1260/1377 batch loss is :0.0241
2025-06-24 18:30:06 - INFO - epoch:12/25 iteration:1265/1377 batch loss is :0.0887
2025-06-24 18:30:13 - INFO - epoch:12/25 iteration:1270/1377 batch loss is :0.0261
2025-06-24 18:30:19 - INFO - epoch:12/25 iteration:1275/1377 batch loss is :0.0474
2025-06-24 18:30:26 - INFO - epoch:12/25 iteration:1280/1377 batch loss is :0.0221
2025-06-24 18:30:32 - INFO - epoch:12/25 iteration:1285/1377 batch loss is :0.0081
2025-06-24 18:30:39 - INFO - epoch:12/25 iteration:1290/1377 batch loss is :0.0239
2025-06-24 18:30:45 - INFO - epoch:12/25 iteration:1295/1377 batch loss is :0.0467
2025-06-24 18:30:51 - INFO - epoch:12/25 iteration:1300/1377 batch loss is :0.0293
2025-06-24 18:30:58 - INFO - epoch:12/25 iteration:1305/1377 batch loss is :0.0310
2025-06-24 18:31:04 - INFO - epoch:12/25 iteration:1310/1377 batch loss is :0.0338
2025-06-24 18:31:11 - INFO - epoch:12/25 iteration:1315/1377 batch loss is :0.0118
2025-06-24 18:31:17 - INFO - epoch:12/25 iteration:1320/1377 batch loss is :0.0188
2025-06-24 18:31:24 - INFO - epoch:12/25 iteration:1325/1377 batch loss is :0.0355
2025-06-24 18:31:30 - INFO - epoch:12/25 iteration:1330/1377 batch loss is :0.0073
2025-06-24 18:31:36 - INFO - epoch:12/25 iteration:1335/1377 batch loss is :0.0416
2025-06-24 18:31:43 - INFO - epoch:12/25 iteration:1340/1377 batch loss is :0.0445
2025-06-24 18:31:49 - INFO - epoch:12/25 iteration:1345/1377 batch loss is :0.1053
2025-06-24 18:31:56 - INFO - epoch:12/25 iteration:1350/1377 batch loss is :0.0184
2025-06-24 18:32:02 - INFO - epoch:12/25 iteration:1355/1377 batch loss is :0.0287
2025-06-24 18:32:08 - INFO - epoch:12/25 iteration:1360/1377 batch loss is :0.0316
2025-06-24 18:32:14 - INFO - epoch:12/25 iteration:1365/1377 batch loss is :0.0382
2025-06-24 18:32:21 - INFO - epoch:12/25 iteration:1370/1377 batch loss is :0.0287
2025-06-24 18:32:27 - INFO - epoch:12/25 iteration:1375/1377 batch loss is :0.0167
2025-06-24 18:32:28 - INFO - Epoch:12/25 Loss is :0.0331
2025-06-24 18:34:55 - INFO - epoch:13/25 iteration:0/1377 batch loss is :0.0175
2025-06-24 18:35:02 - INFO - epoch:13/25 iteration:5/1377 batch loss is :0.0170
2025-06-24 18:35:09 - INFO - epoch:13/25 iteration:10/1377 batch loss is :0.0544
2025-06-24 18:35:15 - INFO - epoch:13/25 iteration:15/1377 batch loss is :0.0364
2025-06-24 18:35:22 - INFO - epoch:13/25 iteration:20/1377 batch loss is :0.0164
2025-06-24 18:35:28 - INFO - epoch:13/25 iteration:25/1377 batch loss is :0.1582
2025-06-24 18:35:34 - INFO - epoch:13/25 iteration:30/1377 batch loss is :0.0311
2025-06-24 18:35:41 - INFO - epoch:13/25 iteration:35/1377 batch loss is :0.0274
2025-06-24 18:35:47 - INFO - epoch:13/25 iteration:40/1377 batch loss is :0.0162
2025-06-24 18:35:54 - INFO - epoch:13/25 iteration:45/1377 batch loss is :0.0398
2025-06-24 18:36:00 - INFO - epoch:13/25 iteration:50/1377 batch loss is :0.0201
2025-06-24 18:36:06 - INFO - epoch:13/25 iteration:55/1377 batch loss is :0.0265
2025-06-24 18:36:13 - INFO - epoch:13/25 iteration:60/1377 batch loss is :0.0319
2025-06-24 18:36:19 - INFO - epoch:13/25 iteration:65/1377 batch loss is :0.0293
2025-06-24 18:36:26 - INFO - epoch:13/25 iteration:70/1377 batch loss is :0.0304
2025-06-24 18:36:32 - INFO - epoch:13/25 iteration:75/1377 batch loss is :0.0129
2025-06-24 18:36:38 - INFO - epoch:13/25 iteration:80/1377 batch loss is :0.0116
2025-06-24 18:36:45 - INFO - epoch:13/25 iteration:85/1377 batch loss is :0.0629
2025-06-24 18:36:51 - INFO - epoch:13/25 iteration:90/1377 batch loss is :0.0311
2025-06-24 18:36:57 - INFO - epoch:13/25 iteration:95/1377 batch loss is :0.0317
2025-06-24 18:37:04 - INFO - epoch:13/25 iteration:100/1377 batch loss is :0.0380
2025-06-24 18:37:10 - INFO - epoch:13/25 iteration:105/1377 batch loss is :0.0047
2025-06-24 18:37:17 - INFO - epoch:13/25 iteration:110/1377 batch loss is :0.1515
2025-06-24 18:37:23 - INFO - epoch:13/25 iteration:115/1377 batch loss is :0.0386
2025-06-24 18:37:30 - INFO - epoch:13/25 iteration:120/1377 batch loss is :0.0623
2025-06-24 18:37:36 - INFO - epoch:13/25 iteration:125/1377 batch loss is :0.0255
2025-06-24 18:37:42 - INFO - epoch:13/25 iteration:130/1377 batch loss is :0.0043
2025-06-24 18:37:49 - INFO - epoch:13/25 iteration:135/1377 batch loss is :0.0613
2025-06-24 18:37:55 - INFO - epoch:13/25 iteration:140/1377 batch loss is :0.0579
2025-06-24 18:38:02 - INFO - epoch:13/25 iteration:145/1377 batch loss is :0.0347
2025-06-24 18:38:08 - INFO - epoch:13/25 iteration:150/1377 batch loss is :0.0337
2025-06-24 18:38:14 - INFO - epoch:13/25 iteration:155/1377 batch loss is :0.0094
2025-06-24 18:38:21 - INFO - epoch:13/25 iteration:160/1377 batch loss is :0.0447
2025-06-24 18:38:27 - INFO - epoch:13/25 iteration:165/1377 batch loss is :0.0527
2025-06-24 18:38:34 - INFO - epoch:13/25 iteration:170/1377 batch loss is :0.0646
2025-06-24 18:38:40 - INFO - epoch:13/25 iteration:175/1377 batch loss is :0.0360
2025-06-24 18:38:46 - INFO - epoch:13/25 iteration:180/1377 batch loss is :0.1122
2025-06-24 18:38:53 - INFO - epoch:13/25 iteration:185/1377 batch loss is :0.0169
2025-06-24 18:38:59 - INFO - epoch:13/25 iteration:190/1377 batch loss is :0.0254
2025-06-24 18:39:06 - INFO - epoch:13/25 iteration:195/1377 batch loss is :0.0046
2025-06-24 18:39:12 - INFO - epoch:13/25 iteration:200/1377 batch loss is :0.0236
2025-06-24 18:39:18 - INFO - epoch:13/25 iteration:205/1377 batch loss is :0.0804
2025-06-24 18:39:25 - INFO - epoch:13/25 iteration:210/1377 batch loss is :0.0294
2025-06-24 18:39:31 - INFO - epoch:13/25 iteration:215/1377 batch loss is :0.0095
2025-06-24 18:39:37 - INFO - epoch:13/25 iteration:220/1377 batch loss is :0.0673
2025-06-24 18:39:44 - INFO - epoch:13/25 iteration:225/1377 batch loss is :0.0119
2025-06-24 18:39:50 - INFO - epoch:13/25 iteration:230/1377 batch loss is :0.0673
2025-06-24 18:39:57 - INFO - epoch:13/25 iteration:235/1377 batch loss is :0.0277
2025-06-24 18:40:03 - INFO - epoch:13/25 iteration:240/1377 batch loss is :0.0266
2025-06-24 18:40:09 - INFO - epoch:13/25 iteration:245/1377 batch loss is :0.0117
2025-06-24 18:40:16 - INFO - epoch:13/25 iteration:250/1377 batch loss is :0.0529
2025-06-24 18:40:22 - INFO - epoch:13/25 iteration:255/1377 batch loss is :0.0501
2025-06-24 18:40:29 - INFO - epoch:13/25 iteration:260/1377 batch loss is :0.0228
2025-06-24 18:40:35 - INFO - epoch:13/25 iteration:265/1377 batch loss is :0.0085
2025-06-24 18:40:41 - INFO - epoch:13/25 iteration:270/1377 batch loss is :0.0107
2025-06-24 18:40:48 - INFO - epoch:13/25 iteration:275/1377 batch loss is :0.0182
2025-06-24 18:40:54 - INFO - epoch:13/25 iteration:280/1377 batch loss is :0.0155
2025-06-24 18:41:01 - INFO - epoch:13/25 iteration:285/1377 batch loss is :0.0356
2025-06-24 18:41:07 - INFO - epoch:13/25 iteration:290/1377 batch loss is :0.0409
2025-06-24 18:41:13 - INFO - epoch:13/25 iteration:295/1377 batch loss is :0.0328
2025-06-24 18:41:20 - INFO - epoch:13/25 iteration:300/1377 batch loss is :0.0107
2025-06-24 18:41:26 - INFO - epoch:13/25 iteration:305/1377 batch loss is :0.0362
2025-06-24 18:41:32 - INFO - epoch:13/25 iteration:310/1377 batch loss is :0.0222
2025-06-24 18:41:39 - INFO - epoch:13/25 iteration:315/1377 batch loss is :0.0126
2025-06-24 18:41:45 - INFO - epoch:13/25 iteration:320/1377 batch loss is :0.0075
2025-06-24 18:41:52 - INFO - epoch:13/25 iteration:325/1377 batch loss is :0.0241
2025-06-24 18:41:58 - INFO - epoch:13/25 iteration:330/1377 batch loss is :0.0641
2025-06-24 18:42:05 - INFO - epoch:13/25 iteration:335/1377 batch loss is :0.0158
2025-06-24 18:42:11 - INFO - epoch:13/25 iteration:340/1377 batch loss is :0.0313
2025-06-24 18:42:18 - INFO - epoch:13/25 iteration:345/1377 batch loss is :0.0267
2025-06-24 18:42:24 - INFO - epoch:13/25 iteration:350/1377 batch loss is :0.0226
2025-06-24 18:42:30 - INFO - epoch:13/25 iteration:355/1377 batch loss is :0.0014
2025-06-24 18:42:37 - INFO - epoch:13/25 iteration:360/1377 batch loss is :0.0295
2025-06-24 18:42:43 - INFO - epoch:13/25 iteration:365/1377 batch loss is :0.0649
2025-06-24 18:42:49 - INFO - epoch:13/25 iteration:370/1377 batch loss is :0.0418
2025-06-24 18:42:56 - INFO - epoch:13/25 iteration:375/1377 batch loss is :0.0130
2025-06-24 18:43:02 - INFO - epoch:13/25 iteration:380/1377 batch loss is :0.1207
2025-06-24 18:43:09 - INFO - epoch:13/25 iteration:385/1377 batch loss is :0.0168
2025-06-24 18:43:15 - INFO - epoch:13/25 iteration:390/1377 batch loss is :0.0561
2025-06-24 18:43:21 - INFO - epoch:13/25 iteration:395/1377 batch loss is :0.0131
2025-06-24 18:43:28 - INFO - epoch:13/25 iteration:400/1377 batch loss is :0.0220
2025-06-24 18:43:34 - INFO - epoch:13/25 iteration:405/1377 batch loss is :0.0501
2025-06-24 18:43:41 - INFO - epoch:13/25 iteration:410/1377 batch loss is :0.0142
2025-06-24 18:43:47 - INFO - epoch:13/25 iteration:415/1377 batch loss is :0.0417
2025-06-24 18:43:53 - INFO - epoch:13/25 iteration:420/1377 batch loss is :0.0112
2025-06-24 18:44:00 - INFO - epoch:13/25 iteration:425/1377 batch loss is :0.0408
2025-06-24 18:44:06 - INFO - epoch:13/25 iteration:430/1377 batch loss is :0.0203
2025-06-24 18:44:13 - INFO - epoch:13/25 iteration:435/1377 batch loss is :0.0213
2025-06-24 18:44:19 - INFO - epoch:13/25 iteration:440/1377 batch loss is :0.0202
2025-06-24 18:44:25 - INFO - epoch:13/25 iteration:445/1377 batch loss is :0.0950
2025-06-24 18:44:32 - INFO - epoch:13/25 iteration:450/1377 batch loss is :0.0084
2025-06-24 18:44:38 - INFO - epoch:13/25 iteration:455/1377 batch loss is :0.0108
2025-06-24 18:44:45 - INFO - epoch:13/25 iteration:460/1377 batch loss is :0.0089
2025-06-24 18:44:51 - INFO - epoch:13/25 iteration:465/1377 batch loss is :0.0113
2025-06-24 18:44:58 - INFO - epoch:13/25 iteration:470/1377 batch loss is :0.0459
2025-06-24 18:45:04 - INFO - epoch:13/25 iteration:475/1377 batch loss is :0.0052
2025-06-24 18:45:10 - INFO - epoch:13/25 iteration:480/1377 batch loss is :0.0311
2025-06-24 18:45:17 - INFO - epoch:13/25 iteration:485/1377 batch loss is :0.0276
2025-06-24 18:45:23 - INFO - epoch:13/25 iteration:490/1377 batch loss is :0.0209
2025-06-24 18:45:29 - INFO - epoch:13/25 iteration:495/1377 batch loss is :0.0425
2025-06-24 18:45:36 - INFO - epoch:13/25 iteration:500/1377 batch loss is :0.0202
2025-06-24 18:45:42 - INFO - epoch:13/25 iteration:505/1377 batch loss is :0.0430
2025-06-24 18:45:49 - INFO - epoch:13/25 iteration:510/1377 batch loss is :0.0144
2025-06-24 18:45:55 - INFO - epoch:13/25 iteration:515/1377 batch loss is :0.0192
2025-06-24 18:46:02 - INFO - epoch:13/25 iteration:520/1377 batch loss is :0.0206
2025-06-24 18:46:08 - INFO - epoch:13/25 iteration:525/1377 batch loss is :0.0451
2025-06-24 18:46:14 - INFO - epoch:13/25 iteration:530/1377 batch loss is :0.0678
2025-06-24 18:46:21 - INFO - epoch:13/25 iteration:535/1377 batch loss is :0.0130
2025-06-24 18:46:27 - INFO - epoch:13/25 iteration:540/1377 batch loss is :0.0080
2025-06-24 18:46:34 - INFO - epoch:13/25 iteration:545/1377 batch loss is :0.0190
2025-06-24 18:46:40 - INFO - epoch:13/25 iteration:550/1377 batch loss is :0.0271
2025-06-24 18:46:46 - INFO - epoch:13/25 iteration:555/1377 batch loss is :0.0087
2025-06-24 18:46:53 - INFO - epoch:13/25 iteration:560/1377 batch loss is :0.0192
2025-06-24 18:46:59 - INFO - epoch:13/25 iteration:565/1377 batch loss is :0.0643
2025-06-24 18:47:06 - INFO - epoch:13/25 iteration:570/1377 batch loss is :0.0186
2025-06-24 18:47:12 - INFO - epoch:13/25 iteration:575/1377 batch loss is :0.0630
2025-06-24 18:47:19 - INFO - epoch:13/25 iteration:580/1377 batch loss is :0.0200
2025-06-24 18:47:25 - INFO - epoch:13/25 iteration:585/1377 batch loss is :0.0195
2025-06-24 18:47:32 - INFO - epoch:13/25 iteration:590/1377 batch loss is :0.0371
2025-06-24 18:47:38 - INFO - epoch:13/25 iteration:595/1377 batch loss is :0.0112
2025-06-24 18:47:44 - INFO - epoch:13/25 iteration:600/1377 batch loss is :0.0506
2025-06-24 18:47:51 - INFO - epoch:13/25 iteration:605/1377 batch loss is :0.0329
2025-06-24 18:47:57 - INFO - epoch:13/25 iteration:610/1377 batch loss is :0.0148
2025-06-24 18:48:04 - INFO - epoch:13/25 iteration:615/1377 batch loss is :0.0245
2025-06-24 18:48:10 - INFO - epoch:13/25 iteration:620/1377 batch loss is :0.0159
2025-06-24 18:48:17 - INFO - epoch:13/25 iteration:625/1377 batch loss is :0.0200
2025-06-24 18:48:23 - INFO - epoch:13/25 iteration:630/1377 batch loss is :0.0346
2025-06-24 18:48:30 - INFO - epoch:13/25 iteration:635/1377 batch loss is :0.0345
2025-06-24 18:48:36 - INFO - epoch:13/25 iteration:640/1377 batch loss is :0.0300
2025-06-24 18:48:43 - INFO - epoch:13/25 iteration:645/1377 batch loss is :0.0287
2025-06-24 18:48:49 - INFO - epoch:13/25 iteration:650/1377 batch loss is :0.0116
2025-06-24 18:48:55 - INFO - epoch:13/25 iteration:655/1377 batch loss is :0.0168
2025-06-24 18:49:02 - INFO - epoch:13/25 iteration:660/1377 batch loss is :0.0171
2025-06-24 18:49:08 - INFO - epoch:13/25 iteration:665/1377 batch loss is :0.0213
2025-06-24 18:49:15 - INFO - epoch:13/25 iteration:670/1377 batch loss is :0.0271
2025-06-24 18:49:21 - INFO - epoch:13/25 iteration:675/1377 batch loss is :0.0079
2025-06-24 18:49:28 - INFO - epoch:13/25 iteration:680/1377 batch loss is :0.0458
2025-06-24 18:49:34 - INFO - epoch:13/25 iteration:685/1377 batch loss is :0.0329
2025-06-24 18:49:40 - INFO - epoch:13/25 iteration:690/1377 batch loss is :0.0256
2025-06-24 18:49:47 - INFO - epoch:13/25 iteration:695/1377 batch loss is :0.0225
2025-06-24 18:49:53 - INFO - epoch:13/25 iteration:700/1377 batch loss is :0.0431
2025-06-24 18:50:00 - INFO - epoch:13/25 iteration:705/1377 batch loss is :0.0119
2025-06-24 18:50:06 - INFO - epoch:13/25 iteration:710/1377 batch loss is :0.0298
2025-06-24 18:50:12 - INFO - epoch:13/25 iteration:715/1377 batch loss is :0.0709
2025-06-24 18:50:19 - INFO - epoch:13/25 iteration:720/1377 batch loss is :0.0553
2025-06-24 18:50:25 - INFO - epoch:13/25 iteration:725/1377 batch loss is :0.0092
2025-06-24 18:50:32 - INFO - epoch:13/25 iteration:730/1377 batch loss is :0.0230
2025-06-24 18:50:38 - INFO - epoch:13/25 iteration:735/1377 batch loss is :0.0049
2025-06-24 18:50:45 - INFO - epoch:13/25 iteration:740/1377 batch loss is :0.0222
2025-06-24 18:50:51 - INFO - epoch:13/25 iteration:745/1377 batch loss is :0.0107
2025-06-24 18:50:58 - INFO - epoch:13/25 iteration:750/1377 batch loss is :0.0513
2025-06-24 18:51:04 - INFO - epoch:13/25 iteration:755/1377 batch loss is :0.0315
2025-06-24 18:51:10 - INFO - epoch:13/25 iteration:760/1377 batch loss is :0.0620
2025-06-24 18:51:17 - INFO - epoch:13/25 iteration:765/1377 batch loss is :0.0112
2025-06-24 18:51:23 - INFO - epoch:13/25 iteration:770/1377 batch loss is :0.0040
2025-06-24 18:51:30 - INFO - epoch:13/25 iteration:775/1377 batch loss is :0.0150
2025-06-24 18:51:36 - INFO - epoch:13/25 iteration:780/1377 batch loss is :0.0193
2025-06-24 18:51:43 - INFO - epoch:13/25 iteration:785/1377 batch loss is :0.0409
2025-06-24 18:51:49 - INFO - epoch:13/25 iteration:790/1377 batch loss is :0.0361
2025-06-24 18:51:56 - INFO - epoch:13/25 iteration:795/1377 batch loss is :0.0130
2025-06-24 18:52:02 - INFO - epoch:13/25 iteration:800/1377 batch loss is :0.0356
2025-06-24 18:52:08 - INFO - epoch:13/25 iteration:805/1377 batch loss is :0.0137
2025-06-24 18:52:15 - INFO - epoch:13/25 iteration:810/1377 batch loss is :0.0328
2025-06-24 18:52:21 - INFO - epoch:13/25 iteration:815/1377 batch loss is :0.0138
2025-06-24 18:52:28 - INFO - epoch:13/25 iteration:820/1377 batch loss is :0.0388
2025-06-24 18:52:34 - INFO - epoch:13/25 iteration:825/1377 batch loss is :0.0146
2025-06-24 18:52:41 - INFO - epoch:13/25 iteration:830/1377 batch loss is :0.0198
2025-06-24 18:52:47 - INFO - epoch:13/25 iteration:835/1377 batch loss is :0.0305
2025-06-24 18:52:53 - INFO - epoch:13/25 iteration:840/1377 batch loss is :0.0120
2025-06-24 18:53:00 - INFO - epoch:13/25 iteration:845/1377 batch loss is :0.0190
2025-06-24 18:53:06 - INFO - epoch:13/25 iteration:850/1377 batch loss is :0.0481
2025-06-24 18:53:13 - INFO - epoch:13/25 iteration:855/1377 batch loss is :0.0322
2025-06-24 18:53:19 - INFO - epoch:13/25 iteration:860/1377 batch loss is :0.0231
2025-06-24 18:53:25 - INFO - epoch:13/25 iteration:865/1377 batch loss is :0.0188
2025-06-24 18:53:32 - INFO - epoch:13/25 iteration:870/1377 batch loss is :0.0038
2025-06-24 18:53:38 - INFO - epoch:13/25 iteration:875/1377 batch loss is :0.0313
2025-06-24 18:53:45 - INFO - epoch:13/25 iteration:880/1377 batch loss is :0.0224
2025-06-24 18:53:52 - INFO - epoch:13/25 iteration:885/1377 batch loss is :0.0356
2025-06-24 18:53:58 - INFO - epoch:13/25 iteration:890/1377 batch loss is :0.0611
2025-06-24 18:54:04 - INFO - epoch:13/25 iteration:895/1377 batch loss is :0.1026
2025-06-24 18:54:11 - INFO - epoch:13/25 iteration:900/1377 batch loss is :0.0260
2025-06-24 18:54:17 - INFO - epoch:13/25 iteration:905/1377 batch loss is :0.0132
2025-06-24 18:54:24 - INFO - epoch:13/25 iteration:910/1377 batch loss is :0.0179
2025-06-24 18:54:30 - INFO - epoch:13/25 iteration:915/1377 batch loss is :0.0071
2025-06-24 18:54:37 - INFO - epoch:13/25 iteration:920/1377 batch loss is :0.0067
2025-06-24 18:54:43 - INFO - epoch:13/25 iteration:925/1377 batch loss is :0.0234
2025-06-24 18:54:49 - INFO - epoch:13/25 iteration:930/1377 batch loss is :0.0162
2025-06-24 18:54:56 - INFO - epoch:13/25 iteration:935/1377 batch loss is :0.0254
2025-06-24 18:55:02 - INFO - epoch:13/25 iteration:940/1377 batch loss is :0.0411
2025-06-24 18:55:09 - INFO - epoch:13/25 iteration:945/1377 batch loss is :0.0322
2025-06-24 18:55:15 - INFO - epoch:13/25 iteration:950/1377 batch loss is :0.0133
2025-06-24 18:55:21 - INFO - epoch:13/25 iteration:955/1377 batch loss is :0.0108
2025-06-24 18:55:27 - INFO - epoch:13/25 iteration:960/1377 batch loss is :0.0248
2025-06-24 18:55:34 - INFO - epoch:13/25 iteration:965/1377 batch loss is :0.0852
2025-06-24 18:55:40 - INFO - epoch:13/25 iteration:970/1377 batch loss is :0.2864
2025-06-24 18:55:47 - INFO - epoch:13/25 iteration:975/1377 batch loss is :0.0128
2025-06-24 18:55:53 - INFO - epoch:13/25 iteration:980/1377 batch loss is :0.0224
2025-06-24 18:56:00 - INFO - epoch:13/25 iteration:985/1377 batch loss is :0.0238
2025-06-24 18:56:06 - INFO - epoch:13/25 iteration:990/1377 batch loss is :0.0977
2025-06-24 18:56:12 - INFO - epoch:13/25 iteration:995/1377 batch loss is :0.0142
2025-06-24 18:56:19 - INFO - epoch:13/25 iteration:1000/1377 batch loss is :0.0163
2025-06-24 18:56:25 - INFO - epoch:13/25 iteration:1005/1377 batch loss is :0.0094
2025-06-24 18:56:32 - INFO - epoch:13/25 iteration:1010/1377 batch loss is :0.0141
2025-06-24 18:56:38 - INFO - epoch:13/25 iteration:1015/1377 batch loss is :0.0407
2025-06-24 18:56:45 - INFO - epoch:13/25 iteration:1020/1377 batch loss is :0.0064
2025-06-24 18:56:51 - INFO - epoch:13/25 iteration:1025/1377 batch loss is :0.0105
2025-06-24 18:56:57 - INFO - epoch:13/25 iteration:1030/1377 batch loss is :0.0585
2025-06-24 18:57:04 - INFO - epoch:13/25 iteration:1035/1377 batch loss is :0.0163
2025-06-24 18:57:10 - INFO - epoch:13/25 iteration:1040/1377 batch loss is :0.0340
2025-06-24 18:57:17 - INFO - epoch:13/25 iteration:1045/1377 batch loss is :0.1439
2025-06-24 18:57:23 - INFO - epoch:13/25 iteration:1050/1377 batch loss is :0.0088
2025-06-24 18:57:30 - INFO - epoch:13/25 iteration:1055/1377 batch loss is :0.0223
2025-06-24 18:57:36 - INFO - epoch:13/25 iteration:1060/1377 batch loss is :0.0147
2025-06-24 18:57:43 - INFO - epoch:13/25 iteration:1065/1377 batch loss is :0.0796
2025-06-24 18:57:49 - INFO - epoch:13/25 iteration:1070/1377 batch loss is :0.0672
2025-06-24 18:57:55 - INFO - epoch:13/25 iteration:1075/1377 batch loss is :0.0336
2025-06-24 18:58:02 - INFO - epoch:13/25 iteration:1080/1377 batch loss is :0.0281
2025-06-24 18:58:08 - INFO - epoch:13/25 iteration:1085/1377 batch loss is :0.0143
2025-06-24 18:58:15 - INFO - epoch:13/25 iteration:1090/1377 batch loss is :0.0294
2025-06-24 18:58:21 - INFO - epoch:13/25 iteration:1095/1377 batch loss is :0.0077
2025-06-24 18:58:27 - INFO - epoch:13/25 iteration:1100/1377 batch loss is :0.0938
2025-06-24 18:58:34 - INFO - epoch:13/25 iteration:1105/1377 batch loss is :0.0065
2025-06-24 18:58:40 - INFO - epoch:13/25 iteration:1110/1377 batch loss is :0.1020
2025-06-24 18:58:47 - INFO - epoch:13/25 iteration:1115/1377 batch loss is :0.0185
2025-06-24 18:58:53 - INFO - epoch:13/25 iteration:1120/1377 batch loss is :0.0182
2025-06-24 18:59:00 - INFO - epoch:13/25 iteration:1125/1377 batch loss is :0.0109
2025-06-24 18:59:06 - INFO - epoch:13/25 iteration:1130/1377 batch loss is :0.0215
2025-06-24 18:59:13 - INFO - epoch:13/25 iteration:1135/1377 batch loss is :0.0727
2025-06-24 18:59:19 - INFO - epoch:13/25 iteration:1140/1377 batch loss is :0.0272
2025-06-24 18:59:25 - INFO - epoch:13/25 iteration:1145/1377 batch loss is :0.0266
2025-06-24 18:59:32 - INFO - epoch:13/25 iteration:1150/1377 batch loss is :0.0431
2025-06-24 18:59:38 - INFO - epoch:13/25 iteration:1155/1377 batch loss is :0.0318
2025-06-24 18:59:45 - INFO - epoch:13/25 iteration:1160/1377 batch loss is :0.0269
2025-06-24 18:59:51 - INFO - epoch:13/25 iteration:1165/1377 batch loss is :0.0120
2025-06-24 18:59:58 - INFO - epoch:13/25 iteration:1170/1377 batch loss is :0.0144
2025-06-24 19:00:04 - INFO - epoch:13/25 iteration:1175/1377 batch loss is :0.0290
2025-06-24 19:00:10 - INFO - epoch:13/25 iteration:1180/1377 batch loss is :0.0480
2025-06-24 19:00:17 - INFO - epoch:13/25 iteration:1185/1377 batch loss is :0.0364
2025-06-24 19:00:23 - INFO - epoch:13/25 iteration:1190/1377 batch loss is :0.0155
2025-06-24 19:00:30 - INFO - epoch:13/25 iteration:1195/1377 batch loss is :0.0614
2025-06-24 19:00:36 - INFO - epoch:13/25 iteration:1200/1377 batch loss is :0.0134
2025-06-24 19:00:42 - INFO - epoch:13/25 iteration:1205/1377 batch loss is :0.0212
2025-06-24 19:00:49 - INFO - epoch:13/25 iteration:1210/1377 batch loss is :0.0322
2025-06-24 19:00:55 - INFO - epoch:13/25 iteration:1215/1377 batch loss is :0.0258
2025-06-24 19:01:02 - INFO - epoch:13/25 iteration:1220/1377 batch loss is :0.0122
2025-06-24 19:01:08 - INFO - epoch:13/25 iteration:1225/1377 batch loss is :0.0170
2025-06-24 19:01:15 - INFO - epoch:13/25 iteration:1230/1377 batch loss is :0.0270
2025-06-24 19:01:21 - INFO - epoch:13/25 iteration:1235/1377 batch loss is :0.0227
2025-06-24 19:01:28 - INFO - epoch:13/25 iteration:1240/1377 batch loss is :0.0222
2025-06-24 19:01:34 - INFO - epoch:13/25 iteration:1245/1377 batch loss is :0.0674
2025-06-24 19:01:41 - INFO - epoch:13/25 iteration:1250/1377 batch loss is :0.0362
2025-06-24 19:01:47 - INFO - epoch:13/25 iteration:1255/1377 batch loss is :0.0787
2025-06-24 19:01:53 - INFO - epoch:13/25 iteration:1260/1377 batch loss is :0.0086
2025-06-24 19:02:00 - INFO - epoch:13/25 iteration:1265/1377 batch loss is :0.0174
2025-06-24 19:02:06 - INFO - epoch:13/25 iteration:1270/1377 batch loss is :0.0187
2025-06-24 19:02:12 - INFO - epoch:13/25 iteration:1275/1377 batch loss is :0.0691
2025-06-24 19:02:19 - INFO - epoch:13/25 iteration:1280/1377 batch loss is :0.0239
2025-06-24 19:02:25 - INFO - epoch:13/25 iteration:1285/1377 batch loss is :0.0117
2025-06-24 19:02:32 - INFO - epoch:13/25 iteration:1290/1377 batch loss is :0.0074
2025-06-24 19:02:38 - INFO - epoch:13/25 iteration:1295/1377 batch loss is :0.0177
2025-06-24 19:02:45 - INFO - epoch:13/25 iteration:1300/1377 batch loss is :0.0215
2025-06-24 19:02:51 - INFO - epoch:13/25 iteration:1305/1377 batch loss is :0.0177
2025-06-24 19:02:57 - INFO - epoch:13/25 iteration:1310/1377 batch loss is :0.0144
2025-06-24 19:03:04 - INFO - epoch:13/25 iteration:1315/1377 batch loss is :0.0313
2025-06-24 19:03:10 - INFO - epoch:13/25 iteration:1320/1377 batch loss is :0.0636
2025-06-24 19:03:17 - INFO - epoch:13/25 iteration:1325/1377 batch loss is :0.0062
2025-06-24 19:03:23 - INFO - epoch:13/25 iteration:1330/1377 batch loss is :0.0122
2025-06-24 19:03:30 - INFO - epoch:13/25 iteration:1335/1377 batch loss is :0.0220
2025-06-24 19:03:36 - INFO - epoch:13/25 iteration:1340/1377 batch loss is :0.0178
2025-06-24 19:03:42 - INFO - epoch:13/25 iteration:1345/1377 batch loss is :0.0253
2025-06-24 19:03:49 - INFO - epoch:13/25 iteration:1350/1377 batch loss is :0.0044
2025-06-24 19:03:55 - INFO - epoch:13/25 iteration:1355/1377 batch loss is :0.0265
2025-06-24 19:04:01 - INFO - epoch:13/25 iteration:1360/1377 batch loss is :0.0186
2025-06-24 19:04:07 - INFO - epoch:13/25 iteration:1365/1377 batch loss is :0.0110
2025-06-24 19:04:14 - INFO - epoch:13/25 iteration:1370/1377 batch loss is :0.0327
2025-06-24 19:04:20 - INFO - epoch:13/25 iteration:1375/1377 batch loss is :0.0364
2025-06-24 19:04:21 - INFO - Epoch:13/25 Loss is :0.0309
2025-06-24 19:06:40 - INFO - epoch:14/25 iteration:0/1377 batch loss is :0.0271
2025-06-24 19:06:51 - INFO - epoch:14/25 iteration:5/1377 batch loss is :0.0253
2025-06-24 19:06:58 - INFO - epoch:14/25 iteration:10/1377 batch loss is :0.0086
2025-06-24 19:07:05 - INFO - epoch:14/25 iteration:15/1377 batch loss is :0.0527
2025-06-24 19:07:11 - INFO - epoch:14/25 iteration:20/1377 batch loss is :0.0254
2025-06-24 19:07:17 - INFO - epoch:14/25 iteration:25/1377 batch loss is :0.0305
2025-06-24 19:07:24 - INFO - epoch:14/25 iteration:30/1377 batch loss is :0.0005
2025-06-24 19:07:30 - INFO - epoch:14/25 iteration:35/1377 batch loss is :0.0307
2025-06-24 19:07:37 - INFO - epoch:14/25 iteration:40/1377 batch loss is :0.0240
2025-06-24 19:07:43 - INFO - epoch:14/25 iteration:45/1377 batch loss is :0.0015
2025-06-24 19:07:50 - INFO - epoch:14/25 iteration:50/1377 batch loss is :0.0257
2025-06-24 19:07:56 - INFO - epoch:14/25 iteration:55/1377 batch loss is :0.0107
2025-06-24 19:08:02 - INFO - epoch:14/25 iteration:60/1377 batch loss is :0.0577
2025-06-24 19:08:09 - INFO - epoch:14/25 iteration:65/1377 batch loss is :0.0182
2025-06-24 19:08:15 - INFO - epoch:14/25 iteration:70/1377 batch loss is :0.0073
2025-06-24 19:08:22 - INFO - epoch:14/25 iteration:75/1377 batch loss is :0.0111
2025-06-24 19:08:28 - INFO - epoch:14/25 iteration:80/1377 batch loss is :0.0293
2025-06-24 19:08:34 - INFO - epoch:14/25 iteration:85/1377 batch loss is :0.0107
2025-06-24 19:08:41 - INFO - epoch:14/25 iteration:90/1377 batch loss is :0.0318
2025-06-24 19:08:47 - INFO - epoch:14/25 iteration:95/1377 batch loss is :0.2470
2025-06-24 19:08:54 - INFO - epoch:14/25 iteration:100/1377 batch loss is :0.0110
2025-06-24 19:09:00 - INFO - epoch:14/25 iteration:105/1377 batch loss is :0.0617
2025-06-24 19:09:06 - INFO - epoch:14/25 iteration:110/1377 batch loss is :0.0618
2025-06-24 19:09:13 - INFO - epoch:14/25 iteration:115/1377 batch loss is :0.0171
2025-06-24 19:09:19 - INFO - epoch:14/25 iteration:120/1377 batch loss is :0.0147
2025-06-24 19:09:25 - INFO - epoch:14/25 iteration:125/1377 batch loss is :0.0144
2025-06-24 19:09:32 - INFO - epoch:14/25 iteration:130/1377 batch loss is :0.0233
2025-06-24 19:09:38 - INFO - epoch:14/25 iteration:135/1377 batch loss is :0.0232
2025-06-24 19:09:45 - INFO - epoch:14/25 iteration:140/1377 batch loss is :0.0075
2025-06-24 19:09:51 - INFO - epoch:14/25 iteration:145/1377 batch loss is :0.0070
2025-06-24 19:09:57 - INFO - epoch:14/25 iteration:150/1377 batch loss is :0.0555
2025-06-24 19:10:04 - INFO - epoch:14/25 iteration:155/1377 batch loss is :0.0321
2025-06-24 19:10:10 - INFO - epoch:14/25 iteration:160/1377 batch loss is :0.1663
2025-06-24 19:10:16 - INFO - epoch:14/25 iteration:165/1377 batch loss is :0.0587
2025-06-24 19:10:23 - INFO - epoch:14/25 iteration:170/1377 batch loss is :0.0451
2025-06-24 19:10:29 - INFO - epoch:14/25 iteration:175/1377 batch loss is :0.0180
2025-06-24 19:10:36 - INFO - epoch:14/25 iteration:180/1377 batch loss is :0.0280
2025-06-24 19:10:42 - INFO - epoch:14/25 iteration:185/1377 batch loss is :0.0336
2025-06-24 19:10:48 - INFO - epoch:14/25 iteration:190/1377 batch loss is :0.0070
2025-06-24 19:10:55 - INFO - epoch:14/25 iteration:195/1377 batch loss is :0.0027
2025-06-24 19:11:01 - INFO - epoch:14/25 iteration:200/1377 batch loss is :0.0068
2025-06-24 19:11:08 - INFO - epoch:14/25 iteration:205/1377 batch loss is :0.0338
2025-06-24 19:11:14 - INFO - epoch:14/25 iteration:210/1377 batch loss is :0.0638
2025-06-24 19:11:21 - INFO - epoch:14/25 iteration:215/1377 batch loss is :0.0185
2025-06-24 19:11:27 - INFO - epoch:14/25 iteration:220/1377 batch loss is :0.0265
2025-06-24 19:11:33 - INFO - epoch:14/25 iteration:225/1377 batch loss is :0.0226
2025-06-24 19:11:40 - INFO - epoch:14/25 iteration:230/1377 batch loss is :0.0065
2025-06-24 19:11:46 - INFO - epoch:14/25 iteration:235/1377 batch loss is :0.0080
2025-06-24 19:11:53 - INFO - epoch:14/25 iteration:240/1377 batch loss is :0.0352
2025-06-24 19:11:59 - INFO - epoch:14/25 iteration:245/1377 batch loss is :0.0087
2025-06-24 19:12:05 - INFO - epoch:14/25 iteration:250/1377 batch loss is :0.0305
2025-06-24 19:12:12 - INFO - epoch:14/25 iteration:255/1377 batch loss is :0.0103
2025-06-24 19:12:18 - INFO - epoch:14/25 iteration:260/1377 batch loss is :0.0240
2025-06-24 19:12:25 - INFO - epoch:14/25 iteration:265/1377 batch loss is :0.0178
2025-06-24 19:12:31 - INFO - epoch:14/25 iteration:270/1377 batch loss is :0.0349
2025-06-24 19:12:37 - INFO - epoch:14/25 iteration:275/1377 batch loss is :0.0146
2025-06-24 19:12:44 - INFO - epoch:14/25 iteration:280/1377 batch loss is :0.0082
2025-06-24 19:12:50 - INFO - epoch:14/25 iteration:285/1377 batch loss is :0.0096
2025-06-24 19:12:57 - INFO - epoch:14/25 iteration:290/1377 batch loss is :0.0207
2025-06-24 19:13:03 - INFO - epoch:14/25 iteration:295/1377 batch loss is :0.0291
2025-06-24 19:13:09 - INFO - epoch:14/25 iteration:300/1377 batch loss is :0.0424
2025-06-24 19:13:16 - INFO - epoch:14/25 iteration:305/1377 batch loss is :0.0485
2025-06-24 19:13:22 - INFO - epoch:14/25 iteration:310/1377 batch loss is :0.0352
2025-06-24 19:13:29 - INFO - epoch:14/25 iteration:315/1377 batch loss is :0.0088
2025-06-24 19:13:35 - INFO - epoch:14/25 iteration:320/1377 batch loss is :0.0041
2025-06-24 19:13:42 - INFO - epoch:14/25 iteration:325/1377 batch loss is :0.0328
2025-06-24 19:13:48 - INFO - epoch:14/25 iteration:330/1377 batch loss is :0.0130
2025-06-24 19:13:54 - INFO - epoch:14/25 iteration:335/1377 batch loss is :0.0700
2025-06-24 19:14:01 - INFO - epoch:14/25 iteration:340/1377 batch loss is :0.0415
2025-06-24 19:14:07 - INFO - epoch:14/25 iteration:345/1377 batch loss is :0.0551
2025-06-24 19:14:14 - INFO - epoch:14/25 iteration:350/1377 batch loss is :0.0286
2025-06-24 19:14:20 - INFO - epoch:14/25 iteration:355/1377 batch loss is :0.0226
2025-06-24 19:14:27 - INFO - epoch:14/25 iteration:360/1377 batch loss is :0.0352
2025-06-24 19:14:33 - INFO - epoch:14/25 iteration:365/1377 batch loss is :0.1097
2025-06-24 19:14:40 - INFO - epoch:14/25 iteration:370/1377 batch loss is :0.0220
2025-06-24 19:14:46 - INFO - epoch:14/25 iteration:375/1377 batch loss is :0.0305
2025-06-24 19:14:52 - INFO - epoch:14/25 iteration:380/1377 batch loss is :0.0385
2025-06-24 19:14:59 - INFO - epoch:14/25 iteration:385/1377 batch loss is :0.0145
2025-06-24 19:15:05 - INFO - epoch:14/25 iteration:390/1377 batch loss is :0.0690
2025-06-24 19:15:11 - INFO - epoch:14/25 iteration:395/1377 batch loss is :0.0114
2025-06-24 19:15:18 - INFO - epoch:14/25 iteration:400/1377 batch loss is :0.0282
2025-06-24 19:15:24 - INFO - epoch:14/25 iteration:405/1377 batch loss is :0.0285
2025-06-24 19:15:31 - INFO - epoch:14/25 iteration:410/1377 batch loss is :0.0330
2025-06-24 19:15:37 - INFO - epoch:14/25 iteration:415/1377 batch loss is :0.0195
2025-06-24 19:15:44 - INFO - epoch:14/25 iteration:420/1377 batch loss is :0.0164
2025-06-24 19:15:50 - INFO - epoch:14/25 iteration:425/1377 batch loss is :0.0045
2025-06-24 19:15:56 - INFO - epoch:14/25 iteration:430/1377 batch loss is :0.0330
2025-06-24 19:16:03 - INFO - epoch:14/25 iteration:435/1377 batch loss is :0.0234
2025-06-24 19:16:09 - INFO - epoch:14/25 iteration:440/1377 batch loss is :0.0545
2025-06-24 19:16:16 - INFO - epoch:14/25 iteration:445/1377 batch loss is :0.0068
2025-06-24 19:16:22 - INFO - epoch:14/25 iteration:450/1377 batch loss is :0.0451
2025-06-24 19:16:28 - INFO - epoch:14/25 iteration:455/1377 batch loss is :0.0120
2025-06-24 19:16:35 - INFO - epoch:14/25 iteration:460/1377 batch loss is :0.0348
2025-06-24 19:16:41 - INFO - epoch:14/25 iteration:465/1377 batch loss is :0.0240
2025-06-24 19:16:48 - INFO - epoch:14/25 iteration:470/1377 batch loss is :0.0077
2025-06-24 19:16:54 - INFO - epoch:14/25 iteration:475/1377 batch loss is :0.0696
2025-06-24 19:17:01 - INFO - epoch:14/25 iteration:480/1377 batch loss is :0.0179
2025-06-24 19:17:07 - INFO - epoch:14/25 iteration:485/1377 batch loss is :0.0032
2025-06-24 19:17:13 - INFO - epoch:14/25 iteration:490/1377 batch loss is :0.0182
2025-06-24 19:17:20 - INFO - epoch:14/25 iteration:495/1377 batch loss is :0.0054
2025-06-24 19:17:26 - INFO - epoch:14/25 iteration:500/1377 batch loss is :0.0533
2025-06-24 19:17:33 - INFO - epoch:14/25 iteration:505/1377 batch loss is :0.0165
2025-06-24 19:17:39 - INFO - epoch:14/25 iteration:510/1377 batch loss is :0.0118
2025-06-24 19:17:45 - INFO - epoch:14/25 iteration:515/1377 batch loss is :0.0858
2025-06-24 19:17:52 - INFO - epoch:14/25 iteration:520/1377 batch loss is :0.0137
2025-06-24 19:17:58 - INFO - epoch:14/25 iteration:525/1377 batch loss is :0.0294
2025-06-24 19:18:05 - INFO - epoch:14/25 iteration:530/1377 batch loss is :0.0211
2025-06-24 19:18:11 - INFO - epoch:14/25 iteration:535/1377 batch loss is :0.0078
2025-06-24 19:18:18 - INFO - epoch:14/25 iteration:540/1377 batch loss is :0.0252
2025-06-24 19:18:24 - INFO - epoch:14/25 iteration:545/1377 batch loss is :0.0022
2025-06-24 19:18:30 - INFO - epoch:14/25 iteration:550/1377 batch loss is :0.0154
2025-06-24 19:18:37 - INFO - epoch:14/25 iteration:555/1377 batch loss is :0.0213
2025-06-24 19:18:43 - INFO - epoch:14/25 iteration:560/1377 batch loss is :0.0135
2025-06-24 19:18:50 - INFO - epoch:14/25 iteration:565/1377 batch loss is :0.1292
2025-06-24 19:18:56 - INFO - epoch:14/25 iteration:570/1377 batch loss is :0.0265
2025-06-24 19:19:02 - INFO - epoch:14/25 iteration:575/1377 batch loss is :0.0146
2025-06-24 19:19:09 - INFO - epoch:14/25 iteration:580/1377 batch loss is :0.0356
2025-06-24 19:19:15 - INFO - epoch:14/25 iteration:585/1377 batch loss is :0.0046
2025-06-24 19:19:22 - INFO - epoch:14/25 iteration:590/1377 batch loss is :0.0214
2025-06-24 19:19:28 - INFO - epoch:14/25 iteration:595/1377 batch loss is :0.0480
2025-06-24 19:19:35 - INFO - epoch:14/25 iteration:600/1377 batch loss is :0.0551
2025-06-24 19:19:41 - INFO - epoch:14/25 iteration:605/1377 batch loss is :0.0298
2025-06-24 19:19:47 - INFO - epoch:14/25 iteration:610/1377 batch loss is :0.0173
2025-06-24 19:19:54 - INFO - epoch:14/25 iteration:615/1377 batch loss is :0.0349
2025-06-24 19:20:00 - INFO - epoch:14/25 iteration:620/1377 batch loss is :0.0368
2025-06-24 19:20:07 - INFO - epoch:14/25 iteration:625/1377 batch loss is :0.0101
2025-06-24 19:20:13 - INFO - epoch:14/25 iteration:630/1377 batch loss is :0.0291
2025-06-24 19:20:19 - INFO - epoch:14/25 iteration:635/1377 batch loss is :0.0180
2025-06-24 19:20:26 - INFO - epoch:14/25 iteration:640/1377 batch loss is :0.0101
2025-06-24 19:20:32 - INFO - epoch:14/25 iteration:645/1377 batch loss is :0.0129
2025-06-24 19:20:39 - INFO - epoch:14/25 iteration:650/1377 batch loss is :0.0722
2025-06-24 19:20:45 - INFO - epoch:14/25 iteration:655/1377 batch loss is :0.0652
2025-06-24 19:20:51 - INFO - epoch:14/25 iteration:660/1377 batch loss is :0.0034
2025-06-24 19:20:58 - INFO - epoch:14/25 iteration:665/1377 batch loss is :0.0295
2025-06-24 19:21:04 - INFO - epoch:14/25 iteration:670/1377 batch loss is :0.0306
2025-06-24 19:21:11 - INFO - epoch:14/25 iteration:675/1377 batch loss is :0.0147
2025-06-24 19:21:17 - INFO - epoch:14/25 iteration:680/1377 batch loss is :0.0525
2025-06-24 19:21:24 - INFO - epoch:14/25 iteration:685/1377 batch loss is :0.0357
2025-06-24 19:21:30 - INFO - epoch:14/25 iteration:690/1377 batch loss is :0.0192
2025-06-24 19:21:37 - INFO - epoch:14/25 iteration:695/1377 batch loss is :0.0188
2025-06-24 19:21:43 - INFO - epoch:14/25 iteration:700/1377 batch loss is :0.0117
2025-06-24 19:21:50 - INFO - epoch:14/25 iteration:705/1377 batch loss is :0.0254
2025-06-24 19:21:56 - INFO - epoch:14/25 iteration:710/1377 batch loss is :0.0394
2025-06-24 19:22:02 - INFO - epoch:14/25 iteration:715/1377 batch loss is :0.0106
2025-06-24 19:22:09 - INFO - epoch:14/25 iteration:720/1377 batch loss is :0.0447
2025-06-24 19:22:15 - INFO - epoch:14/25 iteration:725/1377 batch loss is :0.0199
2025-06-24 19:22:22 - INFO - epoch:14/25 iteration:730/1377 batch loss is :0.0237
2025-06-24 19:22:28 - INFO - epoch:14/25 iteration:735/1377 batch loss is :0.0123
2025-06-24 19:22:35 - INFO - epoch:14/25 iteration:740/1377 batch loss is :0.0220
2025-06-24 19:22:41 - INFO - epoch:14/25 iteration:745/1377 batch loss is :0.0191
2025-06-24 19:22:47 - INFO - epoch:14/25 iteration:750/1377 batch loss is :0.0141
2025-06-24 19:22:54 - INFO - epoch:14/25 iteration:755/1377 batch loss is :0.0266
2025-06-24 19:23:00 - INFO - epoch:14/25 iteration:760/1377 batch loss is :0.0105
2025-06-24 19:23:07 - INFO - epoch:14/25 iteration:765/1377 batch loss is :0.0481
2025-06-24 19:23:13 - INFO - epoch:14/25 iteration:770/1377 batch loss is :0.0123
2025-06-24 19:23:20 - INFO - epoch:14/25 iteration:775/1377 batch loss is :0.0742
2025-06-24 19:23:26 - INFO - epoch:14/25 iteration:780/1377 batch loss is :0.0233
2025-06-24 19:23:32 - INFO - epoch:14/25 iteration:785/1377 batch loss is :0.0122
2025-06-24 19:23:39 - INFO - epoch:14/25 iteration:790/1377 batch loss is :0.0304
2025-06-24 19:23:45 - INFO - epoch:14/25 iteration:795/1377 batch loss is :0.0086
2025-06-24 19:23:52 - INFO - epoch:14/25 iteration:800/1377 batch loss is :0.0139
2025-06-24 19:23:58 - INFO - epoch:14/25 iteration:805/1377 batch loss is :0.0121
2025-06-24 19:24:05 - INFO - epoch:14/25 iteration:810/1377 batch loss is :0.0198
2025-06-24 19:24:11 - INFO - epoch:14/25 iteration:815/1377 batch loss is :0.0378
2025-06-24 19:24:18 - INFO - epoch:14/25 iteration:820/1377 batch loss is :0.0269
2025-06-24 19:24:24 - INFO - epoch:14/25 iteration:825/1377 batch loss is :0.0051
2025-06-24 19:24:30 - INFO - epoch:14/25 iteration:830/1377 batch loss is :0.0339
2025-06-24 19:24:37 - INFO - epoch:14/25 iteration:835/1377 batch loss is :0.0167
2025-06-24 19:24:43 - INFO - epoch:14/25 iteration:840/1377 batch loss is :0.0255
2025-06-24 19:24:50 - INFO - epoch:14/25 iteration:845/1377 batch loss is :0.0146
2025-06-24 19:24:56 - INFO - epoch:14/25 iteration:850/1377 batch loss is :0.0242
2025-06-24 19:25:02 - INFO - epoch:14/25 iteration:855/1377 batch loss is :0.0098
2025-06-24 19:25:09 - INFO - epoch:14/25 iteration:860/1377 batch loss is :0.0348
2025-06-24 19:25:15 - INFO - epoch:14/25 iteration:865/1377 batch loss is :0.0078
2025-06-24 19:25:22 - INFO - epoch:14/25 iteration:870/1377 batch loss is :0.0073
2025-06-24 19:25:28 - INFO - epoch:14/25 iteration:875/1377 batch loss is :0.1095
2025-06-24 19:25:35 - INFO - epoch:14/25 iteration:880/1377 batch loss is :0.0195
2025-06-24 19:25:41 - INFO - epoch:14/25 iteration:885/1377 batch loss is :0.0245
2025-06-24 19:25:47 - INFO - epoch:14/25 iteration:890/1377 batch loss is :0.0434
2025-06-24 19:25:54 - INFO - epoch:14/25 iteration:895/1377 batch loss is :0.0385
2025-06-24 19:26:00 - INFO - epoch:14/25 iteration:900/1377 batch loss is :0.0045
2025-06-24 19:26:07 - INFO - epoch:14/25 iteration:905/1377 batch loss is :0.0587
2025-06-24 19:26:13 - INFO - epoch:14/25 iteration:910/1377 batch loss is :0.0556
2025-06-24 19:26:19 - INFO - epoch:14/25 iteration:915/1377 batch loss is :0.0498
2025-06-24 19:26:26 - INFO - epoch:14/25 iteration:920/1377 batch loss is :0.0223
2025-06-24 19:26:32 - INFO - epoch:14/25 iteration:925/1377 batch loss is :0.0130
2025-06-24 19:26:39 - INFO - epoch:14/25 iteration:930/1377 batch loss is :0.0105
2025-06-24 19:26:45 - INFO - epoch:14/25 iteration:935/1377 batch loss is :0.0025
2025-06-24 19:26:52 - INFO - epoch:14/25 iteration:940/1377 batch loss is :0.0186
2025-06-24 19:26:58 - INFO - epoch:14/25 iteration:945/1377 batch loss is :0.0111
2025-06-24 19:27:04 - INFO - epoch:14/25 iteration:950/1377 batch loss is :0.0695
2025-06-24 19:27:11 - INFO - epoch:14/25 iteration:955/1377 batch loss is :0.0107
2025-06-24 19:27:17 - INFO - epoch:14/25 iteration:960/1377 batch loss is :0.0570
2025-06-24 19:27:24 - INFO - epoch:14/25 iteration:965/1377 batch loss is :0.0302
2025-06-24 19:27:30 - INFO - epoch:14/25 iteration:970/1377 batch loss is :0.0345
2025-06-24 19:27:36 - INFO - epoch:14/25 iteration:975/1377 batch loss is :0.0195
2025-06-24 19:27:43 - INFO - epoch:14/25 iteration:980/1377 batch loss is :0.0142
2025-06-24 19:27:49 - INFO - epoch:14/25 iteration:985/1377 batch loss is :0.0310
2025-06-24 19:27:56 - INFO - epoch:14/25 iteration:990/1377 batch loss is :0.0102
2025-06-24 19:28:02 - INFO - epoch:14/25 iteration:995/1377 batch loss is :0.0140
2025-06-24 19:28:08 - INFO - epoch:14/25 iteration:1000/1377 batch loss is :0.0360
2025-06-24 19:28:15 - INFO - epoch:14/25 iteration:1005/1377 batch loss is :0.0031
2025-06-24 19:28:21 - INFO - epoch:14/25 iteration:1010/1377 batch loss is :0.0421
2025-06-24 19:28:27 - INFO - epoch:14/25 iteration:1015/1377 batch loss is :0.0246
2025-06-24 19:28:34 - INFO - epoch:14/25 iteration:1020/1377 batch loss is :0.0162
2025-06-24 19:28:40 - INFO - epoch:14/25 iteration:1025/1377 batch loss is :0.0297
2025-06-24 19:28:47 - INFO - epoch:14/25 iteration:1030/1377 batch loss is :0.0828
2025-06-24 19:28:53 - INFO - epoch:14/25 iteration:1035/1377 batch loss is :0.0570
2025-06-24 19:29:00 - INFO - epoch:14/25 iteration:1040/1377 batch loss is :0.0396
2025-06-24 19:29:06 - INFO - epoch:14/25 iteration:1045/1377 batch loss is :0.0067
2025-06-24 19:29:12 - INFO - epoch:14/25 iteration:1050/1377 batch loss is :0.0222
2025-06-24 19:29:19 - INFO - epoch:14/25 iteration:1055/1377 batch loss is :0.0463
2025-06-24 19:29:25 - INFO - epoch:14/25 iteration:1060/1377 batch loss is :0.0050
2025-06-24 19:29:31 - INFO - epoch:14/25 iteration:1065/1377 batch loss is :0.0044
2025-06-24 19:29:38 - INFO - epoch:14/25 iteration:1070/1377 batch loss is :0.0277
2025-06-24 19:29:44 - INFO - epoch:14/25 iteration:1075/1377 batch loss is :0.0302
2025-06-24 19:29:51 - INFO - epoch:14/25 iteration:1080/1377 batch loss is :0.0145
2025-06-24 19:29:57 - INFO - epoch:14/25 iteration:1085/1377 batch loss is :0.0615
2025-06-24 19:30:04 - INFO - epoch:14/25 iteration:1090/1377 batch loss is :0.0593
2025-06-24 19:30:10 - INFO - epoch:14/25 iteration:1095/1377 batch loss is :0.0377
2025-06-24 19:30:16 - INFO - epoch:14/25 iteration:1100/1377 batch loss is :0.0767
2025-06-24 19:30:23 - INFO - epoch:14/25 iteration:1105/1377 batch loss is :0.2000
2025-06-24 19:30:29 - INFO - epoch:14/25 iteration:1110/1377 batch loss is :0.0270
2025-06-24 19:30:35 - INFO - epoch:14/25 iteration:1115/1377 batch loss is :0.1064
2025-06-24 19:30:42 - INFO - epoch:14/25 iteration:1120/1377 batch loss is :0.0116
2025-06-24 19:30:48 - INFO - epoch:14/25 iteration:1125/1377 batch loss is :0.0412
2025-06-24 19:30:55 - INFO - epoch:14/25 iteration:1130/1377 batch loss is :0.0222
2025-06-24 19:31:01 - INFO - epoch:14/25 iteration:1135/1377 batch loss is :0.0080
2025-06-24 19:31:08 - INFO - epoch:14/25 iteration:1140/1377 batch loss is :0.0682
2025-06-24 19:31:14 - INFO - epoch:14/25 iteration:1145/1377 batch loss is :0.0019
2025-06-24 19:31:20 - INFO - epoch:14/25 iteration:1150/1377 batch loss is :0.0889
2025-06-24 19:31:27 - INFO - epoch:14/25 iteration:1155/1377 batch loss is :0.0076
2025-06-24 19:31:33 - INFO - epoch:14/25 iteration:1160/1377 batch loss is :0.0142
2025-06-24 19:31:40 - INFO - epoch:14/25 iteration:1165/1377 batch loss is :0.0408
2025-06-24 19:31:46 - INFO - epoch:14/25 iteration:1170/1377 batch loss is :0.0458
2025-06-24 19:31:53 - INFO - epoch:14/25 iteration:1175/1377 batch loss is :0.0314
2025-06-24 19:31:59 - INFO - epoch:14/25 iteration:1180/1377 batch loss is :0.0326
2025-06-24 19:32:06 - INFO - epoch:14/25 iteration:1185/1377 batch loss is :0.0094
2025-06-24 19:32:12 - INFO - epoch:14/25 iteration:1190/1377 batch loss is :0.0333
2025-06-24 19:32:18 - INFO - epoch:14/25 iteration:1195/1377 batch loss is :0.1155
2025-06-24 19:32:25 - INFO - epoch:14/25 iteration:1200/1377 batch loss is :0.0091
2025-06-24 19:32:31 - INFO - epoch:14/25 iteration:1205/1377 batch loss is :0.0429
2025-06-24 19:32:38 - INFO - epoch:14/25 iteration:1210/1377 batch loss is :0.0247
2025-06-24 19:32:44 - INFO - epoch:14/25 iteration:1215/1377 batch loss is :0.0731
2025-06-24 19:32:51 - INFO - epoch:14/25 iteration:1220/1377 batch loss is :0.0314
2025-06-24 19:32:57 - INFO - epoch:14/25 iteration:1225/1377 batch loss is :0.0060
2025-06-24 19:33:03 - INFO - epoch:14/25 iteration:1230/1377 batch loss is :0.0223
2025-06-24 19:33:10 - INFO - epoch:14/25 iteration:1235/1377 batch loss is :0.0173
2025-06-24 19:33:16 - INFO - epoch:14/25 iteration:1240/1377 batch loss is :0.0303
2025-06-24 19:33:23 - INFO - epoch:14/25 iteration:1245/1377 batch loss is :0.0206
2025-06-24 19:33:29 - INFO - epoch:14/25 iteration:1250/1377 batch loss is :0.0056
2025-06-24 19:33:35 - INFO - epoch:14/25 iteration:1255/1377 batch loss is :0.0356
2025-06-24 19:33:42 - INFO - epoch:14/25 iteration:1260/1377 batch loss is :0.0104
2025-06-24 19:33:48 - INFO - epoch:14/25 iteration:1265/1377 batch loss is :0.0225
2025-06-24 19:33:55 - INFO - epoch:14/25 iteration:1270/1377 batch loss is :0.0094
2025-06-24 19:34:01 - INFO - epoch:14/25 iteration:1275/1377 batch loss is :0.0073
2025-06-24 19:34:08 - INFO - epoch:14/25 iteration:1280/1377 batch loss is :0.0194
2025-06-24 19:34:14 - INFO - epoch:14/25 iteration:1285/1377 batch loss is :0.0041
2025-06-24 19:34:21 - INFO - epoch:14/25 iteration:1290/1377 batch loss is :0.0064
2025-06-24 19:34:27 - INFO - epoch:14/25 iteration:1295/1377 batch loss is :0.0124
2025-06-24 19:34:33 - INFO - epoch:14/25 iteration:1300/1377 batch loss is :0.0370
2025-06-24 19:34:40 - INFO - epoch:14/25 iteration:1305/1377 batch loss is :0.0158
2025-06-24 19:34:46 - INFO - epoch:14/25 iteration:1310/1377 batch loss is :0.0184
2025-06-24 19:34:53 - INFO - epoch:14/25 iteration:1315/1377 batch loss is :0.0163
2025-06-24 19:34:59 - INFO - epoch:14/25 iteration:1320/1377 batch loss is :0.0899
2025-06-24 19:35:05 - INFO - epoch:14/25 iteration:1325/1377 batch loss is :0.0721
2025-06-24 19:35:12 - INFO - epoch:14/25 iteration:1330/1377 batch loss is :0.0151
2025-06-24 19:35:18 - INFO - epoch:14/25 iteration:1335/1377 batch loss is :0.0079
2025-06-24 19:35:25 - INFO - epoch:14/25 iteration:1340/1377 batch loss is :0.0187
2025-06-24 19:35:31 - INFO - epoch:14/25 iteration:1345/1377 batch loss is :0.0158
2025-06-24 19:35:37 - INFO - epoch:14/25 iteration:1350/1377 batch loss is :0.0278
2025-06-24 19:35:43 - INFO - epoch:14/25 iteration:1355/1377 batch loss is :0.0190
2025-06-24 19:35:50 - INFO - epoch:14/25 iteration:1360/1377 batch loss is :0.0256
2025-06-24 19:35:56 - INFO - epoch:14/25 iteration:1365/1377 batch loss is :0.0175
2025-06-24 19:36:02 - INFO - epoch:14/25 iteration:1370/1377 batch loss is :0.0317
2025-06-24 19:36:08 - INFO - epoch:14/25 iteration:1375/1377 batch loss is :0.0193
2025-06-24 19:36:10 - INFO - Epoch:14/25 Loss is :0.0286
2025-06-24 19:38:33 - INFO - epoch:15/25 iteration:0/1377 batch loss is :0.0055
2025-06-24 19:38:43 - INFO - epoch:15/25 iteration:5/1377 batch loss is :0.0172
2025-06-24 19:38:50 - INFO - epoch:15/25 iteration:10/1377 batch loss is :0.0121
2025-06-24 19:38:56 - INFO - epoch:15/25 iteration:15/1377 batch loss is :0.0363
2025-06-24 19:39:03 - INFO - epoch:15/25 iteration:20/1377 batch loss is :0.0405
2025-06-24 19:39:09 - INFO - epoch:15/25 iteration:25/1377 batch loss is :0.1026
2025-06-24 19:39:16 - INFO - epoch:15/25 iteration:30/1377 batch loss is :0.0160
2025-06-24 19:39:22 - INFO - epoch:15/25 iteration:35/1377 batch loss is :0.0500
2025-06-24 19:39:28 - INFO - epoch:15/25 iteration:40/1377 batch loss is :0.0223
2025-06-24 19:39:35 - INFO - epoch:15/25 iteration:45/1377 batch loss is :0.0214
2025-06-24 19:39:41 - INFO - epoch:15/25 iteration:50/1377 batch loss is :0.0185
2025-06-24 19:39:47 - INFO - epoch:15/25 iteration:55/1377 batch loss is :0.0347
2025-06-24 19:39:54 - INFO - epoch:15/25 iteration:60/1377 batch loss is :0.0197
2025-06-24 19:40:00 - INFO - epoch:15/25 iteration:65/1377 batch loss is :0.0410
2025-06-24 19:40:07 - INFO - epoch:15/25 iteration:70/1377 batch loss is :0.0376
2025-06-24 19:40:13 - INFO - epoch:15/25 iteration:75/1377 batch loss is :0.0071
2025-06-24 19:40:19 - INFO - epoch:15/25 iteration:80/1377 batch loss is :0.0146
2025-06-24 19:40:26 - INFO - epoch:15/25 iteration:85/1377 batch loss is :0.0255
2025-06-24 19:40:32 - INFO - epoch:15/25 iteration:90/1377 batch loss is :0.0055
2025-06-24 19:40:39 - INFO - epoch:15/25 iteration:95/1377 batch loss is :0.0199
2025-06-24 19:40:45 - INFO - epoch:15/25 iteration:100/1377 batch loss is :0.0220
2025-06-24 19:40:51 - INFO - epoch:15/25 iteration:105/1377 batch loss is :0.0115
2025-06-24 19:40:58 - INFO - epoch:15/25 iteration:110/1377 batch loss is :0.0557
2025-06-24 19:41:04 - INFO - epoch:15/25 iteration:115/1377 batch loss is :0.0421
2025-06-24 19:41:10 - INFO - epoch:15/25 iteration:120/1377 batch loss is :0.0064
2025-06-24 19:41:17 - INFO - epoch:15/25 iteration:125/1377 batch loss is :0.0973
2025-06-24 19:41:23 - INFO - epoch:15/25 iteration:130/1377 batch loss is :0.0197
2025-06-24 19:41:29 - INFO - epoch:15/25 iteration:135/1377 batch loss is :0.0187
2025-06-24 19:41:36 - INFO - epoch:15/25 iteration:140/1377 batch loss is :0.0274
2025-06-24 19:41:42 - INFO - epoch:15/25 iteration:145/1377 batch loss is :0.0063
2025-06-24 19:41:49 - INFO - epoch:15/25 iteration:150/1377 batch loss is :0.0072
2025-06-24 19:41:55 - INFO - epoch:15/25 iteration:155/1377 batch loss is :0.0094
2025-06-24 19:42:02 - INFO - epoch:15/25 iteration:160/1377 batch loss is :0.0269
2025-06-24 19:42:08 - INFO - epoch:15/25 iteration:165/1377 batch loss is :0.0053
2025-06-24 19:42:14 - INFO - epoch:15/25 iteration:170/1377 batch loss is :0.0084
2025-06-24 19:42:21 - INFO - epoch:15/25 iteration:175/1377 batch loss is :0.0034
2025-06-24 19:42:27 - INFO - epoch:15/25 iteration:180/1377 batch loss is :0.0882
2025-06-24 19:42:34 - INFO - epoch:15/25 iteration:185/1377 batch loss is :0.0148
2025-06-24 19:42:40 - INFO - epoch:15/25 iteration:190/1377 batch loss is :0.0310
2025-06-24 19:42:46 - INFO - epoch:15/25 iteration:195/1377 batch loss is :0.0123
2025-06-24 19:42:53 - INFO - epoch:15/25 iteration:200/1377 batch loss is :0.0492
2025-06-24 19:42:59 - INFO - epoch:15/25 iteration:205/1377 batch loss is :0.0156
2025-06-24 19:43:06 - INFO - epoch:15/25 iteration:210/1377 batch loss is :0.0402
2025-06-24 19:43:12 - INFO - epoch:15/25 iteration:215/1377 batch loss is :0.0282
2025-06-24 19:43:19 - INFO - epoch:15/25 iteration:220/1377 batch loss is :0.0950
2025-06-24 19:43:25 - INFO - epoch:15/25 iteration:225/1377 batch loss is :0.0164
2025-06-24 19:43:31 - INFO - epoch:15/25 iteration:230/1377 batch loss is :0.0048
2025-06-24 19:43:38 - INFO - epoch:15/25 iteration:235/1377 batch loss is :0.0450
2025-06-24 19:43:44 - INFO - epoch:15/25 iteration:240/1377 batch loss is :0.0041
2025-06-24 19:43:51 - INFO - epoch:15/25 iteration:245/1377 batch loss is :0.0063
2025-06-24 19:43:57 - INFO - epoch:15/25 iteration:250/1377 batch loss is :0.1391
2025-06-24 19:44:04 - INFO - epoch:15/25 iteration:255/1377 batch loss is :0.0372
2025-06-24 19:44:10 - INFO - epoch:15/25 iteration:260/1377 batch loss is :0.0116
2025-06-24 19:44:16 - INFO - epoch:15/25 iteration:265/1377 batch loss is :0.0225
2025-06-24 19:44:23 - INFO - epoch:15/25 iteration:270/1377 batch loss is :0.0313
2025-06-24 19:44:29 - INFO - epoch:15/25 iteration:275/1377 batch loss is :0.0593
2025-06-24 19:44:36 - INFO - epoch:15/25 iteration:280/1377 batch loss is :0.0091
2025-06-24 19:44:42 - INFO - epoch:15/25 iteration:285/1377 batch loss is :0.0313
2025-06-24 19:44:48 - INFO - epoch:15/25 iteration:290/1377 batch loss is :0.0445
2025-06-24 19:44:55 - INFO - epoch:15/25 iteration:295/1377 batch loss is :0.0081
2025-06-24 19:45:01 - INFO - epoch:15/25 iteration:300/1377 batch loss is :0.0400
2025-06-24 19:45:08 - INFO - epoch:15/25 iteration:305/1377 batch loss is :0.0114
2025-06-24 19:45:14 - INFO - epoch:15/25 iteration:310/1377 batch loss is :0.0104
2025-06-24 19:45:21 - INFO - epoch:15/25 iteration:315/1377 batch loss is :0.0161
2025-06-24 19:45:27 - INFO - epoch:15/25 iteration:320/1377 batch loss is :0.0836
2025-06-24 19:45:33 - INFO - epoch:15/25 iteration:325/1377 batch loss is :0.0116
2025-06-24 19:45:40 - INFO - epoch:15/25 iteration:330/1377 batch loss is :0.0772
2025-06-24 19:45:46 - INFO - epoch:15/25 iteration:335/1377 batch loss is :0.0082
2025-06-24 19:45:53 - INFO - epoch:15/25 iteration:340/1377 batch loss is :0.0370
2025-06-24 19:45:59 - INFO - epoch:15/25 iteration:345/1377 batch loss is :0.0077
2025-06-24 19:46:05 - INFO - epoch:15/25 iteration:350/1377 batch loss is :0.0068
2025-06-24 19:46:12 - INFO - epoch:15/25 iteration:355/1377 batch loss is :0.0748
2025-06-24 19:46:18 - INFO - epoch:15/25 iteration:360/1377 batch loss is :0.0175
2025-06-24 19:46:25 - INFO - epoch:15/25 iteration:365/1377 batch loss is :0.0150
2025-06-24 19:46:31 - INFO - epoch:15/25 iteration:370/1377 batch loss is :0.0057
2025-06-24 19:46:37 - INFO - epoch:15/25 iteration:375/1377 batch loss is :0.0115
2025-06-24 19:46:44 - INFO - epoch:15/25 iteration:380/1377 batch loss is :0.0378
2025-06-24 19:46:50 - INFO - epoch:15/25 iteration:385/1377 batch loss is :0.0593
2025-06-24 19:46:57 - INFO - epoch:15/25 iteration:390/1377 batch loss is :0.0221
2025-06-24 19:47:03 - INFO - epoch:15/25 iteration:395/1377 batch loss is :0.0187
2025-06-24 19:47:10 - INFO - epoch:15/25 iteration:400/1377 batch loss is :0.0362
2025-06-24 19:47:16 - INFO - epoch:15/25 iteration:405/1377 batch loss is :0.0213
2025-06-24 19:47:22 - INFO - epoch:15/25 iteration:410/1377 batch loss is :0.0100
2025-06-24 19:47:29 - INFO - epoch:15/25 iteration:415/1377 batch loss is :0.0270
2025-06-24 19:47:35 - INFO - epoch:15/25 iteration:420/1377 batch loss is :0.0168
2025-06-24 19:47:41 - INFO - epoch:15/25 iteration:425/1377 batch loss is :0.0244
2025-06-24 19:47:48 - INFO - epoch:15/25 iteration:430/1377 batch loss is :0.0061
2025-06-24 19:47:54 - INFO - epoch:15/25 iteration:435/1377 batch loss is :0.0209
2025-06-24 19:48:01 - INFO - epoch:15/25 iteration:440/1377 batch loss is :0.0705
2025-06-24 19:48:07 - INFO - epoch:15/25 iteration:445/1377 batch loss is :0.0162
2025-06-24 19:48:13 - INFO - epoch:15/25 iteration:450/1377 batch loss is :0.0161
2025-06-24 19:48:20 - INFO - epoch:15/25 iteration:455/1377 batch loss is :0.0159
2025-06-24 19:48:26 - INFO - epoch:15/25 iteration:460/1377 batch loss is :0.0121
2025-06-24 19:48:33 - INFO - epoch:15/25 iteration:465/1377 batch loss is :0.0411
2025-06-24 19:48:39 - INFO - epoch:15/25 iteration:470/1377 batch loss is :0.0125
2025-06-24 19:48:45 - INFO - epoch:15/25 iteration:475/1377 batch loss is :0.0051
2025-06-24 19:48:52 - INFO - epoch:15/25 iteration:480/1377 batch loss is :0.0042
2025-06-24 19:48:58 - INFO - epoch:15/25 iteration:485/1377 batch loss is :0.0344
2025-06-24 19:49:05 - INFO - epoch:15/25 iteration:490/1377 batch loss is :0.0236
2025-06-24 19:49:11 - INFO - epoch:15/25 iteration:495/1377 batch loss is :0.0484
2025-06-24 19:49:17 - INFO - epoch:15/25 iteration:500/1377 batch loss is :0.0022
2025-06-24 19:49:24 - INFO - epoch:15/25 iteration:505/1377 batch loss is :0.0177
2025-06-24 19:49:30 - INFO - epoch:15/25 iteration:510/1377 batch loss is :0.0150
2025-06-24 19:49:37 - INFO - epoch:15/25 iteration:515/1377 batch loss is :0.0554
2025-06-24 19:49:43 - INFO - epoch:15/25 iteration:520/1377 batch loss is :0.0025
2025-06-24 19:49:49 - INFO - epoch:15/25 iteration:525/1377 batch loss is :0.0186
2025-06-24 19:49:56 - INFO - epoch:15/25 iteration:530/1377 batch loss is :0.0285
2025-06-24 19:50:02 - INFO - epoch:15/25 iteration:535/1377 batch loss is :0.0543
2025-06-24 19:50:09 - INFO - epoch:15/25 iteration:540/1377 batch loss is :0.0146
2025-06-24 19:50:15 - INFO - epoch:15/25 iteration:545/1377 batch loss is :0.0110
2025-06-24 19:50:21 - INFO - epoch:15/25 iteration:550/1377 batch loss is :0.0032
2025-06-24 19:50:28 - INFO - epoch:15/25 iteration:555/1377 batch loss is :0.0066
2025-06-24 19:50:34 - INFO - epoch:15/25 iteration:560/1377 batch loss is :0.0240
2025-06-24 19:50:41 - INFO - epoch:15/25 iteration:565/1377 batch loss is :0.0146
2025-06-24 19:50:47 - INFO - epoch:15/25 iteration:570/1377 batch loss is :0.0027
2025-06-24 19:50:53 - INFO - epoch:15/25 iteration:575/1377 batch loss is :0.0520
2025-06-24 19:51:00 - INFO - epoch:15/25 iteration:580/1377 batch loss is :0.0414
2025-06-24 19:51:06 - INFO - epoch:15/25 iteration:585/1377 batch loss is :0.0251
2025-06-24 19:51:13 - INFO - epoch:15/25 iteration:590/1377 batch loss is :0.0121
2025-06-24 19:51:19 - INFO - epoch:15/25 iteration:595/1377 batch loss is :0.0486
2025-06-24 19:51:25 - INFO - epoch:15/25 iteration:600/1377 batch loss is :0.0262
2025-06-24 19:51:32 - INFO - epoch:15/25 iteration:605/1377 batch loss is :0.0429
2025-06-24 19:51:38 - INFO - epoch:15/25 iteration:610/1377 batch loss is :0.0220
2025-06-24 19:51:45 - INFO - epoch:15/25 iteration:615/1377 batch loss is :0.0089
2025-06-24 19:51:51 - INFO - epoch:15/25 iteration:620/1377 batch loss is :0.0093
2025-06-24 19:51:58 - INFO - epoch:15/25 iteration:625/1377 batch loss is :0.0037
2025-06-24 19:52:04 - INFO - epoch:15/25 iteration:630/1377 batch loss is :0.0613
2025-06-24 19:52:10 - INFO - epoch:15/25 iteration:635/1377 batch loss is :0.0217
2025-06-24 19:52:17 - INFO - epoch:15/25 iteration:640/1377 batch loss is :0.0068
2025-06-24 19:52:23 - INFO - epoch:15/25 iteration:645/1377 batch loss is :0.0153
2025-06-24 19:52:29 - INFO - epoch:15/25 iteration:650/1377 batch loss is :0.0060
2025-06-24 19:52:36 - INFO - epoch:15/25 iteration:655/1377 batch loss is :0.0593
2025-06-24 19:52:42 - INFO - epoch:15/25 iteration:660/1377 batch loss is :0.0883
2025-06-24 19:52:49 - INFO - epoch:15/25 iteration:665/1377 batch loss is :0.0409
2025-06-24 19:52:55 - INFO - epoch:15/25 iteration:670/1377 batch loss is :0.0547
2025-06-24 19:53:02 - INFO - epoch:15/25 iteration:675/1377 batch loss is :0.0218
2025-06-24 19:53:08 - INFO - epoch:15/25 iteration:680/1377 batch loss is :0.0459
2025-06-24 19:53:14 - INFO - epoch:15/25 iteration:685/1377 batch loss is :0.0172
2025-06-24 19:53:21 - INFO - epoch:15/25 iteration:690/1377 batch loss is :0.0189
2025-06-24 19:53:27 - INFO - epoch:15/25 iteration:695/1377 batch loss is :0.0257
2025-06-24 19:53:33 - INFO - epoch:15/25 iteration:700/1377 batch loss is :0.0262
2025-06-24 19:53:40 - INFO - epoch:15/25 iteration:705/1377 batch loss is :0.1026
2025-06-24 19:53:46 - INFO - epoch:15/25 iteration:710/1377 batch loss is :0.1272
2025-06-24 19:53:53 - INFO - epoch:15/25 iteration:715/1377 batch loss is :0.0239
2025-06-24 19:53:59 - INFO - epoch:15/25 iteration:720/1377 batch loss is :0.0326
2025-06-24 19:54:06 - INFO - epoch:15/25 iteration:725/1377 batch loss is :0.0345
2025-06-24 19:54:12 - INFO - epoch:15/25 iteration:730/1377 batch loss is :0.0144
2025-06-24 19:54:19 - INFO - epoch:15/25 iteration:735/1377 batch loss is :0.0341
2025-06-24 19:54:25 - INFO - epoch:15/25 iteration:740/1377 batch loss is :0.0399
2025-06-24 19:54:31 - INFO - epoch:15/25 iteration:745/1377 batch loss is :0.0388
2025-06-24 19:54:38 - INFO - epoch:15/25 iteration:750/1377 batch loss is :0.0265
2025-06-24 19:54:44 - INFO - epoch:15/25 iteration:755/1377 batch loss is :0.0018
2025-06-24 19:54:51 - INFO - epoch:15/25 iteration:760/1377 batch loss is :0.0988
2025-06-24 19:54:57 - INFO - epoch:15/25 iteration:765/1377 batch loss is :0.0354
2025-06-24 19:55:03 - INFO - epoch:15/25 iteration:770/1377 batch loss is :0.0090
2025-06-24 19:55:10 - INFO - epoch:15/25 iteration:775/1377 batch loss is :0.0080
2025-06-24 19:55:16 - INFO - epoch:15/25 iteration:780/1377 batch loss is :0.0148
2025-06-24 19:55:23 - INFO - epoch:15/25 iteration:785/1377 batch loss is :0.0133
2025-06-24 19:55:29 - INFO - epoch:15/25 iteration:790/1377 batch loss is :0.0305
2025-06-24 19:55:36 - INFO - epoch:15/25 iteration:795/1377 batch loss is :0.0101
2025-06-24 19:55:42 - INFO - epoch:15/25 iteration:800/1377 batch loss is :0.0192
2025-06-24 19:55:48 - INFO - epoch:15/25 iteration:805/1377 batch loss is :0.0344
2025-06-24 19:55:55 - INFO - epoch:15/25 iteration:810/1377 batch loss is :0.0245
2025-06-24 19:56:01 - INFO - epoch:15/25 iteration:815/1377 batch loss is :0.0094
2025-06-24 19:56:08 - INFO - epoch:15/25 iteration:820/1377 batch loss is :0.0333
2025-06-24 19:56:14 - INFO - epoch:15/25 iteration:825/1377 batch loss is :0.0120
2025-06-24 19:56:21 - INFO - epoch:15/25 iteration:830/1377 batch loss is :0.0281
2025-06-24 19:56:27 - INFO - epoch:15/25 iteration:835/1377 batch loss is :0.0109
2025-06-24 19:56:33 - INFO - epoch:15/25 iteration:840/1377 batch loss is :0.0373
2025-06-24 19:56:40 - INFO - epoch:15/25 iteration:845/1377 batch loss is :0.0118
2025-06-24 19:56:46 - INFO - epoch:15/25 iteration:850/1377 batch loss is :0.0465
2025-06-24 19:56:53 - INFO - epoch:15/25 iteration:855/1377 batch loss is :0.0100
2025-06-24 19:56:59 - INFO - epoch:15/25 iteration:860/1377 batch loss is :0.0351
2025-06-24 19:57:06 - INFO - epoch:15/25 iteration:865/1377 batch loss is :0.0670
2025-06-24 19:57:12 - INFO - epoch:15/25 iteration:870/1377 batch loss is :0.0312
2025-06-24 19:57:18 - INFO - epoch:15/25 iteration:875/1377 batch loss is :0.0258
2025-06-24 19:57:25 - INFO - epoch:15/25 iteration:880/1377 batch loss is :0.0137
2025-06-24 19:57:31 - INFO - epoch:15/25 iteration:885/1377 batch loss is :0.0136
2025-06-24 19:57:38 - INFO - epoch:15/25 iteration:890/1377 batch loss is :0.0118
2025-06-24 19:57:44 - INFO - epoch:15/25 iteration:895/1377 batch loss is :0.0104
2025-06-24 19:57:50 - INFO - epoch:15/25 iteration:900/1377 batch loss is :0.0145
2025-06-24 19:57:57 - INFO - epoch:15/25 iteration:905/1377 batch loss is :0.0082
2025-06-24 19:58:03 - INFO - epoch:15/25 iteration:910/1377 batch loss is :0.0250
2025-06-24 19:58:10 - INFO - epoch:15/25 iteration:915/1377 batch loss is :0.0175
2025-06-24 19:58:16 - INFO - epoch:15/25 iteration:920/1377 batch loss is :0.0290
2025-06-24 19:58:23 - INFO - epoch:15/25 iteration:925/1377 batch loss is :0.0132
2025-06-24 19:58:29 - INFO - epoch:15/25 iteration:930/1377 batch loss is :0.0326
2025-06-24 19:58:35 - INFO - epoch:15/25 iteration:935/1377 batch loss is :0.0267
2025-06-24 19:58:42 - INFO - epoch:15/25 iteration:940/1377 batch loss is :0.0050
2025-06-24 19:58:48 - INFO - epoch:15/25 iteration:945/1377 batch loss is :0.0044
2025-06-24 19:58:55 - INFO - epoch:15/25 iteration:950/1377 batch loss is :0.0143
2025-06-24 19:59:01 - INFO - epoch:15/25 iteration:955/1377 batch loss is :0.0082
2025-06-24 19:59:08 - INFO - epoch:15/25 iteration:960/1377 batch loss is :0.0854
2025-06-24 19:59:14 - INFO - epoch:15/25 iteration:965/1377 batch loss is :0.0076
2025-06-24 19:59:20 - INFO - epoch:15/25 iteration:970/1377 batch loss is :0.0292
2025-06-24 19:59:27 - INFO - epoch:15/25 iteration:975/1377 batch loss is :0.0070
2025-06-24 19:59:33 - INFO - epoch:15/25 iteration:980/1377 batch loss is :0.0393
2025-06-24 19:59:40 - INFO - epoch:15/25 iteration:985/1377 batch loss is :0.0074
2025-06-24 19:59:46 - INFO - epoch:15/25 iteration:990/1377 batch loss is :0.0644
2025-06-24 19:59:52 - INFO - epoch:15/25 iteration:995/1377 batch loss is :0.0295
2025-06-24 19:59:59 - INFO - epoch:15/25 iteration:1000/1377 batch loss is :0.0312
2025-06-24 20:00:05 - INFO - epoch:15/25 iteration:1005/1377 batch loss is :0.0271
2025-06-24 20:00:12 - INFO - epoch:15/25 iteration:1010/1377 batch loss is :0.0087
2025-06-24 20:00:18 - INFO - epoch:15/25 iteration:1015/1377 batch loss is :0.0144
2025-06-24 20:00:25 - INFO - epoch:15/25 iteration:1020/1377 batch loss is :0.0273
2025-06-24 20:00:31 - INFO - epoch:15/25 iteration:1025/1377 batch loss is :0.0336
2025-06-24 20:00:38 - INFO - epoch:15/25 iteration:1030/1377 batch loss is :0.0151
2025-06-24 20:00:44 - INFO - epoch:15/25 iteration:1035/1377 batch loss is :0.0123
2025-06-24 20:00:50 - INFO - epoch:15/25 iteration:1040/1377 batch loss is :0.0025
2025-06-24 20:00:57 - INFO - epoch:15/25 iteration:1045/1377 batch loss is :0.0147
2025-06-24 20:01:03 - INFO - epoch:15/25 iteration:1050/1377 batch loss is :0.0282
2025-06-24 20:01:10 - INFO - epoch:15/25 iteration:1055/1377 batch loss is :0.0293
2025-06-24 20:01:16 - INFO - epoch:15/25 iteration:1060/1377 batch loss is :0.3514
2025-06-24 20:01:22 - INFO - epoch:15/25 iteration:1065/1377 batch loss is :0.0165
2025-06-24 20:01:29 - INFO - epoch:15/25 iteration:1070/1377 batch loss is :0.0296
2025-06-24 20:01:35 - INFO - epoch:15/25 iteration:1075/1377 batch loss is :0.0107
2025-06-24 20:01:42 - INFO - epoch:15/25 iteration:1080/1377 batch loss is :0.0080
2025-06-24 20:01:48 - INFO - epoch:15/25 iteration:1085/1377 batch loss is :0.0041
2025-06-24 20:01:55 - INFO - epoch:15/25 iteration:1090/1377 batch loss is :0.0218
2025-06-24 20:02:01 - INFO - epoch:15/25 iteration:1095/1377 batch loss is :0.0430
2025-06-24 20:02:07 - INFO - epoch:15/25 iteration:1100/1377 batch loss is :0.0028
2025-06-24 20:02:14 - INFO - epoch:15/25 iteration:1105/1377 batch loss is :0.0446
2025-06-24 20:02:20 - INFO - epoch:15/25 iteration:1110/1377 batch loss is :0.0363
2025-06-24 20:02:27 - INFO - epoch:15/25 iteration:1115/1377 batch loss is :0.0196
2025-06-24 20:02:33 - INFO - epoch:15/25 iteration:1120/1377 batch loss is :0.0086
2025-06-24 20:02:39 - INFO - epoch:15/25 iteration:1125/1377 batch loss is :0.0163
2025-06-24 20:02:46 - INFO - epoch:15/25 iteration:1130/1377 batch loss is :0.0577
2025-06-24 20:02:52 - INFO - epoch:15/25 iteration:1135/1377 batch loss is :0.0281
2025-06-24 20:02:59 - INFO - epoch:15/25 iteration:1140/1377 batch loss is :0.0238
2025-06-24 20:03:05 - INFO - epoch:15/25 iteration:1145/1377 batch loss is :0.0366
2025-06-24 20:03:12 - INFO - epoch:15/25 iteration:1150/1377 batch loss is :0.0352
2025-06-24 20:03:18 - INFO - epoch:15/25 iteration:1155/1377 batch loss is :0.0111
2025-06-24 20:03:24 - INFO - epoch:15/25 iteration:1160/1377 batch loss is :0.0302
2025-06-24 20:03:31 - INFO - epoch:15/25 iteration:1165/1377 batch loss is :0.0151
2025-06-24 20:03:37 - INFO - epoch:15/25 iteration:1170/1377 batch loss is :0.0215
2025-06-24 20:03:44 - INFO - epoch:15/25 iteration:1175/1377 batch loss is :0.0176
2025-06-24 20:03:50 - INFO - epoch:15/25 iteration:1180/1377 batch loss is :0.0591
2025-06-24 20:03:57 - INFO - epoch:15/25 iteration:1185/1377 batch loss is :0.0312
2025-06-24 20:04:03 - INFO - epoch:15/25 iteration:1190/1377 batch loss is :0.0026
2025-06-24 20:04:09 - INFO - epoch:15/25 iteration:1195/1377 batch loss is :0.0597
2025-06-24 20:04:16 - INFO - epoch:15/25 iteration:1200/1377 batch loss is :0.0141
2025-06-24 20:04:22 - INFO - epoch:15/25 iteration:1205/1377 batch loss is :0.0360
2025-06-24 20:04:28 - INFO - epoch:15/25 iteration:1210/1377 batch loss is :0.0265
2025-06-24 20:04:35 - INFO - epoch:15/25 iteration:1215/1377 batch loss is :0.0093
2025-06-24 20:04:41 - INFO - epoch:15/25 iteration:1220/1377 batch loss is :0.0081
2025-06-24 20:04:48 - INFO - epoch:15/25 iteration:1225/1377 batch loss is :0.0326
2025-06-24 20:04:54 - INFO - epoch:15/25 iteration:1230/1377 batch loss is :0.0107
2025-06-24 20:05:00 - INFO - epoch:15/25 iteration:1235/1377 batch loss is :0.0105
2025-06-24 20:05:07 - INFO - epoch:15/25 iteration:1240/1377 batch loss is :0.0141
2025-06-24 20:05:13 - INFO - epoch:15/25 iteration:1245/1377 batch loss is :0.0152
2025-06-24 20:05:20 - INFO - epoch:15/25 iteration:1250/1377 batch loss is :0.0466
2025-06-24 20:05:26 - INFO - epoch:15/25 iteration:1255/1377 batch loss is :0.0529
2025-06-24 20:05:32 - INFO - epoch:15/25 iteration:1260/1377 batch loss is :0.0641
2025-06-24 20:05:39 - INFO - epoch:15/25 iteration:1265/1377 batch loss is :0.0143
2025-06-24 20:05:45 - INFO - epoch:15/25 iteration:1270/1377 batch loss is :0.0360
2025-06-24 20:05:52 - INFO - epoch:15/25 iteration:1275/1377 batch loss is :0.0305
2025-06-24 20:05:58 - INFO - epoch:15/25 iteration:1280/1377 batch loss is :0.0119
2025-06-24 20:06:04 - INFO - epoch:15/25 iteration:1285/1377 batch loss is :0.0448
2025-06-24 20:06:11 - INFO - epoch:15/25 iteration:1290/1377 batch loss is :0.0297
2025-06-24 20:06:17 - INFO - epoch:15/25 iteration:1295/1377 batch loss is :0.0137
2025-06-24 20:06:24 - INFO - epoch:15/25 iteration:1300/1377 batch loss is :0.0240
2025-06-24 20:06:30 - INFO - epoch:15/25 iteration:1305/1377 batch loss is :0.0201
2025-06-24 20:06:36 - INFO - epoch:15/25 iteration:1310/1377 batch loss is :0.0568
2025-06-24 20:06:43 - INFO - epoch:15/25 iteration:1315/1377 batch loss is :0.0198
2025-06-24 20:06:49 - INFO - epoch:15/25 iteration:1320/1377 batch loss is :0.0616
2025-06-24 20:06:56 - INFO - epoch:15/25 iteration:1325/1377 batch loss is :0.0172
2025-06-24 20:07:02 - INFO - epoch:15/25 iteration:1330/1377 batch loss is :0.0186
2025-06-24 20:07:09 - INFO - epoch:15/25 iteration:1335/1377 batch loss is :0.0118
2025-06-24 20:07:15 - INFO - epoch:15/25 iteration:1340/1377 batch loss is :0.0226
2025-06-24 20:07:21 - INFO - epoch:15/25 iteration:1345/1377 batch loss is :0.0095
2025-06-24 20:07:28 - INFO - epoch:15/25 iteration:1350/1377 batch loss is :0.0454
2025-06-24 20:07:34 - INFO - epoch:15/25 iteration:1355/1377 batch loss is :0.0083
2025-06-24 20:07:40 - INFO - epoch:15/25 iteration:1360/1377 batch loss is :0.0833
2025-06-24 20:07:46 - INFO - epoch:15/25 iteration:1365/1377 batch loss is :0.0017
2025-06-24 20:07:53 - INFO - epoch:15/25 iteration:1370/1377 batch loss is :0.0923
2025-06-24 20:07:59 - INFO - epoch:15/25 iteration:1375/1377 batch loss is :0.0249
2025-06-24 20:08:00 - INFO - Epoch:15/25 Loss is :0.0266
2025-06-24 20:17:13 - INFO - VAL loss :0.1450
2025-06-24 20:19:38 - INFO - epoch:16/25 iteration:0/1377 batch loss is :0.0077
2025-06-24 20:19:45 - INFO - epoch:16/25 iteration:5/1377 batch loss is :0.0174
2025-06-24 20:19:52 - INFO - epoch:16/25 iteration:10/1377 batch loss is :0.0032
2025-06-24 20:19:58 - INFO - epoch:16/25 iteration:15/1377 batch loss is :0.0180
2025-06-24 20:20:05 - INFO - epoch:16/25 iteration:20/1377 batch loss is :0.0319
2025-06-24 20:20:12 - INFO - epoch:16/25 iteration:25/1377 batch loss is :0.0089
2025-06-24 20:20:18 - INFO - epoch:16/25 iteration:30/1377 batch loss is :0.0034
2025-06-24 20:20:24 - INFO - epoch:16/25 iteration:35/1377 batch loss is :0.0067
2025-06-24 20:20:31 - INFO - epoch:16/25 iteration:40/1377 batch loss is :0.0148
2025-06-24 20:20:37 - INFO - epoch:16/25 iteration:45/1377 batch loss is :0.0180
2025-06-24 20:20:44 - INFO - epoch:16/25 iteration:50/1377 batch loss is :0.0258
2025-06-24 20:20:50 - INFO - epoch:16/25 iteration:55/1377 batch loss is :0.0392
2025-06-24 20:20:56 - INFO - epoch:16/25 iteration:60/1377 batch loss is :0.0315
2025-06-24 20:21:03 - INFO - epoch:16/25 iteration:65/1377 batch loss is :0.0097
2025-06-24 20:21:09 - INFO - epoch:16/25 iteration:70/1377 batch loss is :0.0256
2025-06-24 20:21:16 - INFO - epoch:16/25 iteration:75/1377 batch loss is :0.0553
2025-06-24 20:21:22 - INFO - epoch:16/25 iteration:80/1377 batch loss is :0.0083
2025-06-24 20:21:28 - INFO - epoch:16/25 iteration:85/1377 batch loss is :0.0352
2025-06-24 20:21:35 - INFO - epoch:16/25 iteration:90/1377 batch loss is :0.0283
2025-06-24 20:21:41 - INFO - epoch:16/25 iteration:95/1377 batch loss is :0.0571
2025-06-24 20:21:47 - INFO - epoch:16/25 iteration:100/1377 batch loss is :0.0158
2025-06-24 20:21:54 - INFO - epoch:16/25 iteration:105/1377 batch loss is :0.0060
2025-06-24 20:22:00 - INFO - epoch:16/25 iteration:110/1377 batch loss is :0.0360
2025-06-24 20:22:07 - INFO - epoch:16/25 iteration:115/1377 batch loss is :0.0293
2025-06-24 20:22:13 - INFO - epoch:16/25 iteration:120/1377 batch loss is :0.0344
2025-06-24 20:22:20 - INFO - epoch:16/25 iteration:125/1377 batch loss is :0.0042
2025-06-24 20:22:26 - INFO - epoch:16/25 iteration:130/1377 batch loss is :0.0207
2025-06-24 20:22:32 - INFO - epoch:16/25 iteration:135/1377 batch loss is :0.0464
2025-06-24 20:22:39 - INFO - epoch:16/25 iteration:140/1377 batch loss is :0.0099
2025-06-24 20:22:45 - INFO - epoch:16/25 iteration:145/1377 batch loss is :0.0389
2025-06-24 20:22:51 - INFO - epoch:16/25 iteration:150/1377 batch loss is :0.0063
2025-06-24 20:22:58 - INFO - epoch:16/25 iteration:155/1377 batch loss is :0.0168
2025-06-24 20:23:04 - INFO - epoch:16/25 iteration:160/1377 batch loss is :0.0035
2025-06-24 20:23:11 - INFO - epoch:16/25 iteration:165/1377 batch loss is :0.0169
2025-06-24 20:23:17 - INFO - epoch:16/25 iteration:170/1377 batch loss is :0.0046
2025-06-24 20:23:23 - INFO - epoch:16/25 iteration:175/1377 batch loss is :0.0967
2025-06-24 20:23:30 - INFO - epoch:16/25 iteration:180/1377 batch loss is :0.0116
2025-06-24 20:23:36 - INFO - epoch:16/25 iteration:185/1377 batch loss is :0.0592
2025-06-24 20:23:43 - INFO - epoch:16/25 iteration:190/1377 batch loss is :0.0204
2025-06-24 20:23:49 - INFO - epoch:16/25 iteration:195/1377 batch loss is :0.0226
2025-06-24 20:23:55 - INFO - epoch:16/25 iteration:200/1377 batch loss is :0.0420
2025-06-24 20:24:02 - INFO - epoch:16/25 iteration:205/1377 batch loss is :0.0128
2025-06-24 20:24:08 - INFO - epoch:16/25 iteration:210/1377 batch loss is :0.0490
2025-06-24 20:24:15 - INFO - epoch:16/25 iteration:215/1377 batch loss is :0.0190
2025-06-24 20:24:21 - INFO - epoch:16/25 iteration:220/1377 batch loss is :0.0009
2025-06-24 20:24:28 - INFO - epoch:16/25 iteration:225/1377 batch loss is :0.0213
2025-06-24 20:24:34 - INFO - epoch:16/25 iteration:230/1377 batch loss is :0.0159
2025-06-24 20:24:40 - INFO - epoch:16/25 iteration:235/1377 batch loss is :0.0167
2025-06-24 20:24:47 - INFO - epoch:16/25 iteration:240/1377 batch loss is :0.0088
2025-06-24 20:24:53 - INFO - epoch:16/25 iteration:245/1377 batch loss is :0.0102
2025-06-24 20:24:59 - INFO - epoch:16/25 iteration:250/1377 batch loss is :0.0175
2025-06-24 20:25:06 - INFO - epoch:16/25 iteration:255/1377 batch loss is :0.0299
2025-06-24 20:25:12 - INFO - epoch:16/25 iteration:260/1377 batch loss is :0.0070
2025-06-24 20:25:19 - INFO - epoch:16/25 iteration:265/1377 batch loss is :0.0066
2025-06-24 20:25:25 - INFO - epoch:16/25 iteration:270/1377 batch loss is :0.0056
2025-06-24 20:25:31 - INFO - epoch:16/25 iteration:275/1377 batch loss is :0.0068
2025-06-24 20:25:38 - INFO - epoch:16/25 iteration:280/1377 batch loss is :0.0317
2025-06-24 20:25:44 - INFO - epoch:16/25 iteration:285/1377 batch loss is :0.0186
2025-06-24 20:25:51 - INFO - epoch:16/25 iteration:290/1377 batch loss is :0.0072
2025-06-24 20:25:57 - INFO - epoch:16/25 iteration:295/1377 batch loss is :0.0169
2025-06-24 20:26:04 - INFO - epoch:16/25 iteration:300/1377 batch loss is :0.0152
2025-06-24 20:26:10 - INFO - epoch:16/25 iteration:305/1377 batch loss is :0.0108
2025-06-24 20:26:16 - INFO - epoch:16/25 iteration:310/1377 batch loss is :0.0066
2025-06-24 20:26:23 - INFO - epoch:16/25 iteration:315/1377 batch loss is :0.0233
2025-06-24 20:26:29 - INFO - epoch:16/25 iteration:320/1377 batch loss is :0.0533
2025-06-24 20:26:36 - INFO - epoch:16/25 iteration:325/1377 batch loss is :0.0330
2025-06-24 20:26:42 - INFO - epoch:16/25 iteration:330/1377 batch loss is :0.0131
2025-06-24 20:26:49 - INFO - epoch:16/25 iteration:335/1377 batch loss is :0.0034
2025-06-24 20:26:55 - INFO - epoch:16/25 iteration:340/1377 batch loss is :0.0013
2025-06-24 20:27:01 - INFO - epoch:16/25 iteration:345/1377 batch loss is :0.0551
2025-06-24 20:27:08 - INFO - epoch:16/25 iteration:350/1377 batch loss is :0.0111
2025-06-24 20:27:14 - INFO - epoch:16/25 iteration:355/1377 batch loss is :0.0294
2025-06-24 20:27:21 - INFO - epoch:16/25 iteration:360/1377 batch loss is :0.0538
2025-06-24 20:27:27 - INFO - epoch:16/25 iteration:365/1377 batch loss is :0.0239
2025-06-24 20:27:33 - INFO - epoch:16/25 iteration:370/1377 batch loss is :0.0084
2025-06-24 20:27:40 - INFO - epoch:16/25 iteration:375/1377 batch loss is :0.0041
2025-06-24 20:27:46 - INFO - epoch:16/25 iteration:380/1377 batch loss is :0.0138
2025-06-24 20:27:53 - INFO - epoch:16/25 iteration:385/1377 batch loss is :0.0096
2025-06-24 20:27:59 - INFO - epoch:16/25 iteration:390/1377 batch loss is :0.0674
2025-06-24 20:28:06 - INFO - epoch:16/25 iteration:395/1377 batch loss is :0.0088
2025-06-24 20:28:12 - INFO - epoch:16/25 iteration:400/1377 batch loss is :0.0172
2025-06-24 20:28:18 - INFO - epoch:16/25 iteration:405/1377 batch loss is :0.0067
2025-06-24 20:28:25 - INFO - epoch:16/25 iteration:410/1377 batch loss is :0.1282
2025-06-24 20:28:31 - INFO - epoch:16/25 iteration:415/1377 batch loss is :0.0440
2025-06-24 20:28:37 - INFO - epoch:16/25 iteration:420/1377 batch loss is :0.0216
2025-06-24 20:28:44 - INFO - epoch:16/25 iteration:425/1377 batch loss is :0.0329
2025-06-24 20:28:50 - INFO - epoch:16/25 iteration:430/1377 batch loss is :0.0068
2025-06-24 20:28:57 - INFO - epoch:16/25 iteration:435/1377 batch loss is :0.0110
2025-06-24 20:29:03 - INFO - epoch:16/25 iteration:440/1377 batch loss is :0.0284
2025-06-24 20:29:09 - INFO - epoch:16/25 iteration:445/1377 batch loss is :0.0460
2025-06-24 20:29:16 - INFO - epoch:16/25 iteration:450/1377 batch loss is :0.0038
2025-06-24 20:29:22 - INFO - epoch:16/25 iteration:455/1377 batch loss is :0.0106
2025-06-24 20:29:29 - INFO - epoch:16/25 iteration:460/1377 batch loss is :0.0073
2025-06-24 20:29:35 - INFO - epoch:16/25 iteration:465/1377 batch loss is :0.0293
2025-06-24 20:29:41 - INFO - epoch:16/25 iteration:470/1377 batch loss is :0.0374
2025-06-24 20:29:48 - INFO - epoch:16/25 iteration:475/1377 batch loss is :0.0088
2025-06-24 20:29:54 - INFO - epoch:16/25 iteration:480/1377 batch loss is :0.0105
2025-06-24 20:30:01 - INFO - epoch:16/25 iteration:485/1377 batch loss is :0.0125
2025-06-24 20:30:07 - INFO - epoch:16/25 iteration:490/1377 batch loss is :0.0066
2025-06-24 20:30:14 - INFO - epoch:16/25 iteration:495/1377 batch loss is :0.0366
2025-06-24 20:30:20 - INFO - epoch:16/25 iteration:500/1377 batch loss is :0.0143
2025-06-24 20:30:26 - INFO - epoch:16/25 iteration:505/1377 batch loss is :0.0121
2025-06-24 20:30:33 - INFO - epoch:16/25 iteration:510/1377 batch loss is :0.0475
2025-06-24 20:30:39 - INFO - epoch:16/25 iteration:515/1377 batch loss is :0.0216
2025-06-24 20:30:46 - INFO - epoch:16/25 iteration:520/1377 batch loss is :0.0122
2025-06-24 20:30:52 - INFO - epoch:16/25 iteration:525/1377 batch loss is :0.0269
2025-06-24 20:30:58 - INFO - epoch:16/25 iteration:530/1377 batch loss is :0.0671
2025-06-24 20:31:05 - INFO - epoch:16/25 iteration:535/1377 batch loss is :0.0113
2025-06-24 20:31:11 - INFO - epoch:16/25 iteration:540/1377 batch loss is :0.0137
2025-06-24 20:31:18 - INFO - epoch:16/25 iteration:545/1377 batch loss is :0.0204
2025-06-24 20:31:24 - INFO - epoch:16/25 iteration:550/1377 batch loss is :0.0132
2025-06-24 20:31:31 - INFO - epoch:16/25 iteration:555/1377 batch loss is :0.0117
2025-06-24 20:31:37 - INFO - epoch:16/25 iteration:560/1377 batch loss is :0.0142
2025-06-24 20:31:43 - INFO - epoch:16/25 iteration:565/1377 batch loss is :0.0402
2025-06-24 20:31:50 - INFO - epoch:16/25 iteration:570/1377 batch loss is :0.0380
2025-06-24 20:31:56 - INFO - epoch:16/25 iteration:575/1377 batch loss is :0.0132
2025-06-24 20:32:03 - INFO - epoch:16/25 iteration:580/1377 batch loss is :0.0249
2025-06-24 20:32:09 - INFO - epoch:16/25 iteration:585/1377 batch loss is :0.0012
2025-06-24 20:32:16 - INFO - epoch:16/25 iteration:590/1377 batch loss is :0.0058
2025-06-24 20:32:22 - INFO - epoch:16/25 iteration:595/1377 batch loss is :0.0240
2025-06-24 20:32:28 - INFO - epoch:16/25 iteration:600/1377 batch loss is :0.1001
2025-06-24 20:32:35 - INFO - epoch:16/25 iteration:605/1377 batch loss is :0.0182
2025-06-24 20:32:41 - INFO - epoch:16/25 iteration:610/1377 batch loss is :0.0439
2025-06-24 20:32:48 - INFO - epoch:16/25 iteration:615/1377 batch loss is :0.0199
2025-06-24 20:32:54 - INFO - epoch:16/25 iteration:620/1377 batch loss is :0.0108
2025-06-24 20:33:00 - INFO - epoch:16/25 iteration:625/1377 batch loss is :0.0101
2025-06-24 20:33:07 - INFO - epoch:16/25 iteration:630/1377 batch loss is :0.0432
2025-06-24 20:33:13 - INFO - epoch:16/25 iteration:635/1377 batch loss is :0.0780
2025-06-24 20:33:20 - INFO - epoch:16/25 iteration:640/1377 batch loss is :0.0373
2025-06-24 20:33:26 - INFO - epoch:16/25 iteration:645/1377 batch loss is :0.0101
2025-06-24 20:33:32 - INFO - epoch:16/25 iteration:650/1377 batch loss is :0.0120
2025-06-24 20:33:39 - INFO - epoch:16/25 iteration:655/1377 batch loss is :0.0077
2025-06-24 20:33:45 - INFO - epoch:16/25 iteration:660/1377 batch loss is :0.0056
2025-06-24 20:33:52 - INFO - epoch:16/25 iteration:665/1377 batch loss is :0.0486
2025-06-24 20:33:58 - INFO - epoch:16/25 iteration:670/1377 batch loss is :0.0249
2025-06-24 20:34:04 - INFO - epoch:16/25 iteration:675/1377 batch loss is :0.0358
2025-06-24 20:34:11 - INFO - epoch:16/25 iteration:680/1377 batch loss is :0.0106
2025-06-24 20:34:17 - INFO - epoch:16/25 iteration:685/1377 batch loss is :0.0101
2025-06-24 20:34:24 - INFO - epoch:16/25 iteration:690/1377 batch loss is :0.0053
2025-06-24 20:34:30 - INFO - epoch:16/25 iteration:695/1377 batch loss is :0.0010
2025-06-24 20:34:37 - INFO - epoch:16/25 iteration:700/1377 batch loss is :0.0244
2025-06-24 20:34:43 - INFO - epoch:16/25 iteration:705/1377 batch loss is :0.0399
2025-06-24 20:34:49 - INFO - epoch:16/25 iteration:710/1377 batch loss is :0.0187
2025-06-24 20:34:56 - INFO - epoch:16/25 iteration:715/1377 batch loss is :0.0268
2025-06-24 20:35:02 - INFO - epoch:16/25 iteration:720/1377 batch loss is :0.0176
2025-06-24 20:35:09 - INFO - epoch:16/25 iteration:725/1377 batch loss is :0.0344
2025-06-24 20:35:15 - INFO - epoch:16/25 iteration:730/1377 batch loss is :0.0103
2025-06-24 20:35:21 - INFO - epoch:16/25 iteration:735/1377 batch loss is :0.0018
2025-06-24 20:35:28 - INFO - epoch:16/25 iteration:740/1377 batch loss is :0.0041
2025-06-24 20:35:34 - INFO - epoch:16/25 iteration:745/1377 batch loss is :0.0228
2025-06-24 20:35:41 - INFO - epoch:16/25 iteration:750/1377 batch loss is :0.0558
2025-06-24 20:35:47 - INFO - epoch:16/25 iteration:755/1377 batch loss is :0.0030
2025-06-24 20:35:54 - INFO - epoch:16/25 iteration:760/1377 batch loss is :0.0133
2025-06-24 20:36:00 - INFO - epoch:16/25 iteration:765/1377 batch loss is :0.0429
2025-06-24 20:36:06 - INFO - epoch:16/25 iteration:770/1377 batch loss is :0.0106
2025-06-24 20:36:13 - INFO - epoch:16/25 iteration:775/1377 batch loss is :0.0025
2025-06-24 20:36:19 - INFO - epoch:16/25 iteration:780/1377 batch loss is :0.0106
2025-06-24 20:36:26 - INFO - epoch:16/25 iteration:785/1377 batch loss is :0.0140
2025-06-24 20:36:32 - INFO - epoch:16/25 iteration:790/1377 batch loss is :0.0092
2025-06-24 20:36:39 - INFO - epoch:16/25 iteration:795/1377 batch loss is :0.0163
2025-06-24 20:36:45 - INFO - epoch:16/25 iteration:800/1377 batch loss is :0.0525
2025-06-24 20:36:51 - INFO - epoch:16/25 iteration:805/1377 batch loss is :0.0263
2025-06-24 20:36:58 - INFO - epoch:16/25 iteration:810/1377 batch loss is :0.0140
2025-06-24 20:37:04 - INFO - epoch:16/25 iteration:815/1377 batch loss is :0.0342
2025-06-24 20:37:11 - INFO - epoch:16/25 iteration:820/1377 batch loss is :0.0381
2025-06-24 20:37:17 - INFO - epoch:16/25 iteration:825/1377 batch loss is :0.0169
2025-06-24 20:37:23 - INFO - epoch:16/25 iteration:830/1377 batch loss is :0.0071
2025-06-24 20:37:30 - INFO - epoch:16/25 iteration:835/1377 batch loss is :0.0099
2025-06-24 20:37:36 - INFO - epoch:16/25 iteration:840/1377 batch loss is :0.0162
2025-06-24 20:37:43 - INFO - epoch:16/25 iteration:845/1377 batch loss is :0.0126
2025-06-24 20:37:49 - INFO - epoch:16/25 iteration:850/1377 batch loss is :0.0231
2025-06-24 20:37:56 - INFO - epoch:16/25 iteration:855/1377 batch loss is :0.0025
2025-06-24 20:38:02 - INFO - epoch:16/25 iteration:860/1377 batch loss is :0.0699
2025-06-24 20:38:08 - INFO - epoch:16/25 iteration:865/1377 batch loss is :0.0206
2025-06-24 20:38:15 - INFO - epoch:16/25 iteration:870/1377 batch loss is :0.0099
2025-06-24 20:38:21 - INFO - epoch:16/25 iteration:875/1377 batch loss is :0.0248
2025-06-24 20:38:27 - INFO - epoch:16/25 iteration:880/1377 batch loss is :0.0286
2025-06-24 20:38:34 - INFO - epoch:16/25 iteration:885/1377 batch loss is :0.0067
2025-06-24 20:38:40 - INFO - epoch:16/25 iteration:890/1377 batch loss is :0.0089
2025-06-24 20:38:47 - INFO - epoch:16/25 iteration:895/1377 batch loss is :0.0247
2025-06-24 20:38:53 - INFO - epoch:16/25 iteration:900/1377 batch loss is :0.0651
2025-06-24 20:38:59 - INFO - epoch:16/25 iteration:905/1377 batch loss is :0.0427
2025-06-24 20:39:06 - INFO - epoch:16/25 iteration:910/1377 batch loss is :0.0069
2025-06-24 20:39:12 - INFO - epoch:16/25 iteration:915/1377 batch loss is :0.0102
2025-06-24 20:39:19 - INFO - epoch:16/25 iteration:920/1377 batch loss is :0.0336
2025-06-24 20:39:25 - INFO - epoch:16/25 iteration:925/1377 batch loss is :0.0091
2025-06-24 20:39:31 - INFO - epoch:16/25 iteration:930/1377 batch loss is :0.0005
2025-06-24 20:39:38 - INFO - epoch:16/25 iteration:935/1377 batch loss is :0.0172
2025-06-24 20:39:44 - INFO - epoch:16/25 iteration:940/1377 batch loss is :0.0277
2025-06-24 20:39:51 - INFO - epoch:16/25 iteration:945/1377 batch loss is :0.0208
2025-06-24 20:39:57 - INFO - epoch:16/25 iteration:950/1377 batch loss is :0.0167
2025-06-24 20:40:03 - INFO - epoch:16/25 iteration:955/1377 batch loss is :0.0166
2025-06-24 20:40:10 - INFO - epoch:16/25 iteration:960/1377 batch loss is :0.0579
2025-06-24 20:40:16 - INFO - epoch:16/25 iteration:965/1377 batch loss is :0.0165
2025-06-24 20:40:23 - INFO - epoch:16/25 iteration:970/1377 batch loss is :0.0105
2025-06-24 20:40:29 - INFO - epoch:16/25 iteration:975/1377 batch loss is :0.0206
2025-06-24 20:40:35 - INFO - epoch:16/25 iteration:980/1377 batch loss is :0.0223
2025-06-24 20:40:42 - INFO - epoch:16/25 iteration:985/1377 batch loss is :0.0141
2025-06-24 20:40:48 - INFO - epoch:16/25 iteration:990/1377 batch loss is :0.0579
2025-06-24 20:40:55 - INFO - epoch:16/25 iteration:995/1377 batch loss is :0.0199
2025-06-24 20:41:01 - INFO - epoch:16/25 iteration:1000/1377 batch loss is :0.0163
2025-06-24 20:41:07 - INFO - epoch:16/25 iteration:1005/1377 batch loss is :0.1672
2025-06-24 20:41:14 - INFO - epoch:16/25 iteration:1010/1377 batch loss is :0.0288
2025-06-24 20:41:20 - INFO - epoch:16/25 iteration:1015/1377 batch loss is :0.0240
2025-06-24 20:41:27 - INFO - epoch:16/25 iteration:1020/1377 batch loss is :0.0130
2025-06-24 20:41:33 - INFO - epoch:16/25 iteration:1025/1377 batch loss is :0.0169
2025-06-24 20:41:39 - INFO - epoch:16/25 iteration:1030/1377 batch loss is :0.0020
2025-06-24 20:41:46 - INFO - epoch:16/25 iteration:1035/1377 batch loss is :0.0175
2025-06-24 20:41:52 - INFO - epoch:16/25 iteration:1040/1377 batch loss is :0.0486
2025-06-24 20:41:59 - INFO - epoch:16/25 iteration:1045/1377 batch loss is :0.0307
2025-06-24 20:42:05 - INFO - epoch:16/25 iteration:1050/1377 batch loss is :0.0032
2025-06-24 20:42:11 - INFO - epoch:16/25 iteration:1055/1377 batch loss is :0.0135
2025-06-24 20:42:18 - INFO - epoch:16/25 iteration:1060/1377 batch loss is :0.0067
2025-06-24 20:42:24 - INFO - epoch:16/25 iteration:1065/1377 batch loss is :0.0069
2025-06-24 20:42:31 - INFO - epoch:16/25 iteration:1070/1377 batch loss is :0.0155
2025-06-24 20:42:37 - INFO - epoch:16/25 iteration:1075/1377 batch loss is :0.0039
2025-06-24 20:42:43 - INFO - epoch:16/25 iteration:1080/1377 batch loss is :0.0129
2025-06-24 20:42:50 - INFO - epoch:16/25 iteration:1085/1377 batch loss is :0.0048
2025-06-24 20:42:56 - INFO - epoch:16/25 iteration:1090/1377 batch loss is :0.0040
2025-06-24 20:43:03 - INFO - epoch:16/25 iteration:1095/1377 batch loss is :0.0415
2025-06-24 20:43:09 - INFO - epoch:16/25 iteration:1100/1377 batch loss is :0.0076
2025-06-24 20:43:15 - INFO - epoch:16/25 iteration:1105/1377 batch loss is :0.0310
2025-06-24 20:43:22 - INFO - epoch:16/25 iteration:1110/1377 batch loss is :0.0094
2025-06-24 20:43:28 - INFO - epoch:16/25 iteration:1115/1377 batch loss is :0.0229
2025-06-24 20:43:35 - INFO - epoch:16/25 iteration:1120/1377 batch loss is :0.0204
2025-06-24 20:43:41 - INFO - epoch:16/25 iteration:1125/1377 batch loss is :0.0020
2025-06-24 20:43:47 - INFO - epoch:16/25 iteration:1130/1377 batch loss is :0.0164
2025-06-24 20:43:54 - INFO - epoch:16/25 iteration:1135/1377 batch loss is :0.0220
2025-06-24 20:44:00 - INFO - epoch:16/25 iteration:1140/1377 batch loss is :0.0229
2025-06-24 20:44:07 - INFO - epoch:16/25 iteration:1145/1377 batch loss is :0.0345
2025-06-24 20:44:13 - INFO - epoch:16/25 iteration:1150/1377 batch loss is :0.0357
2025-06-24 20:44:20 - INFO - epoch:16/25 iteration:1155/1377 batch loss is :0.0079
2025-06-24 20:44:26 - INFO - epoch:16/25 iteration:1160/1377 batch loss is :0.1264
2025-06-24 20:44:33 - INFO - epoch:16/25 iteration:1165/1377 batch loss is :0.0268
2025-06-24 20:44:39 - INFO - epoch:16/25 iteration:1170/1377 batch loss is :0.0342
2025-06-24 20:44:45 - INFO - epoch:16/25 iteration:1175/1377 batch loss is :0.0028
2025-06-24 20:44:52 - INFO - epoch:16/25 iteration:1180/1377 batch loss is :0.0340
2025-06-24 20:44:58 - INFO - epoch:16/25 iteration:1185/1377 batch loss is :0.0131
2025-06-24 20:45:05 - INFO - epoch:16/25 iteration:1190/1377 batch loss is :0.0916
2025-06-24 20:45:11 - INFO - epoch:16/25 iteration:1195/1377 batch loss is :0.0071
2025-06-24 20:45:18 - INFO - epoch:16/25 iteration:1200/1377 batch loss is :0.0089
2025-06-24 20:45:24 - INFO - epoch:16/25 iteration:1205/1377 batch loss is :0.0353
2025-06-24 20:45:31 - INFO - epoch:16/25 iteration:1210/1377 batch loss is :0.0526
2025-06-24 20:45:37 - INFO - epoch:16/25 iteration:1215/1377 batch loss is :0.0079
2025-06-24 20:45:43 - INFO - epoch:16/25 iteration:1220/1377 batch loss is :0.0775
2025-06-24 20:45:50 - INFO - epoch:16/25 iteration:1225/1377 batch loss is :0.0129
2025-06-24 20:45:56 - INFO - epoch:16/25 iteration:1230/1377 batch loss is :0.0203
2025-06-24 20:46:03 - INFO - epoch:16/25 iteration:1235/1377 batch loss is :0.0098
2025-06-24 20:46:09 - INFO - epoch:16/25 iteration:1240/1377 batch loss is :0.0031
2025-06-24 20:46:16 - INFO - epoch:16/25 iteration:1245/1377 batch loss is :0.0122
2025-06-24 20:46:22 - INFO - epoch:16/25 iteration:1250/1377 batch loss is :0.0059
2025-06-24 20:46:29 - INFO - epoch:16/25 iteration:1255/1377 batch loss is :0.0297
2025-06-24 20:46:35 - INFO - epoch:16/25 iteration:1260/1377 batch loss is :0.0178
2025-06-24 20:46:42 - INFO - epoch:16/25 iteration:1265/1377 batch loss is :0.0060
2025-06-24 20:46:48 - INFO - epoch:16/25 iteration:1270/1377 batch loss is :0.0149
2025-06-24 20:46:55 - INFO - epoch:16/25 iteration:1275/1377 batch loss is :0.0300
2025-06-24 20:47:01 - INFO - epoch:16/25 iteration:1280/1377 batch loss is :0.0044
2025-06-24 20:47:07 - INFO - epoch:16/25 iteration:1285/1377 batch loss is :0.0455
2025-06-24 20:47:14 - INFO - epoch:16/25 iteration:1290/1377 batch loss is :0.0277
2025-06-24 20:47:20 - INFO - epoch:16/25 iteration:1295/1377 batch loss is :0.0531
2025-06-24 20:47:27 - INFO - epoch:16/25 iteration:1300/1377 batch loss is :0.0218
2025-06-24 20:47:33 - INFO - epoch:16/25 iteration:1305/1377 batch loss is :0.0217
2025-06-24 20:47:40 - INFO - epoch:16/25 iteration:1310/1377 batch loss is :0.1822
2025-06-24 20:47:46 - INFO - epoch:16/25 iteration:1315/1377 batch loss is :0.0076
2025-06-24 20:47:53 - INFO - epoch:16/25 iteration:1320/1377 batch loss is :0.0138
2025-06-24 20:47:59 - INFO - epoch:16/25 iteration:1325/1377 batch loss is :0.0261
2025-06-24 20:48:06 - INFO - epoch:16/25 iteration:1330/1377 batch loss is :0.0614
2025-06-24 20:48:12 - INFO - epoch:16/25 iteration:1335/1377 batch loss is :0.0154
2025-06-24 20:48:19 - INFO - epoch:16/25 iteration:1340/1377 batch loss is :0.0168
2025-06-24 20:48:25 - INFO - epoch:16/25 iteration:1345/1377 batch loss is :0.0533
2025-06-24 20:48:31 - INFO - epoch:16/25 iteration:1350/1377 batch loss is :0.0588
2025-06-24 20:48:38 - INFO - epoch:16/25 iteration:1355/1377 batch loss is :0.0609
2025-06-24 20:48:44 - INFO - epoch:16/25 iteration:1360/1377 batch loss is :0.0217
2025-06-24 20:48:50 - INFO - epoch:16/25 iteration:1365/1377 batch loss is :0.0071
2025-06-24 20:48:56 - INFO - epoch:16/25 iteration:1370/1377 batch loss is :0.0310
2025-06-24 20:49:03 - INFO - epoch:16/25 iteration:1375/1377 batch loss is :0.0290
2025-06-24 20:49:04 - INFO - Epoch:16/25 Loss is :0.0250
2025-06-24 20:51:29 - INFO - epoch:17/25 iteration:0/1377 batch loss is :0.0085
2025-06-24 20:51:36 - INFO - epoch:17/25 iteration:5/1377 batch loss is :0.0088
2025-06-24 20:51:43 - INFO - epoch:17/25 iteration:10/1377 batch loss is :0.0041
2025-06-24 20:51:49 - INFO - epoch:17/25 iteration:15/1377 batch loss is :0.0112
2025-06-24 20:51:56 - INFO - epoch:17/25 iteration:20/1377 batch loss is :0.1027
2025-06-24 20:52:03 - INFO - epoch:17/25 iteration:25/1377 batch loss is :0.0126
2025-06-24 20:52:09 - INFO - epoch:17/25 iteration:30/1377 batch loss is :0.0143
2025-06-24 20:52:16 - INFO - epoch:17/25 iteration:35/1377 batch loss is :0.0096
2025-06-24 20:52:22 - INFO - epoch:17/25 iteration:40/1377 batch loss is :0.0176
2025-06-24 20:52:28 - INFO - epoch:17/25 iteration:45/1377 batch loss is :0.0146
2025-06-24 20:52:35 - INFO - epoch:17/25 iteration:50/1377 batch loss is :0.0114
2025-06-24 20:52:41 - INFO - epoch:17/25 iteration:55/1377 batch loss is :0.0083
2025-06-24 20:52:48 - INFO - epoch:17/25 iteration:60/1377 batch loss is :0.0424
2025-06-24 20:52:54 - INFO - epoch:17/25 iteration:65/1377 batch loss is :0.0138
2025-06-24 20:53:00 - INFO - epoch:17/25 iteration:70/1377 batch loss is :0.0052
2025-06-24 20:53:07 - INFO - epoch:17/25 iteration:75/1377 batch loss is :0.0485
2025-06-24 20:53:13 - INFO - epoch:17/25 iteration:80/1377 batch loss is :0.0417
2025-06-24 20:53:19 - INFO - epoch:17/25 iteration:85/1377 batch loss is :0.0996
2025-06-24 20:53:26 - INFO - epoch:17/25 iteration:90/1377 batch loss is :0.0326
2025-06-24 20:53:32 - INFO - epoch:17/25 iteration:95/1377 batch loss is :0.0294
2025-06-24 20:53:39 - INFO - epoch:17/25 iteration:100/1377 batch loss is :0.0229
2025-06-24 20:53:45 - INFO - epoch:17/25 iteration:105/1377 batch loss is :0.0045
2025-06-24 20:53:51 - INFO - epoch:17/25 iteration:110/1377 batch loss is :0.0119
2025-06-24 20:53:58 - INFO - epoch:17/25 iteration:115/1377 batch loss is :0.0143
2025-06-24 20:54:04 - INFO - epoch:17/25 iteration:120/1377 batch loss is :0.0142
2025-06-24 20:54:10 - INFO - epoch:17/25 iteration:125/1377 batch loss is :0.0730
2025-06-24 20:54:17 - INFO - epoch:17/25 iteration:130/1377 batch loss is :0.0067
2025-06-24 20:54:23 - INFO - epoch:17/25 iteration:135/1377 batch loss is :0.0223
2025-06-24 20:54:30 - INFO - epoch:17/25 iteration:140/1377 batch loss is :0.0037
2025-06-24 20:54:36 - INFO - epoch:17/25 iteration:145/1377 batch loss is :0.0143
2025-06-24 20:54:42 - INFO - epoch:17/25 iteration:150/1377 batch loss is :0.0293
2025-06-24 20:54:49 - INFO - epoch:17/25 iteration:155/1377 batch loss is :0.0094
2025-06-24 20:54:55 - INFO - epoch:17/25 iteration:160/1377 batch loss is :0.0072
2025-06-24 20:55:02 - INFO - epoch:17/25 iteration:165/1377 batch loss is :0.0335
2025-06-24 20:55:08 - INFO - epoch:17/25 iteration:170/1377 batch loss is :0.0084
2025-06-24 20:55:15 - INFO - epoch:17/25 iteration:175/1377 batch loss is :0.0087
2025-06-24 20:55:21 - INFO - epoch:17/25 iteration:180/1377 batch loss is :0.0311
2025-06-24 20:55:28 - INFO - epoch:17/25 iteration:185/1377 batch loss is :0.0038
2025-06-24 20:55:34 - INFO - epoch:17/25 iteration:190/1377 batch loss is :0.0300
2025-06-24 20:55:41 - INFO - epoch:17/25 iteration:195/1377 batch loss is :0.0238
2025-06-24 20:55:47 - INFO - epoch:17/25 iteration:200/1377 batch loss is :0.0448
2025-06-24 20:55:53 - INFO - epoch:17/25 iteration:205/1377 batch loss is :0.0075
2025-06-24 20:56:00 - INFO - epoch:17/25 iteration:210/1377 batch loss is :0.0171
2025-06-24 20:56:06 - INFO - epoch:17/25 iteration:215/1377 batch loss is :0.0399
2025-06-24 20:56:13 - INFO - epoch:17/25 iteration:220/1377 batch loss is :0.0107
2025-06-24 20:56:19 - INFO - epoch:17/25 iteration:225/1377 batch loss is :0.0076
2025-06-24 20:56:25 - INFO - epoch:17/25 iteration:230/1377 batch loss is :0.0133
2025-06-24 20:56:32 - INFO - epoch:17/25 iteration:235/1377 batch loss is :0.0417
2025-06-24 20:56:38 - INFO - epoch:17/25 iteration:240/1377 batch loss is :0.0195
2025-06-24 20:56:45 - INFO - epoch:17/25 iteration:245/1377 batch loss is :0.0077
2025-06-24 20:56:51 - INFO - epoch:17/25 iteration:250/1377 batch loss is :0.0102
2025-06-24 20:56:57 - INFO - epoch:17/25 iteration:255/1377 batch loss is :0.0302
2025-06-24 20:57:04 - INFO - epoch:17/25 iteration:260/1377 batch loss is :0.0037
2025-06-24 20:57:10 - INFO - epoch:17/25 iteration:265/1377 batch loss is :0.1143
2025-06-24 20:57:17 - INFO - epoch:17/25 iteration:270/1377 batch loss is :0.0117
2025-06-24 20:57:23 - INFO - epoch:17/25 iteration:275/1377 batch loss is :0.0112
2025-06-24 20:57:30 - INFO - epoch:17/25 iteration:280/1377 batch loss is :0.0084
2025-06-24 20:57:36 - INFO - epoch:17/25 iteration:285/1377 batch loss is :0.0244
2025-06-24 20:57:42 - INFO - epoch:17/25 iteration:290/1377 batch loss is :0.0165
2025-06-24 20:57:49 - INFO - epoch:17/25 iteration:295/1377 batch loss is :0.0450
2025-06-24 20:57:55 - INFO - epoch:17/25 iteration:300/1377 batch loss is :0.0225
2025-06-24 20:58:02 - INFO - epoch:17/25 iteration:305/1377 batch loss is :0.0075
2025-06-24 20:58:08 - INFO - epoch:17/25 iteration:310/1377 batch loss is :0.0916
2025-06-24 20:58:14 - INFO - epoch:17/25 iteration:315/1377 batch loss is :0.0250
2025-06-24 20:58:21 - INFO - epoch:17/25 iteration:320/1377 batch loss is :0.0109
2025-06-24 20:58:27 - INFO - epoch:17/25 iteration:325/1377 batch loss is :0.0268
2025-06-24 20:58:34 - INFO - epoch:17/25 iteration:330/1377 batch loss is :0.0089
2025-06-24 20:58:40 - INFO - epoch:17/25 iteration:335/1377 batch loss is :0.0154
2025-06-24 20:58:47 - INFO - epoch:17/25 iteration:340/1377 batch loss is :0.0663
2025-06-24 20:58:53 - INFO - epoch:17/25 iteration:345/1377 batch loss is :0.0102
2025-06-24 20:58:59 - INFO - epoch:17/25 iteration:350/1377 batch loss is :0.0131
2025-06-24 20:59:06 - INFO - epoch:17/25 iteration:355/1377 batch loss is :0.0848
2025-06-24 20:59:12 - INFO - epoch:17/25 iteration:360/1377 batch loss is :0.0074
2025-06-24 20:59:18 - INFO - epoch:17/25 iteration:365/1377 batch loss is :0.0107
2025-06-24 20:59:25 - INFO - epoch:17/25 iteration:370/1377 batch loss is :0.0065
2025-06-24 20:59:31 - INFO - epoch:17/25 iteration:375/1377 batch loss is :0.0156
2025-06-24 20:59:38 - INFO - epoch:17/25 iteration:380/1377 batch loss is :0.0059
2025-06-24 20:59:44 - INFO - epoch:17/25 iteration:385/1377 batch loss is :0.0144
2025-06-24 20:59:51 - INFO - epoch:17/25 iteration:390/1377 batch loss is :0.0102
2025-06-24 20:59:57 - INFO - epoch:17/25 iteration:395/1377 batch loss is :0.0891
2025-06-24 21:00:03 - INFO - epoch:17/25 iteration:400/1377 batch loss is :0.0139
2025-06-24 21:00:10 - INFO - epoch:17/25 iteration:405/1377 batch loss is :0.0093
2025-06-24 21:00:16 - INFO - epoch:17/25 iteration:410/1377 batch loss is :0.0020
2025-06-24 21:00:23 - INFO - epoch:17/25 iteration:415/1377 batch loss is :0.0205
2025-06-24 21:00:29 - INFO - epoch:17/25 iteration:420/1377 batch loss is :0.0470
2025-06-24 21:00:35 - INFO - epoch:17/25 iteration:425/1377 batch loss is :0.0196
2025-06-24 21:00:42 - INFO - epoch:17/25 iteration:430/1377 batch loss is :0.0048
2025-06-24 21:00:48 - INFO - epoch:17/25 iteration:435/1377 batch loss is :0.0503
2025-06-24 21:00:55 - INFO - epoch:17/25 iteration:440/1377 batch loss is :0.0044
2025-06-24 21:01:01 - INFO - epoch:17/25 iteration:445/1377 batch loss is :0.0199
2025-06-24 21:01:07 - INFO - epoch:17/25 iteration:450/1377 batch loss is :0.0487
2025-06-24 21:01:14 - INFO - epoch:17/25 iteration:455/1377 batch loss is :0.0150
2025-06-24 21:01:20 - INFO - epoch:17/25 iteration:460/1377 batch loss is :0.0064
2025-06-24 21:01:26 - INFO - epoch:17/25 iteration:465/1377 batch loss is :0.0149
2025-06-24 21:01:33 - INFO - epoch:17/25 iteration:470/1377 batch loss is :0.0062
2025-06-24 21:01:39 - INFO - epoch:17/25 iteration:475/1377 batch loss is :0.0390
2025-06-24 21:01:46 - INFO - epoch:17/25 iteration:480/1377 batch loss is :0.0284
2025-06-24 21:01:52 - INFO - epoch:17/25 iteration:485/1377 batch loss is :0.0728
2025-06-24 21:01:59 - INFO - epoch:17/25 iteration:490/1377 batch loss is :0.0406
2025-06-24 21:02:05 - INFO - epoch:17/25 iteration:495/1377 batch loss is :0.0181
2025-06-24 21:02:12 - INFO - epoch:17/25 iteration:500/1377 batch loss is :0.0028
2025-06-24 21:02:18 - INFO - epoch:17/25 iteration:505/1377 batch loss is :0.0418
2025-06-24 21:02:24 - INFO - epoch:17/25 iteration:510/1377 batch loss is :0.0215
2025-06-24 21:02:31 - INFO - epoch:17/25 iteration:515/1377 batch loss is :0.0229
2025-06-24 21:02:37 - INFO - epoch:17/25 iteration:520/1377 batch loss is :0.0096
2025-06-24 21:02:43 - INFO - epoch:17/25 iteration:525/1377 batch loss is :0.0545
2025-06-24 21:02:50 - INFO - epoch:17/25 iteration:530/1377 batch loss is :0.0070
2025-06-24 21:02:56 - INFO - epoch:17/25 iteration:535/1377 batch loss is :0.0055
2025-06-24 21:03:03 - INFO - epoch:17/25 iteration:540/1377 batch loss is :0.0081
2025-06-24 21:03:09 - INFO - epoch:17/25 iteration:545/1377 batch loss is :0.0198
2025-06-24 21:03:15 - INFO - epoch:17/25 iteration:550/1377 batch loss is :0.0009
2025-06-24 21:03:22 - INFO - epoch:17/25 iteration:555/1377 batch loss is :0.0141
2025-06-24 21:03:28 - INFO - epoch:17/25 iteration:560/1377 batch loss is :0.0470
2025-06-24 21:03:35 - INFO - epoch:17/25 iteration:565/1377 batch loss is :0.0674
2025-06-24 21:03:41 - INFO - epoch:17/25 iteration:570/1377 batch loss is :0.0233
2025-06-24 21:03:48 - INFO - epoch:17/25 iteration:575/1377 batch loss is :0.0081
2025-06-24 21:03:54 - INFO - epoch:17/25 iteration:580/1377 batch loss is :0.0141
2025-06-24 21:04:00 - INFO - epoch:17/25 iteration:585/1377 batch loss is :0.0120
2025-06-24 21:04:07 - INFO - epoch:17/25 iteration:590/1377 batch loss is :0.0062
2025-06-24 21:04:13 - INFO - epoch:17/25 iteration:595/1377 batch loss is :0.0382
2025-06-24 21:04:20 - INFO - epoch:17/25 iteration:600/1377 batch loss is :0.0045
2025-06-24 21:04:26 - INFO - epoch:17/25 iteration:605/1377 batch loss is :0.0113
2025-06-24 21:04:33 - INFO - epoch:17/25 iteration:610/1377 batch loss is :0.0234
2025-06-24 21:04:39 - INFO - epoch:17/25 iteration:615/1377 batch loss is :0.0038
2025-06-24 21:04:45 - INFO - epoch:17/25 iteration:620/1377 batch loss is :0.0219
2025-06-24 21:04:52 - INFO - epoch:17/25 iteration:625/1377 batch loss is :0.0192
2025-06-24 21:04:58 - INFO - epoch:17/25 iteration:630/1377 batch loss is :0.0046
2025-06-24 21:05:05 - INFO - epoch:17/25 iteration:635/1377 batch loss is :0.0205
2025-06-24 21:05:11 - INFO - epoch:17/25 iteration:640/1377 batch loss is :0.0147
2025-06-24 21:05:17 - INFO - epoch:17/25 iteration:645/1377 batch loss is :0.0071
2025-06-24 21:05:24 - INFO - epoch:17/25 iteration:650/1377 batch loss is :0.0245
2025-06-24 21:05:30 - INFO - epoch:17/25 iteration:655/1377 batch loss is :0.0268
2025-06-24 21:05:37 - INFO - epoch:17/25 iteration:660/1377 batch loss is :0.0034
2025-06-24 21:05:43 - INFO - epoch:17/25 iteration:665/1377 batch loss is :0.0222
2025-06-24 21:05:50 - INFO - epoch:17/25 iteration:670/1377 batch loss is :0.0946
2025-06-24 21:05:56 - INFO - epoch:17/25 iteration:675/1377 batch loss is :0.1049
2025-06-24 21:06:03 - INFO - epoch:17/25 iteration:680/1377 batch loss is :0.0121
2025-06-24 21:06:09 - INFO - epoch:17/25 iteration:685/1377 batch loss is :0.0286
2025-06-24 21:06:15 - INFO - epoch:17/25 iteration:690/1377 batch loss is :0.0416
2025-06-24 21:06:22 - INFO - epoch:17/25 iteration:695/1377 batch loss is :0.0159
2025-06-24 21:06:28 - INFO - epoch:17/25 iteration:700/1377 batch loss is :0.0481
2025-06-24 21:06:35 - INFO - epoch:17/25 iteration:705/1377 batch loss is :0.0353
2025-06-24 21:06:41 - INFO - epoch:17/25 iteration:710/1377 batch loss is :0.0119
2025-06-24 21:06:47 - INFO - epoch:17/25 iteration:715/1377 batch loss is :0.0076
2025-06-24 21:06:54 - INFO - epoch:17/25 iteration:720/1377 batch loss is :0.1164
2025-06-24 21:07:00 - INFO - epoch:17/25 iteration:725/1377 batch loss is :0.0107
2025-06-24 21:07:07 - INFO - epoch:17/25 iteration:730/1377 batch loss is :0.0142
2025-06-24 21:07:13 - INFO - epoch:17/25 iteration:735/1377 batch loss is :0.0245
2025-06-24 21:07:20 - INFO - epoch:17/25 iteration:740/1377 batch loss is :0.0033
2025-06-24 21:07:26 - INFO - epoch:17/25 iteration:745/1377 batch loss is :0.0077
2025-06-24 21:07:32 - INFO - epoch:17/25 iteration:750/1377 batch loss is :0.0232
2025-06-24 21:07:39 - INFO - epoch:17/25 iteration:755/1377 batch loss is :0.0443
2025-06-24 21:07:45 - INFO - epoch:17/25 iteration:760/1377 batch loss is :0.0066
2025-06-24 21:07:52 - INFO - epoch:17/25 iteration:765/1377 batch loss is :0.0267
2025-06-24 21:07:58 - INFO - epoch:17/25 iteration:770/1377 batch loss is :0.0273
2025-06-24 21:08:04 - INFO - epoch:17/25 iteration:775/1377 batch loss is :0.0196
2025-06-24 21:08:11 - INFO - epoch:17/25 iteration:780/1377 batch loss is :0.0093
2025-06-24 21:08:17 - INFO - epoch:17/25 iteration:785/1377 batch loss is :0.0218
2025-06-24 21:08:24 - INFO - epoch:17/25 iteration:790/1377 batch loss is :0.0689
2025-06-24 21:08:30 - INFO - epoch:17/25 iteration:795/1377 batch loss is :0.0196
2025-06-24 21:08:37 - INFO - epoch:17/25 iteration:800/1377 batch loss is :0.0012
2025-06-24 21:08:43 - INFO - epoch:17/25 iteration:805/1377 batch loss is :0.0051
2025-06-24 21:08:50 - INFO - epoch:17/25 iteration:810/1377 batch loss is :0.0292
2025-06-24 21:08:56 - INFO - epoch:17/25 iteration:815/1377 batch loss is :0.0071
2025-06-24 21:09:02 - INFO - epoch:17/25 iteration:820/1377 batch loss is :0.0084
2025-06-24 21:09:09 - INFO - epoch:17/25 iteration:825/1377 batch loss is :0.0329
2025-06-24 21:09:15 - INFO - epoch:17/25 iteration:830/1377 batch loss is :0.0124
2025-06-24 21:09:22 - INFO - epoch:17/25 iteration:835/1377 batch loss is :0.0081
2025-06-24 21:09:28 - INFO - epoch:17/25 iteration:840/1377 batch loss is :0.0020
2025-06-24 21:09:35 - INFO - epoch:17/25 iteration:845/1377 batch loss is :0.0269
2025-06-24 21:09:41 - INFO - epoch:17/25 iteration:850/1377 batch loss is :0.0039
2025-06-24 21:09:47 - INFO - epoch:17/25 iteration:855/1377 batch loss is :0.0042
2025-06-24 21:09:54 - INFO - epoch:17/25 iteration:860/1377 batch loss is :0.0144
2025-06-24 21:10:00 - INFO - epoch:17/25 iteration:865/1377 batch loss is :0.0056
2025-06-24 21:10:07 - INFO - epoch:17/25 iteration:870/1377 batch loss is :0.0166
2025-06-24 21:10:13 - INFO - epoch:17/25 iteration:875/1377 batch loss is :0.0229
2025-06-24 21:10:19 - INFO - epoch:17/25 iteration:880/1377 batch loss is :0.0053
2025-06-24 21:10:26 - INFO - epoch:17/25 iteration:885/1377 batch loss is :0.1000
2025-06-24 21:10:32 - INFO - epoch:17/25 iteration:890/1377 batch loss is :0.0231
2025-06-24 21:10:39 - INFO - epoch:17/25 iteration:895/1377 batch loss is :0.0110
2025-06-24 21:10:45 - INFO - epoch:17/25 iteration:900/1377 batch loss is :0.0242
2025-06-24 21:10:52 - INFO - epoch:17/25 iteration:905/1377 batch loss is :0.0015
2025-06-24 21:10:58 - INFO - epoch:17/25 iteration:910/1377 batch loss is :0.0241
2025-06-24 21:11:04 - INFO - epoch:17/25 iteration:915/1377 batch loss is :0.0221
2025-06-24 21:11:11 - INFO - epoch:17/25 iteration:920/1377 batch loss is :0.0158
2025-06-24 21:11:17 - INFO - epoch:17/25 iteration:925/1377 batch loss is :0.0204
2025-06-24 21:11:24 - INFO - epoch:17/25 iteration:930/1377 batch loss is :0.0300
2025-06-24 21:11:30 - INFO - epoch:17/25 iteration:935/1377 batch loss is :0.0243
2025-06-24 21:11:37 - INFO - epoch:17/25 iteration:940/1377 batch loss is :0.0079
2025-06-24 21:11:43 - INFO - epoch:17/25 iteration:945/1377 batch loss is :0.0171
2025-06-24 21:11:49 - INFO - epoch:17/25 iteration:950/1377 batch loss is :0.0112
2025-06-24 21:11:56 - INFO - epoch:17/25 iteration:955/1377 batch loss is :0.0147
2025-06-24 21:12:02 - INFO - epoch:17/25 iteration:960/1377 batch loss is :0.0327
2025-06-24 21:12:09 - INFO - epoch:17/25 iteration:965/1377 batch loss is :0.0314
2025-06-24 21:12:15 - INFO - epoch:17/25 iteration:970/1377 batch loss is :0.0337
2025-06-24 21:12:22 - INFO - epoch:17/25 iteration:975/1377 batch loss is :0.0052
2025-06-24 21:12:28 - INFO - epoch:17/25 iteration:980/1377 batch loss is :0.0149
2025-06-24 21:12:34 - INFO - epoch:17/25 iteration:985/1377 batch loss is :0.0099
2025-06-24 21:12:41 - INFO - epoch:17/25 iteration:990/1377 batch loss is :0.0092
2025-06-24 21:12:47 - INFO - epoch:17/25 iteration:995/1377 batch loss is :0.0375
2025-06-24 21:12:54 - INFO - epoch:17/25 iteration:1000/1377 batch loss is :0.0161
2025-06-24 21:13:00 - INFO - epoch:17/25 iteration:1005/1377 batch loss is :0.0437
2025-06-24 21:13:07 - INFO - epoch:17/25 iteration:1010/1377 batch loss is :0.0298
2025-06-24 21:13:13 - INFO - epoch:17/25 iteration:1015/1377 batch loss is :0.0111
2025-06-24 21:13:19 - INFO - epoch:17/25 iteration:1020/1377 batch loss is :0.0079
2025-06-24 21:13:26 - INFO - epoch:17/25 iteration:1025/1377 batch loss is :0.0101
2025-06-24 21:13:32 - INFO - epoch:17/25 iteration:1030/1377 batch loss is :0.0188
2025-06-24 21:13:39 - INFO - epoch:17/25 iteration:1035/1377 batch loss is :0.0095
2025-06-24 21:13:45 - INFO - epoch:17/25 iteration:1040/1377 batch loss is :0.0073
2025-06-24 21:13:52 - INFO - epoch:17/25 iteration:1045/1377 batch loss is :0.0175
2025-06-24 21:13:58 - INFO - epoch:17/25 iteration:1050/1377 batch loss is :0.0170
2025-06-24 21:14:04 - INFO - epoch:17/25 iteration:1055/1377 batch loss is :0.0179
2025-06-24 21:14:11 - INFO - epoch:17/25 iteration:1060/1377 batch loss is :0.0215
2025-06-24 21:14:17 - INFO - epoch:17/25 iteration:1065/1377 batch loss is :0.0431
2025-06-24 21:14:24 - INFO - epoch:17/25 iteration:1070/1377 batch loss is :0.0007
2025-06-24 21:14:30 - INFO - epoch:17/25 iteration:1075/1377 batch loss is :0.0353
2025-06-24 21:14:37 - INFO - epoch:17/25 iteration:1080/1377 batch loss is :0.0106
2025-06-24 21:14:43 - INFO - epoch:17/25 iteration:1085/1377 batch loss is :0.0127
2025-06-24 21:14:49 - INFO - epoch:17/25 iteration:1090/1377 batch loss is :0.0383
2025-06-24 21:14:56 - INFO - epoch:17/25 iteration:1095/1377 batch loss is :0.0049
2025-06-24 21:15:02 - INFO - epoch:17/25 iteration:1100/1377 batch loss is :0.0121
2025-06-24 21:15:09 - INFO - epoch:17/25 iteration:1105/1377 batch loss is :0.0597
2025-06-24 21:15:15 - INFO - epoch:17/25 iteration:1110/1377 batch loss is :0.0242
2025-06-24 21:15:21 - INFO - epoch:17/25 iteration:1115/1377 batch loss is :0.0077
2025-06-24 21:15:28 - INFO - epoch:17/25 iteration:1120/1377 batch loss is :0.0281
2025-06-24 21:15:34 - INFO - epoch:17/25 iteration:1125/1377 batch loss is :0.0019
2025-06-24 21:15:41 - INFO - epoch:17/25 iteration:1130/1377 batch loss is :0.0231
2025-06-24 21:15:47 - INFO - epoch:17/25 iteration:1135/1377 batch loss is :0.0165
2025-06-24 21:15:54 - INFO - epoch:17/25 iteration:1140/1377 batch loss is :0.0064
2025-06-24 21:16:00 - INFO - epoch:17/25 iteration:1145/1377 batch loss is :0.0104
2025-06-24 21:16:06 - INFO - epoch:17/25 iteration:1150/1377 batch loss is :0.0082
2025-06-24 21:16:13 - INFO - epoch:17/25 iteration:1155/1377 batch loss is :0.0183
2025-06-24 21:16:19 - INFO - epoch:17/25 iteration:1160/1377 batch loss is :0.0031
2025-06-24 21:16:26 - INFO - epoch:17/25 iteration:1165/1377 batch loss is :0.0096
2025-06-24 21:16:32 - INFO - epoch:17/25 iteration:1170/1377 batch loss is :0.0061
2025-06-24 21:16:38 - INFO - epoch:17/25 iteration:1175/1377 batch loss is :0.0292
2025-06-24 21:16:45 - INFO - epoch:17/25 iteration:1180/1377 batch loss is :0.0230
2025-06-24 21:16:51 - INFO - epoch:17/25 iteration:1185/1377 batch loss is :0.0095
2025-06-24 21:16:58 - INFO - epoch:17/25 iteration:1190/1377 batch loss is :0.0905
2025-06-24 21:17:04 - INFO - epoch:17/25 iteration:1195/1377 batch loss is :0.0182
2025-06-24 21:17:11 - INFO - epoch:17/25 iteration:1200/1377 batch loss is :0.0176
2025-06-24 21:17:17 - INFO - epoch:17/25 iteration:1205/1377 batch loss is :0.0054
2025-06-24 21:17:23 - INFO - epoch:17/25 iteration:1210/1377 batch loss is :0.0322
2025-06-24 21:17:30 - INFO - epoch:17/25 iteration:1215/1377 batch loss is :0.0213
2025-06-24 21:17:36 - INFO - epoch:17/25 iteration:1220/1377 batch loss is :0.0091
2025-06-24 21:17:42 - INFO - epoch:17/25 iteration:1225/1377 batch loss is :0.0642
2025-06-24 21:17:49 - INFO - epoch:17/25 iteration:1230/1377 batch loss is :0.0342
2025-06-24 21:17:55 - INFO - epoch:17/25 iteration:1235/1377 batch loss is :0.0295
2025-06-24 21:18:02 - INFO - epoch:17/25 iteration:1240/1377 batch loss is :0.0120
2025-06-24 21:18:08 - INFO - epoch:17/25 iteration:1245/1377 batch loss is :0.0136
2025-06-24 21:18:15 - INFO - epoch:17/25 iteration:1250/1377 batch loss is :0.0158
2025-06-24 21:18:21 - INFO - epoch:17/25 iteration:1255/1377 batch loss is :0.0334
2025-06-24 21:18:27 - INFO - epoch:17/25 iteration:1260/1377 batch loss is :0.0446
2025-06-24 21:18:34 - INFO - epoch:17/25 iteration:1265/1377 batch loss is :0.0552
2025-06-24 21:18:40 - INFO - epoch:17/25 iteration:1270/1377 batch loss is :0.0963
2025-06-24 21:18:47 - INFO - epoch:17/25 iteration:1275/1377 batch loss is :0.0050
2025-06-24 21:18:53 - INFO - epoch:17/25 iteration:1280/1377 batch loss is :0.0335
2025-06-24 21:18:59 - INFO - epoch:17/25 iteration:1285/1377 batch loss is :0.0235
2025-06-24 21:19:06 - INFO - epoch:17/25 iteration:1290/1377 batch loss is :0.0277
2025-06-24 21:19:12 - INFO - epoch:17/25 iteration:1295/1377 batch loss is :0.0232
2025-06-24 21:19:19 - INFO - epoch:17/25 iteration:1300/1377 batch loss is :0.0160
2025-06-24 21:19:25 - INFO - epoch:17/25 iteration:1305/1377 batch loss is :0.0195
2025-06-24 21:19:32 - INFO - epoch:17/25 iteration:1310/1377 batch loss is :0.1103
2025-06-24 21:19:38 - INFO - epoch:17/25 iteration:1315/1377 batch loss is :0.0184
2025-06-24 21:19:45 - INFO - epoch:17/25 iteration:1320/1377 batch loss is :0.0118
2025-06-24 21:19:51 - INFO - epoch:17/25 iteration:1325/1377 batch loss is :0.0202
2025-06-24 21:19:57 - INFO - epoch:17/25 iteration:1330/1377 batch loss is :0.0192
2025-06-24 21:20:04 - INFO - epoch:17/25 iteration:1335/1377 batch loss is :0.0088
2025-06-24 21:20:10 - INFO - epoch:17/25 iteration:1340/1377 batch loss is :0.0059
2025-06-24 21:20:17 - INFO - epoch:17/25 iteration:1345/1377 batch loss is :0.0633
2025-06-24 21:20:23 - INFO - epoch:17/25 iteration:1350/1377 batch loss is :0.0142
2025-06-24 21:20:29 - INFO - epoch:17/25 iteration:1355/1377 batch loss is :0.0435
2025-06-24 21:20:35 - INFO - epoch:17/25 iteration:1360/1377 batch loss is :0.0089
2025-06-24 21:20:42 - INFO - epoch:17/25 iteration:1365/1377 batch loss is :0.1200
2025-06-24 21:20:48 - INFO - epoch:17/25 iteration:1370/1377 batch loss is :0.0293
2025-06-24 21:20:54 - INFO - epoch:17/25 iteration:1375/1377 batch loss is :0.0238
2025-06-24 21:20:55 - INFO - Epoch:17/25 Loss is :0.0231
2025-06-24 21:23:25 - INFO - epoch:18/25 iteration:0/1377 batch loss is :0.0141
2025-06-24 21:23:31 - INFO - epoch:18/25 iteration:5/1377 batch loss is :0.0234
2025-06-24 21:23:38 - INFO - epoch:18/25 iteration:10/1377 batch loss is :0.0039
2025-06-24 21:23:45 - INFO - epoch:18/25 iteration:15/1377 batch loss is :0.0103
2025-06-24 21:23:52 - INFO - epoch:18/25 iteration:20/1377 batch loss is :0.0107
2025-06-24 21:23:58 - INFO - epoch:18/25 iteration:25/1377 batch loss is :0.0155
2025-06-24 21:24:04 - INFO - epoch:18/25 iteration:30/1377 batch loss is :0.0088
2025-06-24 21:24:11 - INFO - epoch:18/25 iteration:35/1377 batch loss is :0.0117
2025-06-24 21:24:17 - INFO - epoch:18/25 iteration:40/1377 batch loss is :0.0100
2025-06-24 21:24:24 - INFO - epoch:18/25 iteration:45/1377 batch loss is :0.0109
2025-06-24 21:24:30 - INFO - epoch:18/25 iteration:50/1377 batch loss is :0.0283
2025-06-24 21:24:36 - INFO - epoch:18/25 iteration:55/1377 batch loss is :0.0100
2025-06-24 21:24:43 - INFO - epoch:18/25 iteration:60/1377 batch loss is :0.0125
2025-06-24 21:24:49 - INFO - epoch:18/25 iteration:65/1377 batch loss is :0.0136
2025-06-24 21:24:55 - INFO - epoch:18/25 iteration:70/1377 batch loss is :0.0155
2025-06-24 21:25:02 - INFO - epoch:18/25 iteration:75/1377 batch loss is :0.0103
2025-06-24 21:25:08 - INFO - epoch:18/25 iteration:80/1377 batch loss is :0.0092
2025-06-24 21:25:14 - INFO - epoch:18/25 iteration:85/1377 batch loss is :0.0059
2025-06-24 21:25:20 - INFO - epoch:18/25 iteration:90/1377 batch loss is :0.0290
2025-06-24 21:25:27 - INFO - epoch:18/25 iteration:95/1377 batch loss is :0.0097
2025-06-24 21:25:33 - INFO - epoch:18/25 iteration:100/1377 batch loss is :0.0169
2025-06-24 21:25:39 - INFO - epoch:18/25 iteration:105/1377 batch loss is :0.0157
2025-06-24 21:25:46 - INFO - epoch:18/25 iteration:110/1377 batch loss is :0.0204
2025-06-24 21:25:52 - INFO - epoch:18/25 iteration:115/1377 batch loss is :0.0210
2025-06-24 21:25:58 - INFO - epoch:18/25 iteration:120/1377 batch loss is :0.0054
2025-06-24 21:26:05 - INFO - epoch:18/25 iteration:125/1377 batch loss is :0.0025
2025-06-24 21:26:11 - INFO - epoch:18/25 iteration:130/1377 batch loss is :0.0062
2025-06-24 21:26:18 - INFO - epoch:18/25 iteration:135/1377 batch loss is :0.0051
2025-06-24 21:26:24 - INFO - epoch:18/25 iteration:140/1377 batch loss is :0.0581
2025-06-24 21:26:30 - INFO - epoch:18/25 iteration:145/1377 batch loss is :0.0282
2025-06-24 21:26:37 - INFO - epoch:18/25 iteration:150/1377 batch loss is :0.0033
2025-06-24 21:26:43 - INFO - epoch:18/25 iteration:155/1377 batch loss is :0.0255
2025-06-24 21:26:50 - INFO - epoch:18/25 iteration:160/1377 batch loss is :0.0397
2025-06-24 21:26:56 - INFO - epoch:18/25 iteration:165/1377 batch loss is :0.0069
2025-06-24 21:27:02 - INFO - epoch:18/25 iteration:170/1377 batch loss is :0.0080
2025-06-24 21:27:09 - INFO - epoch:18/25 iteration:175/1377 batch loss is :0.0202
2025-06-24 21:27:15 - INFO - epoch:18/25 iteration:180/1377 batch loss is :0.0142
2025-06-24 21:27:22 - INFO - epoch:18/25 iteration:185/1377 batch loss is :0.0047
2025-06-24 21:27:28 - INFO - epoch:18/25 iteration:190/1377 batch loss is :0.0073
2025-06-24 21:27:35 - INFO - epoch:18/25 iteration:195/1377 batch loss is :0.0178
2025-06-24 21:27:41 - INFO - epoch:18/25 iteration:200/1377 batch loss is :0.0078
2025-06-24 21:27:47 - INFO - epoch:18/25 iteration:205/1377 batch loss is :0.0029
2025-06-24 21:27:54 - INFO - epoch:18/25 iteration:210/1377 batch loss is :0.1204
2025-06-24 21:28:00 - INFO - epoch:18/25 iteration:215/1377 batch loss is :0.0250
2025-06-24 21:28:07 - INFO - epoch:18/25 iteration:220/1377 batch loss is :0.0578
2025-06-24 21:28:13 - INFO - epoch:18/25 iteration:225/1377 batch loss is :0.0439
2025-06-24 21:28:19 - INFO - epoch:18/25 iteration:230/1377 batch loss is :0.0122
2025-06-24 21:28:26 - INFO - epoch:18/25 iteration:235/1377 batch loss is :0.0424
2025-06-24 21:28:32 - INFO - epoch:18/25 iteration:240/1377 batch loss is :0.0058
2025-06-24 21:28:39 - INFO - epoch:18/25 iteration:245/1377 batch loss is :0.0140
2025-06-24 21:28:45 - INFO - epoch:18/25 iteration:250/1377 batch loss is :0.0051
2025-06-24 21:28:51 - INFO - epoch:18/25 iteration:255/1377 batch loss is :0.0048
2025-06-24 21:28:58 - INFO - epoch:18/25 iteration:260/1377 batch loss is :0.0528
2025-06-24 21:29:04 - INFO - epoch:18/25 iteration:265/1377 batch loss is :0.0079
2025-06-24 21:29:11 - INFO - epoch:18/25 iteration:270/1377 batch loss is :0.0449
2025-06-24 21:29:17 - INFO - epoch:18/25 iteration:275/1377 batch loss is :0.0236
2025-06-24 21:29:24 - INFO - epoch:18/25 iteration:280/1377 batch loss is :0.0151
2025-06-24 21:29:30 - INFO - epoch:18/25 iteration:285/1377 batch loss is :0.0086
2025-06-24 21:29:36 - INFO - epoch:18/25 iteration:290/1377 batch loss is :0.0165
2025-06-24 21:29:43 - INFO - epoch:18/25 iteration:295/1377 batch loss is :0.0302
2025-06-24 21:29:49 - INFO - epoch:18/25 iteration:300/1377 batch loss is :0.0522
2025-06-24 21:29:56 - INFO - epoch:18/25 iteration:305/1377 batch loss is :0.0977
2025-06-24 21:30:02 - INFO - epoch:18/25 iteration:310/1377 batch loss is :0.0167
2025-06-24 21:30:08 - INFO - epoch:18/25 iteration:315/1377 batch loss is :0.0115
2025-06-24 21:30:15 - INFO - epoch:18/25 iteration:320/1377 batch loss is :0.0081
2025-06-24 21:30:21 - INFO - epoch:18/25 iteration:325/1377 batch loss is :0.0078
2025-06-24 21:30:28 - INFO - epoch:18/25 iteration:330/1377 batch loss is :0.0143
2025-06-24 21:30:34 - INFO - epoch:18/25 iteration:335/1377 batch loss is :0.0429
2025-06-24 21:30:40 - INFO - epoch:18/25 iteration:340/1377 batch loss is :0.0227
2025-06-24 21:30:47 - INFO - epoch:18/25 iteration:345/1377 batch loss is :0.0296
2025-06-24 21:30:53 - INFO - epoch:18/25 iteration:350/1377 batch loss is :0.0054
2025-06-24 21:31:00 - INFO - epoch:18/25 iteration:355/1377 batch loss is :0.0231
2025-06-24 21:31:06 - INFO - epoch:18/25 iteration:360/1377 batch loss is :0.0765
2025-06-24 21:31:13 - INFO - epoch:18/25 iteration:365/1377 batch loss is :0.0010
2025-06-24 21:31:19 - INFO - epoch:18/25 iteration:370/1377 batch loss is :0.0009
2025-06-24 21:31:26 - INFO - epoch:18/25 iteration:375/1377 batch loss is :0.0330
2025-06-24 21:31:32 - INFO - epoch:18/25 iteration:380/1377 batch loss is :0.0329
2025-06-24 21:31:38 - INFO - epoch:18/25 iteration:385/1377 batch loss is :0.0302
2025-06-24 21:31:45 - INFO - epoch:18/25 iteration:390/1377 batch loss is :0.0530
2025-06-24 21:31:51 - INFO - epoch:18/25 iteration:395/1377 batch loss is :0.0037
2025-06-24 21:31:58 - INFO - epoch:18/25 iteration:400/1377 batch loss is :0.0087
2025-06-24 21:32:04 - INFO - epoch:18/25 iteration:405/1377 batch loss is :0.0236
2025-06-24 21:32:10 - INFO - epoch:18/25 iteration:410/1377 batch loss is :0.0044
2025-06-24 21:32:17 - INFO - epoch:18/25 iteration:415/1377 batch loss is :0.0164
2025-06-24 21:32:23 - INFO - epoch:18/25 iteration:420/1377 batch loss is :0.0075
2025-06-24 21:32:30 - INFO - epoch:18/25 iteration:425/1377 batch loss is :0.0086
2025-06-24 21:32:36 - INFO - epoch:18/25 iteration:430/1377 batch loss is :0.0086
2025-06-24 21:32:43 - INFO - epoch:18/25 iteration:435/1377 batch loss is :0.0182
2025-06-24 21:32:49 - INFO - epoch:18/25 iteration:440/1377 batch loss is :0.0986
2025-06-24 21:32:56 - INFO - epoch:18/25 iteration:445/1377 batch loss is :0.0080
2025-06-24 21:33:02 - INFO - epoch:18/25 iteration:450/1377 batch loss is :0.0109
2025-06-24 21:33:08 - INFO - epoch:18/25 iteration:455/1377 batch loss is :0.0075
2025-06-24 21:33:15 - INFO - epoch:18/25 iteration:460/1377 batch loss is :0.0355
2025-06-24 21:33:21 - INFO - epoch:18/25 iteration:465/1377 batch loss is :0.0242
2025-06-24 21:33:28 - INFO - epoch:18/25 iteration:470/1377 batch loss is :0.0020
2025-06-24 21:33:34 - INFO - epoch:18/25 iteration:475/1377 batch loss is :0.0020
2025-06-24 21:33:40 - INFO - epoch:18/25 iteration:480/1377 batch loss is :0.0087
2025-06-24 21:33:47 - INFO - epoch:18/25 iteration:485/1377 batch loss is :0.0042
2025-06-24 21:33:53 - INFO - epoch:18/25 iteration:490/1377 batch loss is :0.0125
2025-06-24 21:34:00 - INFO - epoch:18/25 iteration:495/1377 batch loss is :0.0263
2025-06-24 21:34:06 - INFO - epoch:18/25 iteration:500/1377 batch loss is :0.0042
2025-06-24 21:34:13 - INFO - epoch:18/25 iteration:505/1377 batch loss is :0.0156
2025-06-24 21:34:19 - INFO - epoch:18/25 iteration:510/1377 batch loss is :0.0090
2025-06-24 21:34:25 - INFO - epoch:18/25 iteration:515/1377 batch loss is :0.0101
2025-06-24 21:34:32 - INFO - epoch:18/25 iteration:520/1377 batch loss is :0.0355
2025-06-24 21:34:38 - INFO - epoch:18/25 iteration:525/1377 batch loss is :0.0339
2025-06-24 21:34:45 - INFO - epoch:18/25 iteration:530/1377 batch loss is :0.0292
2025-06-24 21:34:51 - INFO - epoch:18/25 iteration:535/1377 batch loss is :0.0268
2025-06-24 21:34:57 - INFO - epoch:18/25 iteration:540/1377 batch loss is :0.0016
2025-06-24 21:35:04 - INFO - epoch:18/25 iteration:545/1377 batch loss is :0.0209
2025-06-24 21:35:10 - INFO - epoch:18/25 iteration:550/1377 batch loss is :0.0289
2025-06-24 21:35:17 - INFO - epoch:18/25 iteration:555/1377 batch loss is :0.0253
2025-06-24 21:35:23 - INFO - epoch:18/25 iteration:560/1377 batch loss is :0.0023
2025-06-24 21:35:29 - INFO - epoch:18/25 iteration:565/1377 batch loss is :0.0252
2025-06-24 21:35:36 - INFO - epoch:18/25 iteration:570/1377 batch loss is :0.0008
2025-06-24 21:35:42 - INFO - epoch:18/25 iteration:575/1377 batch loss is :0.0232
2025-06-24 21:35:49 - INFO - epoch:18/25 iteration:580/1377 batch loss is :0.0162
2025-06-24 21:35:55 - INFO - epoch:18/25 iteration:585/1377 batch loss is :0.0171
2025-06-24 21:36:01 - INFO - epoch:18/25 iteration:590/1377 batch loss is :0.0125
2025-06-24 21:36:08 - INFO - epoch:18/25 iteration:595/1377 batch loss is :0.0035
2025-06-24 21:36:14 - INFO - epoch:18/25 iteration:600/1377 batch loss is :0.0079
2025-06-24 21:36:21 - INFO - epoch:18/25 iteration:605/1377 batch loss is :0.0198
2025-06-24 21:36:27 - INFO - epoch:18/25 iteration:610/1377 batch loss is :0.0126
2025-06-24 21:36:33 - INFO - epoch:18/25 iteration:615/1377 batch loss is :0.0180
2025-06-24 21:36:40 - INFO - epoch:18/25 iteration:620/1377 batch loss is :0.0250
2025-06-24 21:36:46 - INFO - epoch:18/25 iteration:625/1377 batch loss is :0.0076
2025-06-24 21:36:53 - INFO - epoch:18/25 iteration:630/1377 batch loss is :0.0069
2025-06-24 21:36:59 - INFO - epoch:18/25 iteration:635/1377 batch loss is :0.0437
2025-06-24 21:37:05 - INFO - epoch:18/25 iteration:640/1377 batch loss is :0.0071
2025-06-24 21:37:12 - INFO - epoch:18/25 iteration:645/1377 batch loss is :0.0176
2025-06-24 21:37:18 - INFO - epoch:18/25 iteration:650/1377 batch loss is :0.0636
2025-06-24 21:37:25 - INFO - epoch:18/25 iteration:655/1377 batch loss is :0.0034
2025-06-24 21:37:31 - INFO - epoch:18/25 iteration:660/1377 batch loss is :0.0255
2025-06-24 21:37:37 - INFO - epoch:18/25 iteration:665/1377 batch loss is :0.0027
2025-06-24 21:37:44 - INFO - epoch:18/25 iteration:670/1377 batch loss is :0.0296
2025-06-24 21:37:50 - INFO - epoch:18/25 iteration:675/1377 batch loss is :0.0242
2025-06-24 21:37:57 - INFO - epoch:18/25 iteration:680/1377 batch loss is :0.0545
2025-06-24 21:38:03 - INFO - epoch:18/25 iteration:685/1377 batch loss is :0.0707
2025-06-24 21:38:09 - INFO - epoch:18/25 iteration:690/1377 batch loss is :0.0295
2025-06-24 21:38:16 - INFO - epoch:18/25 iteration:695/1377 batch loss is :0.0124
2025-06-24 21:38:22 - INFO - epoch:18/25 iteration:700/1377 batch loss is :0.0103
2025-06-24 21:38:29 - INFO - epoch:18/25 iteration:705/1377 batch loss is :0.0071
2025-06-24 21:38:35 - INFO - epoch:18/25 iteration:710/1377 batch loss is :0.0111
2025-06-24 21:38:42 - INFO - epoch:18/25 iteration:715/1377 batch loss is :0.0294
2025-06-24 21:38:48 - INFO - epoch:18/25 iteration:720/1377 batch loss is :0.0090
2025-06-24 21:38:54 - INFO - epoch:18/25 iteration:725/1377 batch loss is :0.0408
2025-06-24 21:39:01 - INFO - epoch:18/25 iteration:730/1377 batch loss is :0.0168
2025-06-24 21:39:07 - INFO - epoch:18/25 iteration:735/1377 batch loss is :0.0194
2025-06-24 21:39:14 - INFO - epoch:18/25 iteration:740/1377 batch loss is :0.0032
2025-06-24 21:39:20 - INFO - epoch:18/25 iteration:745/1377 batch loss is :0.0173
2025-06-24 21:39:27 - INFO - epoch:18/25 iteration:750/1377 batch loss is :0.0064
2025-06-24 21:39:33 - INFO - epoch:18/25 iteration:755/1377 batch loss is :0.0065
2025-06-24 21:39:39 - INFO - epoch:18/25 iteration:760/1377 batch loss is :0.0211
2025-06-24 21:39:46 - INFO - epoch:18/25 iteration:765/1377 batch loss is :0.0099
2025-06-24 21:39:52 - INFO - epoch:18/25 iteration:770/1377 batch loss is :0.0619
2025-06-24 21:39:59 - INFO - epoch:18/25 iteration:775/1377 batch loss is :0.0241
2025-06-24 21:40:05 - INFO - epoch:18/25 iteration:780/1377 batch loss is :0.0149
2025-06-24 21:40:11 - INFO - epoch:18/25 iteration:785/1377 batch loss is :0.0096
2025-06-24 21:40:18 - INFO - epoch:18/25 iteration:790/1377 batch loss is :0.0130
2025-06-24 21:40:24 - INFO - epoch:18/25 iteration:795/1377 batch loss is :0.0014
2025-06-24 21:40:31 - INFO - epoch:18/25 iteration:800/1377 batch loss is :0.0522
2025-06-24 21:40:37 - INFO - epoch:18/25 iteration:805/1377 batch loss is :0.1213
2025-06-24 21:40:43 - INFO - epoch:18/25 iteration:810/1377 batch loss is :0.0059
2025-06-24 21:40:50 - INFO - epoch:18/25 iteration:815/1377 batch loss is :0.0035
2025-06-24 21:40:56 - INFO - epoch:18/25 iteration:820/1377 batch loss is :0.0286
2025-06-24 21:41:03 - INFO - epoch:18/25 iteration:825/1377 batch loss is :0.0148
2025-06-24 21:41:09 - INFO - epoch:18/25 iteration:830/1377 batch loss is :0.0206
2025-06-24 21:41:16 - INFO - epoch:18/25 iteration:835/1377 batch loss is :0.0035
2025-06-24 21:41:22 - INFO - epoch:18/25 iteration:840/1377 batch loss is :0.0048
2025-06-24 21:41:29 - INFO - epoch:18/25 iteration:845/1377 batch loss is :0.0116
2025-06-24 21:41:35 - INFO - epoch:18/25 iteration:850/1377 batch loss is :0.0192
2025-06-24 21:41:42 - INFO - epoch:18/25 iteration:855/1377 batch loss is :0.0799
2025-06-24 21:41:48 - INFO - epoch:18/25 iteration:860/1377 batch loss is :0.0378
2025-06-24 21:41:54 - INFO - epoch:18/25 iteration:865/1377 batch loss is :0.0159
2025-06-24 21:42:01 - INFO - epoch:18/25 iteration:870/1377 batch loss is :0.0436
2025-06-24 21:42:07 - INFO - epoch:18/25 iteration:875/1377 batch loss is :0.0138
2025-06-24 21:42:14 - INFO - epoch:18/25 iteration:880/1377 batch loss is :0.0080
2025-06-24 21:42:20 - INFO - epoch:18/25 iteration:885/1377 batch loss is :0.0118
2025-06-24 21:42:27 - INFO - epoch:18/25 iteration:890/1377 batch loss is :0.0170
2025-06-24 21:42:33 - INFO - epoch:18/25 iteration:895/1377 batch loss is :0.0204
2025-06-24 21:42:39 - INFO - epoch:18/25 iteration:900/1377 batch loss is :0.0203
2025-06-24 21:42:46 - INFO - epoch:18/25 iteration:905/1377 batch loss is :0.0368
2025-06-24 21:42:52 - INFO - epoch:18/25 iteration:910/1377 batch loss is :0.0090
2025-06-24 21:42:59 - INFO - epoch:18/25 iteration:915/1377 batch loss is :0.0151
2025-06-24 21:43:05 - INFO - epoch:18/25 iteration:920/1377 batch loss is :0.0051
2025-06-24 21:43:11 - INFO - epoch:18/25 iteration:925/1377 batch loss is :0.0102
2025-06-24 21:43:18 - INFO - epoch:18/25 iteration:930/1377 batch loss is :0.0092
2025-06-24 21:43:24 - INFO - epoch:18/25 iteration:935/1377 batch loss is :0.0084
2025-06-24 21:43:31 - INFO - epoch:18/25 iteration:940/1377 batch loss is :0.0236
2025-06-24 21:43:37 - INFO - epoch:18/25 iteration:945/1377 batch loss is :0.0738
2025-06-24 21:43:44 - INFO - epoch:18/25 iteration:950/1377 batch loss is :0.0017
2025-06-24 21:43:50 - INFO - epoch:18/25 iteration:955/1377 batch loss is :0.0148
2025-06-24 21:43:56 - INFO - epoch:18/25 iteration:960/1377 batch loss is :0.0105
2025-06-24 21:44:03 - INFO - epoch:18/25 iteration:965/1377 batch loss is :0.0076
2025-06-24 21:44:09 - INFO - epoch:18/25 iteration:970/1377 batch loss is :0.0231
2025-06-24 21:44:16 - INFO - epoch:18/25 iteration:975/1377 batch loss is :0.0192
2025-06-24 21:44:22 - INFO - epoch:18/25 iteration:980/1377 batch loss is :0.0528
2025-06-24 21:44:29 - INFO - epoch:18/25 iteration:985/1377 batch loss is :0.0306
2025-06-24 21:44:35 - INFO - epoch:18/25 iteration:990/1377 batch loss is :0.0149
2025-06-24 21:44:41 - INFO - epoch:18/25 iteration:995/1377 batch loss is :0.0434
2025-06-24 21:44:48 - INFO - epoch:18/25 iteration:1000/1377 batch loss is :0.0131
2025-06-24 21:44:54 - INFO - epoch:18/25 iteration:1005/1377 batch loss is :0.0812
2025-06-24 21:45:01 - INFO - epoch:18/25 iteration:1010/1377 batch loss is :0.0373
2025-06-24 21:45:07 - INFO - epoch:18/25 iteration:1015/1377 batch loss is :0.0038
2025-06-24 21:45:13 - INFO - epoch:18/25 iteration:1020/1377 batch loss is :0.0082
2025-06-24 21:45:20 - INFO - epoch:18/25 iteration:1025/1377 batch loss is :0.0052
2025-06-24 21:45:26 - INFO - epoch:18/25 iteration:1030/1377 batch loss is :0.0128
2025-06-24 21:45:33 - INFO - epoch:18/25 iteration:1035/1377 batch loss is :0.0353
2025-06-24 21:45:39 - INFO - epoch:18/25 iteration:1040/1377 batch loss is :0.0116
2025-06-24 21:45:46 - INFO - epoch:18/25 iteration:1045/1377 batch loss is :0.0069
2025-06-24 21:45:52 - INFO - epoch:18/25 iteration:1050/1377 batch loss is :0.0128
2025-06-24 21:45:59 - INFO - epoch:18/25 iteration:1055/1377 batch loss is :0.0269
2025-06-24 21:46:05 - INFO - epoch:18/25 iteration:1060/1377 batch loss is :0.0361
2025-06-24 21:46:11 - INFO - epoch:18/25 iteration:1065/1377 batch loss is :0.0529
2025-06-24 21:46:18 - INFO - epoch:18/25 iteration:1070/1377 batch loss is :0.0290
2025-06-24 21:46:24 - INFO - epoch:18/25 iteration:1075/1377 batch loss is :0.0070
2025-06-24 21:46:31 - INFO - epoch:18/25 iteration:1080/1377 batch loss is :0.0088
2025-06-24 21:46:37 - INFO - epoch:18/25 iteration:1085/1377 batch loss is :0.0057
2025-06-24 21:46:43 - INFO - epoch:18/25 iteration:1090/1377 batch loss is :0.0177
2025-06-24 21:46:50 - INFO - epoch:18/25 iteration:1095/1377 batch loss is :0.0076
2025-06-24 21:46:56 - INFO - epoch:18/25 iteration:1100/1377 batch loss is :0.0015
2025-06-24 21:47:03 - INFO - epoch:18/25 iteration:1105/1377 batch loss is :0.0443
2025-06-24 21:47:09 - INFO - epoch:18/25 iteration:1110/1377 batch loss is :0.0028
2025-06-24 21:47:15 - INFO - epoch:18/25 iteration:1115/1377 batch loss is :0.0055
2025-06-24 21:47:22 - INFO - epoch:18/25 iteration:1120/1377 batch loss is :0.0137
2025-06-24 21:47:28 - INFO - epoch:18/25 iteration:1125/1377 batch loss is :0.0065
2025-06-24 21:47:35 - INFO - epoch:18/25 iteration:1130/1377 batch loss is :0.0601
2025-06-24 21:47:41 - INFO - epoch:18/25 iteration:1135/1377 batch loss is :0.0038
2025-06-24 21:47:47 - INFO - epoch:18/25 iteration:1140/1377 batch loss is :0.0269
2025-06-24 21:47:54 - INFO - epoch:18/25 iteration:1145/1377 batch loss is :0.0039
2025-06-24 21:48:00 - INFO - epoch:18/25 iteration:1150/1377 batch loss is :0.0172
2025-06-24 21:48:07 - INFO - epoch:18/25 iteration:1155/1377 batch loss is :0.0241
2025-06-24 21:48:13 - INFO - epoch:18/25 iteration:1160/1377 batch loss is :0.0138
2025-06-24 21:48:19 - INFO - epoch:18/25 iteration:1165/1377 batch loss is :0.0077
2025-06-24 21:48:26 - INFO - epoch:18/25 iteration:1170/1377 batch loss is :0.0096
2025-06-24 21:48:32 - INFO - epoch:18/25 iteration:1175/1377 batch loss is :0.0082
2025-06-24 21:48:39 - INFO - epoch:18/25 iteration:1180/1377 batch loss is :0.0292
2025-06-24 21:48:45 - INFO - epoch:18/25 iteration:1185/1377 batch loss is :0.0149
2025-06-24 21:48:51 - INFO - epoch:18/25 iteration:1190/1377 batch loss is :0.0490
2025-06-24 21:48:58 - INFO - epoch:18/25 iteration:1195/1377 batch loss is :0.0033
2025-06-24 21:49:04 - INFO - epoch:18/25 iteration:1200/1377 batch loss is :0.0178
2025-06-24 21:49:11 - INFO - epoch:18/25 iteration:1205/1377 batch loss is :0.0108
2025-06-24 21:49:17 - INFO - epoch:18/25 iteration:1210/1377 batch loss is :0.0065
2025-06-24 21:49:23 - INFO - epoch:18/25 iteration:1215/1377 batch loss is :0.0540
2025-06-24 21:49:30 - INFO - epoch:18/25 iteration:1220/1377 batch loss is :0.0046
2025-06-24 21:49:36 - INFO - epoch:18/25 iteration:1225/1377 batch loss is :0.0164
2025-06-24 21:49:43 - INFO - epoch:18/25 iteration:1230/1377 batch loss is :0.0413
2025-06-24 21:49:49 - INFO - epoch:18/25 iteration:1235/1377 batch loss is :0.0049
2025-06-24 21:49:55 - INFO - epoch:18/25 iteration:1240/1377 batch loss is :0.0285
2025-06-24 21:50:02 - INFO - epoch:18/25 iteration:1245/1377 batch loss is :0.0779
2025-06-24 21:50:08 - INFO - epoch:18/25 iteration:1250/1377 batch loss is :0.0073
2025-06-24 21:50:15 - INFO - epoch:18/25 iteration:1255/1377 batch loss is :0.0409
2025-06-24 21:50:21 - INFO - epoch:18/25 iteration:1260/1377 batch loss is :0.0041
2025-06-24 21:50:27 - INFO - epoch:18/25 iteration:1265/1377 batch loss is :0.0056
2025-06-24 21:50:34 - INFO - epoch:18/25 iteration:1270/1377 batch loss is :0.0112
2025-06-24 21:50:40 - INFO - epoch:18/25 iteration:1275/1377 batch loss is :0.0154
2025-06-24 21:50:46 - INFO - epoch:18/25 iteration:1280/1377 batch loss is :0.1019
2025-06-24 21:50:53 - INFO - epoch:18/25 iteration:1285/1377 batch loss is :0.0444
2025-06-24 21:50:59 - INFO - epoch:18/25 iteration:1290/1377 batch loss is :0.0231
2025-06-24 21:51:06 - INFO - epoch:18/25 iteration:1295/1377 batch loss is :0.0160
2025-06-24 21:51:12 - INFO - epoch:18/25 iteration:1300/1377 batch loss is :0.0150
2025-06-24 21:51:19 - INFO - epoch:18/25 iteration:1305/1377 batch loss is :0.0410
2025-06-24 21:51:25 - INFO - epoch:18/25 iteration:1310/1377 batch loss is :0.0252
2025-06-24 21:51:32 - INFO - epoch:18/25 iteration:1315/1377 batch loss is :0.0095
2025-06-24 21:51:38 - INFO - epoch:18/25 iteration:1320/1377 batch loss is :0.0168
2025-06-24 21:51:44 - INFO - epoch:18/25 iteration:1325/1377 batch loss is :0.0038
2025-06-24 21:51:51 - INFO - epoch:18/25 iteration:1330/1377 batch loss is :0.0212
2025-06-24 21:51:57 - INFO - epoch:18/25 iteration:1335/1377 batch loss is :0.0061
2025-06-24 21:52:04 - INFO - epoch:18/25 iteration:1340/1377 batch loss is :0.0079
2025-06-24 21:52:10 - INFO - epoch:18/25 iteration:1345/1377 batch loss is :0.0137
2025-06-24 21:52:16 - INFO - epoch:18/25 iteration:1350/1377 batch loss is :0.0337
2025-06-24 21:52:23 - INFO - epoch:18/25 iteration:1355/1377 batch loss is :0.0004
2025-06-24 21:52:29 - INFO - epoch:18/25 iteration:1360/1377 batch loss is :0.0050
2025-06-24 21:52:35 - INFO - epoch:18/25 iteration:1365/1377 batch loss is :0.0949
2025-06-24 21:52:41 - INFO - epoch:18/25 iteration:1370/1377 batch loss is :0.0290
2025-06-24 21:52:47 - INFO - epoch:18/25 iteration:1375/1377 batch loss is :0.0185
2025-06-24 21:52:49 - INFO - Epoch:18/25 Loss is :0.0215
2025-06-24 21:55:15 - INFO - epoch:19/25 iteration:0/1377 batch loss is :0.0112
2025-06-24 21:55:22 - INFO - epoch:19/25 iteration:5/1377 batch loss is :0.0181
2025-06-24 21:55:28 - INFO - epoch:19/25 iteration:10/1377 batch loss is :0.0179
2025-06-24 21:55:35 - INFO - epoch:19/25 iteration:15/1377 batch loss is :0.0078
2025-06-24 21:55:41 - INFO - epoch:19/25 iteration:20/1377 batch loss is :0.0273
2025-06-24 21:55:48 - INFO - epoch:19/25 iteration:25/1377 batch loss is :0.0209
2025-06-24 21:55:54 - INFO - epoch:19/25 iteration:30/1377 batch loss is :0.0060
2025-06-24 21:56:01 - INFO - epoch:19/25 iteration:35/1377 batch loss is :0.0454
2025-06-24 21:56:07 - INFO - epoch:19/25 iteration:40/1377 batch loss is :0.0059
2025-06-24 21:56:13 - INFO - epoch:19/25 iteration:45/1377 batch loss is :0.0285
2025-06-24 21:56:20 - INFO - epoch:19/25 iteration:50/1377 batch loss is :0.0116
2025-06-24 21:56:26 - INFO - epoch:19/25 iteration:55/1377 batch loss is :0.0154
2025-06-24 21:56:33 - INFO - epoch:19/25 iteration:60/1377 batch loss is :0.0052
2025-06-24 21:56:39 - INFO - epoch:19/25 iteration:65/1377 batch loss is :0.0344
2025-06-24 21:56:45 - INFO - epoch:19/25 iteration:70/1377 batch loss is :0.0040
2025-06-24 21:56:52 - INFO - epoch:19/25 iteration:75/1377 batch loss is :0.0167
2025-06-24 21:56:58 - INFO - epoch:19/25 iteration:80/1377 batch loss is :0.0217
2025-06-24 21:57:04 - INFO - epoch:19/25 iteration:85/1377 batch loss is :0.0139
2025-06-24 21:57:11 - INFO - epoch:19/25 iteration:90/1377 batch loss is :0.0126
2025-06-24 21:57:17 - INFO - epoch:19/25 iteration:95/1377 batch loss is :0.0137
2025-06-24 21:57:24 - INFO - epoch:19/25 iteration:100/1377 batch loss is :0.0152
2025-06-24 21:57:30 - INFO - epoch:19/25 iteration:105/1377 batch loss is :0.0069
2025-06-24 21:57:36 - INFO - epoch:19/25 iteration:110/1377 batch loss is :0.0279
2025-06-24 21:57:43 - INFO - epoch:19/25 iteration:115/1377 batch loss is :0.0067
2025-06-24 21:57:49 - INFO - epoch:19/25 iteration:120/1377 batch loss is :0.0053
2025-06-24 21:57:55 - INFO - epoch:19/25 iteration:125/1377 batch loss is :0.0132
2025-06-24 21:58:02 - INFO - epoch:19/25 iteration:130/1377 batch loss is :0.0109
2025-06-24 21:58:08 - INFO - epoch:19/25 iteration:135/1377 batch loss is :0.0073
2025-06-24 21:58:14 - INFO - epoch:19/25 iteration:140/1377 batch loss is :0.0043
2025-06-24 21:58:21 - INFO - epoch:19/25 iteration:145/1377 batch loss is :0.0170
2025-06-24 21:58:27 - INFO - epoch:19/25 iteration:150/1377 batch loss is :0.0139
2025-06-24 21:58:34 - INFO - epoch:19/25 iteration:155/1377 batch loss is :0.0112
2025-06-24 21:58:40 - INFO - epoch:19/25 iteration:160/1377 batch loss is :0.0208
2025-06-24 21:58:46 - INFO - epoch:19/25 iteration:165/1377 batch loss is :0.0206
2025-06-24 21:58:53 - INFO - epoch:19/25 iteration:170/1377 batch loss is :0.0071
2025-06-24 21:58:59 - INFO - epoch:19/25 iteration:175/1377 batch loss is :0.0129
2025-06-24 21:59:06 - INFO - epoch:19/25 iteration:180/1377 batch loss is :0.0306
2025-06-24 21:59:12 - INFO - epoch:19/25 iteration:185/1377 batch loss is :0.0397
2025-06-24 21:59:18 - INFO - epoch:19/25 iteration:190/1377 batch loss is :0.0038
2025-06-24 21:59:25 - INFO - epoch:19/25 iteration:195/1377 batch loss is :0.0020
2025-06-24 21:59:31 - INFO - epoch:19/25 iteration:200/1377 batch loss is :0.0072
2025-06-24 21:59:37 - INFO - epoch:19/25 iteration:205/1377 batch loss is :0.0055
2025-06-24 21:59:44 - INFO - epoch:19/25 iteration:210/1377 batch loss is :0.0094
2025-06-24 21:59:50 - INFO - epoch:19/25 iteration:215/1377 batch loss is :0.0096
2025-06-24 21:59:57 - INFO - epoch:19/25 iteration:220/1377 batch loss is :0.0279
2025-06-24 22:00:03 - INFO - epoch:19/25 iteration:225/1377 batch loss is :0.0035
2025-06-24 22:00:10 - INFO - epoch:19/25 iteration:230/1377 batch loss is :0.0041
2025-06-24 22:00:16 - INFO - epoch:19/25 iteration:235/1377 batch loss is :0.0211
2025-06-24 22:00:22 - INFO - epoch:19/25 iteration:240/1377 batch loss is :0.0379
2025-06-24 22:00:29 - INFO - epoch:19/25 iteration:245/1377 batch loss is :0.0030
2025-06-24 22:00:35 - INFO - epoch:19/25 iteration:250/1377 batch loss is :0.0020
2025-06-24 22:00:42 - INFO - epoch:19/25 iteration:255/1377 batch loss is :0.0323
2025-06-24 22:00:48 - INFO - epoch:19/25 iteration:260/1377 batch loss is :0.0109
2025-06-24 22:00:54 - INFO - epoch:19/25 iteration:265/1377 batch loss is :0.0119
2025-06-24 22:01:01 - INFO - epoch:19/25 iteration:270/1377 batch loss is :0.0220
2025-06-24 22:01:07 - INFO - epoch:19/25 iteration:275/1377 batch loss is :0.0113
2025-06-24 22:01:14 - INFO - epoch:19/25 iteration:280/1377 batch loss is :0.0126
2025-06-24 22:01:20 - INFO - epoch:19/25 iteration:285/1377 batch loss is :0.0184
2025-06-24 22:01:27 - INFO - epoch:19/25 iteration:290/1377 batch loss is :0.0272
2025-06-24 22:01:33 - INFO - epoch:19/25 iteration:295/1377 batch loss is :0.0254
2025-06-24 22:01:39 - INFO - epoch:19/25 iteration:300/1377 batch loss is :0.0091
2025-06-24 22:01:46 - INFO - epoch:19/25 iteration:305/1377 batch loss is :0.0130
2025-06-24 22:01:52 - INFO - epoch:19/25 iteration:310/1377 batch loss is :0.0157
2025-06-24 22:01:59 - INFO - epoch:19/25 iteration:315/1377 batch loss is :0.0127
2025-06-24 22:02:05 - INFO - epoch:19/25 iteration:320/1377 batch loss is :0.0076
2025-06-24 22:02:12 - INFO - epoch:19/25 iteration:325/1377 batch loss is :0.0002
2025-06-24 22:02:18 - INFO - epoch:19/25 iteration:330/1377 batch loss is :0.0061
2025-06-24 22:02:24 - INFO - epoch:19/25 iteration:335/1377 batch loss is :0.0160
2025-06-24 22:02:31 - INFO - epoch:19/25 iteration:340/1377 batch loss is :0.0132
2025-06-24 22:02:37 - INFO - epoch:19/25 iteration:345/1377 batch loss is :0.0093
2025-06-24 22:02:44 - INFO - epoch:19/25 iteration:350/1377 batch loss is :0.0204
2025-06-24 22:02:50 - INFO - epoch:19/25 iteration:355/1377 batch loss is :0.0272
2025-06-24 22:02:56 - INFO - epoch:19/25 iteration:360/1377 batch loss is :0.0181
2025-06-24 22:03:03 - INFO - epoch:19/25 iteration:365/1377 batch loss is :0.0119
2025-06-24 22:03:09 - INFO - epoch:19/25 iteration:370/1377 batch loss is :0.0034
2025-06-24 22:03:16 - INFO - epoch:19/25 iteration:375/1377 batch loss is :0.0030
2025-06-24 22:03:22 - INFO - epoch:19/25 iteration:380/1377 batch loss is :0.0090
2025-06-24 22:03:29 - INFO - epoch:19/25 iteration:385/1377 batch loss is :0.0096
2025-06-24 22:03:35 - INFO - epoch:19/25 iteration:390/1377 batch loss is :0.0411
2025-06-24 22:03:41 - INFO - epoch:19/25 iteration:395/1377 batch loss is :0.0028
2025-06-24 22:03:48 - INFO - epoch:19/25 iteration:400/1377 batch loss is :0.0049
2025-06-24 22:03:54 - INFO - epoch:19/25 iteration:405/1377 batch loss is :0.0124
2025-06-24 22:04:01 - INFO - epoch:19/25 iteration:410/1377 batch loss is :0.0378
2025-06-24 22:04:07 - INFO - epoch:19/25 iteration:415/1377 batch loss is :0.0329
2025-06-24 22:04:13 - INFO - epoch:19/25 iteration:420/1377 batch loss is :0.0190
2025-06-24 22:04:20 - INFO - epoch:19/25 iteration:425/1377 batch loss is :0.0111
2025-06-24 22:04:26 - INFO - epoch:19/25 iteration:430/1377 batch loss is :0.0069
2025-06-24 22:04:33 - INFO - epoch:19/25 iteration:435/1377 batch loss is :0.0016
2025-06-24 22:04:39 - INFO - epoch:19/25 iteration:440/1377 batch loss is :0.0182
2025-06-24 22:04:45 - INFO - epoch:19/25 iteration:445/1377 batch loss is :0.0740
2025-06-24 22:04:52 - INFO - epoch:19/25 iteration:450/1377 batch loss is :0.0112
2025-06-24 22:04:58 - INFO - epoch:19/25 iteration:455/1377 batch loss is :0.0100
2025-06-24 22:05:05 - INFO - epoch:19/25 iteration:460/1377 batch loss is :0.0768
2025-06-24 22:05:11 - INFO - epoch:19/25 iteration:465/1377 batch loss is :0.0124
2025-06-24 22:05:17 - INFO - epoch:19/25 iteration:470/1377 batch loss is :0.0821
2025-06-24 22:05:24 - INFO - epoch:19/25 iteration:475/1377 batch loss is :0.0384
2025-06-24 22:05:30 - INFO - epoch:19/25 iteration:480/1377 batch loss is :0.0088
2025-06-24 22:05:37 - INFO - epoch:19/25 iteration:485/1377 batch loss is :0.0084
2025-06-24 22:05:43 - INFO - epoch:19/25 iteration:490/1377 batch loss is :0.0023
2025-06-24 22:05:49 - INFO - epoch:19/25 iteration:495/1377 batch loss is :0.0394
2025-06-24 22:05:56 - INFO - epoch:19/25 iteration:500/1377 batch loss is :0.0044
2025-06-24 22:06:02 - INFO - epoch:19/25 iteration:505/1377 batch loss is :0.0036
2025-06-24 22:06:09 - INFO - epoch:19/25 iteration:510/1377 batch loss is :0.0277
2025-06-24 22:06:15 - INFO - epoch:19/25 iteration:515/1377 batch loss is :0.0094
2025-06-24 22:06:22 - INFO - epoch:19/25 iteration:520/1377 batch loss is :0.0052
2025-06-24 22:06:28 - INFO - epoch:19/25 iteration:525/1377 batch loss is :0.0073
2025-06-24 22:06:34 - INFO - epoch:19/25 iteration:530/1377 batch loss is :0.0087
2025-06-24 22:06:41 - INFO - epoch:19/25 iteration:535/1377 batch loss is :0.0063
2025-06-24 22:06:47 - INFO - epoch:19/25 iteration:540/1377 batch loss is :0.0111
2025-06-24 22:06:54 - INFO - epoch:19/25 iteration:545/1377 batch loss is :0.0062
2025-06-24 22:07:00 - INFO - epoch:19/25 iteration:550/1377 batch loss is :0.0630
2025-06-24 22:07:06 - INFO - epoch:19/25 iteration:555/1377 batch loss is :0.0011
2025-06-24 22:07:13 - INFO - epoch:19/25 iteration:560/1377 batch loss is :0.0019
2025-06-24 22:07:19 - INFO - epoch:19/25 iteration:565/1377 batch loss is :0.0277
2025-06-24 22:07:26 - INFO - epoch:19/25 iteration:570/1377 batch loss is :0.0601
2025-06-24 22:07:32 - INFO - epoch:19/25 iteration:575/1377 batch loss is :0.0029
2025-06-24 22:07:38 - INFO - epoch:19/25 iteration:580/1377 batch loss is :0.0024
2025-06-24 22:07:45 - INFO - epoch:19/25 iteration:585/1377 batch loss is :0.0237
2025-06-24 22:07:51 - INFO - epoch:19/25 iteration:590/1377 batch loss is :0.0088
2025-06-24 22:07:58 - INFO - epoch:19/25 iteration:595/1377 batch loss is :0.0404
2025-06-24 22:08:04 - INFO - epoch:19/25 iteration:600/1377 batch loss is :0.0050
2025-06-24 22:08:10 - INFO - epoch:19/25 iteration:605/1377 batch loss is :0.0263
2025-06-24 22:08:17 - INFO - epoch:19/25 iteration:610/1377 batch loss is :0.0299
2025-06-24 22:08:23 - INFO - epoch:19/25 iteration:615/1377 batch loss is :0.0051
2025-06-24 22:08:30 - INFO - epoch:19/25 iteration:620/1377 batch loss is :0.0209
2025-06-24 22:08:36 - INFO - epoch:19/25 iteration:625/1377 batch loss is :0.0048
2025-06-24 22:08:42 - INFO - epoch:19/25 iteration:630/1377 batch loss is :0.0466
2025-06-24 22:08:49 - INFO - epoch:19/25 iteration:635/1377 batch loss is :0.0117
2025-06-24 22:08:55 - INFO - epoch:19/25 iteration:640/1377 batch loss is :0.0049
2025-06-24 22:09:01 - INFO - epoch:19/25 iteration:645/1377 batch loss is :0.0178
2025-06-24 22:09:08 - INFO - epoch:19/25 iteration:650/1377 batch loss is :0.0070
2025-06-24 22:09:14 - INFO - epoch:19/25 iteration:655/1377 batch loss is :0.0139
2025-06-24 22:09:21 - INFO - epoch:19/25 iteration:660/1377 batch loss is :0.0093
2025-06-24 22:09:27 - INFO - epoch:19/25 iteration:665/1377 batch loss is :0.0062
2025-06-24 22:09:33 - INFO - epoch:19/25 iteration:670/1377 batch loss is :0.0510
2025-06-24 22:09:40 - INFO - epoch:19/25 iteration:675/1377 batch loss is :0.0389
2025-06-24 22:09:46 - INFO - epoch:19/25 iteration:680/1377 batch loss is :0.0193
2025-06-24 22:09:53 - INFO - epoch:19/25 iteration:685/1377 batch loss is :0.0100
2025-06-24 22:09:59 - INFO - epoch:19/25 iteration:690/1377 batch loss is :0.0716
2025-06-24 22:10:05 - INFO - epoch:19/25 iteration:695/1377 batch loss is :0.0115
2025-06-24 22:10:12 - INFO - epoch:19/25 iteration:700/1377 batch loss is :0.0692
2025-06-24 22:10:18 - INFO - epoch:19/25 iteration:705/1377 batch loss is :0.0160
2025-06-24 22:10:25 - INFO - epoch:19/25 iteration:710/1377 batch loss is :0.0048
2025-06-24 22:10:31 - INFO - epoch:19/25 iteration:715/1377 batch loss is :0.0182
2025-06-24 22:10:37 - INFO - epoch:19/25 iteration:720/1377 batch loss is :0.0046
2025-06-24 22:10:44 - INFO - epoch:19/25 iteration:725/1377 batch loss is :0.1340
2025-06-24 22:10:50 - INFO - epoch:19/25 iteration:730/1377 batch loss is :0.0169
2025-06-24 22:10:57 - INFO - epoch:19/25 iteration:735/1377 batch loss is :0.0065
2025-06-24 22:11:03 - INFO - epoch:19/25 iteration:740/1377 batch loss is :0.0210
2025-06-24 22:11:09 - INFO - epoch:19/25 iteration:745/1377 batch loss is :0.0187
2025-06-24 22:11:16 - INFO - epoch:19/25 iteration:750/1377 batch loss is :0.0341
2025-06-24 22:11:22 - INFO - epoch:19/25 iteration:755/1377 batch loss is :0.0077
2025-06-24 22:11:29 - INFO - epoch:19/25 iteration:760/1377 batch loss is :0.0063
2025-06-24 22:11:35 - INFO - epoch:19/25 iteration:765/1377 batch loss is :0.0082
2025-06-24 22:11:41 - INFO - epoch:19/25 iteration:770/1377 batch loss is :0.0126
2025-06-24 22:11:48 - INFO - epoch:19/25 iteration:775/1377 batch loss is :0.0436
2025-06-24 22:11:54 - INFO - epoch:19/25 iteration:780/1377 batch loss is :0.0626
2025-06-24 22:12:01 - INFO - epoch:19/25 iteration:785/1377 batch loss is :0.0142
2025-06-24 22:12:07 - INFO - epoch:19/25 iteration:790/1377 batch loss is :0.0134
2025-06-24 22:12:13 - INFO - epoch:19/25 iteration:795/1377 batch loss is :0.0017
2025-06-24 22:12:20 - INFO - epoch:19/25 iteration:800/1377 batch loss is :0.0208
2025-06-24 22:12:26 - INFO - epoch:19/25 iteration:805/1377 batch loss is :0.0015
2025-06-24 22:12:33 - INFO - epoch:19/25 iteration:810/1377 batch loss is :0.0244
2025-06-24 22:12:39 - INFO - epoch:19/25 iteration:815/1377 batch loss is :0.0162
2025-06-24 22:12:45 - INFO - epoch:19/25 iteration:820/1377 batch loss is :0.0051
2025-06-24 22:12:52 - INFO - epoch:19/25 iteration:825/1377 batch loss is :0.0149
2025-06-24 22:12:58 - INFO - epoch:19/25 iteration:830/1377 batch loss is :0.0046
2025-06-24 22:13:05 - INFO - epoch:19/25 iteration:835/1377 batch loss is :0.0239
2025-06-24 22:13:11 - INFO - epoch:19/25 iteration:840/1377 batch loss is :0.0215
2025-06-24 22:13:17 - INFO - epoch:19/25 iteration:845/1377 batch loss is :0.0019
2025-06-24 22:13:24 - INFO - epoch:19/25 iteration:850/1377 batch loss is :0.0077
2025-06-24 22:13:30 - INFO - epoch:19/25 iteration:855/1377 batch loss is :0.0108
2025-06-24 22:13:37 - INFO - epoch:19/25 iteration:860/1377 batch loss is :0.0009
2025-06-24 22:13:43 - INFO - epoch:19/25 iteration:865/1377 batch loss is :0.0275
2025-06-24 22:13:49 - INFO - epoch:19/25 iteration:870/1377 batch loss is :0.1101
2025-06-24 22:13:56 - INFO - epoch:19/25 iteration:875/1377 batch loss is :0.0048
2025-06-24 22:14:02 - INFO - epoch:19/25 iteration:880/1377 batch loss is :0.0204
2025-06-24 22:14:09 - INFO - epoch:19/25 iteration:885/1377 batch loss is :0.0095
2025-06-24 22:14:15 - INFO - epoch:19/25 iteration:890/1377 batch loss is :0.0027
2025-06-24 22:14:21 - INFO - epoch:19/25 iteration:895/1377 batch loss is :0.0055
2025-06-24 22:14:28 - INFO - epoch:19/25 iteration:900/1377 batch loss is :0.0197
2025-06-24 22:14:34 - INFO - epoch:19/25 iteration:905/1377 batch loss is :0.0053
2025-06-24 22:14:41 - INFO - epoch:19/25 iteration:910/1377 batch loss is :0.0038
2025-06-24 22:14:47 - INFO - epoch:19/25 iteration:915/1377 batch loss is :0.0027
2025-06-24 22:14:54 - INFO - epoch:19/25 iteration:920/1377 batch loss is :0.0074
2025-06-24 22:15:00 - INFO - epoch:19/25 iteration:925/1377 batch loss is :0.0196
2025-06-24 22:15:07 - INFO - epoch:19/25 iteration:930/1377 batch loss is :0.0198
2025-06-24 22:15:13 - INFO - epoch:19/25 iteration:935/1377 batch loss is :0.0032
2025-06-24 22:15:19 - INFO - epoch:19/25 iteration:940/1377 batch loss is :0.0086
2025-06-24 22:15:26 - INFO - epoch:19/25 iteration:945/1377 batch loss is :0.0355
2025-06-24 22:15:32 - INFO - epoch:19/25 iteration:950/1377 batch loss is :0.0272
2025-06-24 22:15:39 - INFO - epoch:19/25 iteration:955/1377 batch loss is :0.0102
2025-06-24 22:15:45 - INFO - epoch:19/25 iteration:960/1377 batch loss is :0.0052
2025-06-24 22:15:51 - INFO - epoch:19/25 iteration:965/1377 batch loss is :0.0285
2025-06-24 22:15:58 - INFO - epoch:19/25 iteration:970/1377 batch loss is :0.0569
2025-06-24 22:16:04 - INFO - epoch:19/25 iteration:975/1377 batch loss is :0.0324
2025-06-24 22:16:11 - INFO - epoch:19/25 iteration:980/1377 batch loss is :0.0285
2025-06-24 22:16:17 - INFO - epoch:19/25 iteration:985/1377 batch loss is :0.0245
2025-06-24 22:16:24 - INFO - epoch:19/25 iteration:990/1377 batch loss is :0.0061
2025-06-24 22:16:30 - INFO - epoch:19/25 iteration:995/1377 batch loss is :0.0269
2025-06-24 22:16:36 - INFO - epoch:19/25 iteration:1000/1377 batch loss is :0.0041
2025-06-24 22:16:43 - INFO - epoch:19/25 iteration:1005/1377 batch loss is :0.0131
2025-06-24 22:16:49 - INFO - epoch:19/25 iteration:1010/1377 batch loss is :0.0451
2025-06-24 22:16:56 - INFO - epoch:19/25 iteration:1015/1377 batch loss is :0.0352
2025-06-24 22:17:02 - INFO - epoch:19/25 iteration:1020/1377 batch loss is :0.0450
2025-06-24 22:17:08 - INFO - epoch:19/25 iteration:1025/1377 batch loss is :0.0093
2025-06-24 22:17:15 - INFO - epoch:19/25 iteration:1030/1377 batch loss is :0.0005
2025-06-24 22:17:21 - INFO - epoch:19/25 iteration:1035/1377 batch loss is :0.0082
2025-06-24 22:17:28 - INFO - epoch:19/25 iteration:1040/1377 batch loss is :0.0154
2025-06-24 22:17:34 - INFO - epoch:19/25 iteration:1045/1377 batch loss is :0.0096
2025-06-24 22:17:41 - INFO - epoch:19/25 iteration:1050/1377 batch loss is :0.0032
2025-06-24 22:17:47 - INFO - epoch:19/25 iteration:1055/1377 batch loss is :0.0114
2025-06-24 22:17:53 - INFO - epoch:19/25 iteration:1060/1377 batch loss is :0.0187
2025-06-24 22:18:00 - INFO - epoch:19/25 iteration:1065/1377 batch loss is :0.0095
2025-06-24 22:18:06 - INFO - epoch:19/25 iteration:1070/1377 batch loss is :0.0029
2025-06-24 22:18:13 - INFO - epoch:19/25 iteration:1075/1377 batch loss is :0.0022
2025-06-24 22:18:19 - INFO - epoch:19/25 iteration:1080/1377 batch loss is :0.0242
2025-06-24 22:18:26 - INFO - epoch:19/25 iteration:1085/1377 batch loss is :0.0140
2025-06-24 22:18:32 - INFO - epoch:19/25 iteration:1090/1377 batch loss is :0.0090
2025-06-24 22:18:38 - INFO - epoch:19/25 iteration:1095/1377 batch loss is :0.0017
2025-06-24 22:18:45 - INFO - epoch:19/25 iteration:1100/1377 batch loss is :0.0473
2025-06-24 22:18:51 - INFO - epoch:19/25 iteration:1105/1377 batch loss is :0.0009
2025-06-24 22:18:58 - INFO - epoch:19/25 iteration:1110/1377 batch loss is :0.0226
2025-06-24 22:19:04 - INFO - epoch:19/25 iteration:1115/1377 batch loss is :0.0074
2025-06-24 22:19:10 - INFO - epoch:19/25 iteration:1120/1377 batch loss is :0.0013
2025-06-24 22:19:17 - INFO - epoch:19/25 iteration:1125/1377 batch loss is :0.0101
2025-06-24 22:19:23 - INFO - epoch:19/25 iteration:1130/1377 batch loss is :0.0126
2025-06-24 22:19:30 - INFO - epoch:19/25 iteration:1135/1377 batch loss is :0.0111
2025-06-24 22:19:36 - INFO - epoch:19/25 iteration:1140/1377 batch loss is :0.0128
2025-06-24 22:19:42 - INFO - epoch:19/25 iteration:1145/1377 batch loss is :0.0082
2025-06-24 22:19:49 - INFO - epoch:19/25 iteration:1150/1377 batch loss is :0.0919
2025-06-24 22:19:55 - INFO - epoch:19/25 iteration:1155/1377 batch loss is :0.0053
2025-06-24 22:20:02 - INFO - epoch:19/25 iteration:1160/1377 batch loss is :0.0399
2025-06-24 22:20:08 - INFO - epoch:19/25 iteration:1165/1377 batch loss is :0.0397
2025-06-24 22:20:15 - INFO - epoch:19/25 iteration:1170/1377 batch loss is :0.0070
2025-06-24 22:20:21 - INFO - epoch:19/25 iteration:1175/1377 batch loss is :0.0115
2025-06-24 22:20:27 - INFO - epoch:19/25 iteration:1180/1377 batch loss is :0.0566
2025-06-24 22:20:34 - INFO - epoch:19/25 iteration:1185/1377 batch loss is :0.0063
2025-06-24 22:20:40 - INFO - epoch:19/25 iteration:1190/1377 batch loss is :0.0064
2025-06-24 22:20:47 - INFO - epoch:19/25 iteration:1195/1377 batch loss is :0.0105
2025-06-24 22:20:53 - INFO - epoch:19/25 iteration:1200/1377 batch loss is :0.0204
2025-06-24 22:20:59 - INFO - epoch:19/25 iteration:1205/1377 batch loss is :0.0305
2025-06-24 22:21:06 - INFO - epoch:19/25 iteration:1210/1377 batch loss is :0.0162
2025-06-24 22:21:12 - INFO - epoch:19/25 iteration:1215/1377 batch loss is :0.0038
2025-06-24 22:21:19 - INFO - epoch:19/25 iteration:1220/1377 batch loss is :0.0275
2025-06-24 22:21:25 - INFO - epoch:19/25 iteration:1225/1377 batch loss is :0.0264
2025-06-24 22:21:32 - INFO - epoch:19/25 iteration:1230/1377 batch loss is :0.0162
2025-06-24 22:21:38 - INFO - epoch:19/25 iteration:1235/1377 batch loss is :0.0635
2025-06-24 22:21:44 - INFO - epoch:19/25 iteration:1240/1377 batch loss is :0.0881
2025-06-24 22:21:51 - INFO - epoch:19/25 iteration:1245/1377 batch loss is :0.0181
2025-06-24 22:21:57 - INFO - epoch:19/25 iteration:1250/1377 batch loss is :0.0210
2025-06-24 22:22:04 - INFO - epoch:19/25 iteration:1255/1377 batch loss is :0.0154
2025-06-24 22:22:10 - INFO - epoch:19/25 iteration:1260/1377 batch loss is :0.0141
2025-06-24 22:22:17 - INFO - epoch:19/25 iteration:1265/1377 batch loss is :0.0198
2025-06-24 22:22:23 - INFO - epoch:19/25 iteration:1270/1377 batch loss is :0.0308
2025-06-24 22:22:29 - INFO - epoch:19/25 iteration:1275/1377 batch loss is :0.0055
2025-06-24 22:22:36 - INFO - epoch:19/25 iteration:1280/1377 batch loss is :0.0226
2025-06-24 22:22:42 - INFO - epoch:19/25 iteration:1285/1377 batch loss is :0.0152
2025-06-24 22:22:49 - INFO - epoch:19/25 iteration:1290/1377 batch loss is :0.0106
2025-06-24 22:22:55 - INFO - epoch:19/25 iteration:1295/1377 batch loss is :0.0241
2025-06-24 22:23:02 - INFO - epoch:19/25 iteration:1300/1377 batch loss is :0.0172
2025-06-24 22:23:08 - INFO - epoch:19/25 iteration:1305/1377 batch loss is :0.0111
2025-06-24 22:23:14 - INFO - epoch:19/25 iteration:1310/1377 batch loss is :0.0191
2025-06-24 22:23:21 - INFO - epoch:19/25 iteration:1315/1377 batch loss is :0.0308
2025-06-24 22:23:27 - INFO - epoch:19/25 iteration:1320/1377 batch loss is :0.0982
2025-06-24 22:23:33 - INFO - epoch:19/25 iteration:1325/1377 batch loss is :0.0081
2025-06-24 22:23:40 - INFO - epoch:19/25 iteration:1330/1377 batch loss is :0.0837
2025-06-24 22:23:46 - INFO - epoch:19/25 iteration:1335/1377 batch loss is :0.0374
2025-06-24 22:23:53 - INFO - epoch:19/25 iteration:1340/1377 batch loss is :0.0267
2025-06-24 22:23:59 - INFO - epoch:19/25 iteration:1345/1377 batch loss is :0.0815
2025-06-24 22:24:06 - INFO - epoch:19/25 iteration:1350/1377 batch loss is :0.0412
2025-06-24 22:24:12 - INFO - epoch:19/25 iteration:1355/1377 batch loss is :0.0180
2025-06-24 22:24:18 - INFO - epoch:19/25 iteration:1360/1377 batch loss is :0.0133
2025-06-24 22:24:24 - INFO - epoch:19/25 iteration:1365/1377 batch loss is :0.0048
2025-06-24 22:24:31 - INFO - epoch:19/25 iteration:1370/1377 batch loss is :0.0091
2025-06-24 22:24:37 - INFO - epoch:19/25 iteration:1375/1377 batch loss is :0.0180
2025-06-24 22:24:39 - INFO - Epoch:19/25 Loss is :0.0192
2025-06-24 22:27:01 - INFO - epoch:20/25 iteration:0/1377 batch loss is :0.0089
2025-06-24 22:27:09 - INFO - epoch:20/25 iteration:5/1377 batch loss is :0.0437
2025-06-24 22:27:16 - INFO - epoch:20/25 iteration:10/1377 batch loss is :0.0171
2025-06-24 22:27:23 - INFO - epoch:20/25 iteration:15/1377 batch loss is :0.0031
2025-06-24 22:27:29 - INFO - epoch:20/25 iteration:20/1377 batch loss is :0.0051
2025-06-24 22:27:35 - INFO - epoch:20/25 iteration:25/1377 batch loss is :0.0024
2025-06-24 22:27:42 - INFO - epoch:20/25 iteration:30/1377 batch loss is :0.0299
2025-06-24 22:27:49 - INFO - epoch:20/25 iteration:35/1377 batch loss is :0.0127
2025-06-24 22:27:55 - INFO - epoch:20/25 iteration:40/1377 batch loss is :0.0123
2025-06-24 22:28:01 - INFO - epoch:20/25 iteration:45/1377 batch loss is :0.0009
2025-06-24 22:28:08 - INFO - epoch:20/25 iteration:50/1377 batch loss is :0.0198
2025-06-24 22:28:14 - INFO - epoch:20/25 iteration:55/1377 batch loss is :0.0149
2025-06-24 22:28:21 - INFO - epoch:20/25 iteration:60/1377 batch loss is :0.0077
2025-06-24 22:28:27 - INFO - epoch:20/25 iteration:65/1377 batch loss is :0.0155
2025-06-24 22:28:33 - INFO - epoch:20/25 iteration:70/1377 batch loss is :0.0094
2025-06-24 22:28:40 - INFO - epoch:20/25 iteration:75/1377 batch loss is :0.0229
2025-06-24 22:28:46 - INFO - epoch:20/25 iteration:80/1377 batch loss is :0.0739
2025-06-24 22:28:52 - INFO - epoch:20/25 iteration:85/1377 batch loss is :0.0478
2025-06-24 22:28:59 - INFO - epoch:20/25 iteration:90/1377 batch loss is :0.0087
2025-06-24 22:29:05 - INFO - epoch:20/25 iteration:95/1377 batch loss is :0.0069
2025-06-24 22:29:11 - INFO - epoch:20/25 iteration:100/1377 batch loss is :0.0424
2025-06-24 22:29:18 - INFO - epoch:20/25 iteration:105/1377 batch loss is :0.0055
2025-06-24 22:29:24 - INFO - epoch:20/25 iteration:110/1377 batch loss is :0.0118
2025-06-24 22:29:30 - INFO - epoch:20/25 iteration:115/1377 batch loss is :0.0096
2025-06-24 22:29:37 - INFO - epoch:20/25 iteration:120/1377 batch loss is :0.0159
2025-06-24 22:29:43 - INFO - epoch:20/25 iteration:125/1377 batch loss is :0.0133
2025-06-24 22:29:49 - INFO - epoch:20/25 iteration:130/1377 batch loss is :0.0007
2025-06-24 22:29:56 - INFO - epoch:20/25 iteration:135/1377 batch loss is :0.0227
2025-06-24 22:30:02 - INFO - epoch:20/25 iteration:140/1377 batch loss is :0.0067
2025-06-24 22:30:09 - INFO - epoch:20/25 iteration:145/1377 batch loss is :0.0275
2025-06-24 22:30:15 - INFO - epoch:20/25 iteration:150/1377 batch loss is :0.0044
2025-06-24 22:30:21 - INFO - epoch:20/25 iteration:155/1377 batch loss is :0.0273
2025-06-24 22:30:28 - INFO - epoch:20/25 iteration:160/1377 batch loss is :0.0288
2025-06-24 22:30:34 - INFO - epoch:20/25 iteration:165/1377 batch loss is :0.0054
2025-06-24 22:30:41 - INFO - epoch:20/25 iteration:170/1377 batch loss is :0.0367
2025-06-24 22:30:47 - INFO - epoch:20/25 iteration:175/1377 batch loss is :0.0045
2025-06-24 22:30:53 - INFO - epoch:20/25 iteration:180/1377 batch loss is :0.0201
2025-06-24 22:31:00 - INFO - epoch:20/25 iteration:185/1377 batch loss is :0.0079
2025-06-24 22:31:06 - INFO - epoch:20/25 iteration:190/1377 batch loss is :0.0154
2025-06-24 22:31:13 - INFO - epoch:20/25 iteration:195/1377 batch loss is :0.0050
2025-06-24 22:31:19 - INFO - epoch:20/25 iteration:200/1377 batch loss is :0.0034
2025-06-24 22:31:25 - INFO - epoch:20/25 iteration:205/1377 batch loss is :0.0096
2025-06-24 22:31:32 - INFO - epoch:20/25 iteration:210/1377 batch loss is :0.0215
2025-06-24 22:31:38 - INFO - epoch:20/25 iteration:215/1377 batch loss is :0.0337
2025-06-24 22:31:45 - INFO - epoch:20/25 iteration:220/1377 batch loss is :0.0153
2025-06-24 22:31:51 - INFO - epoch:20/25 iteration:225/1377 batch loss is :0.0728
2025-06-24 22:31:57 - INFO - epoch:20/25 iteration:230/1377 batch loss is :0.0260
2025-06-24 22:32:04 - INFO - epoch:20/25 iteration:235/1377 batch loss is :0.0212
2025-06-24 22:32:10 - INFO - epoch:20/25 iteration:240/1377 batch loss is :0.0552
2025-06-24 22:32:17 - INFO - epoch:20/25 iteration:245/1377 batch loss is :0.0038
2025-06-24 22:32:23 - INFO - epoch:20/25 iteration:250/1377 batch loss is :0.0291
2025-06-24 22:32:29 - INFO - epoch:20/25 iteration:255/1377 batch loss is :0.0136
2025-06-24 22:32:36 - INFO - epoch:20/25 iteration:260/1377 batch loss is :0.0041
2025-06-24 22:32:42 - INFO - epoch:20/25 iteration:265/1377 batch loss is :0.0074
2025-06-24 22:32:49 - INFO - epoch:20/25 iteration:270/1377 batch loss is :0.0087
2025-06-24 22:32:55 - INFO - epoch:20/25 iteration:275/1377 batch loss is :0.0221
2025-06-24 22:33:01 - INFO - epoch:20/25 iteration:280/1377 batch loss is :0.0068
2025-06-24 22:33:08 - INFO - epoch:20/25 iteration:285/1377 batch loss is :0.0053
2025-06-24 22:33:14 - INFO - epoch:20/25 iteration:290/1377 batch loss is :0.0334
2025-06-24 22:33:20 - INFO - epoch:20/25 iteration:295/1377 batch loss is :0.0146
2025-06-24 22:33:27 - INFO - epoch:20/25 iteration:300/1377 batch loss is :0.0013
2025-06-24 22:33:33 - INFO - epoch:20/25 iteration:305/1377 batch loss is :0.0115
2025-06-24 22:33:40 - INFO - epoch:20/25 iteration:310/1377 batch loss is :0.0024
2025-06-24 22:33:46 - INFO - epoch:20/25 iteration:315/1377 batch loss is :0.0305
2025-06-24 22:33:53 - INFO - epoch:20/25 iteration:320/1377 batch loss is :0.0141
2025-06-24 22:33:59 - INFO - epoch:20/25 iteration:325/1377 batch loss is :0.0149
2025-06-24 22:34:05 - INFO - epoch:20/25 iteration:330/1377 batch loss is :0.0089
2025-06-24 22:34:12 - INFO - epoch:20/25 iteration:335/1377 batch loss is :0.0106
2025-06-24 22:34:18 - INFO - epoch:20/25 iteration:340/1377 batch loss is :0.0099
2025-06-24 22:34:25 - INFO - epoch:20/25 iteration:345/1377 batch loss is :0.0069
2025-06-24 22:34:31 - INFO - epoch:20/25 iteration:350/1377 batch loss is :0.0451
2025-06-24 22:34:37 - INFO - epoch:20/25 iteration:355/1377 batch loss is :0.0083
2025-06-24 22:34:44 - INFO - epoch:20/25 iteration:360/1377 batch loss is :0.0024
2025-06-24 22:34:50 - INFO - epoch:20/25 iteration:365/1377 batch loss is :0.0200
2025-06-24 22:34:57 - INFO - epoch:20/25 iteration:370/1377 batch loss is :0.0019
2025-06-24 22:35:03 - INFO - epoch:20/25 iteration:375/1377 batch loss is :0.0208
2025-06-24 22:35:10 - INFO - epoch:20/25 iteration:380/1377 batch loss is :0.0224
2025-06-24 22:35:16 - INFO - epoch:20/25 iteration:385/1377 batch loss is :0.0056
2025-06-24 22:35:22 - INFO - epoch:20/25 iteration:390/1377 batch loss is :0.0530
2025-06-24 22:35:29 - INFO - epoch:20/25 iteration:395/1377 batch loss is :0.0206
2025-06-24 22:35:35 - INFO - epoch:20/25 iteration:400/1377 batch loss is :0.0739
2025-06-24 22:35:42 - INFO - epoch:20/25 iteration:405/1377 batch loss is :0.0077
2025-06-24 22:35:48 - INFO - epoch:20/25 iteration:410/1377 batch loss is :0.0035
2025-06-24 22:35:54 - INFO - epoch:20/25 iteration:415/1377 batch loss is :0.0184
2025-06-24 22:36:01 - INFO - epoch:20/25 iteration:420/1377 batch loss is :0.0117
2025-06-24 22:36:07 - INFO - epoch:20/25 iteration:425/1377 batch loss is :0.0004
2025-06-24 22:36:14 - INFO - epoch:20/25 iteration:430/1377 batch loss is :0.0110
2025-06-24 22:36:20 - INFO - epoch:20/25 iteration:435/1377 batch loss is :0.0022
2025-06-24 22:36:26 - INFO - epoch:20/25 iteration:440/1377 batch loss is :0.0081
2025-06-24 22:36:33 - INFO - epoch:20/25 iteration:445/1377 batch loss is :0.0075
2025-06-24 22:36:39 - INFO - epoch:20/25 iteration:450/1377 batch loss is :0.0019
2025-06-24 22:36:46 - INFO - epoch:20/25 iteration:455/1377 batch loss is :0.0162
2025-06-24 22:36:52 - INFO - epoch:20/25 iteration:460/1377 batch loss is :0.0034
2025-06-24 22:36:58 - INFO - epoch:20/25 iteration:465/1377 batch loss is :0.0111
2025-06-24 22:37:05 - INFO - epoch:20/25 iteration:470/1377 batch loss is :0.0068
2025-06-24 22:37:11 - INFO - epoch:20/25 iteration:475/1377 batch loss is :0.0374
2025-06-24 22:37:18 - INFO - epoch:20/25 iteration:480/1377 batch loss is :0.0150
2025-06-24 22:37:24 - INFO - epoch:20/25 iteration:485/1377 batch loss is :0.0041
2025-06-24 22:37:31 - INFO - epoch:20/25 iteration:490/1377 batch loss is :0.0094
2025-06-24 22:37:37 - INFO - epoch:20/25 iteration:495/1377 batch loss is :0.0643
2025-06-24 22:37:44 - INFO - epoch:20/25 iteration:500/1377 batch loss is :0.0053
2025-06-24 22:37:50 - INFO - epoch:20/25 iteration:505/1377 batch loss is :0.0017
2025-06-24 22:37:56 - INFO - epoch:20/25 iteration:510/1377 batch loss is :0.0022
2025-06-24 22:38:03 - INFO - epoch:20/25 iteration:515/1377 batch loss is :0.0044
2025-06-24 22:38:09 - INFO - epoch:20/25 iteration:520/1377 batch loss is :0.0338
2025-06-24 22:38:16 - INFO - epoch:20/25 iteration:525/1377 batch loss is :0.0174
2025-06-24 22:38:22 - INFO - epoch:20/25 iteration:530/1377 batch loss is :0.0355
2025-06-24 22:38:28 - INFO - epoch:20/25 iteration:535/1377 batch loss is :0.0267
2025-06-24 22:38:35 - INFO - epoch:20/25 iteration:540/1377 batch loss is :0.0083
2025-06-24 22:38:41 - INFO - epoch:20/25 iteration:545/1377 batch loss is :0.0215
2025-06-24 22:38:48 - INFO - epoch:20/25 iteration:550/1377 batch loss is :0.0101
2025-06-24 22:38:54 - INFO - epoch:20/25 iteration:555/1377 batch loss is :0.0125
2025-06-24 22:39:01 - INFO - epoch:20/25 iteration:560/1377 batch loss is :0.0098
2025-06-24 22:39:07 - INFO - epoch:20/25 iteration:565/1377 batch loss is :0.0280
2025-06-24 22:39:13 - INFO - epoch:20/25 iteration:570/1377 batch loss is :0.0055
2025-06-24 22:39:20 - INFO - epoch:20/25 iteration:575/1377 batch loss is :0.0339
2025-06-24 22:39:26 - INFO - epoch:20/25 iteration:580/1377 batch loss is :0.0119
2025-06-24 22:39:33 - INFO - epoch:20/25 iteration:585/1377 batch loss is :0.0011
2025-06-24 22:39:39 - INFO - epoch:20/25 iteration:590/1377 batch loss is :0.0116
2025-06-24 22:39:45 - INFO - epoch:20/25 iteration:595/1377 batch loss is :0.0261
2025-06-24 22:39:52 - INFO - epoch:20/25 iteration:600/1377 batch loss is :0.0097
2025-06-24 22:39:58 - INFO - epoch:20/25 iteration:605/1377 batch loss is :0.0064
2025-06-24 22:40:05 - INFO - epoch:20/25 iteration:610/1377 batch loss is :0.0116
2025-06-24 22:40:11 - INFO - epoch:20/25 iteration:615/1377 batch loss is :0.0140
2025-06-24 22:40:17 - INFO - epoch:20/25 iteration:620/1377 batch loss is :0.0225
2025-06-24 22:40:24 - INFO - epoch:20/25 iteration:625/1377 batch loss is :0.0145
2025-06-24 22:40:30 - INFO - epoch:20/25 iteration:630/1377 batch loss is :0.0912
2025-06-24 22:40:37 - INFO - epoch:20/25 iteration:635/1377 batch loss is :0.0037
2025-06-24 22:40:43 - INFO - epoch:20/25 iteration:640/1377 batch loss is :0.0163
2025-06-24 22:40:49 - INFO - epoch:20/25 iteration:645/1377 batch loss is :0.0105
2025-06-24 22:40:56 - INFO - epoch:20/25 iteration:650/1377 batch loss is :0.0259
2025-06-24 22:41:02 - INFO - epoch:20/25 iteration:655/1377 batch loss is :0.0095
2025-06-24 22:41:09 - INFO - epoch:20/25 iteration:660/1377 batch loss is :0.0062
2025-06-24 22:41:15 - INFO - epoch:20/25 iteration:665/1377 batch loss is :0.0056
2025-06-24 22:41:22 - INFO - epoch:20/25 iteration:670/1377 batch loss is :0.0233
2025-06-24 22:41:28 - INFO - epoch:20/25 iteration:675/1377 batch loss is :0.0016
2025-06-24 22:41:34 - INFO - epoch:20/25 iteration:680/1377 batch loss is :0.0069
2025-06-24 22:41:41 - INFO - epoch:20/25 iteration:685/1377 batch loss is :0.0051
2025-06-24 22:41:47 - INFO - epoch:20/25 iteration:690/1377 batch loss is :0.0180
2025-06-24 22:41:54 - INFO - epoch:20/25 iteration:695/1377 batch loss is :0.0673
2025-06-24 22:42:00 - INFO - epoch:20/25 iteration:700/1377 batch loss is :0.0459
2025-06-24 22:42:06 - INFO - epoch:20/25 iteration:705/1377 batch loss is :0.0154
2025-06-24 22:42:13 - INFO - epoch:20/25 iteration:710/1377 batch loss is :0.0074
2025-06-24 22:42:19 - INFO - epoch:20/25 iteration:715/1377 batch loss is :0.0170
2025-06-24 22:42:26 - INFO - epoch:20/25 iteration:720/1377 batch loss is :0.0101
2025-06-24 22:42:32 - INFO - epoch:20/25 iteration:725/1377 batch loss is :0.0026
2025-06-24 22:42:39 - INFO - epoch:20/25 iteration:730/1377 batch loss is :0.0173
2025-06-24 22:42:45 - INFO - epoch:20/25 iteration:735/1377 batch loss is :0.0043
2025-06-24 22:42:51 - INFO - epoch:20/25 iteration:740/1377 batch loss is :0.0095
2025-06-24 22:42:58 - INFO - epoch:20/25 iteration:745/1377 batch loss is :0.0277
2025-06-24 22:43:04 - INFO - epoch:20/25 iteration:750/1377 batch loss is :0.0026
2025-06-24 22:43:11 - INFO - epoch:20/25 iteration:755/1377 batch loss is :0.0513
2025-06-24 22:43:17 - INFO - epoch:20/25 iteration:760/1377 batch loss is :0.0099
2025-06-24 22:43:23 - INFO - epoch:20/25 iteration:765/1377 batch loss is :0.0031
2025-06-24 22:43:30 - INFO - epoch:20/25 iteration:770/1377 batch loss is :0.0260
2025-06-24 22:43:36 - INFO - epoch:20/25 iteration:775/1377 batch loss is :0.0067
2025-06-24 22:43:43 - INFO - epoch:20/25 iteration:780/1377 batch loss is :0.0544
2025-06-24 22:43:49 - INFO - epoch:20/25 iteration:785/1377 batch loss is :0.0123
2025-06-24 22:43:55 - INFO - epoch:20/25 iteration:790/1377 batch loss is :0.0338
2025-06-24 22:44:02 - INFO - epoch:20/25 iteration:795/1377 batch loss is :0.0111
2025-06-24 22:44:08 - INFO - epoch:20/25 iteration:800/1377 batch loss is :0.0040
2025-06-24 22:44:15 - INFO - epoch:20/25 iteration:805/1377 batch loss is :0.0360
2025-06-24 22:44:21 - INFO - epoch:20/25 iteration:810/1377 batch loss is :0.0177
2025-06-24 22:44:27 - INFO - epoch:20/25 iteration:815/1377 batch loss is :0.0332
2025-06-24 22:44:34 - INFO - epoch:20/25 iteration:820/1377 batch loss is :0.0392
2025-06-24 22:44:40 - INFO - epoch:20/25 iteration:825/1377 batch loss is :0.0044
2025-06-24 22:44:47 - INFO - epoch:20/25 iteration:830/1377 batch loss is :0.0036
2025-06-24 22:44:53 - INFO - epoch:20/25 iteration:835/1377 batch loss is :0.0382
2025-06-24 22:44:59 - INFO - epoch:20/25 iteration:840/1377 batch loss is :0.0054
2025-06-24 22:45:06 - INFO - epoch:20/25 iteration:845/1377 batch loss is :0.0103
2025-06-24 22:45:12 - INFO - epoch:20/25 iteration:850/1377 batch loss is :0.0049
2025-06-24 22:45:19 - INFO - epoch:20/25 iteration:855/1377 batch loss is :0.0074
2025-06-24 22:45:25 - INFO - epoch:20/25 iteration:860/1377 batch loss is :0.0102
2025-06-24 22:45:31 - INFO - epoch:20/25 iteration:865/1377 batch loss is :0.0430
2025-06-24 22:45:38 - INFO - epoch:20/25 iteration:870/1377 batch loss is :0.0039
2025-06-24 22:45:44 - INFO - epoch:20/25 iteration:875/1377 batch loss is :0.0137
2025-06-24 22:45:51 - INFO - epoch:20/25 iteration:880/1377 batch loss is :0.0032
2025-06-24 22:45:57 - INFO - epoch:20/25 iteration:885/1377 batch loss is :0.0018
2025-06-24 22:46:04 - INFO - epoch:20/25 iteration:890/1377 batch loss is :0.0026
2025-06-24 22:46:10 - INFO - epoch:20/25 iteration:895/1377 batch loss is :0.0324
2025-06-24 22:46:16 - INFO - epoch:20/25 iteration:900/1377 batch loss is :0.0047
2025-06-24 22:46:23 - INFO - epoch:20/25 iteration:905/1377 batch loss is :0.0025
2025-06-24 22:46:29 - INFO - epoch:20/25 iteration:910/1377 batch loss is :0.0165
2025-06-24 22:46:36 - INFO - epoch:20/25 iteration:915/1377 batch loss is :0.0183
2025-06-24 22:46:42 - INFO - epoch:20/25 iteration:920/1377 batch loss is :0.0099
2025-06-24 22:46:48 - INFO - epoch:20/25 iteration:925/1377 batch loss is :0.0050
2025-06-24 22:46:55 - INFO - epoch:20/25 iteration:930/1377 batch loss is :0.0114
2025-06-24 22:47:01 - INFO - epoch:20/25 iteration:935/1377 batch loss is :0.0096
2025-06-24 22:47:08 - INFO - epoch:20/25 iteration:940/1377 batch loss is :0.0107
2025-06-24 22:47:14 - INFO - epoch:20/25 iteration:945/1377 batch loss is :0.0320
2025-06-24 22:47:21 - INFO - epoch:20/25 iteration:950/1377 batch loss is :0.0183
2025-06-24 22:47:27 - INFO - epoch:20/25 iteration:955/1377 batch loss is :0.0045
2025-06-24 22:47:34 - INFO - epoch:20/25 iteration:960/1377 batch loss is :0.0103
2025-06-24 22:47:40 - INFO - epoch:20/25 iteration:965/1377 batch loss is :0.0040
2025-06-24 22:47:47 - INFO - epoch:20/25 iteration:970/1377 batch loss is :0.0115
2025-06-24 22:47:53 - INFO - epoch:20/25 iteration:975/1377 batch loss is :0.0284
2025-06-24 22:48:00 - INFO - epoch:20/25 iteration:980/1377 batch loss is :0.0151
2025-06-24 22:48:06 - INFO - epoch:20/25 iteration:985/1377 batch loss is :0.0016
2025-06-24 22:48:13 - INFO - epoch:20/25 iteration:990/1377 batch loss is :0.0358
2025-06-24 22:48:19 - INFO - epoch:20/25 iteration:995/1377 batch loss is :0.0064
2025-06-24 22:48:25 - INFO - epoch:20/25 iteration:1000/1377 batch loss is :0.0011
2025-06-24 22:48:32 - INFO - epoch:20/25 iteration:1005/1377 batch loss is :0.0011
2025-06-24 22:48:38 - INFO - epoch:20/25 iteration:1010/1377 batch loss is :0.0013
2025-06-24 22:48:45 - INFO - epoch:20/25 iteration:1015/1377 batch loss is :0.0128
2025-06-24 22:48:51 - INFO - epoch:20/25 iteration:1020/1377 batch loss is :0.0094
2025-06-24 22:48:58 - INFO - epoch:20/25 iteration:1025/1377 batch loss is :0.0038
2025-06-24 22:49:04 - INFO - epoch:20/25 iteration:1030/1377 batch loss is :0.0257
2025-06-24 22:49:10 - INFO - epoch:20/25 iteration:1035/1377 batch loss is :0.0196
2025-06-24 22:49:17 - INFO - epoch:20/25 iteration:1040/1377 batch loss is :0.0205
2025-06-24 22:49:23 - INFO - epoch:20/25 iteration:1045/1377 batch loss is :0.0068
2025-06-24 22:49:30 - INFO - epoch:20/25 iteration:1050/1377 batch loss is :0.0160
2025-06-24 22:49:36 - INFO - epoch:20/25 iteration:1055/1377 batch loss is :0.0120
2025-06-24 22:49:42 - INFO - epoch:20/25 iteration:1060/1377 batch loss is :0.0196
2025-06-24 22:49:49 - INFO - epoch:20/25 iteration:1065/1377 batch loss is :0.0258
2025-06-24 22:49:55 - INFO - epoch:20/25 iteration:1070/1377 batch loss is :0.0174
2025-06-24 22:50:02 - INFO - epoch:20/25 iteration:1075/1377 batch loss is :0.0064
2025-06-24 22:50:08 - INFO - epoch:20/25 iteration:1080/1377 batch loss is :0.0188
2025-06-24 22:50:14 - INFO - epoch:20/25 iteration:1085/1377 batch loss is :0.0092
2025-06-24 22:50:21 - INFO - epoch:20/25 iteration:1090/1377 batch loss is :0.0144
2025-06-24 22:50:27 - INFO - epoch:20/25 iteration:1095/1377 batch loss is :0.0124
2025-06-24 22:50:34 - INFO - epoch:20/25 iteration:1100/1377 batch loss is :0.0102
2025-06-24 22:50:40 - INFO - epoch:20/25 iteration:1105/1377 batch loss is :0.0302
2025-06-24 22:50:47 - INFO - epoch:20/25 iteration:1110/1377 batch loss is :0.0042
2025-06-24 22:50:53 - INFO - epoch:20/25 iteration:1115/1377 batch loss is :0.0667
2025-06-24 22:51:00 - INFO - epoch:20/25 iteration:1120/1377 batch loss is :0.0110
2025-06-24 22:51:06 - INFO - epoch:20/25 iteration:1125/1377 batch loss is :0.0128
2025-06-24 22:51:12 - INFO - epoch:20/25 iteration:1130/1377 batch loss is :0.0337
2025-06-24 22:51:19 - INFO - epoch:20/25 iteration:1135/1377 batch loss is :0.0267
2025-06-24 22:51:25 - INFO - epoch:20/25 iteration:1140/1377 batch loss is :0.0016
2025-06-24 22:51:32 - INFO - epoch:20/25 iteration:1145/1377 batch loss is :0.0185
2025-06-24 22:51:38 - INFO - epoch:20/25 iteration:1150/1377 batch loss is :0.0009
2025-06-24 22:51:45 - INFO - epoch:20/25 iteration:1155/1377 batch loss is :0.0199
2025-06-24 22:51:51 - INFO - epoch:20/25 iteration:1160/1377 batch loss is :0.0865
2025-06-24 22:51:57 - INFO - epoch:20/25 iteration:1165/1377 batch loss is :0.0057
2025-06-24 22:52:04 - INFO - epoch:20/25 iteration:1170/1377 batch loss is :0.0157
2025-06-24 22:52:10 - INFO - epoch:20/25 iteration:1175/1377 batch loss is :0.0136
2025-06-24 22:52:17 - INFO - epoch:20/25 iteration:1180/1377 batch loss is :0.0472
2025-06-24 22:52:23 - INFO - epoch:20/25 iteration:1185/1377 batch loss is :0.0235
2025-06-24 22:52:30 - INFO - epoch:20/25 iteration:1190/1377 batch loss is :0.0115
2025-06-24 22:52:36 - INFO - epoch:20/25 iteration:1195/1377 batch loss is :0.0044
2025-06-24 22:52:43 - INFO - epoch:20/25 iteration:1200/1377 batch loss is :0.0162
2025-06-24 22:52:49 - INFO - epoch:20/25 iteration:1205/1377 batch loss is :0.0066
2025-06-24 22:52:55 - INFO - epoch:20/25 iteration:1210/1377 batch loss is :0.0142
2025-06-24 22:53:02 - INFO - epoch:20/25 iteration:1215/1377 batch loss is :0.0061
2025-06-24 22:53:08 - INFO - epoch:20/25 iteration:1220/1377 batch loss is :0.0178
2025-06-24 22:53:15 - INFO - epoch:20/25 iteration:1225/1377 batch loss is :0.0316
2025-06-24 22:53:21 - INFO - epoch:20/25 iteration:1230/1377 batch loss is :0.0121
2025-06-24 22:53:27 - INFO - epoch:20/25 iteration:1235/1377 batch loss is :0.0153
2025-06-24 22:53:34 - INFO - epoch:20/25 iteration:1240/1377 batch loss is :0.0759
2025-06-24 22:53:40 - INFO - epoch:20/25 iteration:1245/1377 batch loss is :0.0258
2025-06-24 22:53:47 - INFO - epoch:20/25 iteration:1250/1377 batch loss is :0.0093
2025-06-24 22:53:53 - INFO - epoch:20/25 iteration:1255/1377 batch loss is :0.0028
2025-06-24 22:53:59 - INFO - epoch:20/25 iteration:1260/1377 batch loss is :0.0231
2025-06-24 22:54:06 - INFO - epoch:20/25 iteration:1265/1377 batch loss is :0.0053
2025-06-24 22:54:12 - INFO - epoch:20/25 iteration:1270/1377 batch loss is :0.0189
2025-06-24 22:54:19 - INFO - epoch:20/25 iteration:1275/1377 batch loss is :0.0048
2025-06-24 22:54:25 - INFO - epoch:20/25 iteration:1280/1377 batch loss is :0.0115
2025-06-24 22:54:31 - INFO - epoch:20/25 iteration:1285/1377 batch loss is :0.0082
2025-06-24 22:54:38 - INFO - epoch:20/25 iteration:1290/1377 batch loss is :0.0048
2025-06-24 22:54:44 - INFO - epoch:20/25 iteration:1295/1377 batch loss is :0.0218
2025-06-24 22:54:51 - INFO - epoch:20/25 iteration:1300/1377 batch loss is :0.0121
2025-06-24 22:54:57 - INFO - epoch:20/25 iteration:1305/1377 batch loss is :0.0104
2025-06-24 22:55:03 - INFO - epoch:20/25 iteration:1310/1377 batch loss is :0.0278
2025-06-24 22:55:10 - INFO - epoch:20/25 iteration:1315/1377 batch loss is :0.0064
2025-06-24 22:55:16 - INFO - epoch:20/25 iteration:1320/1377 batch loss is :0.0225
2025-06-24 22:55:22 - INFO - epoch:20/25 iteration:1325/1377 batch loss is :0.0106
2025-06-24 22:55:29 - INFO - epoch:20/25 iteration:1330/1377 batch loss is :0.0188
2025-06-24 22:55:35 - INFO - epoch:20/25 iteration:1335/1377 batch loss is :0.0230
2025-06-24 22:55:42 - INFO - epoch:20/25 iteration:1340/1377 batch loss is :0.0698
2025-06-24 22:55:48 - INFO - epoch:20/25 iteration:1345/1377 batch loss is :0.0064
2025-06-24 22:55:54 - INFO - epoch:20/25 iteration:1350/1377 batch loss is :0.0026
2025-06-24 22:56:01 - INFO - epoch:20/25 iteration:1355/1377 batch loss is :0.0230
2025-06-24 22:56:07 - INFO - epoch:20/25 iteration:1360/1377 batch loss is :0.0082
2025-06-24 22:56:13 - INFO - epoch:20/25 iteration:1365/1377 batch loss is :0.0229
2025-06-24 22:56:19 - INFO - epoch:20/25 iteration:1370/1377 batch loss is :0.0018
2025-06-24 22:56:25 - INFO - epoch:20/25 iteration:1375/1377 batch loss is :0.0052
2025-06-24 22:56:27 - INFO - Epoch:20/25 Loss is :0.0162
2025-06-24 23:05:34 - INFO - VAL loss :0.1983
2025-06-24 23:07:50 - INFO - epoch:21/25 iteration:0/1377 batch loss is :0.0017
2025-06-24 23:07:57 - INFO - epoch:21/25 iteration:5/1377 batch loss is :0.0042
2025-06-24 23:08:04 - INFO - epoch:21/25 iteration:10/1377 batch loss is :0.0100
2025-06-24 23:08:10 - INFO - epoch:21/25 iteration:15/1377 batch loss is :0.0111
2025-06-24 23:08:17 - INFO - epoch:21/25 iteration:20/1377 batch loss is :0.0034
2025-06-24 23:08:23 - INFO - epoch:21/25 iteration:25/1377 batch loss is :0.0025
2025-06-24 23:08:30 - INFO - epoch:21/25 iteration:30/1377 batch loss is :0.0061
2025-06-24 23:08:36 - INFO - epoch:21/25 iteration:35/1377 batch loss is :0.0544
2025-06-24 23:08:43 - INFO - epoch:21/25 iteration:40/1377 batch loss is :0.0246
2025-06-24 23:08:49 - INFO - epoch:21/25 iteration:45/1377 batch loss is :0.0142
2025-06-24 23:08:55 - INFO - epoch:21/25 iteration:50/1377 batch loss is :0.0194
2025-06-24 23:09:02 - INFO - epoch:21/25 iteration:55/1377 batch loss is :0.0058
2025-06-24 23:09:08 - INFO - epoch:21/25 iteration:60/1377 batch loss is :0.0020
2025-06-24 23:09:15 - INFO - epoch:21/25 iteration:65/1377 batch loss is :0.0092
2025-06-24 23:09:21 - INFO - epoch:21/25 iteration:70/1377 batch loss is :0.0060
2025-06-24 23:09:27 - INFO - epoch:21/25 iteration:75/1377 batch loss is :0.0018
2025-06-24 23:09:34 - INFO - epoch:21/25 iteration:80/1377 batch loss is :0.0737
2025-06-24 23:09:40 - INFO - epoch:21/25 iteration:85/1377 batch loss is :0.0095
2025-06-24 23:09:46 - INFO - epoch:21/25 iteration:90/1377 batch loss is :0.0071
2025-06-24 23:09:53 - INFO - epoch:21/25 iteration:95/1377 batch loss is :0.0337
2025-06-24 23:09:59 - INFO - epoch:21/25 iteration:100/1377 batch loss is :0.0269
2025-06-24 23:10:05 - INFO - epoch:21/25 iteration:105/1377 batch loss is :0.0112
2025-06-24 23:10:12 - INFO - epoch:21/25 iteration:110/1377 batch loss is :0.0026
2025-06-24 23:10:18 - INFO - epoch:21/25 iteration:115/1377 batch loss is :0.0058
2025-06-24 23:10:24 - INFO - epoch:21/25 iteration:120/1377 batch loss is :0.0418
2025-06-24 23:10:31 - INFO - epoch:21/25 iteration:125/1377 batch loss is :0.0235
2025-06-24 23:10:37 - INFO - epoch:21/25 iteration:130/1377 batch loss is :0.0122
2025-06-24 23:10:43 - INFO - epoch:21/25 iteration:135/1377 batch loss is :0.0171
2025-06-24 23:10:50 - INFO - epoch:21/25 iteration:140/1377 batch loss is :0.0093
2025-06-24 23:10:56 - INFO - epoch:21/25 iteration:145/1377 batch loss is :0.0098
2025-06-24 23:11:03 - INFO - epoch:21/25 iteration:150/1377 batch loss is :0.0083
2025-06-24 23:11:09 - INFO - epoch:21/25 iteration:155/1377 batch loss is :0.0025
2025-06-24 23:11:15 - INFO - epoch:21/25 iteration:160/1377 batch loss is :0.0005
2025-06-24 23:11:22 - INFO - epoch:21/25 iteration:165/1377 batch loss is :0.0043
2025-06-24 23:11:28 - INFO - epoch:21/25 iteration:170/1377 batch loss is :0.0084
2025-06-24 23:11:35 - INFO - epoch:21/25 iteration:175/1377 batch loss is :0.0149
2025-06-24 23:11:41 - INFO - epoch:21/25 iteration:180/1377 batch loss is :0.0099
2025-06-24 23:11:47 - INFO - epoch:21/25 iteration:185/1377 batch loss is :0.0161
2025-06-24 23:11:54 - INFO - epoch:21/25 iteration:190/1377 batch loss is :0.0236
2025-06-24 23:12:00 - INFO - epoch:21/25 iteration:195/1377 batch loss is :0.0115
2025-06-24 23:12:07 - INFO - epoch:21/25 iteration:200/1377 batch loss is :0.0125
2025-06-24 23:12:13 - INFO - epoch:21/25 iteration:205/1377 batch loss is :0.0044
2025-06-24 23:12:19 - INFO - epoch:21/25 iteration:210/1377 batch loss is :0.0047
2025-06-24 23:12:26 - INFO - epoch:21/25 iteration:215/1377 batch loss is :0.0337
2025-06-24 23:12:32 - INFO - epoch:21/25 iteration:220/1377 batch loss is :0.0236
2025-06-24 23:12:39 - INFO - epoch:21/25 iteration:225/1377 batch loss is :0.0086
2025-06-24 23:12:45 - INFO - epoch:21/25 iteration:230/1377 batch loss is :0.0183
2025-06-24 23:12:51 - INFO - epoch:21/25 iteration:235/1377 batch loss is :0.0116
2025-06-24 23:12:58 - INFO - epoch:21/25 iteration:240/1377 batch loss is :0.0236
2025-06-24 23:13:04 - INFO - epoch:21/25 iteration:245/1377 batch loss is :0.0070
2025-06-24 23:13:11 - INFO - epoch:21/25 iteration:250/1377 batch loss is :0.0076
2025-06-24 23:13:17 - INFO - epoch:21/25 iteration:255/1377 batch loss is :0.0063
2025-06-24 23:13:24 - INFO - epoch:21/25 iteration:260/1377 batch loss is :0.0216
2025-06-24 23:13:30 - INFO - epoch:21/25 iteration:265/1377 batch loss is :0.0029
2025-06-24 23:13:37 - INFO - epoch:21/25 iteration:270/1377 batch loss is :0.0136
2025-06-24 23:13:43 - INFO - epoch:21/25 iteration:275/1377 batch loss is :0.0272
2025-06-24 23:13:49 - INFO - epoch:21/25 iteration:280/1377 batch loss is :0.0125
2025-06-24 23:13:56 - INFO - epoch:21/25 iteration:285/1377 batch loss is :0.0134
2025-06-24 23:14:02 - INFO - epoch:21/25 iteration:290/1377 batch loss is :0.0037
2025-06-24 23:14:09 - INFO - epoch:21/25 iteration:295/1377 batch loss is :0.0544
2025-06-24 23:14:15 - INFO - epoch:21/25 iteration:300/1377 batch loss is :0.0125
2025-06-24 23:14:21 - INFO - epoch:21/25 iteration:305/1377 batch loss is :0.0169
2025-06-24 23:14:28 - INFO - epoch:21/25 iteration:310/1377 batch loss is :0.0236
2025-06-24 23:14:34 - INFO - epoch:21/25 iteration:315/1377 batch loss is :0.0067
2025-06-24 23:14:40 - INFO - epoch:21/25 iteration:320/1377 batch loss is :0.0136
2025-06-24 23:14:47 - INFO - epoch:21/25 iteration:325/1377 batch loss is :0.0179
2025-06-24 23:14:53 - INFO - epoch:21/25 iteration:330/1377 batch loss is :0.0070
2025-06-24 23:15:00 - INFO - epoch:21/25 iteration:335/1377 batch loss is :0.0080
2025-06-24 23:15:06 - INFO - epoch:21/25 iteration:340/1377 batch loss is :0.0043
2025-06-24 23:15:13 - INFO - epoch:21/25 iteration:345/1377 batch loss is :0.0176
2025-06-24 23:15:19 - INFO - epoch:21/25 iteration:350/1377 batch loss is :0.0130
2025-06-24 23:15:25 - INFO - epoch:21/25 iteration:355/1377 batch loss is :0.0188
2025-06-24 23:15:32 - INFO - epoch:21/25 iteration:360/1377 batch loss is :0.0086
2025-06-24 23:15:38 - INFO - epoch:21/25 iteration:365/1377 batch loss is :0.0062
2025-06-24 23:15:45 - INFO - epoch:21/25 iteration:370/1377 batch loss is :0.0260
2025-06-24 23:15:51 - INFO - epoch:21/25 iteration:375/1377 batch loss is :0.0094
2025-06-24 23:15:57 - INFO - epoch:21/25 iteration:380/1377 batch loss is :0.0115
2025-06-24 23:16:04 - INFO - epoch:21/25 iteration:385/1377 batch loss is :0.0135
2025-06-24 23:16:10 - INFO - epoch:21/25 iteration:390/1377 batch loss is :0.0132
2025-06-24 23:16:17 - INFO - epoch:21/25 iteration:395/1377 batch loss is :0.0021
2025-06-24 23:16:23 - INFO - epoch:21/25 iteration:400/1377 batch loss is :0.0358
2025-06-24 23:16:30 - INFO - epoch:21/25 iteration:405/1377 batch loss is :0.0172
2025-06-24 23:16:36 - INFO - epoch:21/25 iteration:410/1377 batch loss is :0.0015
2025-06-24 23:16:42 - INFO - epoch:21/25 iteration:415/1377 batch loss is :0.0072
2025-06-24 23:16:49 - INFO - epoch:21/25 iteration:420/1377 batch loss is :0.0026
2025-06-24 23:16:55 - INFO - epoch:21/25 iteration:425/1377 batch loss is :0.0142
2025-06-24 23:17:02 - INFO - epoch:21/25 iteration:430/1377 batch loss is :0.0080
2025-06-24 23:17:08 - INFO - epoch:21/25 iteration:435/1377 batch loss is :0.0046
2025-06-24 23:17:14 - INFO - epoch:21/25 iteration:440/1377 batch loss is :0.0051
2025-06-24 23:17:21 - INFO - epoch:21/25 iteration:445/1377 batch loss is :0.0080
2025-06-24 23:17:27 - INFO - epoch:21/25 iteration:450/1377 batch loss is :0.0158
2025-06-24 23:17:34 - INFO - epoch:21/25 iteration:455/1377 batch loss is :0.0073
2025-06-24 23:17:40 - INFO - epoch:21/25 iteration:460/1377 batch loss is :0.0047
2025-06-24 23:17:47 - INFO - epoch:21/25 iteration:465/1377 batch loss is :0.0006
2025-06-24 23:17:53 - INFO - epoch:21/25 iteration:470/1377 batch loss is :0.0148
2025-06-24 23:17:59 - INFO - epoch:21/25 iteration:475/1377 batch loss is :0.0083
2025-06-24 23:18:06 - INFO - epoch:21/25 iteration:480/1377 batch loss is :0.0057
2025-06-24 23:18:12 - INFO - epoch:21/25 iteration:485/1377 batch loss is :0.0168
2025-06-24 23:18:18 - INFO - epoch:21/25 iteration:490/1377 batch loss is :0.0019
2025-06-24 23:18:25 - INFO - epoch:21/25 iteration:495/1377 batch loss is :0.0524
2025-06-24 23:18:31 - INFO - epoch:21/25 iteration:500/1377 batch loss is :0.0514
2025-06-24 23:18:38 - INFO - epoch:21/25 iteration:505/1377 batch loss is :0.0256
2025-06-24 23:18:44 - INFO - epoch:21/25 iteration:510/1377 batch loss is :0.0014
2025-06-24 23:18:51 - INFO - epoch:21/25 iteration:515/1377 batch loss is :0.0047
2025-06-24 23:18:57 - INFO - epoch:21/25 iteration:520/1377 batch loss is :0.0061
2025-06-24 23:19:03 - INFO - epoch:21/25 iteration:525/1377 batch loss is :0.0141
2025-06-24 23:19:10 - INFO - epoch:21/25 iteration:530/1377 batch loss is :0.0039
2025-06-24 23:19:16 - INFO - epoch:21/25 iteration:535/1377 batch loss is :0.0119
2025-06-24 23:19:22 - INFO - epoch:21/25 iteration:540/1377 batch loss is :0.0017
2025-06-24 23:19:29 - INFO - epoch:21/25 iteration:545/1377 batch loss is :0.0068
2025-06-24 23:19:35 - INFO - epoch:21/25 iteration:550/1377 batch loss is :0.0144
2025-06-24 23:19:42 - INFO - epoch:21/25 iteration:555/1377 batch loss is :0.0043
2025-06-24 23:19:48 - INFO - epoch:21/25 iteration:560/1377 batch loss is :0.0162
2025-06-24 23:19:54 - INFO - epoch:21/25 iteration:565/1377 batch loss is :0.0090
2025-06-24 23:20:01 - INFO - epoch:21/25 iteration:570/1377 batch loss is :0.0072
2025-06-24 23:20:07 - INFO - epoch:21/25 iteration:575/1377 batch loss is :0.0149
2025-06-24 23:20:14 - INFO - epoch:21/25 iteration:580/1377 batch loss is :0.0029
2025-06-24 23:20:20 - INFO - epoch:21/25 iteration:585/1377 batch loss is :0.0153
2025-06-24 23:20:26 - INFO - epoch:21/25 iteration:590/1377 batch loss is :0.0009
2025-06-24 23:20:33 - INFO - epoch:21/25 iteration:595/1377 batch loss is :0.0043
2025-06-24 23:20:39 - INFO - epoch:21/25 iteration:600/1377 batch loss is :0.0044
2025-06-24 23:20:45 - INFO - epoch:21/25 iteration:605/1377 batch loss is :0.0318
2025-06-24 23:20:52 - INFO - epoch:21/25 iteration:610/1377 batch loss is :0.0095
2025-06-24 23:20:58 - INFO - epoch:21/25 iteration:615/1377 batch loss is :0.0264
2025-06-24 23:21:05 - INFO - epoch:21/25 iteration:620/1377 batch loss is :0.0026
2025-06-24 23:21:11 - INFO - epoch:21/25 iteration:625/1377 batch loss is :0.0034
2025-06-24 23:21:17 - INFO - epoch:21/25 iteration:630/1377 batch loss is :0.0219
2025-06-24 23:21:24 - INFO - epoch:21/25 iteration:635/1377 batch loss is :0.0027
2025-06-24 23:21:30 - INFO - epoch:21/25 iteration:640/1377 batch loss is :0.0195
2025-06-24 23:21:37 - INFO - epoch:21/25 iteration:645/1377 batch loss is :0.0167
2025-06-24 23:21:43 - INFO - epoch:21/25 iteration:650/1377 batch loss is :0.0106
2025-06-24 23:21:50 - INFO - epoch:21/25 iteration:655/1377 batch loss is :0.0102
2025-06-24 23:21:56 - INFO - epoch:21/25 iteration:660/1377 batch loss is :0.0345
2025-06-24 23:22:02 - INFO - epoch:21/25 iteration:665/1377 batch loss is :0.0029
2025-06-24 23:22:09 - INFO - epoch:21/25 iteration:670/1377 batch loss is :0.0459
2025-06-24 23:22:15 - INFO - epoch:21/25 iteration:675/1377 batch loss is :0.0764
2025-06-24 23:22:21 - INFO - epoch:21/25 iteration:680/1377 batch loss is :0.0085
2025-06-24 23:22:28 - INFO - epoch:21/25 iteration:685/1377 batch loss is :0.0051
2025-06-24 23:22:34 - INFO - epoch:21/25 iteration:690/1377 batch loss is :0.0009
2025-06-24 23:22:41 - INFO - epoch:21/25 iteration:695/1377 batch loss is :0.0181
2025-06-24 23:22:47 - INFO - epoch:21/25 iteration:700/1377 batch loss is :0.0110
2025-06-24 23:22:54 - INFO - epoch:21/25 iteration:705/1377 batch loss is :0.0174
2025-06-24 23:23:00 - INFO - epoch:21/25 iteration:710/1377 batch loss is :0.0151
2025-06-24 23:23:06 - INFO - epoch:21/25 iteration:715/1377 batch loss is :0.0164
2025-06-24 23:23:13 - INFO - epoch:21/25 iteration:720/1377 batch loss is :0.0299
2025-06-24 23:23:19 - INFO - epoch:21/25 iteration:725/1377 batch loss is :0.0205
2025-06-24 23:23:25 - INFO - epoch:21/25 iteration:730/1377 batch loss is :0.0410
2025-06-24 23:23:32 - INFO - epoch:21/25 iteration:735/1377 batch loss is :0.0099
2025-06-24 23:23:38 - INFO - epoch:21/25 iteration:740/1377 batch loss is :0.0017
2025-06-24 23:23:45 - INFO - epoch:21/25 iteration:745/1377 batch loss is :0.0103
2025-06-24 23:23:51 - INFO - epoch:21/25 iteration:750/1377 batch loss is :0.0152
2025-06-24 23:23:58 - INFO - epoch:21/25 iteration:755/1377 batch loss is :0.0134
2025-06-24 23:24:04 - INFO - epoch:21/25 iteration:760/1377 batch loss is :0.0488
2025-06-24 23:24:11 - INFO - epoch:21/25 iteration:765/1377 batch loss is :0.0290
2025-06-24 23:24:17 - INFO - epoch:21/25 iteration:770/1377 batch loss is :0.0041
2025-06-24 23:24:23 - INFO - epoch:21/25 iteration:775/1377 batch loss is :0.0032
2025-06-24 23:24:30 - INFO - epoch:21/25 iteration:780/1377 batch loss is :0.0243
2025-06-24 23:24:36 - INFO - epoch:21/25 iteration:785/1377 batch loss is :0.0008
2025-06-24 23:24:43 - INFO - epoch:21/25 iteration:790/1377 batch loss is :0.0063
2025-06-24 23:24:49 - INFO - epoch:21/25 iteration:795/1377 batch loss is :0.0065
2025-06-24 23:24:55 - INFO - epoch:21/25 iteration:800/1377 batch loss is :0.0374
2025-06-24 23:25:02 - INFO - epoch:21/25 iteration:805/1377 batch loss is :0.0351
2025-06-24 23:25:08 - INFO - epoch:21/25 iteration:810/1377 batch loss is :0.0152
2025-06-24 23:25:15 - INFO - epoch:21/25 iteration:815/1377 batch loss is :0.0139
2025-06-24 23:25:21 - INFO - epoch:21/25 iteration:820/1377 batch loss is :0.0259
2025-06-24 23:25:28 - INFO - epoch:21/25 iteration:825/1377 batch loss is :0.0009
2025-06-24 23:25:34 - INFO - epoch:21/25 iteration:830/1377 batch loss is :0.0066
2025-06-24 23:25:40 - INFO - epoch:21/25 iteration:835/1377 batch loss is :0.0186
2025-06-24 23:25:47 - INFO - epoch:21/25 iteration:840/1377 batch loss is :0.0139
2025-06-24 23:25:53 - INFO - epoch:21/25 iteration:845/1377 batch loss is :0.0013
2025-06-24 23:26:00 - INFO - epoch:21/25 iteration:850/1377 batch loss is :0.0118
2025-06-24 23:26:06 - INFO - epoch:21/25 iteration:855/1377 batch loss is :0.0078
2025-06-24 23:26:12 - INFO - epoch:21/25 iteration:860/1377 batch loss is :0.0273
2025-06-24 23:26:19 - INFO - epoch:21/25 iteration:865/1377 batch loss is :0.0081
2025-06-24 23:26:25 - INFO - epoch:21/25 iteration:870/1377 batch loss is :0.0016
2025-06-24 23:26:32 - INFO - epoch:21/25 iteration:875/1377 batch loss is :0.0409
2025-06-24 23:26:38 - INFO - epoch:21/25 iteration:880/1377 batch loss is :0.0068
2025-06-24 23:26:45 - INFO - epoch:21/25 iteration:885/1377 batch loss is :0.0167
2025-06-24 23:26:51 - INFO - epoch:21/25 iteration:890/1377 batch loss is :0.0102
2025-06-24 23:26:57 - INFO - epoch:21/25 iteration:895/1377 batch loss is :0.0034
2025-06-24 23:27:04 - INFO - epoch:21/25 iteration:900/1377 batch loss is :0.0124
2025-06-24 23:27:10 - INFO - epoch:21/25 iteration:905/1377 batch loss is :0.0114
2025-06-24 23:27:17 - INFO - epoch:21/25 iteration:910/1377 batch loss is :0.0360
2025-06-24 23:27:23 - INFO - epoch:21/25 iteration:915/1377 batch loss is :0.0018
2025-06-24 23:27:29 - INFO - epoch:21/25 iteration:920/1377 batch loss is :0.0324
2025-06-24 23:27:36 - INFO - epoch:21/25 iteration:925/1377 batch loss is :0.0121
2025-06-24 23:27:42 - INFO - epoch:21/25 iteration:930/1377 batch loss is :0.0826
2025-06-24 23:27:49 - INFO - epoch:21/25 iteration:935/1377 batch loss is :0.0103
2025-06-24 23:27:55 - INFO - epoch:21/25 iteration:940/1377 batch loss is :0.0237
2025-06-24 23:28:02 - INFO - epoch:21/25 iteration:945/1377 batch loss is :0.0151
2025-06-24 23:28:08 - INFO - epoch:21/25 iteration:950/1377 batch loss is :0.0416
2025-06-24 23:28:14 - INFO - epoch:21/25 iteration:955/1377 batch loss is :0.0032
2025-06-24 23:28:21 - INFO - epoch:21/25 iteration:960/1377 batch loss is :0.0024
2025-06-24 23:28:27 - INFO - epoch:21/25 iteration:965/1377 batch loss is :0.0099
2025-06-24 23:28:34 - INFO - epoch:21/25 iteration:970/1377 batch loss is :0.0566
2025-06-24 23:28:40 - INFO - epoch:21/25 iteration:975/1377 batch loss is :0.0097
2025-06-24 23:28:47 - INFO - epoch:21/25 iteration:980/1377 batch loss is :0.0086
2025-06-24 23:28:53 - INFO - epoch:21/25 iteration:985/1377 batch loss is :0.0113
2025-06-24 23:29:00 - INFO - epoch:21/25 iteration:990/1377 batch loss is :0.0181
2025-06-24 23:29:06 - INFO - epoch:21/25 iteration:995/1377 batch loss is :0.0158
2025-06-24 23:29:12 - INFO - epoch:21/25 iteration:1000/1377 batch loss is :0.0153
2025-06-24 23:29:19 - INFO - epoch:21/25 iteration:1005/1377 batch loss is :0.0075
2025-06-24 23:29:25 - INFO - epoch:21/25 iteration:1010/1377 batch loss is :0.0013
2025-06-24 23:29:32 - INFO - epoch:21/25 iteration:1015/1377 batch loss is :0.0094
2025-06-24 23:29:38 - INFO - epoch:21/25 iteration:1020/1377 batch loss is :0.0093
2025-06-24 23:29:44 - INFO - epoch:21/25 iteration:1025/1377 batch loss is :0.0073
2025-06-24 23:29:51 - INFO - epoch:21/25 iteration:1030/1377 batch loss is :0.0090
2025-06-24 23:29:57 - INFO - epoch:21/25 iteration:1035/1377 batch loss is :0.0030
2025-06-24 23:30:04 - INFO - epoch:21/25 iteration:1040/1377 batch loss is :0.0213
2025-06-24 23:30:10 - INFO - epoch:21/25 iteration:1045/1377 batch loss is :0.0094
2025-06-24 23:30:16 - INFO - epoch:21/25 iteration:1050/1377 batch loss is :0.0457
2025-06-24 23:30:23 - INFO - epoch:21/25 iteration:1055/1377 batch loss is :0.0069
2025-06-24 23:30:29 - INFO - epoch:21/25 iteration:1060/1377 batch loss is :0.0343
2025-06-24 23:30:36 - INFO - epoch:21/25 iteration:1065/1377 batch loss is :0.0115
2025-06-24 23:30:42 - INFO - epoch:21/25 iteration:1070/1377 batch loss is :0.0975
2025-06-24 23:30:49 - INFO - epoch:21/25 iteration:1075/1377 batch loss is :0.0139
2025-06-24 23:30:55 - INFO - epoch:21/25 iteration:1080/1377 batch loss is :0.0022
2025-06-24 23:31:01 - INFO - epoch:21/25 iteration:1085/1377 batch loss is :0.0340
2025-06-24 23:31:08 - INFO - epoch:21/25 iteration:1090/1377 batch loss is :0.0113
2025-06-24 23:31:14 - INFO - epoch:21/25 iteration:1095/1377 batch loss is :0.0014
2025-06-24 23:31:21 - INFO - epoch:21/25 iteration:1100/1377 batch loss is :0.0026
2025-06-24 23:31:27 - INFO - epoch:21/25 iteration:1105/1377 batch loss is :0.0110
2025-06-24 23:31:33 - INFO - epoch:21/25 iteration:1110/1377 batch loss is :0.0066
2025-06-24 23:31:40 - INFO - epoch:21/25 iteration:1115/1377 batch loss is :0.0142
2025-06-24 23:31:46 - INFO - epoch:21/25 iteration:1120/1377 batch loss is :0.0012
2025-06-24 23:31:53 - INFO - epoch:21/25 iteration:1125/1377 batch loss is :0.0046
2025-06-24 23:31:59 - INFO - epoch:21/25 iteration:1130/1377 batch loss is :0.0018
2025-06-24 23:32:06 - INFO - epoch:21/25 iteration:1135/1377 batch loss is :0.0285
2025-06-24 23:32:12 - INFO - epoch:21/25 iteration:1140/1377 batch loss is :0.0282
2025-06-24 23:32:18 - INFO - epoch:21/25 iteration:1145/1377 batch loss is :0.0037
2025-06-24 23:32:25 - INFO - epoch:21/25 iteration:1150/1377 batch loss is :0.0113
2025-06-24 23:32:31 - INFO - epoch:21/25 iteration:1155/1377 batch loss is :0.0032
2025-06-24 23:32:38 - INFO - epoch:21/25 iteration:1160/1377 batch loss is :0.0200
2025-06-24 23:32:44 - INFO - epoch:21/25 iteration:1165/1377 batch loss is :0.0014
2025-06-24 23:32:51 - INFO - epoch:21/25 iteration:1170/1377 batch loss is :0.0097
2025-06-24 23:32:57 - INFO - epoch:21/25 iteration:1175/1377 batch loss is :0.0061
2025-06-24 23:33:03 - INFO - epoch:21/25 iteration:1180/1377 batch loss is :0.0112
2025-06-24 23:33:10 - INFO - epoch:21/25 iteration:1185/1377 batch loss is :0.0238
2025-06-24 23:33:16 - INFO - epoch:21/25 iteration:1190/1377 batch loss is :0.0189
2025-06-24 23:33:23 - INFO - epoch:21/25 iteration:1195/1377 batch loss is :0.0054
2025-06-24 23:33:29 - INFO - epoch:21/25 iteration:1200/1377 batch loss is :0.0053
2025-06-24 23:33:36 - INFO - epoch:21/25 iteration:1205/1377 batch loss is :0.1557
2025-06-24 23:33:42 - INFO - epoch:21/25 iteration:1210/1377 batch loss is :0.0173
2025-06-24 23:33:49 - INFO - epoch:21/25 iteration:1215/1377 batch loss is :0.0108
2025-06-24 23:33:55 - INFO - epoch:21/25 iteration:1220/1377 batch loss is :0.0065
2025-06-24 23:34:01 - INFO - epoch:21/25 iteration:1225/1377 batch loss is :0.0214
2025-06-24 23:34:08 - INFO - epoch:21/25 iteration:1230/1377 batch loss is :0.0044
2025-06-24 23:34:14 - INFO - epoch:21/25 iteration:1235/1377 batch loss is :0.0119
2025-06-24 23:34:20 - INFO - epoch:21/25 iteration:1240/1377 batch loss is :0.0092
2025-06-24 23:34:27 - INFO - epoch:21/25 iteration:1245/1377 batch loss is :0.0026
2025-06-24 23:34:33 - INFO - epoch:21/25 iteration:1250/1377 batch loss is :0.0077
2025-06-24 23:34:40 - INFO - epoch:21/25 iteration:1255/1377 batch loss is :0.0181
2025-06-24 23:34:46 - INFO - epoch:21/25 iteration:1260/1377 batch loss is :0.0106
2025-06-24 23:34:52 - INFO - epoch:21/25 iteration:1265/1377 batch loss is :0.0065
2025-06-24 23:34:59 - INFO - epoch:21/25 iteration:1270/1377 batch loss is :0.0085
2025-06-24 23:35:05 - INFO - epoch:21/25 iteration:1275/1377 batch loss is :0.0025
2025-06-24 23:35:12 - INFO - epoch:21/25 iteration:1280/1377 batch loss is :0.0108
2025-06-24 23:35:18 - INFO - epoch:21/25 iteration:1285/1377 batch loss is :0.0249
2025-06-24 23:35:25 - INFO - epoch:21/25 iteration:1290/1377 batch loss is :0.0045
2025-06-24 23:35:31 - INFO - epoch:21/25 iteration:1295/1377 batch loss is :0.0172
2025-06-24 23:35:37 - INFO - epoch:21/25 iteration:1300/1377 batch loss is :0.0095
2025-06-24 23:35:44 - INFO - epoch:21/25 iteration:1305/1377 batch loss is :0.0163
2025-06-24 23:35:50 - INFO - epoch:21/25 iteration:1310/1377 batch loss is :0.0700
2025-06-24 23:35:57 - INFO - epoch:21/25 iteration:1315/1377 batch loss is :0.0088
2025-06-24 23:36:03 - INFO - epoch:21/25 iteration:1320/1377 batch loss is :0.0180
2025-06-24 23:36:09 - INFO - epoch:21/25 iteration:1325/1377 batch loss is :0.0087
2025-06-24 23:36:16 - INFO - epoch:21/25 iteration:1330/1377 batch loss is :0.0147
2025-06-24 23:36:22 - INFO - epoch:21/25 iteration:1335/1377 batch loss is :0.0227
2025-06-24 23:36:29 - INFO - epoch:21/25 iteration:1340/1377 batch loss is :0.0008
2025-06-24 23:36:35 - INFO - epoch:21/25 iteration:1345/1377 batch loss is :0.0020
2025-06-24 23:36:41 - INFO - epoch:21/25 iteration:1350/1377 batch loss is :0.0222
2025-06-24 23:36:48 - INFO - epoch:21/25 iteration:1355/1377 batch loss is :0.0036
2025-06-24 23:36:54 - INFO - epoch:21/25 iteration:1360/1377 batch loss is :0.0086
2025-06-24 23:37:00 - INFO - epoch:21/25 iteration:1365/1377 batch loss is :0.0079
2025-06-24 23:37:06 - INFO - epoch:21/25 iteration:1370/1377 batch loss is :0.0189
2025-06-24 23:37:13 - INFO - epoch:21/25 iteration:1375/1377 batch loss is :0.0113
2025-06-24 23:37:14 - INFO - Epoch:21/25 Loss is :0.0152
2025-06-24 23:39:38 - INFO - epoch:22/25 iteration:0/1377 batch loss is :0.0040
2025-06-24 23:39:45 - INFO - epoch:22/25 iteration:5/1377 batch loss is :0.0243
2025-06-24 23:39:51 - INFO - epoch:22/25 iteration:10/1377 batch loss is :0.0081
2025-06-24 23:39:58 - INFO - epoch:22/25 iteration:15/1377 batch loss is :0.0219
2025-06-24 23:40:05 - INFO - epoch:22/25 iteration:20/1377 batch loss is :0.0217
2025-06-24 23:40:11 - INFO - epoch:22/25 iteration:25/1377 batch loss is :0.0059
2025-06-24 23:40:17 - INFO - epoch:22/25 iteration:30/1377 batch loss is :0.0310
2025-06-24 23:40:24 - INFO - epoch:22/25 iteration:35/1377 batch loss is :0.0030
2025-06-24 23:40:30 - INFO - epoch:22/25 iteration:40/1377 batch loss is :0.0183
2025-06-24 23:40:37 - INFO - epoch:22/25 iteration:45/1377 batch loss is :0.0194
2025-06-24 23:40:43 - INFO - epoch:22/25 iteration:50/1377 batch loss is :0.0194
2025-06-24 23:40:49 - INFO - epoch:22/25 iteration:55/1377 batch loss is :0.0113
2025-06-24 23:40:56 - INFO - epoch:22/25 iteration:60/1377 batch loss is :0.0048
2025-06-24 23:41:02 - INFO - epoch:22/25 iteration:65/1377 batch loss is :0.0112
2025-06-24 23:41:08 - INFO - epoch:22/25 iteration:70/1377 batch loss is :0.0193
2025-06-24 23:41:15 - INFO - epoch:22/25 iteration:75/1377 batch loss is :0.0172
2025-06-24 23:41:21 - INFO - epoch:22/25 iteration:80/1377 batch loss is :0.0048
2025-06-24 23:41:27 - INFO - epoch:22/25 iteration:85/1377 batch loss is :0.0151
2025-06-24 23:41:34 - INFO - epoch:22/25 iteration:90/1377 batch loss is :0.0031
2025-06-24 23:41:40 - INFO - epoch:22/25 iteration:95/1377 batch loss is :0.0120
2025-06-24 23:41:47 - INFO - epoch:22/25 iteration:100/1377 batch loss is :0.0125
2025-06-24 23:41:53 - INFO - epoch:22/25 iteration:105/1377 batch loss is :0.0305
2025-06-24 23:41:59 - INFO - epoch:22/25 iteration:110/1377 batch loss is :0.0053
2025-06-24 23:42:06 - INFO - epoch:22/25 iteration:115/1377 batch loss is :0.0092
2025-06-24 23:42:12 - INFO - epoch:22/25 iteration:120/1377 batch loss is :0.0047
2025-06-24 23:42:18 - INFO - epoch:22/25 iteration:125/1377 batch loss is :0.0112
2025-06-24 23:42:25 - INFO - epoch:22/25 iteration:130/1377 batch loss is :0.0329
2025-06-24 23:42:31 - INFO - epoch:22/25 iteration:135/1377 batch loss is :0.0100
2025-06-24 23:42:37 - INFO - epoch:22/25 iteration:140/1377 batch loss is :0.0044
2025-06-24 23:42:44 - INFO - epoch:22/25 iteration:145/1377 batch loss is :0.0071
2025-06-24 23:42:50 - INFO - epoch:22/25 iteration:150/1377 batch loss is :0.0024
2025-06-24 23:42:56 - INFO - epoch:22/25 iteration:155/1377 batch loss is :0.0091
2025-06-24 23:43:03 - INFO - epoch:22/25 iteration:160/1377 batch loss is :0.0128
2025-06-24 23:43:09 - INFO - epoch:22/25 iteration:165/1377 batch loss is :0.0183
2025-06-24 23:43:16 - INFO - epoch:22/25 iteration:170/1377 batch loss is :0.0224
2025-06-24 23:43:22 - INFO - epoch:22/25 iteration:175/1377 batch loss is :0.0138
2025-06-24 23:43:28 - INFO - epoch:22/25 iteration:180/1377 batch loss is :0.0016
2025-06-24 23:43:35 - INFO - epoch:22/25 iteration:185/1377 batch loss is :0.0137
2025-06-24 23:43:41 - INFO - epoch:22/25 iteration:190/1377 batch loss is :0.0078
2025-06-24 23:43:48 - INFO - epoch:22/25 iteration:195/1377 batch loss is :0.0201
2025-06-24 23:43:54 - INFO - epoch:22/25 iteration:200/1377 batch loss is :0.0333
2025-06-24 23:44:00 - INFO - epoch:22/25 iteration:205/1377 batch loss is :0.0050
2025-06-24 23:44:07 - INFO - epoch:22/25 iteration:210/1377 batch loss is :0.0489
2025-06-24 23:44:13 - INFO - epoch:22/25 iteration:215/1377 batch loss is :0.0111
2025-06-24 23:44:20 - INFO - epoch:22/25 iteration:220/1377 batch loss is :0.0037
2025-06-24 23:44:26 - INFO - epoch:22/25 iteration:225/1377 batch loss is :0.0008
2025-06-24 23:44:32 - INFO - epoch:22/25 iteration:230/1377 batch loss is :0.0221
2025-06-24 23:44:39 - INFO - epoch:22/25 iteration:235/1377 batch loss is :0.0091
2025-06-24 23:44:45 - INFO - epoch:22/25 iteration:240/1377 batch loss is :0.0297
2025-06-24 23:44:52 - INFO - epoch:22/25 iteration:245/1377 batch loss is :0.0124
2025-06-24 23:44:58 - INFO - epoch:22/25 iteration:250/1377 batch loss is :0.0011
2025-06-24 23:45:04 - INFO - epoch:22/25 iteration:255/1377 batch loss is :0.0109
2025-06-24 23:45:11 - INFO - epoch:22/25 iteration:260/1377 batch loss is :0.0038
2025-06-24 23:45:17 - INFO - epoch:22/25 iteration:265/1377 batch loss is :0.0115
2025-06-24 23:45:23 - INFO - epoch:22/25 iteration:270/1377 batch loss is :0.0256
2025-06-24 23:45:30 - INFO - epoch:22/25 iteration:275/1377 batch loss is :0.0311
2025-06-24 23:45:36 - INFO - epoch:22/25 iteration:280/1377 batch loss is :0.0332
2025-06-24 23:45:43 - INFO - epoch:22/25 iteration:285/1377 batch loss is :0.0046
2025-06-24 23:45:49 - INFO - epoch:22/25 iteration:290/1377 batch loss is :0.0213
2025-06-24 23:45:55 - INFO - epoch:22/25 iteration:295/1377 batch loss is :0.0237
2025-06-24 23:46:02 - INFO - epoch:22/25 iteration:300/1377 batch loss is :0.0566
2025-06-24 23:46:08 - INFO - epoch:22/25 iteration:305/1377 batch loss is :0.0092
2025-06-24 23:46:14 - INFO - epoch:22/25 iteration:310/1377 batch loss is :0.0142
2025-06-24 23:46:21 - INFO - epoch:22/25 iteration:315/1377 batch loss is :0.0236
2025-06-24 23:46:27 - INFO - epoch:22/25 iteration:320/1377 batch loss is :0.0129
2025-06-24 23:46:34 - INFO - epoch:22/25 iteration:325/1377 batch loss is :0.0105
2025-06-24 23:46:40 - INFO - epoch:22/25 iteration:330/1377 batch loss is :0.0463
2025-06-24 23:46:46 - INFO - epoch:22/25 iteration:335/1377 batch loss is :0.0129
2025-06-24 23:46:53 - INFO - epoch:22/25 iteration:340/1377 batch loss is :0.0305
2025-06-24 23:46:59 - INFO - epoch:22/25 iteration:345/1377 batch loss is :0.0088
2025-06-24 23:47:05 - INFO - epoch:22/25 iteration:350/1377 batch loss is :0.0243
2025-06-24 23:47:12 - INFO - epoch:22/25 iteration:355/1377 batch loss is :0.0024
2025-06-24 23:47:18 - INFO - epoch:22/25 iteration:360/1377 batch loss is :0.0061
2025-06-24 23:47:25 - INFO - epoch:22/25 iteration:365/1377 batch loss is :0.0092
2025-06-24 23:47:31 - INFO - epoch:22/25 iteration:370/1377 batch loss is :0.0153
2025-06-24 23:47:37 - INFO - epoch:22/25 iteration:375/1377 batch loss is :0.0061
2025-06-24 23:47:44 - INFO - epoch:22/25 iteration:380/1377 batch loss is :0.0036
2025-06-24 23:47:50 - INFO - epoch:22/25 iteration:385/1377 batch loss is :0.0065
2025-06-24 23:47:56 - INFO - epoch:22/25 iteration:390/1377 batch loss is :0.0080
2025-06-24 23:48:03 - INFO - epoch:22/25 iteration:395/1377 batch loss is :0.0249
2025-06-24 23:48:09 - INFO - epoch:22/25 iteration:400/1377 batch loss is :0.0303
2025-06-24 23:48:16 - INFO - epoch:22/25 iteration:405/1377 batch loss is :0.0247
2025-06-24 23:48:22 - INFO - epoch:22/25 iteration:410/1377 batch loss is :0.0046
2025-06-24 23:48:28 - INFO - epoch:22/25 iteration:415/1377 batch loss is :0.0039
2025-06-24 23:48:35 - INFO - epoch:22/25 iteration:420/1377 batch loss is :0.0007
2025-06-24 23:48:41 - INFO - epoch:22/25 iteration:425/1377 batch loss is :0.0023
2025-06-24 23:48:48 - INFO - epoch:22/25 iteration:430/1377 batch loss is :0.0105
2025-06-24 23:48:54 - INFO - epoch:22/25 iteration:435/1377 batch loss is :0.0087
2025-06-24 23:49:00 - INFO - epoch:22/25 iteration:440/1377 batch loss is :0.0203
2025-06-24 23:49:07 - INFO - epoch:22/25 iteration:445/1377 batch loss is :0.0310
2025-06-24 23:49:13 - INFO - epoch:22/25 iteration:450/1377 batch loss is :0.0093
2025-06-24 23:49:20 - INFO - epoch:22/25 iteration:455/1377 batch loss is :0.0053
2025-06-24 23:49:26 - INFO - epoch:22/25 iteration:460/1377 batch loss is :0.0176
2025-06-24 23:49:32 - INFO - epoch:22/25 iteration:465/1377 batch loss is :0.0102
2025-06-24 23:49:39 - INFO - epoch:22/25 iteration:470/1377 batch loss is :0.0070
2025-06-24 23:49:45 - INFO - epoch:22/25 iteration:475/1377 batch loss is :0.0189
2025-06-24 23:49:51 - INFO - epoch:22/25 iteration:480/1377 batch loss is :0.0196
2025-06-24 23:49:58 - INFO - epoch:22/25 iteration:485/1377 batch loss is :0.0103
2025-06-24 23:50:04 - INFO - epoch:22/25 iteration:490/1377 batch loss is :0.0124
2025-06-24 23:50:10 - INFO - epoch:22/25 iteration:495/1377 batch loss is :0.0055
2025-06-24 23:50:17 - INFO - epoch:22/25 iteration:500/1377 batch loss is :0.0199
2025-06-24 23:50:23 - INFO - epoch:22/25 iteration:505/1377 batch loss is :0.0244
2025-06-24 23:50:30 - INFO - epoch:22/25 iteration:510/1377 batch loss is :0.0255
2025-06-24 23:50:36 - INFO - epoch:22/25 iteration:515/1377 batch loss is :0.0131
2025-06-24 23:50:42 - INFO - epoch:22/25 iteration:520/1377 batch loss is :0.0009
2025-06-24 23:50:49 - INFO - epoch:22/25 iteration:525/1377 batch loss is :0.0138
2025-06-24 23:50:55 - INFO - epoch:22/25 iteration:530/1377 batch loss is :0.0007
2025-06-24 23:51:01 - INFO - epoch:22/25 iteration:535/1377 batch loss is :0.0047
2025-06-24 23:51:08 - INFO - epoch:22/25 iteration:540/1377 batch loss is :0.0008
2025-06-24 23:51:14 - INFO - epoch:22/25 iteration:545/1377 batch loss is :0.0635
2025-06-24 23:51:21 - INFO - epoch:22/25 iteration:550/1377 batch loss is :0.0156
2025-06-24 23:51:27 - INFO - epoch:22/25 iteration:555/1377 batch loss is :0.0038
2025-06-24 23:51:33 - INFO - epoch:22/25 iteration:560/1377 batch loss is :0.0042
2025-06-24 23:51:40 - INFO - epoch:22/25 iteration:565/1377 batch loss is :0.0018
2025-06-24 23:51:46 - INFO - epoch:22/25 iteration:570/1377 batch loss is :0.0032
2025-06-24 23:51:53 - INFO - epoch:22/25 iteration:575/1377 batch loss is :0.0022
2025-06-24 23:51:59 - INFO - epoch:22/25 iteration:580/1377 batch loss is :0.0073
2025-06-24 23:52:05 - INFO - epoch:22/25 iteration:585/1377 batch loss is :0.0063
2025-06-24 23:52:12 - INFO - epoch:22/25 iteration:590/1377 batch loss is :0.0034
2025-06-24 23:52:18 - INFO - epoch:22/25 iteration:595/1377 batch loss is :0.0366
2025-06-24 23:52:25 - INFO - epoch:22/25 iteration:600/1377 batch loss is :0.0124
2025-06-24 23:52:31 - INFO - epoch:22/25 iteration:605/1377 batch loss is :0.0030
2025-06-24 23:52:37 - INFO - epoch:22/25 iteration:610/1377 batch loss is :0.0152
2025-06-24 23:52:44 - INFO - epoch:22/25 iteration:615/1377 batch loss is :0.0235
2025-06-24 23:52:50 - INFO - epoch:22/25 iteration:620/1377 batch loss is :0.0242
2025-06-24 23:52:56 - INFO - epoch:22/25 iteration:625/1377 batch loss is :0.0118
2025-06-24 23:53:03 - INFO - epoch:22/25 iteration:630/1377 batch loss is :0.0112
2025-06-24 23:53:09 - INFO - epoch:22/25 iteration:635/1377 batch loss is :0.0207
2025-06-24 23:53:16 - INFO - epoch:22/25 iteration:640/1377 batch loss is :0.0047
2025-06-24 23:53:22 - INFO - epoch:22/25 iteration:645/1377 batch loss is :0.0113
2025-06-24 23:53:28 - INFO - epoch:22/25 iteration:650/1377 batch loss is :0.0031
2025-06-24 23:53:35 - INFO - epoch:22/25 iteration:655/1377 batch loss is :0.0184
2025-06-24 23:53:41 - INFO - epoch:22/25 iteration:660/1377 batch loss is :0.0094
2025-06-24 23:53:48 - INFO - epoch:22/25 iteration:665/1377 batch loss is :0.0178
2025-06-24 23:53:54 - INFO - epoch:22/25 iteration:670/1377 batch loss is :0.0137
2025-06-24 23:54:00 - INFO - epoch:22/25 iteration:675/1377 batch loss is :0.0024
2025-06-24 23:54:07 - INFO - epoch:22/25 iteration:680/1377 batch loss is :0.0156
2025-06-24 23:54:13 - INFO - epoch:22/25 iteration:685/1377 batch loss is :0.0183
2025-06-24 23:54:20 - INFO - epoch:22/25 iteration:690/1377 batch loss is :0.0132
2025-06-24 23:54:26 - INFO - epoch:22/25 iteration:695/1377 batch loss is :0.0030
2025-06-24 23:54:32 - INFO - epoch:22/25 iteration:700/1377 batch loss is :0.0025
2025-06-24 23:54:39 - INFO - epoch:22/25 iteration:705/1377 batch loss is :0.0141
2025-06-24 23:54:45 - INFO - epoch:22/25 iteration:710/1377 batch loss is :0.0131
2025-06-24 23:54:52 - INFO - epoch:22/25 iteration:715/1377 batch loss is :0.0073
2025-06-24 23:54:58 - INFO - epoch:22/25 iteration:720/1377 batch loss is :0.0082
2025-06-24 23:55:04 - INFO - epoch:22/25 iteration:725/1377 batch loss is :0.0003
2025-06-24 23:55:11 - INFO - epoch:22/25 iteration:730/1377 batch loss is :0.0184
2025-06-24 23:55:17 - INFO - epoch:22/25 iteration:735/1377 batch loss is :0.0181
2025-06-24 23:55:24 - INFO - epoch:22/25 iteration:740/1377 batch loss is :0.0046
2025-06-24 23:55:30 - INFO - epoch:22/25 iteration:745/1377 batch loss is :0.0556
2025-06-24 23:55:37 - INFO - epoch:22/25 iteration:750/1377 batch loss is :0.0086
2025-06-24 23:55:43 - INFO - epoch:22/25 iteration:755/1377 batch loss is :0.0579
2025-06-24 23:55:49 - INFO - epoch:22/25 iteration:760/1377 batch loss is :0.0163
2025-06-24 23:55:56 - INFO - epoch:22/25 iteration:765/1377 batch loss is :0.0088
2025-06-24 23:56:02 - INFO - epoch:22/25 iteration:770/1377 batch loss is :0.0020
2025-06-24 23:56:08 - INFO - epoch:22/25 iteration:775/1377 batch loss is :0.0325
2025-06-24 23:56:15 - INFO - epoch:22/25 iteration:780/1377 batch loss is :0.0171
2025-06-24 23:56:21 - INFO - epoch:22/25 iteration:785/1377 batch loss is :0.0044
2025-06-24 23:56:28 - INFO - epoch:22/25 iteration:790/1377 batch loss is :0.0057
2025-06-24 23:56:34 - INFO - epoch:22/25 iteration:795/1377 batch loss is :0.0077
2025-06-24 23:56:40 - INFO - epoch:22/25 iteration:800/1377 batch loss is :0.0062
2025-06-24 23:56:47 - INFO - epoch:22/25 iteration:805/1377 batch loss is :0.0286
2025-06-24 23:56:53 - INFO - epoch:22/25 iteration:810/1377 batch loss is :0.0068
2025-06-24 23:56:59 - INFO - epoch:22/25 iteration:815/1377 batch loss is :0.0132
2025-06-24 23:57:06 - INFO - epoch:22/25 iteration:820/1377 batch loss is :0.0025
2025-06-24 23:57:12 - INFO - epoch:22/25 iteration:825/1377 batch loss is :0.0174
2025-06-24 23:57:19 - INFO - epoch:22/25 iteration:830/1377 batch loss is :0.0174
2025-06-24 23:57:25 - INFO - epoch:22/25 iteration:835/1377 batch loss is :0.0161
2025-06-24 23:57:31 - INFO - epoch:22/25 iteration:840/1377 batch loss is :0.0073
2025-06-24 23:57:38 - INFO - epoch:22/25 iteration:845/1377 batch loss is :0.0059
2025-06-24 23:57:44 - INFO - epoch:22/25 iteration:850/1377 batch loss is :0.0091
2025-06-24 23:57:51 - INFO - epoch:22/25 iteration:855/1377 batch loss is :0.0050
2025-06-24 23:57:57 - INFO - epoch:22/25 iteration:860/1377 batch loss is :0.0111
2025-06-24 23:58:03 - INFO - epoch:22/25 iteration:865/1377 batch loss is :0.0211
2025-06-24 23:58:10 - INFO - epoch:22/25 iteration:870/1377 batch loss is :0.0124
2025-06-24 23:58:16 - INFO - epoch:22/25 iteration:875/1377 batch loss is :0.0356
2025-06-24 23:58:23 - INFO - epoch:22/25 iteration:880/1377 batch loss is :0.0087
2025-06-24 23:58:29 - INFO - epoch:22/25 iteration:885/1377 batch loss is :0.0103
2025-06-24 23:58:35 - INFO - epoch:22/25 iteration:890/1377 batch loss is :0.0612
2025-06-24 23:58:42 - INFO - epoch:22/25 iteration:895/1377 batch loss is :0.0110
2025-06-24 23:58:48 - INFO - epoch:22/25 iteration:900/1377 batch loss is :0.0076
2025-06-24 23:58:55 - INFO - epoch:22/25 iteration:905/1377 batch loss is :0.0063
2025-06-24 23:59:01 - INFO - epoch:22/25 iteration:910/1377 batch loss is :0.0094
2025-06-24 23:59:07 - INFO - epoch:22/25 iteration:915/1377 batch loss is :0.0290
2025-06-24 23:59:14 - INFO - epoch:22/25 iteration:920/1377 batch loss is :0.0484
2025-06-24 23:59:20 - INFO - epoch:22/25 iteration:925/1377 batch loss is :0.0039
2025-06-24 23:59:27 - INFO - epoch:22/25 iteration:930/1377 batch loss is :0.0270
2025-06-24 23:59:33 - INFO - epoch:22/25 iteration:935/1377 batch loss is :0.0540
2025-06-24 23:59:39 - INFO - epoch:22/25 iteration:940/1377 batch loss is :0.0106
2025-06-24 23:59:46 - INFO - epoch:22/25 iteration:945/1377 batch loss is :0.0010
2025-06-24 23:59:52 - INFO - epoch:22/25 iteration:950/1377 batch loss is :0.0318
2025-06-24 23:59:59 - INFO - epoch:22/25 iteration:955/1377 batch loss is :0.0040
2025-06-25 00:00:05 - INFO - epoch:22/25 iteration:960/1377 batch loss is :0.0096
2025-06-25 00:00:12 - INFO - epoch:22/25 iteration:965/1377 batch loss is :0.0051
2025-06-25 00:00:18 - INFO - epoch:22/25 iteration:970/1377 batch loss is :0.0148
2025-06-25 00:00:24 - INFO - epoch:22/25 iteration:975/1377 batch loss is :0.0345
2025-06-25 00:00:31 - INFO - epoch:22/25 iteration:980/1377 batch loss is :0.0028
2025-06-25 00:00:37 - INFO - epoch:22/25 iteration:985/1377 batch loss is :0.0049
2025-06-25 00:00:44 - INFO - epoch:22/25 iteration:990/1377 batch loss is :0.0252
2025-06-25 00:00:50 - INFO - epoch:22/25 iteration:995/1377 batch loss is :0.0032
2025-06-25 00:00:56 - INFO - epoch:22/25 iteration:1000/1377 batch loss is :0.0094
2025-06-25 00:01:03 - INFO - epoch:22/25 iteration:1005/1377 batch loss is :0.0058
2025-06-25 00:01:09 - INFO - epoch:22/25 iteration:1010/1377 batch loss is :0.0037
2025-06-25 00:01:16 - INFO - epoch:22/25 iteration:1015/1377 batch loss is :0.0020
2025-06-25 00:01:22 - INFO - epoch:22/25 iteration:1020/1377 batch loss is :0.0075
2025-06-25 00:01:28 - INFO - epoch:22/25 iteration:1025/1377 batch loss is :0.0052
2025-06-25 00:01:35 - INFO - epoch:22/25 iteration:1030/1377 batch loss is :0.0119
2025-06-25 00:01:41 - INFO - epoch:22/25 iteration:1035/1377 batch loss is :0.0212
2025-06-25 00:01:48 - INFO - epoch:22/25 iteration:1040/1377 batch loss is :0.0015
2025-06-25 00:01:54 - INFO - epoch:22/25 iteration:1045/1377 batch loss is :0.0241
2025-06-25 00:02:01 - INFO - epoch:22/25 iteration:1050/1377 batch loss is :0.0006
2025-06-25 00:02:07 - INFO - epoch:22/25 iteration:1055/1377 batch loss is :0.0047
2025-06-25 00:02:13 - INFO - epoch:22/25 iteration:1060/1377 batch loss is :0.0161
2025-06-25 00:02:20 - INFO - epoch:22/25 iteration:1065/1377 batch loss is :0.0075
2025-06-25 00:02:26 - INFO - epoch:22/25 iteration:1070/1377 batch loss is :0.0154
2025-06-25 00:02:33 - INFO - epoch:22/25 iteration:1075/1377 batch loss is :0.0062
2025-06-25 00:02:39 - INFO - epoch:22/25 iteration:1080/1377 batch loss is :0.0008
2025-06-25 00:02:45 - INFO - epoch:22/25 iteration:1085/1377 batch loss is :0.0068
2025-06-25 00:02:52 - INFO - epoch:22/25 iteration:1090/1377 batch loss is :0.0064
2025-06-25 00:02:58 - INFO - epoch:22/25 iteration:1095/1377 batch loss is :0.0147
2025-06-25 00:03:05 - INFO - epoch:22/25 iteration:1100/1377 batch loss is :0.0436
2025-06-25 00:03:11 - INFO - epoch:22/25 iteration:1105/1377 batch loss is :0.0060
2025-06-25 00:03:17 - INFO - epoch:22/25 iteration:1110/1377 batch loss is :0.0052
2025-06-25 00:03:24 - INFO - epoch:22/25 iteration:1115/1377 batch loss is :0.0053
2025-06-25 00:03:30 - INFO - epoch:22/25 iteration:1120/1377 batch loss is :0.0097
2025-06-25 00:03:37 - INFO - epoch:22/25 iteration:1125/1377 batch loss is :0.0028
2025-06-25 00:03:43 - INFO - epoch:22/25 iteration:1130/1377 batch loss is :0.0187
2025-06-25 00:03:49 - INFO - epoch:22/25 iteration:1135/1377 batch loss is :0.0194
2025-06-25 00:03:56 - INFO - epoch:22/25 iteration:1140/1377 batch loss is :0.0083
2025-06-25 00:04:02 - INFO - epoch:22/25 iteration:1145/1377 batch loss is :0.0068
2025-06-25 00:04:09 - INFO - epoch:22/25 iteration:1150/1377 batch loss is :0.0031
2025-06-25 00:04:15 - INFO - epoch:22/25 iteration:1155/1377 batch loss is :0.0027
2025-06-25 00:04:21 - INFO - epoch:22/25 iteration:1160/1377 batch loss is :0.0052
2025-06-25 00:04:28 - INFO - epoch:22/25 iteration:1165/1377 batch loss is :0.0026
2025-06-25 00:04:34 - INFO - epoch:22/25 iteration:1170/1377 batch loss is :0.0059
2025-06-25 00:04:41 - INFO - epoch:22/25 iteration:1175/1377 batch loss is :0.0066
2025-06-25 00:04:47 - INFO - epoch:22/25 iteration:1180/1377 batch loss is :0.0133
2025-06-25 00:04:53 - INFO - epoch:22/25 iteration:1185/1377 batch loss is :0.0744
2025-06-25 00:05:00 - INFO - epoch:22/25 iteration:1190/1377 batch loss is :0.0140
2025-06-25 00:05:06 - INFO - epoch:22/25 iteration:1195/1377 batch loss is :0.0613
2025-06-25 00:05:12 - INFO - epoch:22/25 iteration:1200/1377 batch loss is :0.0148
2025-06-25 00:05:19 - INFO - epoch:22/25 iteration:1205/1377 batch loss is :0.0180
2025-06-25 00:05:25 - INFO - epoch:22/25 iteration:1210/1377 batch loss is :0.0112
2025-06-25 00:05:32 - INFO - epoch:22/25 iteration:1215/1377 batch loss is :0.0248
2025-06-25 00:05:38 - INFO - epoch:22/25 iteration:1220/1377 batch loss is :0.0547
2025-06-25 00:05:45 - INFO - epoch:22/25 iteration:1225/1377 batch loss is :0.0140
2025-06-25 00:05:51 - INFO - epoch:22/25 iteration:1230/1377 batch loss is :0.0046
2025-06-25 00:05:58 - INFO - epoch:22/25 iteration:1235/1377 batch loss is :0.0081
2025-06-25 00:06:04 - INFO - epoch:22/25 iteration:1240/1377 batch loss is :0.0045
2025-06-25 00:06:10 - INFO - epoch:22/25 iteration:1245/1377 batch loss is :0.0021
2025-06-25 00:06:17 - INFO - epoch:22/25 iteration:1250/1377 batch loss is :0.0084
2025-06-25 00:06:23 - INFO - epoch:22/25 iteration:1255/1377 batch loss is :0.0276
2025-06-25 00:06:30 - INFO - epoch:22/25 iteration:1260/1377 batch loss is :0.0131
2025-06-25 00:06:36 - INFO - epoch:22/25 iteration:1265/1377 batch loss is :0.0070
2025-06-25 00:06:43 - INFO - epoch:22/25 iteration:1270/1377 batch loss is :0.0420
2025-06-25 00:06:49 - INFO - epoch:22/25 iteration:1275/1377 batch loss is :0.0057
2025-06-25 00:06:55 - INFO - epoch:22/25 iteration:1280/1377 batch loss is :0.0018
2025-06-25 00:07:02 - INFO - epoch:22/25 iteration:1285/1377 batch loss is :0.0076
2025-06-25 00:07:08 - INFO - epoch:22/25 iteration:1290/1377 batch loss is :0.0194
2025-06-25 00:07:15 - INFO - epoch:22/25 iteration:1295/1377 batch loss is :0.0087
2025-06-25 00:07:21 - INFO - epoch:22/25 iteration:1300/1377 batch loss is :0.0027
2025-06-25 00:07:27 - INFO - epoch:22/25 iteration:1305/1377 batch loss is :0.0292
2025-06-25 00:07:34 - INFO - epoch:22/25 iteration:1310/1377 batch loss is :0.0501
2025-06-25 00:07:40 - INFO - epoch:22/25 iteration:1315/1377 batch loss is :0.0381
2025-06-25 00:07:47 - INFO - epoch:22/25 iteration:1320/1377 batch loss is :0.0091
2025-06-25 00:07:53 - INFO - epoch:22/25 iteration:1325/1377 batch loss is :0.0030
2025-06-25 00:08:00 - INFO - epoch:22/25 iteration:1330/1377 batch loss is :0.0506
2025-06-25 00:08:06 - INFO - epoch:22/25 iteration:1335/1377 batch loss is :0.0116
2025-06-25 00:08:12 - INFO - epoch:22/25 iteration:1340/1377 batch loss is :0.0073
2025-06-25 00:08:19 - INFO - epoch:22/25 iteration:1345/1377 batch loss is :0.0109
2025-06-25 00:08:25 - INFO - epoch:22/25 iteration:1350/1377 batch loss is :0.0043
2025-06-25 00:08:31 - INFO - epoch:22/25 iteration:1355/1377 batch loss is :0.0083
2025-06-25 00:08:38 - INFO - epoch:22/25 iteration:1360/1377 batch loss is :0.0061
2025-06-25 00:08:44 - INFO - epoch:22/25 iteration:1365/1377 batch loss is :0.0162
2025-06-25 00:08:50 - INFO - epoch:22/25 iteration:1370/1377 batch loss is :0.0033
2025-06-25 00:08:56 - INFO - epoch:22/25 iteration:1375/1377 batch loss is :0.0057
2025-06-25 00:08:57 - INFO - Epoch:22/25 Loss is :0.0149
2025-06-25 00:11:26 - INFO - epoch:23/25 iteration:0/1377 batch loss is :0.0320
2025-06-25 00:11:32 - INFO - epoch:23/25 iteration:5/1377 batch loss is :0.0042
2025-06-25 00:11:39 - INFO - epoch:23/25 iteration:10/1377 batch loss is :0.0015
2025-06-25 00:11:45 - INFO - epoch:23/25 iteration:15/1377 batch loss is :0.0043
2025-06-25 00:11:52 - INFO - epoch:23/25 iteration:20/1377 batch loss is :0.0621
2025-06-25 00:11:58 - INFO - epoch:23/25 iteration:25/1377 batch loss is :0.0115
2025-06-25 00:12:05 - INFO - epoch:23/25 iteration:30/1377 batch loss is :0.0039
2025-06-25 00:12:11 - INFO - epoch:23/25 iteration:35/1377 batch loss is :0.0002
2025-06-25 00:12:18 - INFO - epoch:23/25 iteration:40/1377 batch loss is :0.0095
2025-06-25 00:12:24 - INFO - epoch:23/25 iteration:45/1377 batch loss is :0.0099
2025-06-25 00:12:30 - INFO - epoch:23/25 iteration:50/1377 batch loss is :0.0007
2025-06-25 00:12:37 - INFO - epoch:23/25 iteration:55/1377 batch loss is :0.0108
2025-06-25 00:12:43 - INFO - epoch:23/25 iteration:60/1377 batch loss is :0.0119
2025-06-25 00:12:49 - INFO - epoch:23/25 iteration:65/1377 batch loss is :0.0013
2025-06-25 00:12:56 - INFO - epoch:23/25 iteration:70/1377 batch loss is :0.0080
2025-06-25 00:13:02 - INFO - epoch:23/25 iteration:75/1377 batch loss is :0.0040
2025-06-25 00:13:08 - INFO - epoch:23/25 iteration:80/1377 batch loss is :0.0033
2025-06-25 00:13:15 - INFO - epoch:23/25 iteration:85/1377 batch loss is :0.0438
2025-06-25 00:13:21 - INFO - epoch:23/25 iteration:90/1377 batch loss is :0.0131
2025-06-25 00:13:28 - INFO - epoch:23/25 iteration:95/1377 batch loss is :0.0120
2025-06-25 00:13:34 - INFO - epoch:23/25 iteration:100/1377 batch loss is :0.0114
2025-06-25 00:13:40 - INFO - epoch:23/25 iteration:105/1377 batch loss is :0.0039
2025-06-25 00:13:47 - INFO - epoch:23/25 iteration:110/1377 batch loss is :0.0332
2025-06-25 00:13:53 - INFO - epoch:23/25 iteration:115/1377 batch loss is :0.0207
2025-06-25 00:13:59 - INFO - epoch:23/25 iteration:120/1377 batch loss is :0.0098
2025-06-25 00:14:06 - INFO - epoch:23/25 iteration:125/1377 batch loss is :0.0010
2025-06-25 00:14:12 - INFO - epoch:23/25 iteration:130/1377 batch loss is :0.0045
2025-06-25 00:14:18 - INFO - epoch:23/25 iteration:135/1377 batch loss is :0.0217
2025-06-25 00:14:25 - INFO - epoch:23/25 iteration:140/1377 batch loss is :0.0071
2025-06-25 00:14:31 - INFO - epoch:23/25 iteration:145/1377 batch loss is :0.0109
2025-06-25 00:14:38 - INFO - epoch:23/25 iteration:150/1377 batch loss is :0.0368
2025-06-25 00:14:44 - INFO - epoch:23/25 iteration:155/1377 batch loss is :0.0089
2025-06-25 00:14:50 - INFO - epoch:23/25 iteration:160/1377 batch loss is :0.0049
2025-06-25 00:14:57 - INFO - epoch:23/25 iteration:165/1377 batch loss is :0.0075
2025-06-25 00:15:03 - INFO - epoch:23/25 iteration:170/1377 batch loss is :0.0141
2025-06-25 00:15:10 - INFO - epoch:23/25 iteration:175/1377 batch loss is :0.0185
2025-06-25 00:15:16 - INFO - epoch:23/25 iteration:180/1377 batch loss is :0.0245
2025-06-25 00:15:23 - INFO - epoch:23/25 iteration:185/1377 batch loss is :0.0098
2025-06-25 00:15:29 - INFO - epoch:23/25 iteration:190/1377 batch loss is :0.0041
2025-06-25 00:15:35 - INFO - epoch:23/25 iteration:195/1377 batch loss is :0.0050
2025-06-25 00:15:42 - INFO - epoch:23/25 iteration:200/1377 batch loss is :0.0047
2025-06-25 00:15:48 - INFO - epoch:23/25 iteration:205/1377 batch loss is :0.0185
2025-06-25 00:15:55 - INFO - epoch:23/25 iteration:210/1377 batch loss is :0.0099
2025-06-25 00:16:01 - INFO - epoch:23/25 iteration:215/1377 batch loss is :0.0119
2025-06-25 00:16:07 - INFO - epoch:23/25 iteration:220/1377 batch loss is :0.0018
2025-06-25 00:16:14 - INFO - epoch:23/25 iteration:225/1377 batch loss is :0.0221
2025-06-25 00:16:20 - INFO - epoch:23/25 iteration:230/1377 batch loss is :0.0278
2025-06-25 00:16:27 - INFO - epoch:23/25 iteration:235/1377 batch loss is :0.0095
2025-06-25 00:16:33 - INFO - epoch:23/25 iteration:240/1377 batch loss is :0.0546
2025-06-25 00:16:40 - INFO - epoch:23/25 iteration:245/1377 batch loss is :0.0088
2025-06-25 00:16:46 - INFO - epoch:23/25 iteration:250/1377 batch loss is :0.0059
2025-06-25 00:16:52 - INFO - epoch:23/25 iteration:255/1377 batch loss is :0.0053
2025-06-25 00:16:59 - INFO - epoch:23/25 iteration:260/1377 batch loss is :0.0465
2025-06-25 00:17:05 - INFO - epoch:23/25 iteration:265/1377 batch loss is :0.0192
2025-06-25 00:17:12 - INFO - epoch:23/25 iteration:270/1377 batch loss is :0.0144
2025-06-25 00:17:18 - INFO - epoch:23/25 iteration:275/1377 batch loss is :0.0206
2025-06-25 00:17:24 - INFO - epoch:23/25 iteration:280/1377 batch loss is :0.0056
2025-06-25 00:17:31 - INFO - epoch:23/25 iteration:285/1377 batch loss is :0.0046
2025-06-25 00:17:37 - INFO - epoch:23/25 iteration:290/1377 batch loss is :0.0097
2025-06-25 00:17:44 - INFO - epoch:23/25 iteration:295/1377 batch loss is :0.0056
2025-06-25 00:17:50 - INFO - epoch:23/25 iteration:300/1377 batch loss is :0.0018
2025-06-25 00:17:56 - INFO - epoch:23/25 iteration:305/1377 batch loss is :0.0585
2025-06-25 00:18:03 - INFO - epoch:23/25 iteration:310/1377 batch loss is :0.0202
2025-06-25 00:18:09 - INFO - epoch:23/25 iteration:315/1377 batch loss is :0.0147
2025-06-25 00:18:16 - INFO - epoch:23/25 iteration:320/1377 batch loss is :0.0099
2025-06-25 00:18:22 - INFO - epoch:23/25 iteration:325/1377 batch loss is :0.0027
2025-06-25 00:18:29 - INFO - epoch:23/25 iteration:330/1377 batch loss is :0.0061
2025-06-25 00:18:35 - INFO - epoch:23/25 iteration:335/1377 batch loss is :0.0273
2025-06-25 00:18:41 - INFO - epoch:23/25 iteration:340/1377 batch loss is :0.0076
2025-06-25 00:18:48 - INFO - epoch:23/25 iteration:345/1377 batch loss is :0.0025
2025-06-25 00:18:54 - INFO - epoch:23/25 iteration:350/1377 batch loss is :0.0224
2025-06-25 00:19:01 - INFO - epoch:23/25 iteration:355/1377 batch loss is :0.0094
2025-06-25 00:19:07 - INFO - epoch:23/25 iteration:360/1377 batch loss is :0.0020
2025-06-25 00:19:14 - INFO - epoch:23/25 iteration:365/1377 batch loss is :0.0013
2025-06-25 00:19:20 - INFO - epoch:23/25 iteration:370/1377 batch loss is :0.0063
2025-06-25 00:19:26 - INFO - epoch:23/25 iteration:375/1377 batch loss is :0.0329
2025-06-25 00:19:33 - INFO - epoch:23/25 iteration:380/1377 batch loss is :0.0147
2025-06-25 00:19:39 - INFO - epoch:23/25 iteration:385/1377 batch loss is :0.0300
2025-06-25 00:19:46 - INFO - epoch:23/25 iteration:390/1377 batch loss is :0.0093
2025-06-25 00:19:52 - INFO - epoch:23/25 iteration:395/1377 batch loss is :0.0013
2025-06-25 00:19:58 - INFO - epoch:23/25 iteration:400/1377 batch loss is :0.0090
2025-06-25 00:20:05 - INFO - epoch:23/25 iteration:405/1377 batch loss is :0.0556
2025-06-25 00:20:11 - INFO - epoch:23/25 iteration:410/1377 batch loss is :0.0176
2025-06-25 00:20:18 - INFO - epoch:23/25 iteration:415/1377 batch loss is :0.0051
2025-06-25 00:20:24 - INFO - epoch:23/25 iteration:420/1377 batch loss is :0.0050
2025-06-25 00:20:30 - INFO - epoch:23/25 iteration:425/1377 batch loss is :0.0182
2025-06-25 00:20:37 - INFO - epoch:23/25 iteration:430/1377 batch loss is :0.0103
2025-06-25 00:20:43 - INFO - epoch:23/25 iteration:435/1377 batch loss is :0.0042
2025-06-25 00:20:50 - INFO - epoch:23/25 iteration:440/1377 batch loss is :0.0033
2025-06-25 00:20:56 - INFO - epoch:23/25 iteration:445/1377 batch loss is :0.0056
2025-06-25 00:21:02 - INFO - epoch:23/25 iteration:450/1377 batch loss is :0.0045
2025-06-25 00:21:09 - INFO - epoch:23/25 iteration:455/1377 batch loss is :0.0201
2025-06-25 00:21:15 - INFO - epoch:23/25 iteration:460/1377 batch loss is :0.0161
2025-06-25 00:21:22 - INFO - epoch:23/25 iteration:465/1377 batch loss is :0.0051
2025-06-25 00:21:28 - INFO - epoch:23/25 iteration:470/1377 batch loss is :0.0091
2025-06-25 00:21:34 - INFO - epoch:23/25 iteration:475/1377 batch loss is :0.0019
2025-06-25 00:21:41 - INFO - epoch:23/25 iteration:480/1377 batch loss is :0.0061
2025-06-25 00:21:47 - INFO - epoch:23/25 iteration:485/1377 batch loss is :0.0018
2025-06-25 00:21:54 - INFO - epoch:23/25 iteration:490/1377 batch loss is :0.0066
2025-06-25 00:22:00 - INFO - epoch:23/25 iteration:495/1377 batch loss is :0.0066
2025-06-25 00:22:06 - INFO - epoch:23/25 iteration:500/1377 batch loss is :0.0054
2025-06-25 00:22:13 - INFO - epoch:23/25 iteration:505/1377 batch loss is :0.0032
2025-06-25 00:22:19 - INFO - epoch:23/25 iteration:510/1377 batch loss is :0.0069
2025-06-25 00:22:26 - INFO - epoch:23/25 iteration:515/1377 batch loss is :0.0096
2025-06-25 00:22:32 - INFO - epoch:23/25 iteration:520/1377 batch loss is :0.0051
2025-06-25 00:22:38 - INFO - epoch:23/25 iteration:525/1377 batch loss is :0.0132
2025-06-25 00:22:45 - INFO - epoch:23/25 iteration:530/1377 batch loss is :0.0108
2025-06-25 00:22:51 - INFO - epoch:23/25 iteration:535/1377 batch loss is :0.0177
2025-06-25 00:22:57 - INFO - epoch:23/25 iteration:540/1377 batch loss is :0.0041
2025-06-25 00:23:04 - INFO - epoch:23/25 iteration:545/1377 batch loss is :0.0120
2025-06-25 00:23:10 - INFO - epoch:23/25 iteration:550/1377 batch loss is :0.0043
2025-06-25 00:23:17 - INFO - epoch:23/25 iteration:555/1377 batch loss is :0.0093
2025-06-25 00:23:23 - INFO - epoch:23/25 iteration:560/1377 batch loss is :0.0020
2025-06-25 00:23:29 - INFO - epoch:23/25 iteration:565/1377 batch loss is :0.0588
2025-06-25 00:23:36 - INFO - epoch:23/25 iteration:570/1377 batch loss is :0.0079
2025-06-25 00:23:42 - INFO - epoch:23/25 iteration:575/1377 batch loss is :0.0054
2025-06-25 00:23:49 - INFO - epoch:23/25 iteration:580/1377 batch loss is :0.0257
2025-06-25 00:23:55 - INFO - epoch:23/25 iteration:585/1377 batch loss is :0.0057
2025-06-25 00:24:01 - INFO - epoch:23/25 iteration:590/1377 batch loss is :0.0103
2025-06-25 00:24:08 - INFO - epoch:23/25 iteration:595/1377 batch loss is :0.0057
2025-06-25 00:24:14 - INFO - epoch:23/25 iteration:600/1377 batch loss is :0.0163
2025-06-25 00:24:21 - INFO - epoch:23/25 iteration:605/1377 batch loss is :0.0340
2025-06-25 00:24:27 - INFO - epoch:23/25 iteration:610/1377 batch loss is :0.0238
2025-06-25 00:24:33 - INFO - epoch:23/25 iteration:615/1377 batch loss is :0.0503
2025-06-25 00:24:40 - INFO - epoch:23/25 iteration:620/1377 batch loss is :0.0329
2025-06-25 00:24:46 - INFO - epoch:23/25 iteration:625/1377 batch loss is :0.0004
2025-06-25 00:24:53 - INFO - epoch:23/25 iteration:630/1377 batch loss is :0.0015
2025-06-25 00:24:59 - INFO - epoch:23/25 iteration:635/1377 batch loss is :0.0354
2025-06-25 00:25:05 - INFO - epoch:23/25 iteration:640/1377 batch loss is :0.0632
2025-06-25 00:25:12 - INFO - epoch:23/25 iteration:645/1377 batch loss is :0.0016
2025-06-25 00:25:18 - INFO - epoch:23/25 iteration:650/1377 batch loss is :0.0202
2025-06-25 00:25:25 - INFO - epoch:23/25 iteration:655/1377 batch loss is :0.0184
2025-06-25 00:25:31 - INFO - epoch:23/25 iteration:660/1377 batch loss is :0.0017
2025-06-25 00:25:37 - INFO - epoch:23/25 iteration:665/1377 batch loss is :0.0298
2025-06-25 00:25:44 - INFO - epoch:23/25 iteration:670/1377 batch loss is :0.0137
2025-06-25 00:25:50 - INFO - epoch:23/25 iteration:675/1377 batch loss is :0.0096
2025-06-25 00:25:57 - INFO - epoch:23/25 iteration:680/1377 batch loss is :0.0095
2025-06-25 00:26:03 - INFO - epoch:23/25 iteration:685/1377 batch loss is :0.0274
2025-06-25 00:26:09 - INFO - epoch:23/25 iteration:690/1377 batch loss is :0.0131
2025-06-25 00:26:16 - INFO - epoch:23/25 iteration:695/1377 batch loss is :0.0155
2025-06-25 00:26:22 - INFO - epoch:23/25 iteration:700/1377 batch loss is :0.0180
2025-06-25 00:26:28 - INFO - epoch:23/25 iteration:705/1377 batch loss is :0.0558
2025-06-25 00:26:35 - INFO - epoch:23/25 iteration:710/1377 batch loss is :0.0151
2025-06-25 00:26:41 - INFO - epoch:23/25 iteration:715/1377 batch loss is :0.0082
2025-06-25 00:26:48 - INFO - epoch:23/25 iteration:720/1377 batch loss is :0.0082
2025-06-25 00:26:54 - INFO - epoch:23/25 iteration:725/1377 batch loss is :0.0554
2025-06-25 00:27:00 - INFO - epoch:23/25 iteration:730/1377 batch loss is :0.0072
2025-06-25 00:27:07 - INFO - epoch:23/25 iteration:735/1377 batch loss is :0.0071
2025-06-25 00:27:13 - INFO - epoch:23/25 iteration:740/1377 batch loss is :0.0219
2025-06-25 00:27:20 - INFO - epoch:23/25 iteration:745/1377 batch loss is :0.0037
2025-06-25 00:27:26 - INFO - epoch:23/25 iteration:750/1377 batch loss is :0.0065
2025-06-25 00:27:32 - INFO - epoch:23/25 iteration:755/1377 batch loss is :0.0223
2025-06-25 00:27:39 - INFO - epoch:23/25 iteration:760/1377 batch loss is :0.0321
2025-06-25 00:27:45 - INFO - epoch:23/25 iteration:765/1377 batch loss is :0.0020
2025-06-25 00:27:52 - INFO - epoch:23/25 iteration:770/1377 batch loss is :0.0028
2025-06-25 00:27:58 - INFO - epoch:23/25 iteration:775/1377 batch loss is :0.0007
2025-06-25 00:28:04 - INFO - epoch:23/25 iteration:780/1377 batch loss is :0.0064
2025-06-25 00:28:11 - INFO - epoch:23/25 iteration:785/1377 batch loss is :0.0253
2025-06-25 00:28:17 - INFO - epoch:23/25 iteration:790/1377 batch loss is :0.0316
2025-06-25 00:28:24 - INFO - epoch:23/25 iteration:795/1377 batch loss is :0.0030
2025-06-25 00:28:30 - INFO - epoch:23/25 iteration:800/1377 batch loss is :0.0181
2025-06-25 00:28:37 - INFO - epoch:23/25 iteration:805/1377 batch loss is :0.0202
2025-06-25 00:28:43 - INFO - epoch:23/25 iteration:810/1377 batch loss is :0.0007
2025-06-25 00:28:50 - INFO - epoch:23/25 iteration:815/1377 batch loss is :0.0107
2025-06-25 00:28:56 - INFO - epoch:23/25 iteration:820/1377 batch loss is :0.0007
2025-06-25 00:29:02 - INFO - epoch:23/25 iteration:825/1377 batch loss is :0.0081
2025-06-25 00:29:09 - INFO - epoch:23/25 iteration:830/1377 batch loss is :0.0048
2025-06-25 00:29:15 - INFO - epoch:23/25 iteration:835/1377 batch loss is :0.0109
2025-06-25 00:29:22 - INFO - epoch:23/25 iteration:840/1377 batch loss is :0.0113
2025-06-25 00:29:28 - INFO - epoch:23/25 iteration:845/1377 batch loss is :0.0019
2025-06-25 00:29:34 - INFO - epoch:23/25 iteration:850/1377 batch loss is :0.0236
2025-06-25 00:29:41 - INFO - epoch:23/25 iteration:855/1377 batch loss is :0.0027
2025-06-25 00:29:47 - INFO - epoch:23/25 iteration:860/1377 batch loss is :0.0036
2025-06-25 00:29:54 - INFO - epoch:23/25 iteration:865/1377 batch loss is :0.0216
2025-06-25 00:30:00 - INFO - epoch:23/25 iteration:870/1377 batch loss is :0.0026
2025-06-25 00:30:06 - INFO - epoch:23/25 iteration:875/1377 batch loss is :0.0100
2025-06-25 00:30:13 - INFO - epoch:23/25 iteration:880/1377 batch loss is :0.0122
2025-06-25 00:30:19 - INFO - epoch:23/25 iteration:885/1377 batch loss is :0.0075
2025-06-25 00:30:26 - INFO - epoch:23/25 iteration:890/1377 batch loss is :0.0146
2025-06-25 00:30:32 - INFO - epoch:23/25 iteration:895/1377 batch loss is :0.0653
2025-06-25 00:30:38 - INFO - epoch:23/25 iteration:900/1377 batch loss is :0.0038
2025-06-25 00:30:45 - INFO - epoch:23/25 iteration:905/1377 batch loss is :0.0085
2025-06-25 00:30:51 - INFO - epoch:23/25 iteration:910/1377 batch loss is :0.0102
2025-06-25 00:30:58 - INFO - epoch:23/25 iteration:915/1377 batch loss is :0.0123
2025-06-25 00:31:04 - INFO - epoch:23/25 iteration:920/1377 batch loss is :0.0378
2025-06-25 00:31:11 - INFO - epoch:23/25 iteration:925/1377 batch loss is :0.0197
2025-06-25 00:31:17 - INFO - epoch:23/25 iteration:930/1377 batch loss is :0.0318
2025-06-25 00:31:23 - INFO - epoch:23/25 iteration:935/1377 batch loss is :0.0043
2025-06-25 00:31:30 - INFO - epoch:23/25 iteration:940/1377 batch loss is :0.0066
2025-06-25 00:31:36 - INFO - epoch:23/25 iteration:945/1377 batch loss is :0.0087
2025-06-25 00:31:43 - INFO - epoch:23/25 iteration:950/1377 batch loss is :0.0021
2025-06-25 00:31:49 - INFO - epoch:23/25 iteration:955/1377 batch loss is :0.0053
2025-06-25 00:31:56 - INFO - epoch:23/25 iteration:960/1377 batch loss is :0.0066
2025-06-25 00:32:02 - INFO - epoch:23/25 iteration:965/1377 batch loss is :0.0079
2025-06-25 00:32:08 - INFO - epoch:23/25 iteration:970/1377 batch loss is :0.0233
2025-06-25 00:32:15 - INFO - epoch:23/25 iteration:975/1377 batch loss is :0.0047
2025-06-25 00:32:21 - INFO - epoch:23/25 iteration:980/1377 batch loss is :0.0234
2025-06-25 00:32:28 - INFO - epoch:23/25 iteration:985/1377 batch loss is :0.0129
2025-06-25 00:32:34 - INFO - epoch:23/25 iteration:990/1377 batch loss is :0.0201
2025-06-25 00:32:40 - INFO - epoch:23/25 iteration:995/1377 batch loss is :0.0281
2025-06-25 00:32:47 - INFO - epoch:23/25 iteration:1000/1377 batch loss is :0.0459
2025-06-25 00:32:53 - INFO - epoch:23/25 iteration:1005/1377 batch loss is :0.0325
2025-06-25 00:33:00 - INFO - epoch:23/25 iteration:1010/1377 batch loss is :0.0044
2025-06-25 00:33:06 - INFO - epoch:23/25 iteration:1015/1377 batch loss is :0.0124
2025-06-25 00:33:12 - INFO - epoch:23/25 iteration:1020/1377 batch loss is :0.0043
2025-06-25 00:33:19 - INFO - epoch:23/25 iteration:1025/1377 batch loss is :0.0246
2025-06-25 00:33:25 - INFO - epoch:23/25 iteration:1030/1377 batch loss is :0.0264
2025-06-25 00:33:32 - INFO - epoch:23/25 iteration:1035/1377 batch loss is :0.0029
2025-06-25 00:33:38 - INFO - epoch:23/25 iteration:1040/1377 batch loss is :0.0173
2025-06-25 00:33:44 - INFO - epoch:23/25 iteration:1045/1377 batch loss is :0.0218
2025-06-25 00:33:51 - INFO - epoch:23/25 iteration:1050/1377 batch loss is :0.0093
2025-06-25 00:33:57 - INFO - epoch:23/25 iteration:1055/1377 batch loss is :0.0345
2025-06-25 00:34:04 - INFO - epoch:23/25 iteration:1060/1377 batch loss is :0.0052
2025-06-25 00:34:10 - INFO - epoch:23/25 iteration:1065/1377 batch loss is :0.0336
2025-06-25 00:34:16 - INFO - epoch:23/25 iteration:1070/1377 batch loss is :0.0036
2025-06-25 00:34:23 - INFO - epoch:23/25 iteration:1075/1377 batch loss is :0.0061
2025-06-25 00:34:29 - INFO - epoch:23/25 iteration:1080/1377 batch loss is :0.0023
2025-06-25 00:34:35 - INFO - epoch:23/25 iteration:1085/1377 batch loss is :0.0157
2025-06-25 00:34:42 - INFO - epoch:23/25 iteration:1090/1377 batch loss is :0.0133
2025-06-25 00:34:48 - INFO - epoch:23/25 iteration:1095/1377 batch loss is :0.0069
2025-06-25 00:34:55 - INFO - epoch:23/25 iteration:1100/1377 batch loss is :0.0261
2025-06-25 00:35:01 - INFO - epoch:23/25 iteration:1105/1377 batch loss is :0.0255
2025-06-25 00:35:08 - INFO - epoch:23/25 iteration:1110/1377 batch loss is :0.0044
2025-06-25 00:35:14 - INFO - epoch:23/25 iteration:1115/1377 batch loss is :0.0066
2025-06-25 00:35:20 - INFO - epoch:23/25 iteration:1120/1377 batch loss is :0.0079
2025-06-25 00:35:27 - INFO - epoch:23/25 iteration:1125/1377 batch loss is :0.0306
2025-06-25 00:35:33 - INFO - epoch:23/25 iteration:1130/1377 batch loss is :0.0325
2025-06-25 00:35:40 - INFO - epoch:23/25 iteration:1135/1377 batch loss is :0.0385
2025-06-25 00:35:46 - INFO - epoch:23/25 iteration:1140/1377 batch loss is :0.0023
2025-06-25 00:35:53 - INFO - epoch:23/25 iteration:1145/1377 batch loss is :0.0177
2025-06-25 00:35:59 - INFO - epoch:23/25 iteration:1150/1377 batch loss is :0.0004
2025-06-25 00:36:05 - INFO - epoch:23/25 iteration:1155/1377 batch loss is :0.0165
2025-06-25 00:36:12 - INFO - epoch:23/25 iteration:1160/1377 batch loss is :0.0125
2025-06-25 00:36:18 - INFO - epoch:23/25 iteration:1165/1377 batch loss is :0.0078
2025-06-25 00:36:25 - INFO - epoch:23/25 iteration:1170/1377 batch loss is :0.0058
2025-06-25 00:36:31 - INFO - epoch:23/25 iteration:1175/1377 batch loss is :0.0135
2025-06-25 00:36:37 - INFO - epoch:23/25 iteration:1180/1377 batch loss is :0.0072
2025-06-25 00:36:44 - INFO - epoch:23/25 iteration:1185/1377 batch loss is :0.0063
2025-06-25 00:36:50 - INFO - epoch:23/25 iteration:1190/1377 batch loss is :0.0105
2025-06-25 00:36:57 - INFO - epoch:23/25 iteration:1195/1377 batch loss is :0.0026
2025-06-25 00:37:03 - INFO - epoch:23/25 iteration:1200/1377 batch loss is :0.0026
2025-06-25 00:37:09 - INFO - epoch:23/25 iteration:1205/1377 batch loss is :0.0126
2025-06-25 00:37:16 - INFO - epoch:23/25 iteration:1210/1377 batch loss is :0.0088
2025-06-25 00:37:22 - INFO - epoch:23/25 iteration:1215/1377 batch loss is :0.0096
2025-06-25 00:37:29 - INFO - epoch:23/25 iteration:1220/1377 batch loss is :0.0138
2025-06-25 00:37:35 - INFO - epoch:23/25 iteration:1225/1377 batch loss is :0.0161
2025-06-25 00:37:42 - INFO - epoch:23/25 iteration:1230/1377 batch loss is :0.0039
2025-06-25 00:37:48 - INFO - epoch:23/25 iteration:1235/1377 batch loss is :0.0882
2025-06-25 00:37:54 - INFO - epoch:23/25 iteration:1240/1377 batch loss is :0.0356
2025-06-25 00:38:01 - INFO - epoch:23/25 iteration:1245/1377 batch loss is :0.0053
2025-06-25 00:38:07 - INFO - epoch:23/25 iteration:1250/1377 batch loss is :0.0026
2025-06-25 00:38:14 - INFO - epoch:23/25 iteration:1255/1377 batch loss is :0.0309
2025-06-25 00:38:20 - INFO - epoch:23/25 iteration:1260/1377 batch loss is :0.0027
2025-06-25 00:38:27 - INFO - epoch:23/25 iteration:1265/1377 batch loss is :0.0172
2025-06-25 00:38:33 - INFO - epoch:23/25 iteration:1270/1377 batch loss is :0.0034
2025-06-25 00:38:39 - INFO - epoch:23/25 iteration:1275/1377 batch loss is :0.0044
2025-06-25 00:38:46 - INFO - epoch:23/25 iteration:1280/1377 batch loss is :0.0012
2025-06-25 00:38:52 - INFO - epoch:23/25 iteration:1285/1377 batch loss is :0.0120
2025-06-25 00:38:59 - INFO - epoch:23/25 iteration:1290/1377 batch loss is :0.0134
2025-06-25 00:39:05 - INFO - epoch:23/25 iteration:1295/1377 batch loss is :0.0026
2025-06-25 00:39:11 - INFO - epoch:23/25 iteration:1300/1377 batch loss is :0.0143
2025-06-25 00:39:18 - INFO - epoch:23/25 iteration:1305/1377 batch loss is :0.0074
2025-06-25 00:39:24 - INFO - epoch:23/25 iteration:1310/1377 batch loss is :0.0229
2025-06-25 00:39:31 - INFO - epoch:23/25 iteration:1315/1377 batch loss is :0.0018
2025-06-25 00:39:37 - INFO - epoch:23/25 iteration:1320/1377 batch loss is :0.0048
2025-06-25 00:39:43 - INFO - epoch:23/25 iteration:1325/1377 batch loss is :0.0212
2025-06-25 00:39:50 - INFO - epoch:23/25 iteration:1330/1377 batch loss is :0.0327
2025-06-25 00:39:56 - INFO - epoch:23/25 iteration:1335/1377 batch loss is :0.0303
2025-06-25 00:40:03 - INFO - epoch:23/25 iteration:1340/1377 batch loss is :0.0104
2025-06-25 00:40:09 - INFO - epoch:23/25 iteration:1345/1377 batch loss is :0.0035
2025-06-25 00:40:15 - INFO - epoch:23/25 iteration:1350/1377 batch loss is :0.0087
2025-06-25 00:40:22 - INFO - epoch:23/25 iteration:1355/1377 batch loss is :0.0015
2025-06-25 00:40:28 - INFO - epoch:23/25 iteration:1360/1377 batch loss is :0.0083
2025-06-25 00:40:34 - INFO - epoch:23/25 iteration:1365/1377 batch loss is :0.0024
2025-06-25 00:40:40 - INFO - epoch:23/25 iteration:1370/1377 batch loss is :0.0178
2025-06-25 00:40:47 - INFO - epoch:23/25 iteration:1375/1377 batch loss is :0.0119
2025-06-25 00:40:48 - INFO - Epoch:23/25 Loss is :0.0146
2025-06-25 00:43:12 - INFO - epoch:24/25 iteration:0/1377 batch loss is :0.0234
2025-06-25 00:43:18 - INFO - epoch:24/25 iteration:5/1377 batch loss is :0.0040
2025-06-25 00:43:25 - INFO - epoch:24/25 iteration:10/1377 batch loss is :0.0100
2025-06-25 00:43:32 - INFO - epoch:24/25 iteration:15/1377 batch loss is :0.0074
2025-06-25 00:43:38 - INFO - epoch:24/25 iteration:20/1377 batch loss is :0.0192
2025-06-25 00:43:45 - INFO - epoch:24/25 iteration:25/1377 batch loss is :0.0297
2025-06-25 00:43:51 - INFO - epoch:24/25 iteration:30/1377 batch loss is :0.0036
2025-06-25 00:43:57 - INFO - epoch:24/25 iteration:35/1377 batch loss is :0.0082
2025-06-25 00:44:04 - INFO - epoch:24/25 iteration:40/1377 batch loss is :0.0376
2025-06-25 00:44:10 - INFO - epoch:24/25 iteration:45/1377 batch loss is :0.0041
2025-06-25 00:44:17 - INFO - epoch:24/25 iteration:50/1377 batch loss is :0.0049
2025-06-25 00:44:23 - INFO - epoch:24/25 iteration:55/1377 batch loss is :0.0010
2025-06-25 00:44:29 - INFO - epoch:24/25 iteration:60/1377 batch loss is :0.0050
2025-06-25 00:44:36 - INFO - epoch:24/25 iteration:65/1377 batch loss is :0.0227
2025-06-25 00:44:42 - INFO - epoch:24/25 iteration:70/1377 batch loss is :0.0064
2025-06-25 00:44:48 - INFO - epoch:24/25 iteration:75/1377 batch loss is :0.0062
2025-06-25 00:44:55 - INFO - epoch:24/25 iteration:80/1377 batch loss is :0.0166
2025-06-25 00:45:01 - INFO - epoch:24/25 iteration:85/1377 batch loss is :0.0132
2025-06-25 00:45:07 - INFO - epoch:24/25 iteration:90/1377 batch loss is :0.0206
2025-06-25 00:45:14 - INFO - epoch:24/25 iteration:95/1377 batch loss is :0.0061
2025-06-25 00:45:20 - INFO - epoch:24/25 iteration:100/1377 batch loss is :0.0076
2025-06-25 00:45:27 - INFO - epoch:24/25 iteration:105/1377 batch loss is :0.0158
2025-06-25 00:45:33 - INFO - epoch:24/25 iteration:110/1377 batch loss is :0.0224
2025-06-25 00:45:39 - INFO - epoch:24/25 iteration:115/1377 batch loss is :0.0045
2025-06-25 00:45:46 - INFO - epoch:24/25 iteration:120/1377 batch loss is :0.0051
2025-06-25 00:45:52 - INFO - epoch:24/25 iteration:125/1377 batch loss is :0.0035
2025-06-25 00:45:58 - INFO - epoch:24/25 iteration:130/1377 batch loss is :0.0006
2025-06-25 00:46:05 - INFO - epoch:24/25 iteration:135/1377 batch loss is :0.0267
2025-06-25 00:46:11 - INFO - epoch:24/25 iteration:140/1377 batch loss is :0.0020
2025-06-25 00:46:17 - INFO - epoch:24/25 iteration:145/1377 batch loss is :0.0074
2025-06-25 00:46:24 - INFO - epoch:24/25 iteration:150/1377 batch loss is :0.0061
2025-06-25 00:46:30 - INFO - epoch:24/25 iteration:155/1377 batch loss is :0.0011
2025-06-25 00:46:37 - INFO - epoch:24/25 iteration:160/1377 batch loss is :0.0062
2025-06-25 00:46:43 - INFO - epoch:24/25 iteration:165/1377 batch loss is :0.0079
2025-06-25 00:46:49 - INFO - epoch:24/25 iteration:170/1377 batch loss is :0.0333
2025-06-25 00:46:56 - INFO - epoch:24/25 iteration:175/1377 batch loss is :0.0016
2025-06-25 00:47:02 - INFO - epoch:24/25 iteration:180/1377 batch loss is :0.0051
2025-06-25 00:47:09 - INFO - epoch:24/25 iteration:185/1377 batch loss is :0.0051
2025-06-25 00:47:15 - INFO - epoch:24/25 iteration:190/1377 batch loss is :0.0279
2025-06-25 00:47:21 - INFO - epoch:24/25 iteration:195/1377 batch loss is :0.0117
2025-06-25 00:47:28 - INFO - epoch:24/25 iteration:200/1377 batch loss is :0.0247
2025-06-25 00:47:34 - INFO - epoch:24/25 iteration:205/1377 batch loss is :0.0103
2025-06-25 00:47:41 - INFO - epoch:24/25 iteration:210/1377 batch loss is :0.0019
2025-06-25 00:47:47 - INFO - epoch:24/25 iteration:215/1377 batch loss is :0.0115
2025-06-25 00:47:53 - INFO - epoch:24/25 iteration:220/1377 batch loss is :0.0137
2025-06-25 00:48:00 - INFO - epoch:24/25 iteration:225/1377 batch loss is :0.0189
2025-06-25 00:48:06 - INFO - epoch:24/25 iteration:230/1377 batch loss is :0.0109
2025-06-25 00:48:13 - INFO - epoch:24/25 iteration:235/1377 batch loss is :0.0007
2025-06-25 00:48:19 - INFO - epoch:24/25 iteration:240/1377 batch loss is :0.0082
2025-06-25 00:48:25 - INFO - epoch:24/25 iteration:245/1377 batch loss is :0.0145
2025-06-25 00:48:32 - INFO - epoch:24/25 iteration:250/1377 batch loss is :0.0070
2025-06-25 00:48:38 - INFO - epoch:24/25 iteration:255/1377 batch loss is :0.0074
2025-06-25 00:48:45 - INFO - epoch:24/25 iteration:260/1377 batch loss is :0.0033
2025-06-25 00:48:51 - INFO - epoch:24/25 iteration:265/1377 batch loss is :0.0291
2025-06-25 00:48:57 - INFO - epoch:24/25 iteration:270/1377 batch loss is :0.0376
2025-06-25 00:49:04 - INFO - epoch:24/25 iteration:275/1377 batch loss is :0.0108
2025-06-25 00:49:10 - INFO - epoch:24/25 iteration:280/1377 batch loss is :0.0108
2025-06-25 00:49:17 - INFO - epoch:24/25 iteration:285/1377 batch loss is :0.0093
2025-06-25 00:49:23 - INFO - epoch:24/25 iteration:290/1377 batch loss is :0.0136
2025-06-25 00:49:29 - INFO - epoch:24/25 iteration:295/1377 batch loss is :0.0106
2025-06-25 00:49:36 - INFO - epoch:24/25 iteration:300/1377 batch loss is :0.0040
2025-06-25 00:49:42 - INFO - epoch:24/25 iteration:305/1377 batch loss is :0.0041
2025-06-25 00:49:49 - INFO - epoch:24/25 iteration:310/1377 batch loss is :0.0056
2025-06-25 00:49:55 - INFO - epoch:24/25 iteration:315/1377 batch loss is :0.0005
2025-06-25 00:50:02 - INFO - epoch:24/25 iteration:320/1377 batch loss is :0.0032
2025-06-25 00:50:08 - INFO - epoch:24/25 iteration:325/1377 batch loss is :0.0386
2025-06-25 00:50:14 - INFO - epoch:24/25 iteration:330/1377 batch loss is :0.0059
2025-06-25 00:50:21 - INFO - epoch:24/25 iteration:335/1377 batch loss is :0.0311
2025-06-25 00:50:27 - INFO - epoch:24/25 iteration:340/1377 batch loss is :0.0062
2025-06-25 00:50:34 - INFO - epoch:24/25 iteration:345/1377 batch loss is :0.0002
2025-06-25 00:50:40 - INFO - epoch:24/25 iteration:350/1377 batch loss is :0.0086
2025-06-25 00:50:46 - INFO - epoch:24/25 iteration:355/1377 batch loss is :0.0131
2025-06-25 00:50:53 - INFO - epoch:24/25 iteration:360/1377 batch loss is :0.0075
2025-06-25 00:50:59 - INFO - epoch:24/25 iteration:365/1377 batch loss is :0.0265
2025-06-25 00:51:06 - INFO - epoch:24/25 iteration:370/1377 batch loss is :0.0008
2025-06-25 00:51:12 - INFO - epoch:24/25 iteration:375/1377 batch loss is :0.0168
2025-06-25 00:51:19 - INFO - epoch:24/25 iteration:380/1377 batch loss is :0.0219
2025-06-25 00:51:25 - INFO - epoch:24/25 iteration:385/1377 batch loss is :0.0024
2025-06-25 00:51:31 - INFO - epoch:24/25 iteration:390/1377 batch loss is :0.0147
2025-06-25 00:51:38 - INFO - epoch:24/25 iteration:395/1377 batch loss is :0.0560
2025-06-25 00:51:44 - INFO - epoch:24/25 iteration:400/1377 batch loss is :0.0107
2025-06-25 00:51:51 - INFO - epoch:24/25 iteration:405/1377 batch loss is :0.0058
2025-06-25 00:51:57 - INFO - epoch:24/25 iteration:410/1377 batch loss is :0.0093
2025-06-25 00:52:04 - INFO - epoch:24/25 iteration:415/1377 batch loss is :0.0535
2025-06-25 00:52:10 - INFO - epoch:24/25 iteration:420/1377 batch loss is :0.0192
2025-06-25 00:52:16 - INFO - epoch:24/25 iteration:425/1377 batch loss is :0.0099
2025-06-25 00:52:23 - INFO - epoch:24/25 iteration:430/1377 batch loss is :0.0148
2025-06-25 00:52:29 - INFO - epoch:24/25 iteration:435/1377 batch loss is :0.0118
2025-06-25 00:52:36 - INFO - epoch:24/25 iteration:440/1377 batch loss is :0.0047
2025-06-25 00:52:42 - INFO - epoch:24/25 iteration:445/1377 batch loss is :0.0378
2025-06-25 00:52:48 - INFO - epoch:24/25 iteration:450/1377 batch loss is :0.0439
2025-06-25 00:52:55 - INFO - epoch:24/25 iteration:455/1377 batch loss is :0.0076
2025-06-25 00:53:01 - INFO - epoch:24/25 iteration:460/1377 batch loss is :0.0094
2025-06-25 00:53:08 - INFO - epoch:24/25 iteration:465/1377 batch loss is :0.0149
2025-06-25 00:53:14 - INFO - epoch:24/25 iteration:470/1377 batch loss is :0.0164
2025-06-25 00:53:21 - INFO - epoch:24/25 iteration:475/1377 batch loss is :0.0161
2025-06-25 00:53:27 - INFO - epoch:24/25 iteration:480/1377 batch loss is :0.0154
2025-06-25 00:53:33 - INFO - epoch:24/25 iteration:485/1377 batch loss is :0.0070
2025-06-25 00:53:40 - INFO - epoch:24/25 iteration:490/1377 batch loss is :0.0015
2025-06-25 00:53:46 - INFO - epoch:24/25 iteration:495/1377 batch loss is :0.0067
2025-06-25 00:53:53 - INFO - epoch:24/25 iteration:500/1377 batch loss is :0.0211
2025-06-25 00:53:59 - INFO - epoch:24/25 iteration:505/1377 batch loss is :0.0030
2025-06-25 00:54:05 - INFO - epoch:24/25 iteration:510/1377 batch loss is :0.0056
2025-06-25 00:54:12 - INFO - epoch:24/25 iteration:515/1377 batch loss is :0.0210
2025-06-25 00:54:18 - INFO - epoch:24/25 iteration:520/1377 batch loss is :0.0138
2025-06-25 00:54:25 - INFO - epoch:24/25 iteration:525/1377 batch loss is :0.0079
2025-06-25 00:54:31 - INFO - epoch:24/25 iteration:530/1377 batch loss is :0.0106
2025-06-25 00:54:37 - INFO - epoch:24/25 iteration:535/1377 batch loss is :0.0091
2025-06-25 00:54:44 - INFO - epoch:24/25 iteration:540/1377 batch loss is :0.0072
2025-06-25 00:54:50 - INFO - epoch:24/25 iteration:545/1377 batch loss is :0.0047
2025-06-25 00:54:57 - INFO - epoch:24/25 iteration:550/1377 batch loss is :0.0234
2025-06-25 00:55:03 - INFO - epoch:24/25 iteration:555/1377 batch loss is :0.0079
2025-06-25 00:55:09 - INFO - epoch:24/25 iteration:560/1377 batch loss is :0.0069
2025-06-25 00:55:16 - INFO - epoch:24/25 iteration:565/1377 batch loss is :0.0221
2025-06-25 00:55:22 - INFO - epoch:24/25 iteration:570/1377 batch loss is :0.0016
2025-06-25 00:55:29 - INFO - epoch:24/25 iteration:575/1377 batch loss is :0.0243
2025-06-25 00:55:35 - INFO - epoch:24/25 iteration:580/1377 batch loss is :0.0040
2025-06-25 00:55:42 - INFO - epoch:24/25 iteration:585/1377 batch loss is :0.0016
2025-06-25 00:55:48 - INFO - epoch:24/25 iteration:590/1377 batch loss is :0.0312
2025-06-25 00:55:54 - INFO - epoch:24/25 iteration:595/1377 batch loss is :0.0164
2025-06-25 00:56:01 - INFO - epoch:24/25 iteration:600/1377 batch loss is :0.0119
2025-06-25 00:56:07 - INFO - epoch:24/25 iteration:605/1377 batch loss is :0.0020
2025-06-25 00:56:14 - INFO - epoch:24/25 iteration:610/1377 batch loss is :0.0019
2025-06-25 00:56:20 - INFO - epoch:24/25 iteration:615/1377 batch loss is :0.0035
2025-06-25 00:56:26 - INFO - epoch:24/25 iteration:620/1377 batch loss is :0.0068
2025-06-25 00:56:33 - INFO - epoch:24/25 iteration:625/1377 batch loss is :0.0046
2025-06-25 00:56:39 - INFO - epoch:24/25 iteration:630/1377 batch loss is :0.0026
2025-06-25 00:56:46 - INFO - epoch:24/25 iteration:635/1377 batch loss is :0.0039
2025-06-25 00:56:52 - INFO - epoch:24/25 iteration:640/1377 batch loss is :0.0051
2025-06-25 00:56:58 - INFO - epoch:24/25 iteration:645/1377 batch loss is :0.0023
2025-06-25 00:57:05 - INFO - epoch:24/25 iteration:650/1377 batch loss is :0.0051
2025-06-25 00:57:11 - INFO - epoch:24/25 iteration:655/1377 batch loss is :0.0031
2025-06-25 00:57:18 - INFO - epoch:24/25 iteration:660/1377 batch loss is :0.0093
2025-06-25 00:57:24 - INFO - epoch:24/25 iteration:665/1377 batch loss is :0.0550
2025-06-25 00:57:31 - INFO - epoch:24/25 iteration:670/1377 batch loss is :0.0065
2025-06-25 00:57:37 - INFO - epoch:24/25 iteration:675/1377 batch loss is :0.0042
2025-06-25 00:57:43 - INFO - epoch:24/25 iteration:680/1377 batch loss is :0.0007
2025-06-25 00:57:50 - INFO - epoch:24/25 iteration:685/1377 batch loss is :0.0215
2025-06-25 00:57:56 - INFO - epoch:24/25 iteration:690/1377 batch loss is :0.0059
2025-06-25 00:58:02 - INFO - epoch:24/25 iteration:695/1377 batch loss is :0.0110
2025-06-25 00:58:09 - INFO - epoch:24/25 iteration:700/1377 batch loss is :0.0004
2025-06-25 00:58:15 - INFO - epoch:24/25 iteration:705/1377 batch loss is :0.0069
2025-06-25 00:58:22 - INFO - epoch:24/25 iteration:710/1377 batch loss is :0.0023
2025-06-25 00:58:28 - INFO - epoch:24/25 iteration:715/1377 batch loss is :0.0234
2025-06-25 00:58:35 - INFO - epoch:24/25 iteration:720/1377 batch loss is :0.0078
2025-06-25 00:58:41 - INFO - epoch:24/25 iteration:725/1377 batch loss is :0.0093
2025-06-25 00:58:47 - INFO - epoch:24/25 iteration:730/1377 batch loss is :0.0074
2025-06-25 00:58:54 - INFO - epoch:24/25 iteration:735/1377 batch loss is :0.0081
2025-06-25 00:59:00 - INFO - epoch:24/25 iteration:740/1377 batch loss is :0.0086
2025-06-25 00:59:07 - INFO - epoch:24/25 iteration:745/1377 batch loss is :0.0181
2025-06-25 00:59:13 - INFO - epoch:24/25 iteration:750/1377 batch loss is :0.0045
2025-06-25 00:59:19 - INFO - epoch:24/25 iteration:755/1377 batch loss is :0.0148
2025-06-25 00:59:26 - INFO - epoch:24/25 iteration:760/1377 batch loss is :0.0272
2025-06-25 00:59:32 - INFO - epoch:24/25 iteration:765/1377 batch loss is :0.0317
2025-06-25 00:59:39 - INFO - epoch:24/25 iteration:770/1377 batch loss is :0.0363
2025-06-25 00:59:45 - INFO - epoch:24/25 iteration:775/1377 batch loss is :0.0285
2025-06-25 00:59:52 - INFO - epoch:24/25 iteration:780/1377 batch loss is :0.0164
2025-06-25 00:59:58 - INFO - epoch:24/25 iteration:785/1377 batch loss is :0.0568
2025-06-25 01:00:04 - INFO - epoch:24/25 iteration:790/1377 batch loss is :0.0038
2025-06-25 01:00:11 - INFO - epoch:24/25 iteration:795/1377 batch loss is :0.0142
2025-06-25 01:00:17 - INFO - epoch:24/25 iteration:800/1377 batch loss is :0.0169
2025-06-25 01:00:24 - INFO - epoch:24/25 iteration:805/1377 batch loss is :0.0170
2025-06-25 01:00:30 - INFO - epoch:24/25 iteration:810/1377 batch loss is :0.0041
2025-06-25 01:00:36 - INFO - epoch:24/25 iteration:815/1377 batch loss is :0.0059
2025-06-25 01:00:43 - INFO - epoch:24/25 iteration:820/1377 batch loss is :0.0166
2025-06-25 01:00:49 - INFO - epoch:24/25 iteration:825/1377 batch loss is :0.1537
2025-06-25 01:00:56 - INFO - epoch:24/25 iteration:830/1377 batch loss is :0.0075
2025-06-25 01:01:02 - INFO - epoch:24/25 iteration:835/1377 batch loss is :0.0179
2025-06-25 01:01:08 - INFO - epoch:24/25 iteration:840/1377 batch loss is :0.0012
2025-06-25 01:01:15 - INFO - epoch:24/25 iteration:845/1377 batch loss is :0.0167
2025-06-25 01:01:21 - INFO - epoch:24/25 iteration:850/1377 batch loss is :0.0358
2025-06-25 01:01:28 - INFO - epoch:24/25 iteration:855/1377 batch loss is :0.0088
2025-06-25 01:01:34 - INFO - epoch:24/25 iteration:860/1377 batch loss is :0.0149
2025-06-25 01:01:41 - INFO - epoch:24/25 iteration:865/1377 batch loss is :0.0125
2025-06-25 01:01:47 - INFO - epoch:24/25 iteration:870/1377 batch loss is :0.0079
2025-06-25 01:01:54 - INFO - epoch:24/25 iteration:875/1377 batch loss is :0.0231
2025-06-25 01:02:00 - INFO - epoch:24/25 iteration:880/1377 batch loss is :0.0114
2025-06-25 01:02:06 - INFO - epoch:24/25 iteration:885/1377 batch loss is :0.0015
2025-06-25 01:02:13 - INFO - epoch:24/25 iteration:890/1377 batch loss is :0.0067
2025-06-25 01:02:19 - INFO - epoch:24/25 iteration:895/1377 batch loss is :0.0323
2025-06-25 01:02:26 - INFO - epoch:24/25 iteration:900/1377 batch loss is :0.0201
2025-06-25 01:02:32 - INFO - epoch:24/25 iteration:905/1377 batch loss is :0.0030
2025-06-25 01:02:39 - INFO - epoch:24/25 iteration:910/1377 batch loss is :0.0105
2025-06-25 01:02:45 - INFO - epoch:24/25 iteration:915/1377 batch loss is :0.0029
2025-06-25 01:02:51 - INFO - epoch:24/25 iteration:920/1377 batch loss is :0.0008
2025-06-25 01:02:58 - INFO - epoch:24/25 iteration:925/1377 batch loss is :0.0036
2025-06-25 01:03:04 - INFO - epoch:24/25 iteration:930/1377 batch loss is :0.0042
2025-06-25 01:03:10 - INFO - epoch:24/25 iteration:935/1377 batch loss is :0.0008
2025-06-25 01:03:17 - INFO - epoch:24/25 iteration:940/1377 batch loss is :0.0117
2025-06-25 01:03:23 - INFO - epoch:24/25 iteration:945/1377 batch loss is :0.0130
2025-06-25 01:03:30 - INFO - epoch:24/25 iteration:950/1377 batch loss is :0.0392
2025-06-25 01:03:36 - INFO - epoch:24/25 iteration:955/1377 batch loss is :0.0462
2025-06-25 01:03:43 - INFO - epoch:24/25 iteration:960/1377 batch loss is :0.0109
2025-06-25 01:03:49 - INFO - epoch:24/25 iteration:965/1377 batch loss is :0.0040
2025-06-25 01:03:55 - INFO - epoch:24/25 iteration:970/1377 batch loss is :0.0627
2025-06-25 01:04:02 - INFO - epoch:24/25 iteration:975/1377 batch loss is :0.0112
2025-06-25 01:04:08 - INFO - epoch:24/25 iteration:980/1377 batch loss is :0.0085
2025-06-25 01:04:15 - INFO - epoch:24/25 iteration:985/1377 batch loss is :0.0222
2025-06-25 01:04:21 - INFO - epoch:24/25 iteration:990/1377 batch loss is :0.0255
2025-06-25 01:04:27 - INFO - epoch:24/25 iteration:995/1377 batch loss is :0.0028
2025-06-25 01:04:34 - INFO - epoch:24/25 iteration:1000/1377 batch loss is :0.0058
2025-06-25 01:04:40 - INFO - epoch:24/25 iteration:1005/1377 batch loss is :0.0131
2025-06-25 01:04:47 - INFO - epoch:24/25 iteration:1010/1377 batch loss is :0.0032
2025-06-25 01:04:53 - INFO - epoch:24/25 iteration:1015/1377 batch loss is :0.0200
2025-06-25 01:04:59 - INFO - epoch:24/25 iteration:1020/1377 batch loss is :0.0006
2025-06-25 01:05:06 - INFO - epoch:24/25 iteration:1025/1377 batch loss is :0.0731
2025-06-25 01:05:12 - INFO - epoch:24/25 iteration:1030/1377 batch loss is :0.0029
2025-06-25 01:05:19 - INFO - epoch:24/25 iteration:1035/1377 batch loss is :0.0237
2025-06-25 01:05:25 - INFO - epoch:24/25 iteration:1040/1377 batch loss is :0.0005
2025-06-25 01:05:31 - INFO - epoch:24/25 iteration:1045/1377 batch loss is :0.0023
2025-06-25 01:05:38 - INFO - epoch:24/25 iteration:1050/1377 batch loss is :0.0012
2025-06-25 01:05:44 - INFO - epoch:24/25 iteration:1055/1377 batch loss is :0.0181
2025-06-25 01:05:51 - INFO - epoch:24/25 iteration:1060/1377 batch loss is :0.0058
2025-06-25 01:05:57 - INFO - epoch:24/25 iteration:1065/1377 batch loss is :0.0387
2025-06-25 01:06:04 - INFO - epoch:24/25 iteration:1070/1377 batch loss is :0.0034
2025-06-25 01:06:10 - INFO - epoch:24/25 iteration:1075/1377 batch loss is :0.0216
2025-06-25 01:06:16 - INFO - epoch:24/25 iteration:1080/1377 batch loss is :0.0065
2025-06-25 01:06:23 - INFO - epoch:24/25 iteration:1085/1377 batch loss is :0.0016
2025-06-25 01:06:29 - INFO - epoch:24/25 iteration:1090/1377 batch loss is :0.0196
2025-06-25 01:06:35 - INFO - epoch:24/25 iteration:1095/1377 batch loss is :0.0093
2025-06-25 01:06:42 - INFO - epoch:24/25 iteration:1100/1377 batch loss is :0.0093
2025-06-25 01:06:48 - INFO - epoch:24/25 iteration:1105/1377 batch loss is :0.0104
2025-06-25 01:06:55 - INFO - epoch:24/25 iteration:1110/1377 batch loss is :0.0069
2025-06-25 01:07:01 - INFO - epoch:24/25 iteration:1115/1377 batch loss is :0.0047
2025-06-25 01:07:08 - INFO - epoch:24/25 iteration:1120/1377 batch loss is :0.0111
2025-06-25 01:07:14 - INFO - epoch:24/25 iteration:1125/1377 batch loss is :0.0084
2025-06-25 01:07:20 - INFO - epoch:24/25 iteration:1130/1377 batch loss is :0.0035
2025-06-25 01:07:27 - INFO - epoch:24/25 iteration:1135/1377 batch loss is :0.0031
2025-06-25 01:07:33 - INFO - epoch:24/25 iteration:1140/1377 batch loss is :0.0062
2025-06-25 01:07:39 - INFO - epoch:24/25 iteration:1145/1377 batch loss is :0.0244
2025-06-25 01:07:46 - INFO - epoch:24/25 iteration:1150/1377 batch loss is :0.0059
2025-06-25 01:07:52 - INFO - epoch:24/25 iteration:1155/1377 batch loss is :0.0116
2025-06-25 01:07:59 - INFO - epoch:24/25 iteration:1160/1377 batch loss is :0.0100
2025-06-25 01:08:05 - INFO - epoch:24/25 iteration:1165/1377 batch loss is :0.0106
2025-06-25 01:08:11 - INFO - epoch:24/25 iteration:1170/1377 batch loss is :0.0072
2025-06-25 01:08:18 - INFO - epoch:24/25 iteration:1175/1377 batch loss is :0.0212
2025-06-25 01:08:24 - INFO - epoch:24/25 iteration:1180/1377 batch loss is :0.0327
2025-06-25 01:08:30 - INFO - epoch:24/25 iteration:1185/1377 batch loss is :0.1226
2025-06-25 01:08:37 - INFO - epoch:24/25 iteration:1190/1377 batch loss is :0.0304
2025-06-25 01:08:43 - INFO - epoch:24/25 iteration:1195/1377 batch loss is :0.0750
2025-06-25 01:08:50 - INFO - epoch:24/25 iteration:1200/1377 batch loss is :0.0021
2025-06-25 01:08:56 - INFO - epoch:24/25 iteration:1205/1377 batch loss is :0.0156
2025-06-25 01:09:02 - INFO - epoch:24/25 iteration:1210/1377 batch loss is :0.0050
2025-06-25 01:09:09 - INFO - epoch:24/25 iteration:1215/1377 batch loss is :0.0007
2025-06-25 01:09:15 - INFO - epoch:24/25 iteration:1220/1377 batch loss is :0.0039
2025-06-25 01:09:22 - INFO - epoch:24/25 iteration:1225/1377 batch loss is :0.0152
2025-06-25 01:09:28 - INFO - epoch:24/25 iteration:1230/1377 batch loss is :0.0246
2025-06-25 01:09:34 - INFO - epoch:24/25 iteration:1235/1377 batch loss is :0.0165
2025-06-25 01:09:41 - INFO - epoch:24/25 iteration:1240/1377 batch loss is :0.0016
2025-06-25 01:09:47 - INFO - epoch:24/25 iteration:1245/1377 batch loss is :0.0141
2025-06-25 01:09:54 - INFO - epoch:24/25 iteration:1250/1377 batch loss is :0.0267
2025-06-25 01:10:00 - INFO - epoch:24/25 iteration:1255/1377 batch loss is :0.0141
2025-06-25 01:10:06 - INFO - epoch:24/25 iteration:1260/1377 batch loss is :0.0155
2025-06-25 01:10:13 - INFO - epoch:24/25 iteration:1265/1377 batch loss is :0.0045
2025-06-25 01:10:19 - INFO - epoch:24/25 iteration:1270/1377 batch loss is :0.0006
2025-06-25 01:10:26 - INFO - epoch:24/25 iteration:1275/1377 batch loss is :0.0002
2025-06-25 01:10:32 - INFO - epoch:24/25 iteration:1280/1377 batch loss is :0.0121
2025-06-25 01:10:38 - INFO - epoch:24/25 iteration:1285/1377 batch loss is :0.0064
2025-06-25 01:10:45 - INFO - epoch:24/25 iteration:1290/1377 batch loss is :0.0184
2025-06-25 01:10:51 - INFO - epoch:24/25 iteration:1295/1377 batch loss is :0.0199
2025-06-25 01:10:57 - INFO - epoch:24/25 iteration:1300/1377 batch loss is :0.0088
2025-06-25 01:11:04 - INFO - epoch:24/25 iteration:1305/1377 batch loss is :0.0050
2025-06-25 01:11:10 - INFO - epoch:24/25 iteration:1310/1377 batch loss is :0.0328
2025-06-25 01:11:16 - INFO - epoch:24/25 iteration:1315/1377 batch loss is :0.0102
2025-06-25 01:11:23 - INFO - epoch:24/25 iteration:1320/1377 batch loss is :0.0082
2025-06-25 01:11:29 - INFO - epoch:24/25 iteration:1325/1377 batch loss is :0.0114
2025-06-25 01:11:36 - INFO - epoch:24/25 iteration:1330/1377 batch loss is :0.0548
2025-06-25 01:11:42 - INFO - epoch:24/25 iteration:1335/1377 batch loss is :0.0148
2025-06-25 01:11:49 - INFO - epoch:24/25 iteration:1340/1377 batch loss is :0.0085
2025-06-25 01:11:55 - INFO - epoch:24/25 iteration:1345/1377 batch loss is :0.0410
2025-06-25 01:12:01 - INFO - epoch:24/25 iteration:1350/1377 batch loss is :0.0233
2025-06-25 01:12:07 - INFO - epoch:24/25 iteration:1355/1377 batch loss is :0.0098
2025-06-25 01:12:14 - INFO - epoch:24/25 iteration:1360/1377 batch loss is :0.0100
2025-06-25 01:12:20 - INFO - epoch:24/25 iteration:1365/1377 batch loss is :0.0119
2025-06-25 01:12:26 - INFO - epoch:24/25 iteration:1370/1377 batch loss is :0.0232
2025-06-25 01:12:32 - INFO - epoch:24/25 iteration:1375/1377 batch loss is :0.0002
2025-06-25 01:12:34 - INFO - Epoch:24/25 Loss is :0.0143
2025-06-25 01:21:41 - INFO - VAL loss :0.1976
2025-06-25 01:21:41 - INFO - fold number:1
2025-06-25 01:23:54 - INFO - epoch:0/25 iteration:0/1377 batch loss is :0.0351
2025-06-25 01:24:00 - INFO - epoch:0/25 iteration:5/1377 batch loss is :0.0434
2025-06-25 01:24:07 - INFO - epoch:0/25 iteration:10/1377 batch loss is :0.0055
2025-06-25 01:24:14 - INFO - epoch:0/25 iteration:15/1377 batch loss is :0.0257
2025-06-25 01:24:20 - INFO - epoch:0/25 iteration:20/1377 batch loss is :0.0136
2025-06-25 01:24:27 - INFO - epoch:0/25 iteration:25/1377 batch loss is :0.0057
2025-06-25 01:24:33 - INFO - epoch:0/25 iteration:30/1377 batch loss is :0.0128
2025-06-25 01:24:39 - INFO - epoch:0/25 iteration:35/1377 batch loss is :0.0210
2025-06-25 01:24:46 - INFO - epoch:0/25 iteration:40/1377 batch loss is :0.0147
2025-06-25 01:24:52 - INFO - epoch:0/25 iteration:45/1377 batch loss is :0.0035
2025-06-25 01:24:59 - INFO - epoch:0/25 iteration:50/1377 batch loss is :0.0016
2025-06-25 01:25:05 - INFO - epoch:0/25 iteration:55/1377 batch loss is :0.0067
2025-06-25 01:25:11 - INFO - epoch:0/25 iteration:60/1377 batch loss is :0.0114
2025-06-25 01:25:18 - INFO - epoch:0/25 iteration:65/1377 batch loss is :0.0120
2025-06-25 01:25:24 - INFO - epoch:0/25 iteration:70/1377 batch loss is :0.0152
2025-06-25 01:25:30 - INFO - epoch:0/25 iteration:75/1377 batch loss is :0.0077
2025-06-25 01:25:37 - INFO - epoch:0/25 iteration:80/1377 batch loss is :0.0045
2025-06-25 01:25:43 - INFO - epoch:0/25 iteration:85/1377 batch loss is :0.0092
2025-06-25 01:25:50 - INFO - epoch:0/25 iteration:90/1377 batch loss is :0.0071
2025-06-25 01:25:56 - INFO - epoch:0/25 iteration:95/1377 batch loss is :0.0061
2025-06-25 01:26:02 - INFO - epoch:0/25 iteration:100/1377 batch loss is :0.0251
2025-06-25 01:26:09 - INFO - epoch:0/25 iteration:105/1377 batch loss is :0.0007
2025-06-25 01:26:15 - INFO - epoch:0/25 iteration:110/1377 batch loss is :0.0019
2025-06-25 01:26:22 - INFO - epoch:0/25 iteration:115/1377 batch loss is :0.0288
2025-06-25 01:26:28 - INFO - epoch:0/25 iteration:120/1377 batch loss is :0.0262
2025-06-25 01:26:34 - INFO - epoch:0/25 iteration:125/1377 batch loss is :0.0013
2025-06-25 01:26:41 - INFO - epoch:0/25 iteration:130/1377 batch loss is :0.0151
2025-06-25 01:26:47 - INFO - epoch:0/25 iteration:135/1377 batch loss is :0.0082
2025-06-25 01:26:54 - INFO - epoch:0/25 iteration:140/1377 batch loss is :0.0090
2025-06-25 01:27:00 - INFO - epoch:0/25 iteration:145/1377 batch loss is :0.0006
2025-06-25 01:27:06 - INFO - epoch:0/25 iteration:150/1377 batch loss is :0.0453
2025-06-25 01:27:13 - INFO - epoch:0/25 iteration:155/1377 batch loss is :0.0182
2025-06-25 01:27:19 - INFO - epoch:0/25 iteration:160/1377 batch loss is :0.0084
2025-06-25 01:27:26 - INFO - epoch:0/25 iteration:165/1377 batch loss is :0.0049
2025-06-25 01:27:32 - INFO - epoch:0/25 iteration:170/1377 batch loss is :0.0141
2025-06-25 01:27:38 - INFO - epoch:0/25 iteration:175/1377 batch loss is :0.0671
2025-06-25 01:27:45 - INFO - epoch:0/25 iteration:180/1377 batch loss is :0.0180
2025-06-25 01:27:51 - INFO - epoch:0/25 iteration:185/1377 batch loss is :0.0048
2025-06-25 01:27:58 - INFO - epoch:0/25 iteration:190/1377 batch loss is :0.0030
2025-06-25 01:28:04 - INFO - epoch:0/25 iteration:195/1377 batch loss is :0.0164
2025-06-25 01:28:10 - INFO - epoch:0/25 iteration:200/1377 batch loss is :0.0449
2025-06-25 01:28:17 - INFO - epoch:0/25 iteration:205/1377 batch loss is :0.0070
2025-06-25 01:28:23 - INFO - epoch:0/25 iteration:210/1377 batch loss is :0.0148
2025-06-25 01:28:30 - INFO - epoch:0/25 iteration:215/1377 batch loss is :0.0504
2025-06-25 01:28:36 - INFO - epoch:0/25 iteration:220/1377 batch loss is :0.0058
2025-06-25 01:28:42 - INFO - epoch:0/25 iteration:225/1377 batch loss is :0.0099
2025-06-25 01:28:49 - INFO - epoch:0/25 iteration:230/1377 batch loss is :0.0240
2025-06-25 01:28:55 - INFO - epoch:0/25 iteration:235/1377 batch loss is :0.0011
2025-06-25 01:29:02 - INFO - epoch:0/25 iteration:240/1377 batch loss is :0.0230
2025-06-25 01:29:08 - INFO - epoch:0/25 iteration:245/1377 batch loss is :0.0107
2025-06-25 01:29:15 - INFO - epoch:0/25 iteration:250/1377 batch loss is :0.0167
2025-06-25 01:29:21 - INFO - epoch:0/25 iteration:255/1377 batch loss is :0.0148
2025-06-25 01:29:27 - INFO - epoch:0/25 iteration:260/1377 batch loss is :0.0253
2025-06-25 01:29:34 - INFO - epoch:0/25 iteration:265/1377 batch loss is :0.0068
2025-06-25 01:29:40 - INFO - epoch:0/25 iteration:270/1377 batch loss is :0.0082
2025-06-25 01:29:47 - INFO - epoch:0/25 iteration:275/1377 batch loss is :0.0173
2025-06-25 01:29:53 - INFO - epoch:0/25 iteration:280/1377 batch loss is :0.0073
2025-06-25 01:29:59 - INFO - epoch:0/25 iteration:285/1377 batch loss is :0.0111
2025-06-25 01:30:06 - INFO - epoch:0/25 iteration:290/1377 batch loss is :0.0321
2025-06-25 01:30:12 - INFO - epoch:0/25 iteration:295/1377 batch loss is :0.0268
2025-06-25 01:30:19 - INFO - epoch:0/25 iteration:300/1377 batch loss is :0.0417
2025-06-25 01:30:25 - INFO - epoch:0/25 iteration:305/1377 batch loss is :0.0034
2025-06-25 01:30:31 - INFO - epoch:0/25 iteration:310/1377 batch loss is :0.0062
2025-06-25 01:30:38 - INFO - epoch:0/25 iteration:315/1377 batch loss is :0.0383
2025-06-25 01:30:44 - INFO - epoch:0/25 iteration:320/1377 batch loss is :0.0134
2025-06-25 01:30:51 - INFO - epoch:0/25 iteration:325/1377 batch loss is :0.0252
2025-06-25 01:30:57 - INFO - epoch:0/25 iteration:330/1377 batch loss is :0.0076
2025-06-25 01:31:03 - INFO - epoch:0/25 iteration:335/1377 batch loss is :0.0500
2025-06-25 01:31:10 - INFO - epoch:0/25 iteration:340/1377 batch loss is :0.0616
2025-06-25 01:31:16 - INFO - epoch:0/25 iteration:345/1377 batch loss is :0.0139
2025-06-25 01:31:23 - INFO - epoch:0/25 iteration:350/1377 batch loss is :0.0185
2025-06-25 01:31:29 - INFO - epoch:0/25 iteration:355/1377 batch loss is :0.0231
2025-06-25 01:31:35 - INFO - epoch:0/25 iteration:360/1377 batch loss is :0.0036
2025-06-25 01:31:42 - INFO - epoch:0/25 iteration:365/1377 batch loss is :0.0138
2025-06-25 01:31:48 - INFO - epoch:0/25 iteration:370/1377 batch loss is :0.0056
2025-06-25 01:31:55 - INFO - epoch:0/25 iteration:375/1377 batch loss is :0.0098
2025-06-25 01:32:01 - INFO - epoch:0/25 iteration:380/1377 batch loss is :0.0109
2025-06-25 01:32:08 - INFO - epoch:0/25 iteration:385/1377 batch loss is :0.0159
2025-06-25 01:32:14 - INFO - epoch:0/25 iteration:390/1377 batch loss is :0.0118
2025-06-25 01:32:20 - INFO - epoch:0/25 iteration:395/1377 batch loss is :0.0293
2025-06-25 01:32:27 - INFO - epoch:0/25 iteration:400/1377 batch loss is :0.0164
2025-06-25 01:32:33 - INFO - epoch:0/25 iteration:405/1377 batch loss is :0.0058
2025-06-25 01:32:40 - INFO - epoch:0/25 iteration:410/1377 batch loss is :0.0145
2025-06-25 01:32:46 - INFO - epoch:0/25 iteration:415/1377 batch loss is :0.0059
2025-06-25 01:32:52 - INFO - epoch:0/25 iteration:420/1377 batch loss is :0.0201
2025-06-25 01:32:59 - INFO - epoch:0/25 iteration:425/1377 batch loss is :0.0086
2025-06-25 01:33:05 - INFO - epoch:0/25 iteration:430/1377 batch loss is :0.0116
2025-06-25 01:33:12 - INFO - epoch:0/25 iteration:435/1377 batch loss is :0.0096
2025-06-25 01:33:18 - INFO - epoch:0/25 iteration:440/1377 batch loss is :0.0029
2025-06-25 01:33:24 - INFO - epoch:0/25 iteration:445/1377 batch loss is :0.0184
2025-06-25 01:33:31 - INFO - epoch:0/25 iteration:450/1377 batch loss is :0.0136
2025-06-25 01:33:37 - INFO - epoch:0/25 iteration:455/1377 batch loss is :0.0327
2025-06-25 01:33:44 - INFO - epoch:0/25 iteration:460/1377 batch loss is :0.0219
2025-06-25 01:33:50 - INFO - epoch:0/25 iteration:465/1377 batch loss is :0.0137
2025-06-25 01:33:56 - INFO - epoch:0/25 iteration:470/1377 batch loss is :0.0147
2025-06-25 01:34:03 - INFO - epoch:0/25 iteration:475/1377 batch loss is :0.0010
2025-06-25 01:34:09 - INFO - epoch:0/25 iteration:480/1377 batch loss is :0.0031
2025-06-25 01:34:16 - INFO - epoch:0/25 iteration:485/1377 batch loss is :0.0049
2025-06-25 01:34:22 - INFO - epoch:0/25 iteration:490/1377 batch loss is :0.0080
2025-06-25 01:34:28 - INFO - epoch:0/25 iteration:495/1377 batch loss is :0.0155
2025-06-25 01:34:35 - INFO - epoch:0/25 iteration:500/1377 batch loss is :0.0041
2025-06-25 01:34:41 - INFO - epoch:0/25 iteration:505/1377 batch loss is :0.0067
2025-06-25 01:34:47 - INFO - epoch:0/25 iteration:510/1377 batch loss is :0.0175
2025-06-25 01:34:54 - INFO - epoch:0/25 iteration:515/1377 batch loss is :0.0023
2025-06-25 01:35:00 - INFO - epoch:0/25 iteration:520/1377 batch loss is :0.0964
2025-06-25 01:35:07 - INFO - epoch:0/25 iteration:525/1377 batch loss is :0.0542
2025-06-25 01:35:13 - INFO - epoch:0/25 iteration:530/1377 batch loss is :0.0390
2025-06-25 01:35:19 - INFO - epoch:0/25 iteration:535/1377 batch loss is :0.0118
2025-06-25 01:35:26 - INFO - epoch:0/25 iteration:540/1377 batch loss is :0.0083
2025-06-25 01:35:32 - INFO - epoch:0/25 iteration:545/1377 batch loss is :0.0040
2025-06-25 01:35:39 - INFO - epoch:0/25 iteration:550/1377 batch loss is :0.0224
2025-06-25 01:35:45 - INFO - epoch:0/25 iteration:555/1377 batch loss is :0.0042
2025-06-25 01:35:51 - INFO - epoch:0/25 iteration:560/1377 batch loss is :0.0251
2025-06-25 01:35:58 - INFO - epoch:0/25 iteration:565/1377 batch loss is :0.0276
2025-06-25 01:36:04 - INFO - epoch:0/25 iteration:570/1377 batch loss is :0.0076
2025-06-25 01:36:10 - INFO - epoch:0/25 iteration:575/1377 batch loss is :0.0031
2025-06-25 01:36:17 - INFO - epoch:0/25 iteration:580/1377 batch loss is :0.0205
2025-06-25 01:36:23 - INFO - epoch:0/25 iteration:585/1377 batch loss is :0.0054
2025-06-25 01:36:30 - INFO - epoch:0/25 iteration:590/1377 batch loss is :0.0348
2025-06-25 01:36:36 - INFO - epoch:0/25 iteration:595/1377 batch loss is :0.0054
2025-06-25 01:36:43 - INFO - epoch:0/25 iteration:600/1377 batch loss is :0.0211
2025-06-25 01:36:49 - INFO - epoch:0/25 iteration:605/1377 batch loss is :0.0573
2025-06-25 01:36:55 - INFO - epoch:0/25 iteration:610/1377 batch loss is :0.0018
2025-06-25 01:37:02 - INFO - epoch:0/25 iteration:615/1377 batch loss is :0.0418
2025-06-25 01:37:08 - INFO - epoch:0/25 iteration:620/1377 batch loss is :0.0165
2025-06-25 01:37:15 - INFO - epoch:0/25 iteration:625/1377 batch loss is :0.0883
2025-06-25 01:37:21 - INFO - epoch:0/25 iteration:630/1377 batch loss is :0.0373
2025-06-25 01:37:27 - INFO - epoch:0/25 iteration:635/1377 batch loss is :0.0106
2025-06-25 01:37:34 - INFO - epoch:0/25 iteration:640/1377 batch loss is :0.0318
2025-06-25 01:37:40 - INFO - epoch:0/25 iteration:645/1377 batch loss is :0.0143
2025-06-25 01:37:47 - INFO - epoch:0/25 iteration:650/1377 batch loss is :0.0251
2025-06-25 01:37:53 - INFO - epoch:0/25 iteration:655/1377 batch loss is :0.0203
2025-06-25 01:37:59 - INFO - epoch:0/25 iteration:660/1377 batch loss is :0.0204
2025-06-25 01:38:06 - INFO - epoch:0/25 iteration:665/1377 batch loss is :0.0181
2025-06-25 01:38:12 - INFO - epoch:0/25 iteration:670/1377 batch loss is :0.0486
2025-06-25 01:38:19 - INFO - epoch:0/25 iteration:675/1377 batch loss is :0.0025
2025-06-25 01:38:25 - INFO - epoch:0/25 iteration:680/1377 batch loss is :0.0035
2025-06-25 01:38:32 - INFO - epoch:0/25 iteration:685/1377 batch loss is :0.0331
2025-06-25 01:38:38 - INFO - epoch:0/25 iteration:690/1377 batch loss is :0.0172
2025-06-25 01:38:44 - INFO - epoch:0/25 iteration:695/1377 batch loss is :0.0765
2025-06-25 01:38:51 - INFO - epoch:0/25 iteration:700/1377 batch loss is :0.0099
2025-06-25 01:38:57 - INFO - epoch:0/25 iteration:705/1377 batch loss is :0.0086
2025-06-25 01:39:04 - INFO - epoch:0/25 iteration:710/1377 batch loss is :0.0232
2025-06-25 01:39:10 - INFO - epoch:0/25 iteration:715/1377 batch loss is :0.0154
2025-06-25 01:39:17 - INFO - epoch:0/25 iteration:720/1377 batch loss is :0.0236
2025-06-25 01:39:23 - INFO - epoch:0/25 iteration:725/1377 batch loss is :0.0051
2025-06-25 01:39:29 - INFO - epoch:0/25 iteration:730/1377 batch loss is :0.0584
2025-06-25 01:39:36 - INFO - epoch:0/25 iteration:735/1377 batch loss is :0.0208
2025-06-25 01:39:42 - INFO - epoch:0/25 iteration:740/1377 batch loss is :0.0106
2025-06-25 01:39:49 - INFO - epoch:0/25 iteration:745/1377 batch loss is :0.0148
2025-06-25 01:39:55 - INFO - epoch:0/25 iteration:750/1377 batch loss is :0.0069
2025-06-25 01:40:01 - INFO - epoch:0/25 iteration:755/1377 batch loss is :0.0136
2025-06-25 01:40:08 - INFO - epoch:0/25 iteration:760/1377 batch loss is :0.0198
2025-06-25 01:40:14 - INFO - epoch:0/25 iteration:765/1377 batch loss is :0.0840
2025-06-25 01:40:21 - INFO - epoch:0/25 iteration:770/1377 batch loss is :0.0051
2025-06-25 01:40:27 - INFO - epoch:0/25 iteration:775/1377 batch loss is :0.0121
2025-06-25 01:40:33 - INFO - epoch:0/25 iteration:780/1377 batch loss is :0.0148
2025-06-25 01:40:40 - INFO - epoch:0/25 iteration:785/1377 batch loss is :0.0103
2025-06-25 01:40:46 - INFO - epoch:0/25 iteration:790/1377 batch loss is :0.0374
2025-06-25 01:40:53 - INFO - epoch:0/25 iteration:795/1377 batch loss is :0.0118
2025-06-25 01:40:59 - INFO - epoch:0/25 iteration:800/1377 batch loss is :0.0255
2025-06-25 01:41:05 - INFO - epoch:0/25 iteration:805/1377 batch loss is :0.0190
2025-06-25 01:41:12 - INFO - epoch:0/25 iteration:810/1377 batch loss is :0.0055
2025-06-25 01:41:18 - INFO - epoch:0/25 iteration:815/1377 batch loss is :0.0163
2025-06-25 01:41:25 - INFO - epoch:0/25 iteration:820/1377 batch loss is :0.0061
2025-06-25 01:41:31 - INFO - epoch:0/25 iteration:825/1377 batch loss is :0.0070
2025-06-25 01:41:37 - INFO - epoch:0/25 iteration:830/1377 batch loss is :0.0018
2025-06-25 01:41:44 - INFO - epoch:0/25 iteration:835/1377 batch loss is :0.0383
2025-06-25 01:41:50 - INFO - epoch:0/25 iteration:840/1377 batch loss is :0.0075
2025-06-25 01:41:57 - INFO - epoch:0/25 iteration:845/1377 batch loss is :0.0193
2025-06-25 01:42:03 - INFO - epoch:0/25 iteration:850/1377 batch loss is :0.0177
2025-06-25 01:42:10 - INFO - epoch:0/25 iteration:855/1377 batch loss is :0.0190
2025-06-25 01:42:16 - INFO - epoch:0/25 iteration:860/1377 batch loss is :0.0100
2025-06-25 01:42:22 - INFO - epoch:0/25 iteration:865/1377 batch loss is :0.0036
2025-06-25 01:42:29 - INFO - epoch:0/25 iteration:870/1377 batch loss is :0.0242
2025-06-25 01:42:35 - INFO - epoch:0/25 iteration:875/1377 batch loss is :0.0376
2025-06-25 01:42:42 - INFO - epoch:0/25 iteration:880/1377 batch loss is :0.0061
2025-06-25 01:42:48 - INFO - epoch:0/25 iteration:885/1377 batch loss is :0.0617
2025-06-25 01:42:54 - INFO - epoch:0/25 iteration:890/1377 batch loss is :0.0027
2025-06-25 01:43:01 - INFO - epoch:0/25 iteration:895/1377 batch loss is :0.0053
2025-06-25 01:43:07 - INFO - epoch:0/25 iteration:900/1377 batch loss is :0.0206
2025-06-25 01:43:14 - INFO - epoch:0/25 iteration:905/1377 batch loss is :0.0434
2025-06-25 01:43:20 - INFO - epoch:0/25 iteration:910/1377 batch loss is :0.0148
2025-06-25 01:43:26 - INFO - epoch:0/25 iteration:915/1377 batch loss is :0.0081
2025-06-25 01:43:33 - INFO - epoch:0/25 iteration:920/1377 batch loss is :0.0146
2025-06-25 01:43:39 - INFO - epoch:0/25 iteration:925/1377 batch loss is :0.0125
2025-06-25 01:43:46 - INFO - epoch:0/25 iteration:930/1377 batch loss is :0.0189
2025-06-25 01:43:52 - INFO - epoch:0/25 iteration:935/1377 batch loss is :0.0109
2025-06-25 01:43:58 - INFO - epoch:0/25 iteration:940/1377 batch loss is :0.0098
2025-06-25 01:44:05 - INFO - epoch:0/25 iteration:945/1377 batch loss is :0.0060
2025-06-25 01:44:11 - INFO - epoch:0/25 iteration:950/1377 batch loss is :0.0013
2025-06-25 01:44:18 - INFO - epoch:0/25 iteration:955/1377 batch loss is :0.0140
2025-06-25 01:44:24 - INFO - epoch:0/25 iteration:960/1377 batch loss is :0.0012
2025-06-25 01:44:30 - INFO - epoch:0/25 iteration:965/1377 batch loss is :0.0043
2025-06-25 01:44:37 - INFO - epoch:0/25 iteration:970/1377 batch loss is :0.0052
2025-06-25 01:44:43 - INFO - epoch:0/25 iteration:975/1377 batch loss is :0.0052
2025-06-25 01:44:50 - INFO - epoch:0/25 iteration:980/1377 batch loss is :0.0720
2025-06-25 01:44:56 - INFO - epoch:0/25 iteration:985/1377 batch loss is :0.0118
2025-06-25 01:45:02 - INFO - epoch:0/25 iteration:990/1377 batch loss is :0.0063
2025-06-25 01:45:09 - INFO - epoch:0/25 iteration:995/1377 batch loss is :0.0057
2025-06-25 01:45:15 - INFO - epoch:0/25 iteration:1000/1377 batch loss is :0.0024
2025-06-25 01:45:22 - INFO - epoch:0/25 iteration:1005/1377 batch loss is :0.0012
2025-06-25 01:45:28 - INFO - epoch:0/25 iteration:1010/1377 batch loss is :0.0037
2025-06-25 01:45:34 - INFO - epoch:0/25 iteration:1015/1377 batch loss is :0.0012
2025-06-25 01:45:41 - INFO - epoch:0/25 iteration:1020/1377 batch loss is :0.0469
2025-06-25 01:45:47 - INFO - epoch:0/25 iteration:1025/1377 batch loss is :0.0065
2025-06-25 01:45:54 - INFO - epoch:0/25 iteration:1030/1377 batch loss is :0.0310
2025-06-25 01:46:00 - INFO - epoch:0/25 iteration:1035/1377 batch loss is :0.0225
2025-06-25 01:46:06 - INFO - epoch:0/25 iteration:1040/1377 batch loss is :0.0141
2025-06-25 01:46:13 - INFO - epoch:0/25 iteration:1045/1377 batch loss is :0.0198
2025-06-25 01:46:19 - INFO - epoch:0/25 iteration:1050/1377 batch loss is :0.0125
2025-06-25 01:46:25 - INFO - epoch:0/25 iteration:1055/1377 batch loss is :0.0229
2025-06-25 01:46:32 - INFO - epoch:0/25 iteration:1060/1377 batch loss is :0.0080
2025-06-25 01:46:38 - INFO - epoch:0/25 iteration:1065/1377 batch loss is :0.0189
2025-06-25 01:46:45 - INFO - epoch:0/25 iteration:1070/1377 batch loss is :0.0104
2025-06-25 01:46:51 - INFO - epoch:0/25 iteration:1075/1377 batch loss is :0.0028
2025-06-25 01:46:57 - INFO - epoch:0/25 iteration:1080/1377 batch loss is :0.0076
2025-06-25 01:47:04 - INFO - epoch:0/25 iteration:1085/1377 batch loss is :0.0381
2025-06-25 01:47:10 - INFO - epoch:0/25 iteration:1090/1377 batch loss is :0.0374
2025-06-25 01:47:17 - INFO - epoch:0/25 iteration:1095/1377 batch loss is :0.0174
2025-06-25 01:47:23 - INFO - epoch:0/25 iteration:1100/1377 batch loss is :0.0012
2025-06-25 01:47:29 - INFO - epoch:0/25 iteration:1105/1377 batch loss is :0.0100
2025-06-25 01:47:36 - INFO - epoch:0/25 iteration:1110/1377 batch loss is :0.0237
2025-06-25 01:47:42 - INFO - epoch:0/25 iteration:1115/1377 batch loss is :0.0246
2025-06-25 01:47:49 - INFO - epoch:0/25 iteration:1120/1377 batch loss is :0.0075
2025-06-25 01:47:55 - INFO - epoch:0/25 iteration:1125/1377 batch loss is :0.0061
2025-06-25 01:48:02 - INFO - epoch:0/25 iteration:1130/1377 batch loss is :0.0018
2025-06-25 01:48:08 - INFO - epoch:0/25 iteration:1135/1377 batch loss is :0.0063
2025-06-25 01:48:14 - INFO - epoch:0/25 iteration:1140/1377 batch loss is :0.0127
2025-06-25 01:48:21 - INFO - epoch:0/25 iteration:1145/1377 batch loss is :0.0414
2025-06-25 01:48:27 - INFO - epoch:0/25 iteration:1150/1377 batch loss is :0.0107
2025-06-25 01:48:34 - INFO - epoch:0/25 iteration:1155/1377 batch loss is :0.0127
2025-06-25 01:48:40 - INFO - epoch:0/25 iteration:1160/1377 batch loss is :0.0087
2025-06-25 01:48:46 - INFO - epoch:0/25 iteration:1165/1377 batch loss is :0.0092
2025-06-25 01:48:53 - INFO - epoch:0/25 iteration:1170/1377 batch loss is :0.0180
2025-06-25 01:48:59 - INFO - epoch:0/25 iteration:1175/1377 batch loss is :0.0074
2025-06-25 01:49:06 - INFO - epoch:0/25 iteration:1180/1377 batch loss is :0.0050
2025-06-25 01:49:12 - INFO - epoch:0/25 iteration:1185/1377 batch loss is :0.0154
2025-06-25 01:49:19 - INFO - epoch:0/25 iteration:1190/1377 batch loss is :0.0182
2025-06-25 01:49:25 - INFO - epoch:0/25 iteration:1195/1377 batch loss is :0.0037
2025-06-25 01:49:32 - INFO - epoch:0/25 iteration:1200/1377 batch loss is :0.0423
2025-06-25 01:49:38 - INFO - epoch:0/25 iteration:1205/1377 batch loss is :0.0870
2025-06-25 01:49:44 - INFO - epoch:0/25 iteration:1210/1377 batch loss is :0.0260
2025-06-25 01:49:51 - INFO - epoch:0/25 iteration:1215/1377 batch loss is :0.0158
2025-06-25 01:49:57 - INFO - epoch:0/25 iteration:1220/1377 batch loss is :0.0178
2025-06-25 01:50:03 - INFO - epoch:0/25 iteration:1225/1377 batch loss is :0.0059
2025-06-25 01:50:10 - INFO - epoch:0/25 iteration:1230/1377 batch loss is :0.0100
2025-06-25 01:50:16 - INFO - epoch:0/25 iteration:1235/1377 batch loss is :0.0825
2025-06-25 01:50:23 - INFO - epoch:0/25 iteration:1240/1377 batch loss is :0.0280
2025-06-25 01:50:29 - INFO - epoch:0/25 iteration:1245/1377 batch loss is :0.0089
2025-06-25 01:50:36 - INFO - epoch:0/25 iteration:1250/1377 batch loss is :0.0219
2025-06-25 01:50:42 - INFO - epoch:0/25 iteration:1255/1377 batch loss is :0.0100
2025-06-25 01:50:48 - INFO - epoch:0/25 iteration:1260/1377 batch loss is :0.0304
2025-06-25 01:50:54 - INFO - epoch:0/25 iteration:1265/1377 batch loss is :0.0057
2025-06-25 01:51:01 - INFO - epoch:0/25 iteration:1270/1377 batch loss is :0.0109
2025-06-25 01:51:07 - INFO - epoch:0/25 iteration:1275/1377 batch loss is :0.0092
2025-06-25 01:51:14 - INFO - epoch:0/25 iteration:1280/1377 batch loss is :0.0201
2025-06-25 01:51:20 - INFO - epoch:0/25 iteration:1285/1377 batch loss is :0.0036
2025-06-25 01:51:27 - INFO - epoch:0/25 iteration:1290/1377 batch loss is :0.0251
2025-06-25 01:51:34 - INFO - epoch:0/25 iteration:1295/1377 batch loss is :0.0142
2025-06-25 01:51:40 - INFO - epoch:0/25 iteration:1300/1377 batch loss is :0.0154
2025-06-25 01:51:47 - INFO - epoch:0/25 iteration:1305/1377 batch loss is :0.0058
2025-06-25 01:51:53 - INFO - epoch:0/25 iteration:1310/1377 batch loss is :0.1589
2025-06-25 01:52:00 - INFO - epoch:0/25 iteration:1315/1377 batch loss is :0.0182
2025-06-25 01:52:06 - INFO - epoch:0/25 iteration:1320/1377 batch loss is :0.0017
2025-06-25 01:52:12 - INFO - epoch:0/25 iteration:1325/1377 batch loss is :0.0112
2025-06-25 01:52:19 - INFO - epoch:0/25 iteration:1330/1377 batch loss is :0.0492
2025-06-25 01:52:25 - INFO - epoch:0/25 iteration:1335/1377 batch loss is :0.1134
2025-06-25 01:52:32 - INFO - epoch:0/25 iteration:1340/1377 batch loss is :0.0136
2025-06-25 01:52:38 - INFO - epoch:0/25 iteration:1345/1377 batch loss is :0.0144
2025-06-25 01:52:40 - ERROR - DataLoader worker (pid(s) 81916, 28132) exited unexpectedly
