2025-07-06 15:50:50 - INFO - ------------------------------------------------------------------------------------------------
2025-07-06 15:50:50 - INFO - starting new training !!!!
2025-07-06 15:50:50 - INFO - ------------------------------------------------------------------------------------------------
2025-07-06 15:50:50 - INFO - Namespace(batch=12, class_dict={'Early AMD': 0, 'Int AMD': 1, 'GA': 2, 'Wet': 3, 'Scar': 4, 'Not AMD': 5}, device=device(type='cuda'), epoch=50, excel_path='excel/vol_annotations_06_03_2025.xlsx', gamma=0.1, json='D:\\AMD-data-visualisation\\jsons\\patient_level\\train_val_split_new_dataset.json', lambda_bce=1.0, lambda_ce=1.0, lambda_hy=1.25, log_dir='logs/Resnet_medicalnet', lr=2.5e-05, model_path='pretrained\\resnet_34_23dataset.pth', num_classes=6, num_samples_per_epoch=1000, sampling_prob={0: 0.25, 1: 0.05, 2: 0.5}, save_dir='model_parameter_Resnet_medicalnet', save_freq=5, step_size=25, targets_path='targets.npy', weight_bce=tensor([3.9600, 4.9500, 0.5900]), weight_broad=tensor([0.5000, 0.4000, 0.4000, 0.3300, 1.2500, 1.0000]), weight_ce=tensor([1.0000, 0.8000]))
2025-07-06 15:50:50 - INFO - parameters are being saved at :model_parameter_Resnet_medicalnet\69
2025-07-06 15:50:51 - INFO - the wandb run name is : pretty-durian-90
2025-07-06 15:50:51 - INFO - found 4 gpus!
2025-07-06 15:50:51 - INFO - DataParallel(
  (module): ResNet(
    (conv1): Conv3d(1, 64, kernel_size=(7, 7, 7), stride=(2, 2, 2), padding=(3, 3, 3), bias=False)
    (bn1): BatchNorm3d(64, eps=1e-05, momentum=0.1, affine=True, track_running_stats=True)
    (relu): ReLU(inplace=True)
    (maxpool): MaxPool3d(kernel_size=(3, 3, 3), stride=2, padding=1, dilation=1, ceil_mode=False)
    (layer1): Sequential(
      (0): BasicBlock(
        (conv1): Conv3d(64, 64, kernel_size=(3, 3, 3), stride=(1, 1, 1), padding=(1, 1, 1), bias=False)
        (bn1): BatchNorm3d(64, eps=1e-05, momentum=0.1, affine=True, track_running_stats=True)
        (relu): ReLU(inplace=True)
        (conv2): Conv3d(64, 64, kernel_size=(3, 3, 3), stride=(1, 1, 1), padding=(1, 1, 1), bias=False)
        (bn2): BatchNorm3d(64, eps=1e-05, momentum=0.1, affine=True, track_running_stats=True)
      )
      (1): BasicBlock(
        (conv1): Conv3d(64, 64, kernel_size=(3, 3, 3), stride=(1, 1, 1), padding=(1, 1, 1), bias=False)
        (bn1): BatchNorm3d(64, eps=1e-05, momentum=0.1, affine=True, track_running_stats=True)
        (relu): ReLU(inplace=True)
        (conv2): Conv3d(64, 64, kernel_size=(3, 3, 3), stride=(1, 1, 1), padding=(1, 1, 1), bias=False)
        (bn2): BatchNorm3d(64, eps=1e-05, momentum=0.1, affine=True, track_running_stats=True)
      )
      (2): BasicBlock(
        (conv1): Conv3d(64, 64, kernel_size=(3, 3, 3), stride=(1, 1, 1), padding=(1, 1, 1), bias=False)
        (bn1): BatchNorm3d(64, eps=1e-05, momentum=0.1, affine=True, track_running_stats=True)
        (relu): ReLU(inplace=True)
        (conv2): Conv3d(64, 64, kernel_size=(3, 3, 3), stride=(1, 1, 1), padding=(1, 1, 1), bias=False)
        (bn2): BatchNorm3d(64, eps=1e-05, momentum=0.1, affine=True, track_running_stats=True)
      )
    )
    (layer2): Sequential(
      (0): BasicBlock(
        (conv1): Conv3d(64, 128, kernel_size=(3, 3, 3), stride=(2, 2, 2), padding=(1, 1, 1), bias=False)
        (bn1): BatchNorm3d(128, eps=1e-05, momentum=0.1, affine=True, track_running_stats=True)
        (relu): ReLU(inplace=True)
        (conv2): Conv3d(128, 128, kernel_size=(3, 3, 3), stride=(1, 1, 1), padding=(1, 1, 1), bias=False)
        (bn2): BatchNorm3d(128, eps=1e-05, momentum=0.1, affine=True, track_running_stats=True)
      )
      (1): BasicBlock(
        (conv1): Conv3d(128, 128, kernel_size=(3, 3, 3), stride=(1, 1, 1), padding=(1, 1, 1), bias=False)
        (bn1): BatchNorm3d(128, eps=1e-05, momentum=0.1, affine=True, track_running_stats=True)
        (relu): ReLU(inplace=True)
        (conv2): Conv3d(128, 128, kernel_size=(3, 3, 3), stride=(1, 1, 1), padding=(1, 1, 1), bias=False)
        (bn2): BatchNorm3d(128, eps=1e-05, momentum=0.1, affine=True, track_running_stats=True)
      )
      (2): BasicBlock(
        (conv1): Conv3d(128, 128, kernel_size=(3, 3, 3), stride=(1, 1, 1), padding=(1, 1, 1), bias=False)
        (bn1): BatchNorm3d(128, eps=1e-05, momentum=0.1, affine=True, track_running_stats=True)
        (relu): ReLU(inplace=True)
        (conv2): Conv3d(128, 128, kernel_size=(3, 3, 3), stride=(1, 1, 1), padding=(1, 1, 1), bias=False)
        (bn2): BatchNorm3d(128, eps=1e-05, momentum=0.1, affine=True, track_running_stats=True)
      )
      (3): BasicBlock(
        (conv1): Conv3d(128, 128, kernel_size=(3, 3, 3), stride=(1, 1, 1), padding=(1, 1, 1), bias=False)
        (bn1): BatchNorm3d(128, eps=1e-05, momentum=0.1, affine=True, track_running_stats=True)
        (relu): ReLU(inplace=True)
        (conv2): Conv3d(128, 128, kernel_size=(3, 3, 3), stride=(1, 1, 1), padding=(1, 1, 1), bias=False)
        (bn2): BatchNorm3d(128, eps=1e-05, momentum=0.1, affine=True, track_running_stats=True)
      )
    )
    (layer3): Sequential(
      (0): BasicBlock(
        (conv1): Conv3d(128, 256, kernel_size=(3, 3, 3), stride=(1, 1, 1), padding=(2, 2, 2), dilation=(2, 2, 2), bias=False)
        (bn1): BatchNorm3d(256, eps=1e-05, momentum=0.1, affine=True, track_running_stats=True)
        (relu): ReLU(inplace=True)
        (conv2): Conv3d(256, 256, kernel_size=(3, 3, 3), stride=(1, 1, 1), padding=(2, 2, 2), dilation=(2, 2, 2), bias=False)
        (bn2): BatchNorm3d(256, eps=1e-05, momentum=0.1, affine=True, track_running_stats=True)
      )
      (1): BasicBlock(
        (conv1): Conv3d(256, 256, kernel_size=(3, 3, 3), stride=(1, 1, 1), padding=(2, 2, 2), dilation=(2, 2, 2), bias=False)
        (bn1): BatchNorm3d(256, eps=1e-05, momentum=0.1, affine=True, track_running_stats=True)
        (relu): ReLU(inplace=True)
        (conv2): Conv3d(256, 256, kernel_size=(3, 3, 3), stride=(1, 1, 1), padding=(2, 2, 2), dilation=(2, 2, 2), bias=False)
        (bn2): BatchNorm3d(256, eps=1e-05, momentum=0.1, affine=True, track_running_stats=True)
      )
      (2): BasicBlock(
        (conv1): Conv3d(256, 256, kernel_size=(3, 3, 3), stride=(1, 1, 1), padding=(2, 2, 2), dilation=(2, 2, 2), bias=False)
        (bn1): BatchNorm3d(256, eps=1e-05, momentum=0.1, affine=True, track_running_stats=True)
        (relu): ReLU(inplace=True)
        (conv2): Conv3d(256, 256, kernel_size=(3, 3, 3), stride=(1, 1, 1), padding=(2, 2, 2), dilation=(2, 2, 2), bias=False)
        (bn2): BatchNorm3d(256, eps=1e-05, momentum=0.1, affine=True, track_running_stats=True)
      )
      (3): BasicBlock(
        (conv1): Conv3d(256, 256, kernel_size=(3, 3, 3), stride=(1, 1, 1), padding=(2, 2, 2), dilation=(2, 2, 2), bias=False)
        (bn1): BatchNorm3d(256, eps=1e-05, momentum=0.1, affine=True, track_running_stats=True)
        (relu): ReLU(inplace=True)
        (conv2): Conv3d(256, 256, kernel_size=(3, 3, 3), stride=(1, 1, 1), padding=(2, 2, 2), dilation=(2, 2, 2), bias=False)
        (bn2): BatchNorm3d(256, eps=1e-05, momentum=0.1, affine=True, track_running_stats=True)
      )
      (4): BasicBlock(
        (conv1): Conv3d(256, 256, kernel_size=(3, 3, 3), stride=(1, 1, 1), padding=(2, 2, 2), dilation=(2, 2, 2), bias=False)
        (bn1): BatchNorm3d(256, eps=1e-05, momentum=0.1, affine=True, track_running_stats=True)
        (relu): ReLU(inplace=True)
        (conv2): Conv3d(256, 256, kernel_size=(3, 3, 3), stride=(1, 1, 1), padding=(2, 2, 2), dilation=(2, 2, 2), bias=False)
        (bn2): BatchNorm3d(256, eps=1e-05, momentum=0.1, affine=True, track_running_stats=True)
      )
      (5): BasicBlock(
        (conv1): Conv3d(256, 256, kernel_size=(3, 3, 3), stride=(1, 1, 1), padding=(2, 2, 2), dilation=(2, 2, 2), bias=False)
        (bn1): BatchNorm3d(256, eps=1e-05, momentum=0.1, affine=True, track_running_stats=True)
        (relu): ReLU(inplace=True)
        (conv2): Conv3d(256, 256, kernel_size=(3, 3, 3), stride=(1, 1, 1), padding=(2, 2, 2), dilation=(2, 2, 2), bias=False)
        (bn2): BatchNorm3d(256, eps=1e-05, momentum=0.1, affine=True, track_running_stats=True)
      )
    )
    (layer4): Sequential(
      (0): BasicBlock(
        (conv1): Conv3d(256, 512, kernel_size=(3, 3, 3), stride=(1, 1, 1), padding=(4, 4, 4), dilation=(4, 4, 4), bias=False)
        (bn1): BatchNorm3d(512, eps=1e-05, momentum=0.1, affine=True, track_running_stats=True)
        (relu): ReLU(inplace=True)
        (conv2): Conv3d(512, 512, kernel_size=(3, 3, 3), stride=(1, 1, 1), padding=(4, 4, 4), dilation=(4, 4, 4), bias=False)
        (bn2): BatchNorm3d(512, eps=1e-05, momentum=0.1, affine=True, track_running_stats=True)
      )
      (1): BasicBlock(
        (conv1): Conv3d(512, 512, kernel_size=(3, 3, 3), stride=(1, 1, 1), padding=(4, 4, 4), dilation=(4, 4, 4), bias=False)
        (bn1): BatchNorm3d(512, eps=1e-05, momentum=0.1, affine=True, track_running_stats=True)
        (relu): ReLU(inplace=True)
        (conv2): Conv3d(512, 512, kernel_size=(3, 3, 3), stride=(1, 1, 1), padding=(4, 4, 4), dilation=(4, 4, 4), bias=False)
        (bn2): BatchNorm3d(512, eps=1e-05, momentum=0.1, affine=True, track_running_stats=True)
      )
      (2): BasicBlock(
        (conv1): Conv3d(512, 512, kernel_size=(3, 3, 3), stride=(1, 1, 1), padding=(4, 4, 4), dilation=(4, 4, 4), bias=False)
        (bn1): BatchNorm3d(512, eps=1e-05, momentum=0.1, affine=True, track_running_stats=True)
        (relu): ReLU(inplace=True)
        (conv2): Conv3d(512, 512, kernel_size=(3, 3, 3), stride=(1, 1, 1), padding=(4, 4, 4), dilation=(4, 4, 4), bias=False)
        (bn2): BatchNorm3d(512, eps=1e-05, momentum=0.1, affine=True, track_running_stats=True)
      )
    )
    (GAP): AdaptiveAvgPool3d(output_size=(2, 2, 2))
    (linear): Linear(in_features=4096, out_features=6, bias=True)
  )
)
2025-07-06 15:50:52 - INFO - the missing keys are : 
['module.linear.weight', 'module.linear.bias']
2025-07-06 15:50:52 - INFO - the unexpected keys are :
[]
2025-07-06 15:50:52 - INFO - loaded model parameters from pretrained\resnet_34_23dataset.pth
2025-07-06 15:50:53 - INFO - fold number:0
2025-07-06 15:53:28 - INFO - epoch:0/50 iteration:0/459 batch loss is :2.3451
2025-07-06 15:53:49 - INFO - epoch:0/50 iteration:5/459 batch loss is :2.3710
2025-07-06 15:54:09 - INFO - epoch:0/50 iteration:10/459 batch loss is :2.4175
2025-07-06 15:54:29 - INFO - epoch:0/50 iteration:15/459 batch loss is :2.6009
2025-07-06 15:54:48 - INFO - epoch:0/50 iteration:20/459 batch loss is :2.9735
2025-07-06 15:55:07 - INFO - epoch:0/50 iteration:25/459 batch loss is :2.0828
2025-07-06 15:55:26 - INFO - epoch:0/50 iteration:30/459 batch loss is :2.7883
2025-07-06 15:55:45 - INFO - epoch:0/50 iteration:35/459 batch loss is :2.3646
2025-07-06 15:56:04 - INFO - epoch:0/50 iteration:40/459 batch loss is :3.3690
2025-07-06 15:56:23 - INFO - epoch:0/50 iteration:45/459 batch loss is :2.9567
2025-07-06 15:56:42 - INFO - epoch:0/50 iteration:50/459 batch loss is :2.3678
2025-07-06 15:57:01 - INFO - epoch:0/50 iteration:55/459 batch loss is :3.0781
2025-07-06 15:57:19 - INFO - epoch:0/50 iteration:60/459 batch loss is :3.0322
2025-07-06 15:57:37 - INFO - epoch:0/50 iteration:65/459 batch loss is :2.3840
2025-07-06 15:57:55 - INFO - epoch:0/50 iteration:70/459 batch loss is :2.8828
2025-07-06 15:58:13 - INFO - epoch:0/50 iteration:75/459 batch loss is :1.9876
2025-07-06 15:58:31 - INFO - epoch:0/50 iteration:80/459 batch loss is :2.4737
2025-07-06 15:58:41 - INFO - Epoch:0/50 Loss is :0.4713
2025-07-06 16:08:08 - INFO - VAL loss :2.6828
2025-07-06 16:08:45 - INFO - epoch:1/50 iteration:0/459 batch loss is :2.1737
2025-07-06 16:09:08 - INFO - epoch:1/50 iteration:5/459 batch loss is :2.8715
2025-07-06 16:09:28 - INFO - epoch:1/50 iteration:10/459 batch loss is :2.3918
2025-07-06 16:09:48 - INFO - epoch:1/50 iteration:15/459 batch loss is :1.7716
2025-07-06 16:10:09 - INFO - epoch:1/50 iteration:20/459 batch loss is :2.0259
2025-07-06 16:10:28 - INFO - epoch:1/50 iteration:25/459 batch loss is :2.1502
2025-07-06 16:10:49 - INFO - epoch:1/50 iteration:30/459 batch loss is :2.1404
2025-07-06 16:11:10 - INFO - epoch:1/50 iteration:35/459 batch loss is :2.9701
2025-07-06 16:11:30 - INFO - epoch:1/50 iteration:40/459 batch loss is :3.3708
2025-07-06 16:11:49 - INFO - epoch:1/50 iteration:45/459 batch loss is :3.3488
2025-07-06 16:12:09 - INFO - epoch:1/50 iteration:50/459 batch loss is :2.2484
2025-07-06 16:12:28 - INFO - epoch:1/50 iteration:55/459 batch loss is :2.0998
2025-07-06 16:12:46 - INFO - epoch:1/50 iteration:60/459 batch loss is :3.5479
2025-07-06 16:13:04 - INFO - epoch:1/50 iteration:65/459 batch loss is :3.0283
2025-07-06 16:13:22 - INFO - epoch:1/50 iteration:70/459 batch loss is :2.3845
2025-07-06 16:13:40 - INFO - epoch:1/50 iteration:75/459 batch loss is :3.0098
2025-07-06 16:13:58 - INFO - epoch:1/50 iteration:80/459 batch loss is :1.9176
2025-07-06 16:14:08 - INFO - Epoch:1/50 Loss is :0.4674
2025-07-06 16:14:50 - INFO - epoch:2/50 iteration:0/459 batch loss is :1.7535
2025-07-06 16:15:12 - INFO - epoch:2/50 iteration:5/459 batch loss is :2.4421
2025-07-06 16:15:32 - INFO - epoch:2/50 iteration:10/459 batch loss is :2.5603
2025-07-06 16:15:52 - INFO - epoch:2/50 iteration:15/459 batch loss is :2.6245
2025-07-06 16:16:12 - INFO - epoch:2/50 iteration:20/459 batch loss is :2.3736
2025-07-06 16:16:32 - INFO - epoch:2/50 iteration:25/459 batch loss is :2.9355
2025-07-06 16:16:52 - INFO - epoch:2/50 iteration:30/459 batch loss is :2.5940
2025-07-06 16:17:11 - INFO - epoch:2/50 iteration:35/459 batch loss is :2.3194
2025-07-06 16:17:30 - INFO - epoch:2/50 iteration:40/459 batch loss is :2.7687
2025-07-06 16:17:50 - INFO - epoch:2/50 iteration:45/459 batch loss is :2.3166
2025-07-06 16:18:09 - INFO - epoch:2/50 iteration:50/459 batch loss is :2.3505
2025-07-06 16:18:27 - INFO - epoch:2/50 iteration:55/459 batch loss is :2.6592
2025-07-06 16:18:45 - INFO - epoch:2/50 iteration:60/459 batch loss is :2.3438
2025-07-06 16:19:04 - INFO - epoch:2/50 iteration:65/459 batch loss is :2.2780
2025-07-06 16:19:22 - INFO - epoch:2/50 iteration:70/459 batch loss is :1.8679
2025-07-06 16:19:40 - INFO - epoch:2/50 iteration:75/459 batch loss is :2.3401
2025-07-06 16:19:58 - INFO - epoch:2/50 iteration:80/459 batch loss is :2.0482
2025-07-06 16:20:08 - INFO - Epoch:2/50 Loss is :0.4455
2025-07-06 16:20:37 - INFO - epoch:3/50 iteration:0/459 batch loss is :2.0622
2025-07-06 16:21:00 - INFO - epoch:3/50 iteration:5/459 batch loss is :2.2974
2025-07-06 16:21:20 - INFO - epoch:3/50 iteration:10/459 batch loss is :1.7941
2025-07-06 16:21:40 - INFO - epoch:3/50 iteration:15/459 batch loss is :2.9211
2025-07-06 16:22:00 - INFO - epoch:3/50 iteration:20/459 batch loss is :2.3378
2025-07-06 16:22:20 - INFO - epoch:3/50 iteration:25/459 batch loss is :2.7216
2025-07-06 16:22:40 - INFO - epoch:3/50 iteration:30/459 batch loss is :2.1447
2025-07-06 16:22:59 - INFO - epoch:3/50 iteration:35/459 batch loss is :2.1004
2025-07-06 16:23:18 - INFO - epoch:3/50 iteration:40/459 batch loss is :1.5921
2025-07-06 16:23:37 - INFO - epoch:3/50 iteration:45/459 batch loss is :3.2707
2025-07-06 16:23:56 - INFO - epoch:3/50 iteration:50/459 batch loss is :1.7089
2025-07-06 16:24:15 - INFO - epoch:3/50 iteration:55/459 batch loss is :3.4885
2025-07-06 16:24:33 - INFO - epoch:3/50 iteration:60/459 batch loss is :2.6257
2025-07-06 16:24:51 - INFO - epoch:3/50 iteration:65/459 batch loss is :2.5756
2025-07-06 16:25:09 - INFO - epoch:3/50 iteration:70/459 batch loss is :1.9677
2025-07-06 16:25:27 - INFO - epoch:3/50 iteration:75/459 batch loss is :2.8865
2025-07-06 16:25:44 - INFO - epoch:3/50 iteration:80/459 batch loss is :2.0020
2025-07-06 16:25:55 - INFO - Epoch:3/50 Loss is :0.4409
2025-07-06 16:26:36 - INFO - epoch:4/50 iteration:0/459 batch loss is :2.4324
2025-07-06 16:26:56 - INFO - epoch:4/50 iteration:5/459 batch loss is :2.2184
2025-07-06 16:27:16 - INFO - epoch:4/50 iteration:10/459 batch loss is :1.4149
2025-07-06 16:27:36 - INFO - epoch:4/50 iteration:15/459 batch loss is :3.8048
2025-07-06 16:27:56 - INFO - epoch:4/50 iteration:20/459 batch loss is :2.5543
2025-07-06 16:28:16 - INFO - epoch:4/50 iteration:25/459 batch loss is :1.6625
2025-07-06 16:28:36 - INFO - epoch:4/50 iteration:30/459 batch loss is :2.3411
2025-07-06 16:28:55 - INFO - epoch:4/50 iteration:35/459 batch loss is :1.6761
2025-07-06 16:29:15 - INFO - epoch:4/50 iteration:40/459 batch loss is :1.9808
2025-07-06 16:29:34 - INFO - epoch:4/50 iteration:45/459 batch loss is :2.3828
2025-07-06 16:29:53 - INFO - epoch:4/50 iteration:50/459 batch loss is :2.0298
2025-07-06 16:30:12 - INFO - epoch:4/50 iteration:55/459 batch loss is :1.9612
2025-07-06 16:30:30 - INFO - epoch:4/50 iteration:60/459 batch loss is :4.8086
2025-07-06 16:30:48 - INFO - epoch:4/50 iteration:65/459 batch loss is :3.0455
2025-07-06 16:31:06 - INFO - epoch:4/50 iteration:70/459 batch loss is :2.1108
2025-07-06 16:31:24 - INFO - epoch:4/50 iteration:75/459 batch loss is :4.2077
2025-07-06 16:31:42 - INFO - epoch:4/50 iteration:80/459 batch loss is :2.4200
2025-07-06 16:31:52 - INFO - Epoch:4/50 Loss is :0.4451
2025-07-06 16:32:36 - INFO - epoch:5/50 iteration:0/459 batch loss is :2.9332
2025-07-06 16:32:56 - INFO - epoch:5/50 iteration:5/459 batch loss is :2.1219
2025-07-06 16:33:17 - INFO - epoch:5/50 iteration:10/459 batch loss is :1.8904
2025-07-06 16:33:38 - INFO - epoch:5/50 iteration:15/459 batch loss is :2.8176
2025-07-06 16:33:57 - INFO - epoch:5/50 iteration:20/459 batch loss is :1.8493
2025-07-06 16:34:17 - INFO - epoch:5/50 iteration:25/459 batch loss is :2.3734
2025-07-06 16:34:36 - INFO - epoch:5/50 iteration:30/459 batch loss is :3.3693
2025-07-06 16:34:55 - INFO - epoch:5/50 iteration:35/459 batch loss is :2.3528
2025-07-06 16:35:15 - INFO - epoch:5/50 iteration:40/459 batch loss is :3.5755
2025-07-06 16:35:34 - INFO - epoch:5/50 iteration:45/459 batch loss is :2.6778
2025-07-06 16:35:53 - INFO - epoch:5/50 iteration:50/459 batch loss is :2.4046
2025-07-06 16:36:11 - INFO - epoch:5/50 iteration:55/459 batch loss is :2.9644
2025-07-06 16:36:29 - INFO - epoch:5/50 iteration:60/459 batch loss is :2.2124
2025-07-06 16:36:47 - INFO - epoch:5/50 iteration:65/459 batch loss is :2.4455
2025-07-06 16:37:05 - INFO - epoch:5/50 iteration:70/459 batch loss is :2.5170
2025-07-06 16:37:23 - INFO - epoch:5/50 iteration:75/459 batch loss is :2.6892
2025-07-06 16:37:41 - INFO - epoch:5/50 iteration:80/459 batch loss is :2.2691
2025-07-06 16:37:51 - INFO - Epoch:5/50 Loss is :0.4220
2025-07-06 16:45:09 - INFO - VAL loss :5.2204
2025-07-06 16:45:53 - INFO - epoch:6/50 iteration:0/459 batch loss is :1.2982
2025-07-06 16:46:14 - INFO - epoch:6/50 iteration:5/459 batch loss is :1.4470
2025-07-06 16:46:35 - INFO - epoch:6/50 iteration:10/459 batch loss is :1.9243
2025-07-06 16:46:55 - INFO - epoch:6/50 iteration:15/459 batch loss is :2.2725
2025-07-06 16:47:16 - INFO - epoch:6/50 iteration:20/459 batch loss is :2.9046
2025-07-06 16:47:36 - INFO - epoch:6/50 iteration:25/459 batch loss is :2.0276
2025-07-06 16:47:57 - INFO - epoch:6/50 iteration:30/459 batch loss is :1.3452
2025-07-06 16:48:17 - INFO - epoch:6/50 iteration:35/459 batch loss is :1.5533
2025-07-06 16:48:36 - INFO - epoch:6/50 iteration:40/459 batch loss is :2.2453
2025-07-06 16:48:55 - INFO - epoch:6/50 iteration:45/459 batch loss is :1.7752
2025-07-06 16:49:15 - INFO - epoch:6/50 iteration:50/459 batch loss is :1.3294
2025-07-06 16:49:34 - INFO - epoch:6/50 iteration:55/459 batch loss is :2.8431
2025-07-06 16:49:52 - INFO - epoch:6/50 iteration:60/459 batch loss is :2.4884
2025-07-06 16:50:10 - INFO - epoch:6/50 iteration:65/459 batch loss is :2.5222
2025-07-06 16:50:28 - INFO - epoch:6/50 iteration:70/459 batch loss is :2.5354
2025-07-06 16:50:46 - INFO - epoch:6/50 iteration:75/459 batch loss is :1.6116
2025-07-06 16:51:04 - INFO - epoch:6/50 iteration:80/459 batch loss is :2.4884
2025-07-06 16:51:14 - INFO - Epoch:6/50 Loss is :0.4182
2025-07-06 16:51:57 - INFO - epoch:7/50 iteration:0/459 batch loss is :2.6878
2025-07-06 16:52:18 - INFO - epoch:7/50 iteration:5/459 batch loss is :1.7296
2025-07-06 16:52:38 - INFO - epoch:7/50 iteration:10/459 batch loss is :1.4904
2025-07-06 16:53:00 - INFO - epoch:7/50 iteration:15/459 batch loss is :2.4891
2025-07-06 16:53:20 - INFO - epoch:7/50 iteration:20/459 batch loss is :1.2817
2025-07-06 16:53:39 - INFO - epoch:7/50 iteration:25/459 batch loss is :3.1271
2025-07-06 16:53:58 - INFO - epoch:7/50 iteration:30/459 batch loss is :1.2261
2025-07-06 16:54:17 - INFO - epoch:7/50 iteration:35/459 batch loss is :2.4290
2025-07-06 16:54:36 - INFO - epoch:7/50 iteration:40/459 batch loss is :3.1202
2025-07-06 16:54:56 - INFO - epoch:7/50 iteration:45/459 batch loss is :2.3377
2025-07-06 16:55:15 - INFO - epoch:7/50 iteration:50/459 batch loss is :2.6680
2025-07-06 16:55:34 - INFO - epoch:7/50 iteration:55/459 batch loss is :3.3147
2025-07-06 16:55:52 - INFO - epoch:7/50 iteration:60/459 batch loss is :2.9979
2025-07-06 16:56:10 - INFO - epoch:7/50 iteration:65/459 batch loss is :1.6644
2025-07-06 16:56:28 - INFO - epoch:7/50 iteration:70/459 batch loss is :3.2405
2025-07-06 16:56:46 - INFO - epoch:7/50 iteration:75/459 batch loss is :1.7542
2025-07-06 16:57:04 - INFO - epoch:7/50 iteration:80/459 batch loss is :2.2205
2025-07-06 16:57:14 - INFO - Epoch:7/50 Loss is :0.4081
2025-07-06 16:57:56 - INFO - epoch:8/50 iteration:0/459 batch loss is :1.3650
2025-07-06 16:58:18 - INFO - epoch:8/50 iteration:5/459 batch loss is :1.3500
2025-07-06 16:58:39 - INFO - epoch:8/50 iteration:10/459 batch loss is :1.1451
2025-07-06 16:58:58 - INFO - epoch:8/50 iteration:15/459 batch loss is :1.9748
2025-07-06 16:59:20 - INFO - epoch:8/50 iteration:20/459 batch loss is :2.5030
2025-07-06 16:59:39 - INFO - epoch:8/50 iteration:25/459 batch loss is :3.0162
2025-07-06 17:00:00 - INFO - epoch:8/50 iteration:30/459 batch loss is :2.0266
2025-07-06 17:00:19 - INFO - epoch:8/50 iteration:35/459 batch loss is :2.0739
2025-07-06 17:00:39 - INFO - epoch:8/50 iteration:40/459 batch loss is :2.3196
2025-07-06 17:00:58 - INFO - epoch:8/50 iteration:45/459 batch loss is :3.3241
2025-07-06 17:01:17 - INFO - epoch:8/50 iteration:50/459 batch loss is :2.7969
2025-07-06 17:01:36 - INFO - epoch:8/50 iteration:55/459 batch loss is :2.2505
2025-07-06 17:01:54 - INFO - epoch:8/50 iteration:60/459 batch loss is :2.6437
2025-07-06 17:02:12 - INFO - epoch:8/50 iteration:65/459 batch loss is :2.9259
2025-07-06 17:02:30 - INFO - epoch:8/50 iteration:70/459 batch loss is :2.5575
2025-07-06 17:02:48 - INFO - epoch:8/50 iteration:75/459 batch loss is :2.4933
2025-07-06 17:03:06 - INFO - epoch:8/50 iteration:80/459 batch loss is :2.2374
2025-07-06 17:03:16 - INFO - Epoch:8/50 Loss is :0.4158
2025-07-06 17:03:55 - INFO - epoch:9/50 iteration:0/459 batch loss is :1.6965
2025-07-06 17:04:17 - INFO - epoch:9/50 iteration:5/459 batch loss is :2.0212
2025-07-06 17:04:36 - INFO - epoch:9/50 iteration:10/459 batch loss is :2.0777
2025-07-06 17:04:58 - INFO - epoch:9/50 iteration:15/459 batch loss is :2.2265
2025-07-06 17:05:17 - INFO - epoch:9/50 iteration:20/459 batch loss is :2.9487
2025-07-06 17:05:37 - INFO - epoch:9/50 iteration:25/459 batch loss is :1.9045
2025-07-06 17:05:56 - INFO - epoch:9/50 iteration:30/459 batch loss is :2.2133
2025-07-06 17:06:16 - INFO - epoch:9/50 iteration:35/459 batch loss is :2.3459
2025-07-06 17:06:35 - INFO - epoch:9/50 iteration:40/459 batch loss is :1.9233
2025-07-06 17:06:54 - INFO - epoch:9/50 iteration:45/459 batch loss is :3.1443
2025-07-06 17:07:13 - INFO - epoch:9/50 iteration:50/459 batch loss is :2.1059
2025-07-06 17:07:32 - INFO - epoch:9/50 iteration:55/459 batch loss is :1.8723
2025-07-06 17:07:50 - INFO - epoch:9/50 iteration:60/459 batch loss is :3.9681
2025-07-06 17:08:08 - INFO - epoch:9/50 iteration:65/459 batch loss is :2.4486
2025-07-06 17:08:26 - INFO - epoch:9/50 iteration:70/459 batch loss is :1.3303
2025-07-06 17:08:44 - INFO - epoch:9/50 iteration:75/459 batch loss is :2.2243
2025-07-06 17:09:02 - INFO - epoch:9/50 iteration:80/459 batch loss is :2.4804
2025-07-06 17:09:12 - INFO - Epoch:9/50 Loss is :0.4102
2025-07-06 17:09:53 - INFO - epoch:10/50 iteration:0/459 batch loss is :2.7986
2025-07-06 17:10:15 - INFO - epoch:10/50 iteration:5/459 batch loss is :1.9440
2025-07-06 17:10:35 - INFO - epoch:10/50 iteration:10/459 batch loss is :1.7108
2025-07-06 17:10:56 - INFO - epoch:10/50 iteration:15/459 batch loss is :2.0073
2025-07-06 17:11:15 - INFO - epoch:10/50 iteration:20/459 batch loss is :2.1924
2025-07-06 17:11:34 - INFO - epoch:10/50 iteration:25/459 batch loss is :2.3065
2025-07-06 17:11:53 - INFO - epoch:10/50 iteration:30/459 batch loss is :2.2713
2025-07-06 17:12:12 - INFO - epoch:10/50 iteration:35/459 batch loss is :3.1714
2025-07-06 17:12:31 - INFO - epoch:10/50 iteration:40/459 batch loss is :1.5113
2025-07-06 17:12:50 - INFO - epoch:10/50 iteration:45/459 batch loss is :2.1217
2025-07-06 17:13:09 - INFO - epoch:10/50 iteration:50/459 batch loss is :2.1027
2025-07-06 17:13:28 - INFO - epoch:10/50 iteration:55/459 batch loss is :1.6360
2025-07-06 17:13:46 - INFO - epoch:10/50 iteration:60/459 batch loss is :2.8406
2025-07-06 17:14:04 - INFO - epoch:10/50 iteration:65/459 batch loss is :2.5787
2025-07-06 17:14:22 - INFO - epoch:10/50 iteration:70/459 batch loss is :2.1865
2025-07-06 17:14:40 - INFO - epoch:10/50 iteration:75/459 batch loss is :1.1592
2025-07-06 17:14:58 - INFO - epoch:10/50 iteration:80/459 batch loss is :2.1670
2025-07-06 17:15:08 - INFO - Epoch:10/50 Loss is :0.4105
2025-07-06 17:21:55 - INFO - VAL loss :7.0984
2025-07-06 17:22:35 - INFO - epoch:11/50 iteration:0/459 batch loss is :1.4314
2025-07-06 17:22:56 - INFO - epoch:11/50 iteration:5/459 batch loss is :2.9665
2025-07-06 17:23:16 - INFO - epoch:11/50 iteration:10/459 batch loss is :3.2576
2025-07-06 17:23:37 - INFO - epoch:11/50 iteration:15/459 batch loss is :0.7856
2025-07-06 17:23:58 - INFO - epoch:11/50 iteration:20/459 batch loss is :2.3637
2025-07-06 17:24:17 - INFO - epoch:11/50 iteration:25/459 batch loss is :3.6527
2025-07-06 17:24:37 - INFO - epoch:11/50 iteration:30/459 batch loss is :1.0478
2025-07-06 17:24:56 - INFO - epoch:11/50 iteration:35/459 batch loss is :2.9847
2025-07-06 17:25:16 - INFO - epoch:11/50 iteration:40/459 batch loss is :1.1706
2025-07-06 17:25:35 - INFO - epoch:11/50 iteration:45/459 batch loss is :2.1447
2025-07-06 17:25:55 - INFO - epoch:11/50 iteration:50/459 batch loss is :2.1660
2025-07-06 17:26:13 - INFO - epoch:11/50 iteration:55/459 batch loss is :2.8413
2025-07-06 17:26:32 - INFO - epoch:11/50 iteration:60/459 batch loss is :2.3529
2025-07-06 17:26:49 - INFO - epoch:11/50 iteration:65/459 batch loss is :2.2641
2025-07-06 17:27:07 - INFO - epoch:11/50 iteration:70/459 batch loss is :2.2623
2025-07-06 17:27:25 - INFO - epoch:11/50 iteration:75/459 batch loss is :2.1090
2025-07-06 17:27:43 - INFO - epoch:11/50 iteration:80/459 batch loss is :2.4849
2025-07-06 17:27:54 - INFO - Epoch:11/50 Loss is :0.4311
2025-07-06 17:28:37 - INFO - epoch:12/50 iteration:0/459 batch loss is :2.6198
2025-07-06 17:28:58 - INFO - epoch:12/50 iteration:5/459 batch loss is :2.4139
2025-07-06 17:29:19 - INFO - epoch:12/50 iteration:10/459 batch loss is :1.1838
2025-07-06 17:29:40 - INFO - epoch:12/50 iteration:15/459 batch loss is :2.8314
2025-07-06 17:30:00 - INFO - epoch:12/50 iteration:20/459 batch loss is :3.1278
2025-07-06 17:30:20 - INFO - epoch:12/50 iteration:25/459 batch loss is :1.2521
2025-07-06 17:30:39 - INFO - epoch:12/50 iteration:30/459 batch loss is :1.3299
2025-07-06 17:30:59 - INFO - epoch:12/50 iteration:35/459 batch loss is :1.9682
2025-07-06 17:31:18 - INFO - epoch:12/50 iteration:40/459 batch loss is :2.1580
2025-07-06 17:31:37 - INFO - epoch:12/50 iteration:45/459 batch loss is :1.1785
2025-07-06 17:31:56 - INFO - epoch:12/50 iteration:50/459 batch loss is :2.3930
2025-07-06 17:32:15 - INFO - epoch:12/50 iteration:55/459 batch loss is :1.0616
2025-07-06 17:32:33 - INFO - epoch:12/50 iteration:60/459 batch loss is :1.7402
2025-07-06 17:32:51 - INFO - epoch:12/50 iteration:65/459 batch loss is :1.9592
2025-07-06 17:33:09 - INFO - epoch:12/50 iteration:70/459 batch loss is :2.8167
2025-07-06 17:33:27 - INFO - epoch:12/50 iteration:75/459 batch loss is :2.4329
2025-07-06 17:33:45 - INFO - epoch:12/50 iteration:80/459 batch loss is :1.9132
2025-07-06 17:33:56 - INFO - Epoch:12/50 Loss is :0.4254
2025-07-06 17:34:36 - INFO - epoch:13/50 iteration:0/459 batch loss is :2.7773
2025-07-06 17:34:57 - INFO - epoch:13/50 iteration:5/459 batch loss is :1.8848
2025-07-06 17:35:18 - INFO - epoch:13/50 iteration:10/459 batch loss is :2.5727
2025-07-06 17:35:38 - INFO - epoch:13/50 iteration:15/459 batch loss is :1.4925
2025-07-06 17:35:59 - INFO - epoch:13/50 iteration:20/459 batch loss is :1.9660
2025-07-06 17:36:18 - INFO - epoch:13/50 iteration:25/459 batch loss is :nan
2025-07-06 17:36:37 - INFO - epoch:13/50 iteration:30/459 batch loss is :3.4997
2025-07-06 17:36:56 - INFO - epoch:13/50 iteration:35/459 batch loss is :2.0707
2025-07-06 17:37:15 - INFO - epoch:13/50 iteration:40/459 batch loss is :1.1615
2025-07-06 17:37:34 - INFO - epoch:13/50 iteration:45/459 batch loss is :1.8318
2025-07-06 17:37:53 - INFO - epoch:13/50 iteration:50/459 batch loss is :2.6009
2025-07-06 17:38:12 - INFO - epoch:13/50 iteration:55/459 batch loss is :1.7698
2025-07-06 17:38:30 - INFO - epoch:13/50 iteration:60/459 batch loss is :4.8690
2025-07-06 17:38:48 - INFO - epoch:13/50 iteration:65/459 batch loss is :2.5855
2025-07-06 17:39:06 - INFO - epoch:13/50 iteration:70/459 batch loss is :1.2207
2025-07-06 17:39:23 - INFO - epoch:13/50 iteration:75/459 batch loss is :2.9417
2025-07-06 17:39:41 - INFO - epoch:13/50 iteration:80/459 batch loss is :2.6549
2025-07-06 17:39:52 - INFO - Epoch:13/50 Loss is :nan
2025-07-06 17:40:27 - INFO - epoch:14/50 iteration:0/459 batch loss is :2.6410
2025-07-06 17:40:49 - INFO - epoch:14/50 iteration:5/459 batch loss is :2.1469
2025-07-06 17:41:10 - INFO - epoch:14/50 iteration:10/459 batch loss is :0.8200
2025-07-06 17:41:31 - INFO - epoch:14/50 iteration:15/459 batch loss is :2.2458
2025-07-06 17:41:52 - INFO - epoch:14/50 iteration:20/459 batch loss is :1.6645
2025-07-06 17:42:12 - INFO - epoch:14/50 iteration:25/459 batch loss is :2.7085
2025-07-06 17:42:31 - INFO - epoch:14/50 iteration:30/459 batch loss is :2.1063
2025-07-06 17:42:51 - INFO - epoch:14/50 iteration:35/459 batch loss is :1.6212
2025-07-06 17:43:10 - INFO - epoch:14/50 iteration:40/459 batch loss is :2.0594
2025-07-06 17:43:30 - INFO - epoch:14/50 iteration:45/459 batch loss is :1.4486
2025-07-06 17:43:49 - INFO - epoch:14/50 iteration:50/459 batch loss is :1.9924
2025-07-06 17:44:08 - INFO - epoch:14/50 iteration:55/459 batch loss is :2.7239
2025-07-06 17:44:26 - INFO - epoch:14/50 iteration:60/459 batch loss is :3.3305
2025-07-06 17:44:44 - INFO - epoch:14/50 iteration:65/459 batch loss is :2.2086
2025-07-06 17:45:02 - INFO - epoch:14/50 iteration:70/459 batch loss is :2.2273
2025-07-06 17:45:20 - INFO - epoch:14/50 iteration:75/459 batch loss is :4.2582
2025-07-06 17:45:38 - INFO - epoch:14/50 iteration:80/459 batch loss is :1.5268
2025-07-06 17:45:49 - INFO - Epoch:14/50 Loss is :0.4240
2025-07-06 17:46:29 - INFO - epoch:15/50 iteration:0/459 batch loss is :1.1078
2025-07-06 17:46:50 - INFO - epoch:15/50 iteration:5/459 batch loss is :2.1640
2025-07-06 17:47:11 - INFO - epoch:15/50 iteration:10/459 batch loss is :1.7057
2025-07-06 17:47:32 - INFO - epoch:15/50 iteration:15/459 batch loss is :4.1097
2025-07-06 17:47:53 - INFO - epoch:15/50 iteration:20/459 batch loss is :2.3159
2025-07-06 17:48:13 - INFO - epoch:15/50 iteration:25/459 batch loss is :2.2579
2025-07-06 17:48:33 - INFO - epoch:15/50 iteration:30/459 batch loss is :3.1188
2025-07-06 17:48:51 - INFO - epoch:15/50 iteration:35/459 batch loss is :1.8432
2025-07-06 17:49:11 - INFO - epoch:15/50 iteration:40/459 batch loss is :1.4503
2025-07-06 17:49:30 - INFO - epoch:15/50 iteration:45/459 batch loss is :2.9797
2025-07-06 17:49:49 - INFO - epoch:15/50 iteration:50/459 batch loss is :2.3730
2025-07-06 17:50:08 - INFO - epoch:15/50 iteration:55/459 batch loss is :2.0027
2025-07-06 17:50:26 - INFO - epoch:15/50 iteration:60/459 batch loss is :2.3218
2025-07-06 17:50:44 - INFO - epoch:15/50 iteration:65/459 batch loss is :1.2944
2025-07-06 17:51:02 - INFO - epoch:15/50 iteration:70/459 batch loss is :3.7619
2025-07-06 17:51:19 - INFO - epoch:15/50 iteration:75/459 batch loss is :2.7743
2025-07-06 17:51:37 - INFO - epoch:15/50 iteration:80/459 batch loss is :1.4793
2025-07-06 17:51:48 - INFO - Epoch:15/50 Loss is :0.4178
2025-07-06 17:58:24 - INFO - VAL loss :7.5823
2025-07-06 17:59:09 - INFO - epoch:16/50 iteration:0/459 batch loss is :1.9425
2025-07-06 17:59:30 - INFO - epoch:16/50 iteration:5/459 batch loss is :1.8065
2025-07-06 17:59:50 - INFO - epoch:16/50 iteration:10/459 batch loss is :2.6403
2025-07-06 18:00:10 - INFO - epoch:16/50 iteration:15/459 batch loss is :2.1065
2025-07-06 18:00:32 - INFO - epoch:16/50 iteration:20/459 batch loss is :2.7255
2025-07-06 18:00:51 - INFO - epoch:16/50 iteration:25/459 batch loss is :2.0593
2025-07-06 18:01:12 - INFO - epoch:16/50 iteration:30/459 batch loss is :2.2167
2025-07-06 18:01:31 - INFO - epoch:16/50 iteration:35/459 batch loss is :2.6228
2025-07-06 18:01:51 - INFO - epoch:16/50 iteration:40/459 batch loss is :1.7535
2025-07-06 18:02:09 - INFO - epoch:16/50 iteration:45/459 batch loss is :2.8011
2025-07-06 18:02:29 - INFO - epoch:16/50 iteration:50/459 batch loss is :2.9676
2025-07-06 18:02:47 - INFO - epoch:16/50 iteration:55/459 batch loss is :2.0357
2025-07-06 18:03:05 - INFO - epoch:16/50 iteration:60/459 batch loss is :2.0864
2025-07-06 18:03:23 - INFO - epoch:16/50 iteration:65/459 batch loss is :1.8145
2025-07-06 18:03:41 - INFO - epoch:16/50 iteration:70/459 batch loss is :4.1528
2025-07-06 18:03:59 - INFO - epoch:16/50 iteration:75/459 batch loss is :2.4657
2025-07-06 18:04:17 - INFO - epoch:16/50 iteration:80/459 batch loss is :2.3728
2025-07-06 18:04:27 - INFO - Epoch:16/50 Loss is :0.4235
2025-07-06 18:05:06 - INFO - epoch:17/50 iteration:0/459 batch loss is :3.7372
2025-07-06 18:05:26 - INFO - epoch:17/50 iteration:5/459 batch loss is :0.8173
2025-07-06 18:05:46 - INFO - epoch:17/50 iteration:10/459 batch loss is :1.9585
2025-07-06 18:06:06 - INFO - epoch:17/50 iteration:15/459 batch loss is :1.9313
2025-07-06 18:06:27 - INFO - epoch:17/50 iteration:20/459 batch loss is :1.9228
2025-07-06 18:06:47 - INFO - epoch:17/50 iteration:25/459 batch loss is :0.9523
2025-07-06 18:07:06 - INFO - epoch:17/50 iteration:30/459 batch loss is :2.3548
2025-07-06 18:07:26 - INFO - epoch:17/50 iteration:35/459 batch loss is :2.8543
2025-07-06 18:07:44 - INFO - epoch:17/50 iteration:40/459 batch loss is :2.0400
2025-07-06 18:08:04 - INFO - epoch:17/50 iteration:45/459 batch loss is :2.3550
2025-07-06 18:08:22 - INFO - epoch:17/50 iteration:50/459 batch loss is :2.6581
2025-07-06 18:08:41 - INFO - epoch:17/50 iteration:55/459 batch loss is :2.4039
2025-07-06 18:08:59 - INFO - epoch:17/50 iteration:60/459 batch loss is :1.3386
2025-07-06 18:09:17 - INFO - epoch:17/50 iteration:65/459 batch loss is :2.1260
2025-07-06 18:09:35 - INFO - epoch:17/50 iteration:70/459 batch loss is :2.1837
2025-07-06 18:09:53 - INFO - epoch:17/50 iteration:75/459 batch loss is :2.6763
2025-07-06 18:10:10 - INFO - epoch:17/50 iteration:80/459 batch loss is :2.6850
2025-07-06 18:10:21 - INFO - Epoch:17/50 Loss is :0.4146
2025-07-06 18:10:49 - INFO - epoch:18/50 iteration:0/459 batch loss is :1.8372
2025-07-06 18:11:16 - INFO - epoch:18/50 iteration:5/459 batch loss is :1.7986
2025-07-06 18:11:37 - INFO - epoch:18/50 iteration:10/459 batch loss is :2.2389
2025-07-06 18:11:56 - INFO - epoch:18/50 iteration:15/459 batch loss is :2.9971
2025-07-06 18:12:17 - INFO - epoch:18/50 iteration:20/459 batch loss is :2.0994
2025-07-06 18:12:37 - INFO - epoch:18/50 iteration:25/459 batch loss is :0.9558
2025-07-06 18:12:57 - INFO - epoch:18/50 iteration:30/459 batch loss is :3.1924
2025-07-06 18:13:16 - INFO - epoch:18/50 iteration:35/459 batch loss is :0.9152
2025-07-06 18:13:36 - INFO - epoch:18/50 iteration:40/459 batch loss is :3.8966
2025-07-06 18:13:54 - INFO - epoch:18/50 iteration:45/459 batch loss is :2.4693
2025-07-06 18:14:13 - INFO - epoch:18/50 iteration:50/459 batch loss is :2.6219
2025-07-06 18:14:33 - INFO - epoch:18/50 iteration:55/459 batch loss is :2.6707
2025-07-06 18:14:51 - INFO - epoch:18/50 iteration:60/459 batch loss is :3.4170
2025-07-06 18:15:09 - INFO - epoch:18/50 iteration:65/459 batch loss is :2.4333
2025-07-06 18:15:27 - INFO - epoch:18/50 iteration:70/459 batch loss is :1.9792
2025-07-06 18:15:45 - INFO - epoch:18/50 iteration:75/459 batch loss is :2.7817
2025-07-06 18:16:03 - INFO - epoch:18/50 iteration:80/459 batch loss is :1.3738
2025-07-06 18:16:13 - INFO - Epoch:18/50 Loss is :0.4089
2025-07-06 18:16:53 - INFO - epoch:19/50 iteration:0/459 batch loss is :1.4118
2025-07-06 18:17:14 - INFO - epoch:19/50 iteration:5/459 batch loss is :3.1593
2025-07-06 18:17:35 - INFO - epoch:19/50 iteration:10/459 batch loss is :2.1716
2025-07-06 18:17:56 - INFO - epoch:19/50 iteration:15/459 batch loss is :1.9369
2025-07-06 18:18:16 - INFO - epoch:19/50 iteration:20/459 batch loss is :3.3506
2025-07-06 18:18:36 - INFO - epoch:19/50 iteration:25/459 batch loss is :2.2437
2025-07-06 18:18:56 - INFO - epoch:19/50 iteration:30/459 batch loss is :2.6509
2025-07-06 18:19:15 - INFO - epoch:19/50 iteration:35/459 batch loss is :2.4529
2025-07-06 18:19:34 - INFO - epoch:19/50 iteration:40/459 batch loss is :3.0733
2025-07-06 18:19:53 - INFO - epoch:19/50 iteration:45/459 batch loss is :3.1098
2025-07-06 18:20:12 - INFO - epoch:19/50 iteration:50/459 batch loss is :2.5788
2025-07-06 18:20:31 - INFO - epoch:19/50 iteration:55/459 batch loss is :2.2186
2025-07-06 18:20:49 - INFO - epoch:19/50 iteration:60/459 batch loss is :1.4346
2025-07-06 18:21:07 - INFO - epoch:19/50 iteration:65/459 batch loss is :2.7063
2025-07-06 18:21:25 - INFO - epoch:19/50 iteration:70/459 batch loss is :3.3666
2025-07-06 18:21:43 - INFO - epoch:19/50 iteration:75/459 batch loss is :2.6390
2025-07-06 18:22:00 - INFO - epoch:19/50 iteration:80/459 batch loss is :3.0908
2025-07-06 18:22:11 - INFO - Epoch:19/50 Loss is :0.4313
2025-07-06 18:22:46 - INFO - epoch:20/50 iteration:0/459 batch loss is :2.5459
2025-07-06 18:23:07 - INFO - epoch:20/50 iteration:5/459 batch loss is :2.4590
2025-07-06 18:23:28 - INFO - epoch:20/50 iteration:10/459 batch loss is :1.6699
2025-07-06 18:23:49 - INFO - epoch:20/50 iteration:15/459 batch loss is :2.0451
2025-07-06 18:24:10 - INFO - epoch:20/50 iteration:20/459 batch loss is :2.3126
2025-07-06 18:24:29 - INFO - epoch:20/50 iteration:25/459 batch loss is :1.8902
2025-07-06 18:24:48 - INFO - epoch:20/50 iteration:30/459 batch loss is :2.2934
2025-07-06 18:25:07 - INFO - epoch:20/50 iteration:35/459 batch loss is :2.4729
2025-07-06 18:25:26 - INFO - epoch:20/50 iteration:40/459 batch loss is :1.8497
2025-07-06 18:25:45 - INFO - epoch:20/50 iteration:45/459 batch loss is :2.0986
2025-07-06 18:26:04 - INFO - epoch:20/50 iteration:50/459 batch loss is :2.1340
2025-07-06 18:26:22 - INFO - epoch:20/50 iteration:55/459 batch loss is :1.4810
2025-07-06 18:26:40 - INFO - epoch:20/50 iteration:60/459 batch loss is :1.5393
2025-07-06 18:26:58 - INFO - epoch:20/50 iteration:65/459 batch loss is :2.2917
2025-07-06 18:27:16 - INFO - epoch:20/50 iteration:70/459 batch loss is :1.7440
2025-07-06 18:27:34 - INFO - epoch:20/50 iteration:75/459 batch loss is :2.9176
2025-07-06 18:27:52 - INFO - epoch:20/50 iteration:80/459 batch loss is :2.3070
2025-07-06 18:28:02 - INFO - Epoch:20/50 Loss is :0.4158
2025-07-06 18:34:45 - INFO - VAL loss :5.9082
2025-07-06 18:35:28 - INFO - epoch:21/50 iteration:0/459 batch loss is :1.7138
2025-07-06 18:35:49 - INFO - epoch:21/50 iteration:5/459 batch loss is :2.0910
2025-07-06 18:36:09 - INFO - epoch:21/50 iteration:10/459 batch loss is :1.3275
2025-07-06 18:36:29 - INFO - epoch:21/50 iteration:15/459 batch loss is :2.2751
2025-07-06 18:36:50 - INFO - epoch:21/50 iteration:20/459 batch loss is :2.3783
2025-07-06 18:37:10 - INFO - epoch:21/50 iteration:25/459 batch loss is :1.4887
2025-07-06 18:37:31 - INFO - epoch:21/50 iteration:30/459 batch loss is :2.7542
2025-07-06 18:37:50 - INFO - epoch:21/50 iteration:35/459 batch loss is :1.5879
2025-07-06 18:38:10 - INFO - epoch:21/50 iteration:40/459 batch loss is :1.9707
2025-07-06 18:38:29 - INFO - epoch:21/50 iteration:45/459 batch loss is :2.3822
2025-07-06 18:38:48 - INFO - epoch:21/50 iteration:50/459 batch loss is :2.5781
2025-07-06 18:39:07 - INFO - epoch:21/50 iteration:55/459 batch loss is :3.0282
2025-07-06 18:39:25 - INFO - epoch:21/50 iteration:60/459 batch loss is :2.7792
2025-07-06 18:39:43 - INFO - epoch:21/50 iteration:65/459 batch loss is :2.4306
2025-07-06 18:40:01 - INFO - epoch:21/50 iteration:70/459 batch loss is :2.7298
2025-07-06 18:40:18 - INFO - epoch:21/50 iteration:75/459 batch loss is :2.3803
2025-07-06 18:40:36 - INFO - epoch:21/50 iteration:80/459 batch loss is :2.0149
2025-07-06 18:40:46 - INFO - Epoch:21/50 Loss is :0.4223
2025-07-06 18:41:29 - INFO - epoch:22/50 iteration:0/459 batch loss is :2.3133
2025-07-06 18:41:49 - INFO - epoch:22/50 iteration:5/459 batch loss is :2.1032
2025-07-06 18:42:09 - INFO - epoch:22/50 iteration:10/459 batch loss is :1.8269
2025-07-06 18:42:30 - INFO - epoch:22/50 iteration:15/459 batch loss is :1.4253
2025-07-06 18:42:50 - INFO - epoch:22/50 iteration:20/459 batch loss is :2.6327
2025-07-06 18:43:10 - INFO - epoch:22/50 iteration:25/459 batch loss is :3.5683
2025-07-06 18:43:30 - INFO - epoch:22/50 iteration:30/459 batch loss is :2.8556
2025-07-06 18:43:49 - INFO - epoch:22/50 iteration:35/459 batch loss is :3.0346
2025-07-06 18:44:08 - INFO - epoch:22/50 iteration:40/459 batch loss is :2.1710
2025-07-06 18:44:27 - INFO - epoch:22/50 iteration:45/459 batch loss is :2.0283
2025-07-06 18:44:47 - INFO - epoch:22/50 iteration:50/459 batch loss is :2.6547
2025-07-06 18:45:06 - INFO - epoch:22/50 iteration:55/459 batch loss is :2.0598
2025-07-06 18:45:24 - INFO - epoch:22/50 iteration:60/459 batch loss is :3.2900
2025-07-06 18:45:42 - INFO - epoch:22/50 iteration:65/459 batch loss is :1.7037
2025-07-06 18:46:00 - INFO - epoch:22/50 iteration:70/459 batch loss is :2.5451
2025-07-06 18:46:18 - INFO - epoch:22/50 iteration:75/459 batch loss is :3.1832
2025-07-06 18:46:36 - INFO - epoch:22/50 iteration:80/459 batch loss is :1.9652
2025-07-06 18:46:47 - INFO - Epoch:22/50 Loss is :0.4353
2025-07-06 18:47:24 - INFO - epoch:23/50 iteration:0/459 batch loss is :1.8539
2025-07-06 18:47:45 - INFO - epoch:23/50 iteration:5/459 batch loss is :2.2217
2025-07-06 18:48:06 - INFO - epoch:23/50 iteration:10/459 batch loss is :2.1486
2025-07-06 18:48:27 - INFO - epoch:23/50 iteration:15/459 batch loss is :2.1940
2025-07-06 18:48:47 - INFO - epoch:23/50 iteration:20/459 batch loss is :1.8775
2025-07-06 18:49:07 - INFO - epoch:23/50 iteration:25/459 batch loss is :3.3383
2025-07-06 18:49:26 - INFO - epoch:23/50 iteration:30/459 batch loss is :1.2742
2025-07-06 18:49:45 - INFO - epoch:23/50 iteration:35/459 batch loss is :1.4726
2025-07-06 18:50:05 - INFO - epoch:23/50 iteration:40/459 batch loss is :1.9157
2025-07-06 18:50:23 - INFO - epoch:23/50 iteration:45/459 batch loss is :1.1574
2025-07-06 18:50:43 - INFO - epoch:23/50 iteration:50/459 batch loss is :1.6311
2025-07-06 18:51:01 - INFO - epoch:23/50 iteration:55/459 batch loss is :2.6591
2025-07-06 18:51:20 - INFO - epoch:23/50 iteration:60/459 batch loss is :2.6933
2025-07-06 18:51:37 - INFO - epoch:23/50 iteration:65/459 batch loss is :2.1991
2025-07-06 18:51:56 - INFO - epoch:23/50 iteration:70/459 batch loss is :2.8085
2025-07-06 18:52:13 - INFO - epoch:23/50 iteration:75/459 batch loss is :1.0911
2025-07-06 18:52:31 - INFO - epoch:23/50 iteration:80/459 batch loss is :2.1957
2025-07-06 18:52:42 - INFO - Epoch:23/50 Loss is :0.4574
2025-07-06 18:53:14 - INFO - epoch:24/50 iteration:0/459 batch loss is :3.2591
2025-07-06 18:53:38 - INFO - epoch:24/50 iteration:5/459 batch loss is :2.9708
2025-07-06 18:53:58 - INFO - epoch:24/50 iteration:10/459 batch loss is :1.9471
2025-07-06 18:54:19 - INFO - epoch:24/50 iteration:15/459 batch loss is :3.5684
2025-07-06 18:54:39 - INFO - epoch:24/50 iteration:20/459 batch loss is :1.9957
2025-07-06 18:54:58 - INFO - epoch:24/50 iteration:25/459 batch loss is :1.8088
2025-07-06 18:55:18 - INFO - epoch:24/50 iteration:30/459 batch loss is :0.9062
2025-07-06 18:55:37 - INFO - epoch:24/50 iteration:35/459 batch loss is :2.0687
2025-07-06 18:55:56 - INFO - epoch:24/50 iteration:40/459 batch loss is :3.4556
2025-07-06 18:56:15 - INFO - epoch:24/50 iteration:45/459 batch loss is :1.8956
2025-07-06 18:56:33 - INFO - epoch:24/50 iteration:50/459 batch loss is :2.6894
2025-07-06 18:56:52 - INFO - epoch:24/50 iteration:55/459 batch loss is :4.1971
2025-07-06 18:57:10 - INFO - epoch:24/50 iteration:60/459 batch loss is :2.4819
2025-07-06 18:57:28 - INFO - epoch:24/50 iteration:65/459 batch loss is :1.7891
2025-07-06 18:57:46 - INFO - epoch:24/50 iteration:70/459 batch loss is :2.9148
2025-07-06 18:58:04 - INFO - epoch:24/50 iteration:75/459 batch loss is :3.0993
2025-07-06 18:58:21 - INFO - epoch:24/50 iteration:80/459 batch loss is :3.5478
2025-07-06 18:58:32 - INFO - Epoch:24/50 Loss is :0.4834
2025-07-06 18:59:15 - INFO - epoch:25/50 iteration:0/459 batch loss is :2.7570
2025-07-06 18:59:36 - INFO - epoch:25/50 iteration:5/459 batch loss is :1.2805
2025-07-06 18:59:57 - INFO - epoch:25/50 iteration:10/459 batch loss is :1.4876
2025-07-06 19:00:17 - INFO - epoch:25/50 iteration:15/459 batch loss is :2.1809
2025-07-06 19:00:37 - INFO - epoch:25/50 iteration:20/459 batch loss is :2.7023
2025-07-06 19:00:57 - INFO - epoch:25/50 iteration:25/459 batch loss is :2.2340
2025-07-06 19:01:17 - INFO - epoch:25/50 iteration:30/459 batch loss is :3.3891
2025-07-06 19:01:36 - INFO - epoch:25/50 iteration:35/459 batch loss is :1.7103
2025-07-06 19:01:55 - INFO - epoch:25/50 iteration:40/459 batch loss is :2.2473
2025-07-06 19:02:14 - INFO - epoch:25/50 iteration:45/459 batch loss is :1.8697
2025-07-06 19:02:34 - INFO - epoch:25/50 iteration:50/459 batch loss is :2.4876
2025-07-06 19:02:52 - INFO - epoch:25/50 iteration:55/459 batch loss is :3.4238
2025-07-06 19:03:11 - INFO - epoch:25/50 iteration:60/459 batch loss is :2.4940
2025-07-06 19:03:28 - INFO - epoch:25/50 iteration:65/459 batch loss is :2.4853
2025-07-06 19:03:46 - INFO - epoch:25/50 iteration:70/459 batch loss is :2.8471
2025-07-06 19:04:04 - INFO - epoch:25/50 iteration:75/459 batch loss is :3.7873
2025-07-06 19:04:22 - INFO - epoch:25/50 iteration:80/459 batch loss is :2.7384
2025-07-06 19:04:32 - INFO - Epoch:25/50 Loss is :0.4680
2025-07-06 19:11:21 - INFO - VAL loss :7.8264
2025-07-06 19:12:04 - INFO - epoch:26/50 iteration:0/459 batch loss is :2.1586
2025-07-06 19:12:25 - INFO - epoch:26/50 iteration:5/459 batch loss is :2.9023
2025-07-06 19:12:45 - INFO - epoch:26/50 iteration:10/459 batch loss is :3.1417
2025-07-06 19:13:05 - INFO - epoch:26/50 iteration:15/459 batch loss is :2.3932
2025-07-06 19:13:27 - INFO - epoch:26/50 iteration:20/459 batch loss is :1.5867
2025-07-06 19:13:47 - INFO - epoch:26/50 iteration:25/459 batch loss is :3.5951
2025-07-06 19:14:08 - INFO - epoch:26/50 iteration:30/459 batch loss is :2.2467
2025-07-06 19:14:27 - INFO - epoch:26/50 iteration:35/459 batch loss is :1.7845
2025-07-06 19:14:46 - INFO - epoch:26/50 iteration:40/459 batch loss is :2.6237
2025-07-06 19:15:05 - INFO - epoch:26/50 iteration:45/459 batch loss is :2.5585
2025-07-06 19:15:25 - INFO - epoch:26/50 iteration:50/459 batch loss is :1.2034
2025-07-06 19:15:44 - INFO - epoch:26/50 iteration:55/459 batch loss is :2.4808
2025-07-06 19:16:02 - INFO - epoch:26/50 iteration:60/459 batch loss is :2.4283
2025-07-06 19:16:20 - INFO - epoch:26/50 iteration:65/459 batch loss is :4.0913
2025-07-06 19:16:37 - INFO - epoch:26/50 iteration:70/459 batch loss is :3.0301
2025-07-06 19:16:55 - INFO - epoch:26/50 iteration:75/459 batch loss is :2.7919
2025-07-06 19:17:14 - INFO - epoch:26/50 iteration:80/459 batch loss is :3.3770
2025-07-06 19:17:24 - INFO - Epoch:26/50 Loss is :0.4414
2025-07-06 19:18:03 - INFO - epoch:27/50 iteration:0/459 batch loss is :2.3785
2025-07-06 19:18:24 - INFO - epoch:27/50 iteration:5/459 batch loss is :1.6579
2025-07-06 19:18:45 - INFO - epoch:27/50 iteration:10/459 batch loss is :3.0507
2025-07-06 19:19:06 - INFO - epoch:27/50 iteration:15/459 batch loss is :2.0965
2025-07-06 19:19:26 - INFO - epoch:27/50 iteration:20/459 batch loss is :3.1506
2025-07-06 19:19:46 - INFO - epoch:27/50 iteration:25/459 batch loss is :1.4912
2025-07-06 19:20:05 - INFO - epoch:27/50 iteration:30/459 batch loss is :2.1688
2025-07-06 19:20:24 - INFO - epoch:27/50 iteration:35/459 batch loss is :3.0677
2025-07-06 19:20:44 - INFO - epoch:27/50 iteration:40/459 batch loss is :1.4005
2025-07-06 19:21:03 - INFO - epoch:27/50 iteration:45/459 batch loss is :2.8772
2025-07-06 19:21:22 - INFO - epoch:27/50 iteration:50/459 batch loss is :1.7151
2025-07-06 19:21:41 - INFO - epoch:27/50 iteration:55/459 batch loss is :2.1607
2025-07-06 19:21:59 - INFO - epoch:27/50 iteration:60/459 batch loss is :2.3405
2025-07-06 19:22:18 - INFO - epoch:27/50 iteration:65/459 batch loss is :2.3367
2025-07-06 19:22:38 - INFO - epoch:27/50 iteration:70/459 batch loss is :3.3269
2025-07-06 19:22:56 - INFO - epoch:27/50 iteration:75/459 batch loss is :2.2186
2025-07-06 19:23:15 - INFO - epoch:27/50 iteration:80/459 batch loss is :3.0083
2025-07-06 19:23:25 - INFO - Epoch:27/50 Loss is :0.4581
2025-07-06 19:23:58 - INFO - epoch:28/50 iteration:0/459 batch loss is :1.3765
2025-07-06 19:24:19 - INFO - epoch:28/50 iteration:5/459 batch loss is :2.5223
2025-07-06 19:24:41 - INFO - epoch:28/50 iteration:10/459 batch loss is :1.7262
2025-07-06 19:25:02 - INFO - epoch:28/50 iteration:15/459 batch loss is :1.2782
2025-07-06 19:25:23 - INFO - epoch:28/50 iteration:20/459 batch loss is :3.7191
2025-07-06 19:25:43 - INFO - epoch:28/50 iteration:25/459 batch loss is :2.2598
2025-07-06 19:26:02 - INFO - epoch:28/50 iteration:30/459 batch loss is :2.5878
2025-07-06 19:26:21 - INFO - epoch:28/50 iteration:35/459 batch loss is :3.3160
2025-07-06 19:26:40 - INFO - epoch:28/50 iteration:40/459 batch loss is :2.5792
2025-07-06 19:26:58 - INFO - epoch:28/50 iteration:45/459 batch loss is :2.3579
2025-07-06 19:27:17 - INFO - epoch:28/50 iteration:50/459 batch loss is :2.6917
2025-07-06 19:27:36 - INFO - epoch:28/50 iteration:55/459 batch loss is :3.5100
2025-07-06 19:27:54 - INFO - epoch:28/50 iteration:60/459 batch loss is :3.6693
2025-07-06 19:28:12 - INFO - epoch:28/50 iteration:65/459 batch loss is :2.6802
2025-07-06 19:28:29 - INFO - epoch:28/50 iteration:70/459 batch loss is :2.8901
2025-07-06 19:28:47 - INFO - epoch:28/50 iteration:75/459 batch loss is :2.5389
2025-07-06 19:29:05 - INFO - epoch:28/50 iteration:80/459 batch loss is :2.1552
2025-07-06 19:29:15 - INFO - Epoch:28/50 Loss is :0.4319
2025-07-06 19:29:56 - INFO - epoch:29/50 iteration:0/459 batch loss is :0.9360
2025-07-06 19:30:16 - INFO - epoch:29/50 iteration:5/459 batch loss is :1.3315
2025-07-06 19:30:37 - INFO - epoch:29/50 iteration:10/459 batch loss is :2.3022
2025-07-06 19:30:57 - INFO - epoch:29/50 iteration:15/459 batch loss is :1.9370
2025-07-06 19:31:17 - INFO - epoch:29/50 iteration:20/459 batch loss is :2.4018
2025-07-06 19:31:37 - INFO - epoch:29/50 iteration:25/459 batch loss is :2.1352
2025-07-06 19:31:57 - INFO - epoch:29/50 iteration:30/459 batch loss is :1.3184
2025-07-06 19:32:17 - INFO - epoch:29/50 iteration:35/459 batch loss is :2.3761
2025-07-06 19:32:36 - INFO - epoch:29/50 iteration:40/459 batch loss is :3.1177
2025-07-06 19:32:56 - INFO - epoch:29/50 iteration:45/459 batch loss is :2.6250
2025-07-06 19:33:15 - INFO - epoch:29/50 iteration:50/459 batch loss is :2.0076
2025-07-06 19:33:34 - INFO - epoch:29/50 iteration:55/459 batch loss is :2.9998
2025-07-06 19:33:52 - INFO - epoch:29/50 iteration:60/459 batch loss is :3.7795
2025-07-06 19:34:10 - INFO - epoch:29/50 iteration:65/459 batch loss is :2.1696
2025-07-06 19:34:28 - INFO - epoch:29/50 iteration:70/459 batch loss is :2.4044
2025-07-06 19:34:46 - INFO - epoch:29/50 iteration:75/459 batch loss is :3.0638
2025-07-06 19:35:03 - INFO - epoch:29/50 iteration:80/459 batch loss is :2.3795
2025-07-06 19:35:14 - INFO - Epoch:29/50 Loss is :0.4468
2025-07-06 19:35:52 - INFO - epoch:30/50 iteration:0/459 batch loss is :2.8444
2025-07-06 19:36:13 - INFO - epoch:30/50 iteration:5/459 batch loss is :1.9298
2025-07-06 19:36:33 - INFO - epoch:30/50 iteration:10/459 batch loss is :1.6385
2025-07-06 19:36:54 - INFO - epoch:30/50 iteration:15/459 batch loss is :1.6919
2025-07-06 19:37:14 - INFO - epoch:30/50 iteration:20/459 batch loss is :1.6520
2025-07-06 19:37:33 - INFO - epoch:30/50 iteration:25/459 batch loss is :2.7691
2025-07-06 19:37:52 - INFO - epoch:30/50 iteration:30/459 batch loss is :1.8263
2025-07-06 19:38:11 - INFO - epoch:30/50 iteration:35/459 batch loss is :1.5446
2025-07-06 19:38:30 - INFO - epoch:30/50 iteration:40/459 batch loss is :1.2164
2025-07-06 19:38:49 - INFO - epoch:30/50 iteration:45/459 batch loss is :2.3608
2025-07-06 19:39:08 - INFO - epoch:30/50 iteration:50/459 batch loss is :2.3991
2025-07-06 19:39:26 - INFO - epoch:30/50 iteration:55/459 batch loss is :1.6975
2025-07-06 19:39:44 - INFO - epoch:30/50 iteration:60/459 batch loss is :2.3065
2025-07-06 19:40:02 - INFO - epoch:30/50 iteration:65/459 batch loss is :2.6823
2025-07-06 19:40:20 - INFO - epoch:30/50 iteration:70/459 batch loss is :2.3925
2025-07-06 19:40:37 - INFO - epoch:30/50 iteration:75/459 batch loss is :1.6371
2025-07-06 19:40:55 - INFO - epoch:30/50 iteration:80/459 batch loss is :1.4950
2025-07-06 19:41:06 - INFO - Epoch:30/50 Loss is :0.4227
2025-07-06 19:48:25 - INFO - VAL loss :6.8049
2025-07-06 19:49:08 - INFO - epoch:31/50 iteration:0/459 batch loss is :2.7331
2025-07-06 19:49:29 - INFO - epoch:31/50 iteration:5/459 batch loss is :1.7111
2025-07-06 19:49:50 - INFO - epoch:31/50 iteration:10/459 batch loss is :2.7549
2025-07-06 19:50:10 - INFO - epoch:31/50 iteration:15/459 batch loss is :2.6915
2025-07-06 19:50:31 - INFO - epoch:31/50 iteration:20/459 batch loss is :1.8583
2025-07-06 19:50:51 - INFO - epoch:31/50 iteration:25/459 batch loss is :1.2033
2025-07-06 19:51:11 - INFO - epoch:31/50 iteration:30/459 batch loss is :2.5687
2025-07-06 19:51:30 - INFO - epoch:31/50 iteration:35/459 batch loss is :1.6075
2025-07-06 19:51:50 - INFO - epoch:31/50 iteration:40/459 batch loss is :1.6848
2025-07-06 19:52:09 - INFO - epoch:31/50 iteration:45/459 batch loss is :2.9862
2025-07-06 19:52:28 - INFO - epoch:31/50 iteration:50/459 batch loss is :1.5340
2025-07-06 19:52:47 - INFO - epoch:31/50 iteration:55/459 batch loss is :3.0565
2025-07-06 19:53:05 - INFO - epoch:31/50 iteration:60/459 batch loss is :4.1142
2025-07-06 19:53:23 - INFO - epoch:31/50 iteration:65/459 batch loss is :1.4383
2025-07-06 19:53:41 - INFO - epoch:31/50 iteration:70/459 batch loss is :2.1381
2025-07-06 19:53:59 - INFO - epoch:31/50 iteration:75/459 batch loss is :2.1790
2025-07-06 19:54:17 - INFO - epoch:31/50 iteration:80/459 batch loss is :2.6503
2025-07-06 19:54:27 - INFO - Epoch:31/50 Loss is :nan
2025-07-06 19:55:04 - INFO - epoch:32/50 iteration:0/459 batch loss is :1.6076
2025-07-06 19:55:25 - INFO - epoch:32/50 iteration:5/459 batch loss is :2.7097
2025-07-06 19:55:46 - INFO - epoch:32/50 iteration:10/459 batch loss is :3.2661
2025-07-06 19:56:07 - INFO - epoch:32/50 iteration:15/459 batch loss is :2.3185
2025-07-06 19:56:27 - INFO - epoch:32/50 iteration:20/459 batch loss is :3.1851
2025-07-06 19:56:47 - INFO - epoch:32/50 iteration:25/459 batch loss is :3.0359
2025-07-06 19:57:06 - INFO - epoch:32/50 iteration:30/459 batch loss is :1.1975
2025-07-06 19:57:26 - INFO - epoch:32/50 iteration:35/459 batch loss is :2.0482
2025-07-06 19:57:44 - INFO - epoch:32/50 iteration:40/459 batch loss is :3.3940
2025-07-06 19:58:04 - INFO - epoch:32/50 iteration:45/459 batch loss is :2.8098
2025-07-06 19:58:23 - INFO - epoch:32/50 iteration:50/459 batch loss is :1.0090
2025-07-06 19:58:42 - INFO - epoch:32/50 iteration:55/459 batch loss is :3.0905
2025-07-06 19:59:00 - INFO - epoch:32/50 iteration:60/459 batch loss is :2.4520
2025-07-06 19:59:18 - INFO - epoch:32/50 iteration:65/459 batch loss is :2.0704
2025-07-06 19:59:36 - INFO - epoch:32/50 iteration:70/459 batch loss is :3.5238
2025-07-06 19:59:54 - INFO - epoch:32/50 iteration:75/459 batch loss is :4.3075
2025-07-06 20:00:12 - INFO - epoch:32/50 iteration:80/459 batch loss is :2.3736
2025-07-06 20:00:22 - INFO - Epoch:32/50 Loss is :0.4382
2025-07-06 20:01:04 - INFO - epoch:33/50 iteration:0/459 batch loss is :2.4421
2025-07-06 20:01:24 - INFO - epoch:33/50 iteration:5/459 batch loss is :3.6049
2025-07-06 20:01:45 - INFO - epoch:33/50 iteration:10/459 batch loss is :3.0063
2025-07-06 20:02:05 - INFO - epoch:33/50 iteration:15/459 batch loss is :1.4462
2025-07-06 20:02:26 - INFO - epoch:33/50 iteration:20/459 batch loss is :1.7006
2025-07-06 20:02:46 - INFO - epoch:33/50 iteration:25/459 batch loss is :2.5339
2025-07-06 20:03:06 - INFO - epoch:33/50 iteration:30/459 batch loss is :3.4206
2025-07-06 20:03:25 - INFO - epoch:33/50 iteration:35/459 batch loss is :3.9595
2025-07-06 20:03:45 - INFO - epoch:33/50 iteration:40/459 batch loss is :2.5322
2025-07-06 20:04:03 - INFO - epoch:33/50 iteration:45/459 batch loss is :1.9266
2025-07-06 20:04:23 - INFO - epoch:33/50 iteration:50/459 batch loss is :1.6192
2025-07-06 20:04:42 - INFO - epoch:33/50 iteration:55/459 batch loss is :2.8198
2025-07-06 20:05:00 - INFO - epoch:33/50 iteration:60/459 batch loss is :2.2308
2025-07-06 20:05:17 - INFO - epoch:33/50 iteration:65/459 batch loss is :2.8487
2025-07-06 20:05:36 - INFO - epoch:33/50 iteration:70/459 batch loss is :3.0023
2025-07-06 20:05:53 - INFO - epoch:33/50 iteration:75/459 batch loss is :2.9176
2025-07-06 20:06:11 - INFO - epoch:33/50 iteration:80/459 batch loss is :2.9283
2025-07-06 20:06:21 - INFO - Epoch:33/50 Loss is :0.4324
2025-07-06 20:06:55 - INFO - epoch:34/50 iteration:0/459 batch loss is :2.2223
2025-07-06 20:07:16 - INFO - epoch:34/50 iteration:5/459 batch loss is :2.6554
2025-07-06 20:07:37 - INFO - epoch:34/50 iteration:10/459 batch loss is :3.6297
2025-07-06 20:07:58 - INFO - epoch:34/50 iteration:15/459 batch loss is :2.1576
2025-07-06 20:08:19 - INFO - epoch:34/50 iteration:20/459 batch loss is :2.0624
2025-07-06 20:08:39 - INFO - epoch:34/50 iteration:25/459 batch loss is :2.0788
2025-07-06 20:08:58 - INFO - epoch:34/50 iteration:30/459 batch loss is :3.4209
2025-07-06 20:09:17 - INFO - epoch:34/50 iteration:35/459 batch loss is :2.1135
2025-07-06 20:09:36 - INFO - epoch:34/50 iteration:40/459 batch loss is :2.0361
2025-07-06 20:09:55 - INFO - epoch:34/50 iteration:45/459 batch loss is :3.0477
2025-07-06 20:10:14 - INFO - epoch:34/50 iteration:50/459 batch loss is :1.8416
2025-07-06 20:10:33 - INFO - epoch:34/50 iteration:55/459 batch loss is :1.7121
2025-07-06 20:10:51 - INFO - epoch:34/50 iteration:60/459 batch loss is :3.7329
2025-07-06 20:11:09 - INFO - epoch:34/50 iteration:65/459 batch loss is :1.6527
2025-07-06 20:11:26 - INFO - epoch:34/50 iteration:70/459 batch loss is :3.9821
2025-07-06 20:11:44 - INFO - epoch:34/50 iteration:75/459 batch loss is :2.1635
2025-07-06 20:12:02 - INFO - epoch:34/50 iteration:80/459 batch loss is :1.6386
2025-07-06 20:12:12 - INFO - Epoch:34/50 Loss is :nan
2025-07-06 20:12:53 - INFO - epoch:35/50 iteration:0/459 batch loss is :1.5999
2025-07-06 20:13:13 - INFO - epoch:35/50 iteration:5/459 batch loss is :2.4030
2025-07-06 20:13:34 - INFO - epoch:35/50 iteration:10/459 batch loss is :2.0320
2025-07-06 20:13:54 - INFO - epoch:35/50 iteration:15/459 batch loss is :2.9156
2025-07-06 20:14:16 - INFO - epoch:35/50 iteration:20/459 batch loss is :4.4925
2025-07-06 20:14:35 - INFO - epoch:35/50 iteration:25/459 batch loss is :1.6655
2025-07-06 20:14:56 - INFO - epoch:35/50 iteration:30/459 batch loss is :3.3042
2025-07-06 20:15:15 - INFO - epoch:35/50 iteration:35/459 batch loss is :2.4231
2025-07-06 20:15:35 - INFO - epoch:35/50 iteration:40/459 batch loss is :2.5954
2025-07-06 20:15:54 - INFO - epoch:35/50 iteration:45/459 batch loss is :2.8751
2025-07-06 20:16:13 - INFO - epoch:35/50 iteration:50/459 batch loss is :2.6722
2025-07-06 20:16:32 - INFO - epoch:35/50 iteration:55/459 batch loss is :1.8646
2025-07-06 20:16:50 - INFO - epoch:35/50 iteration:60/459 batch loss is :2.3561
2025-07-06 20:17:08 - INFO - epoch:35/50 iteration:65/459 batch loss is :3.0716
2025-07-06 20:17:26 - INFO - epoch:35/50 iteration:70/459 batch loss is :2.1535
2025-07-06 20:17:43 - INFO - epoch:35/50 iteration:75/459 batch loss is :3.8736
2025-07-06 20:18:01 - INFO - epoch:35/50 iteration:80/459 batch loss is :2.5460
2025-07-06 20:18:11 - INFO - Epoch:35/50 Loss is :nan
2025-07-06 20:25:16 - INFO - VAL loss :7.3640
2025-07-06 20:25:52 - INFO - epoch:36/50 iteration:0/459 batch loss is :1.7861
2025-07-06 20:26:16 - INFO - epoch:36/50 iteration:5/459 batch loss is :0.7454
2025-07-06 20:26:37 - INFO - epoch:36/50 iteration:10/459 batch loss is :2.7409
2025-07-06 20:26:58 - INFO - epoch:36/50 iteration:15/459 batch loss is :2.6269
2025-07-06 20:27:18 - INFO - epoch:36/50 iteration:20/459 batch loss is :3.0999
2025-07-06 20:27:38 - INFO - epoch:36/50 iteration:25/459 batch loss is :2.9056
2025-07-06 20:27:58 - INFO - epoch:36/50 iteration:30/459 batch loss is :2.4572
2025-07-06 20:28:17 - INFO - epoch:36/50 iteration:35/459 batch loss is :1.2724
2025-07-06 20:28:37 - INFO - epoch:36/50 iteration:40/459 batch loss is :2.3121
2025-07-06 20:28:56 - INFO - epoch:36/50 iteration:45/459 batch loss is :2.9854
2025-07-06 20:29:15 - INFO - epoch:36/50 iteration:50/459 batch loss is :3.4340
2025-07-06 20:29:34 - INFO - epoch:36/50 iteration:55/459 batch loss is :3.3075
2025-07-06 20:29:52 - INFO - epoch:36/50 iteration:60/459 batch loss is :2.1807
2025-07-06 20:30:10 - INFO - epoch:36/50 iteration:65/459 batch loss is :3.2670
2025-07-06 20:30:28 - INFO - epoch:36/50 iteration:70/459 batch loss is :4.1100
2025-07-06 20:30:46 - INFO - epoch:36/50 iteration:75/459 batch loss is :1.8894
2025-07-06 20:31:04 - INFO - epoch:36/50 iteration:80/459 batch loss is :3.0066
2025-07-06 20:31:14 - INFO - Epoch:36/50 Loss is :0.4601
2025-07-06 20:31:55 - INFO - epoch:37/50 iteration:0/459 batch loss is :2.8493
2025-07-06 20:32:16 - INFO - epoch:37/50 iteration:5/459 batch loss is :2.9600
2025-07-06 20:32:36 - INFO - epoch:37/50 iteration:10/459 batch loss is :2.0174
2025-07-06 20:32:57 - INFO - epoch:37/50 iteration:15/459 batch loss is :0.8391
2025-07-06 20:33:18 - INFO - epoch:37/50 iteration:20/459 batch loss is :2.7367
2025-07-06 20:33:37 - INFO - epoch:37/50 iteration:25/459 batch loss is :1.8686
2025-07-06 20:33:57 - INFO - epoch:37/50 iteration:30/459 batch loss is :2.6806
2025-07-06 20:34:16 - INFO - epoch:37/50 iteration:35/459 batch loss is :2.0313
2025-07-06 20:34:35 - INFO - epoch:37/50 iteration:40/459 batch loss is :1.8926
2025-07-06 20:34:54 - INFO - epoch:37/50 iteration:45/459 batch loss is :2.1449
2025-07-06 20:35:13 - INFO - epoch:37/50 iteration:50/459 batch loss is :2.4064
2025-07-06 20:35:32 - INFO - epoch:37/50 iteration:55/459 batch loss is :2.1396
2025-07-06 20:35:50 - INFO - epoch:37/50 iteration:60/459 batch loss is :2.8748
2025-07-06 20:36:08 - INFO - epoch:37/50 iteration:65/459 batch loss is :1.4992
2025-07-06 20:36:26 - INFO - epoch:37/50 iteration:70/459 batch loss is :2.1730
2025-07-06 20:36:44 - INFO - epoch:37/50 iteration:75/459 batch loss is :1.5213
2025-07-06 20:37:02 - INFO - epoch:37/50 iteration:80/459 batch loss is :2.2730
2025-07-06 20:37:13 - INFO - Epoch:37/50 Loss is :0.3960
2025-07-06 20:37:50 - INFO - epoch:38/50 iteration:0/459 batch loss is :1.5673
2025-07-06 20:38:11 - INFO - epoch:38/50 iteration:5/459 batch loss is :1.8352
2025-07-06 20:38:32 - INFO - epoch:38/50 iteration:10/459 batch loss is :4.3402
2025-07-06 20:38:53 - INFO - epoch:38/50 iteration:15/459 batch loss is :2.3261
2025-07-06 20:39:13 - INFO - epoch:38/50 iteration:20/459 batch loss is :3.5223
2025-07-06 20:39:32 - INFO - epoch:38/50 iteration:25/459 batch loss is :1.8510
2025-07-06 20:39:52 - INFO - epoch:38/50 iteration:30/459 batch loss is :1.8972
2025-07-06 20:40:10 - INFO - epoch:38/50 iteration:35/459 batch loss is :2.0745
2025-07-06 20:40:29 - INFO - epoch:38/50 iteration:40/459 batch loss is :1.1468
2025-07-06 20:40:48 - INFO - epoch:38/50 iteration:45/459 batch loss is :3.1259
2025-07-06 20:41:07 - INFO - epoch:38/50 iteration:50/459 batch loss is :2.4397
2025-07-06 20:41:26 - INFO - epoch:38/50 iteration:55/459 batch loss is :3.1764
2025-07-06 20:41:44 - INFO - epoch:38/50 iteration:60/459 batch loss is :2.2689
2025-07-06 20:42:01 - INFO - epoch:38/50 iteration:65/459 batch loss is :1.9285
2025-07-06 20:42:19 - INFO - epoch:38/50 iteration:70/459 batch loss is :1.8681
2025-07-06 20:42:37 - INFO - epoch:38/50 iteration:75/459 batch loss is :2.6525
2025-07-06 20:42:55 - INFO - epoch:38/50 iteration:80/459 batch loss is :2.8830
2025-07-06 20:43:05 - INFO - Epoch:38/50 Loss is :0.4335
2025-07-06 20:43:47 - INFO - epoch:39/50 iteration:0/459 batch loss is :0.8825
2025-07-06 20:44:08 - INFO - epoch:39/50 iteration:5/459 batch loss is :3.2019
2025-07-06 20:44:28 - INFO - epoch:39/50 iteration:10/459 batch loss is :1.2288
2025-07-06 20:44:49 - INFO - epoch:39/50 iteration:15/459 batch loss is :1.1119
2025-07-06 20:45:09 - INFO - epoch:39/50 iteration:20/459 batch loss is :1.4011
2025-07-06 20:45:29 - INFO - epoch:39/50 iteration:25/459 batch loss is :2.4203
2025-07-06 20:45:49 - INFO - epoch:39/50 iteration:30/459 batch loss is :1.9397
2025-07-06 20:46:09 - INFO - epoch:39/50 iteration:35/459 batch loss is :1.7305
2025-07-06 20:46:28 - INFO - epoch:39/50 iteration:40/459 batch loss is :2.5751
2025-07-06 20:46:48 - INFO - epoch:39/50 iteration:45/459 batch loss is :2.3478
2025-07-06 20:47:07 - INFO - epoch:39/50 iteration:50/459 batch loss is :2.8523
2025-07-06 20:47:26 - INFO - epoch:39/50 iteration:55/459 batch loss is :2.8743
2025-07-06 20:47:44 - INFO - epoch:39/50 iteration:60/459 batch loss is :3.1045
2025-07-06 20:48:02 - INFO - epoch:39/50 iteration:65/459 batch loss is :2.8778
2025-07-06 20:48:20 - INFO - epoch:39/50 iteration:70/459 batch loss is :2.0466
2025-07-06 20:48:38 - INFO - epoch:39/50 iteration:75/459 batch loss is :2.6328
2025-07-06 20:48:56 - INFO - epoch:39/50 iteration:80/459 batch loss is :3.1122
2025-07-06 20:49:06 - INFO - Epoch:39/50 Loss is :0.4392
2025-07-06 20:49:40 - INFO - epoch:40/50 iteration:0/459 batch loss is :2.5847
2025-07-06 20:50:03 - INFO - epoch:40/50 iteration:5/459 batch loss is :1.1692
2025-07-06 20:50:24 - INFO - epoch:40/50 iteration:10/459 batch loss is :1.6473
2025-07-06 20:50:45 - INFO - epoch:40/50 iteration:15/459 batch loss is :2.1312
2025-07-06 20:51:06 - INFO - epoch:40/50 iteration:20/459 batch loss is :1.9185
2025-07-06 20:51:25 - INFO - epoch:40/50 iteration:25/459 batch loss is :1.5218
2025-07-06 20:51:45 - INFO - epoch:40/50 iteration:30/459 batch loss is :1.7695
2025-07-06 20:52:04 - INFO - epoch:40/50 iteration:35/459 batch loss is :1.6183
2025-07-06 20:52:23 - INFO - epoch:40/50 iteration:40/459 batch loss is :3.0714
2025-07-06 20:52:42 - INFO - epoch:40/50 iteration:45/459 batch loss is :2.0902
2025-07-06 20:53:01 - INFO - epoch:40/50 iteration:50/459 batch loss is :1.5495
2025-07-06 20:53:20 - INFO - epoch:40/50 iteration:55/459 batch loss is :2.6629
2025-07-06 20:53:38 - INFO - epoch:40/50 iteration:60/459 batch loss is :2.5683
2025-07-06 20:53:56 - INFO - epoch:40/50 iteration:65/459 batch loss is :2.0164
2025-07-06 20:54:14 - INFO - epoch:40/50 iteration:70/459 batch loss is :2.7079
2025-07-06 20:54:31 - INFO - epoch:40/50 iteration:75/459 batch loss is :1.9181
2025-07-06 20:54:49 - INFO - epoch:40/50 iteration:80/459 batch loss is :1.9111
2025-07-06 20:55:00 - INFO - Epoch:40/50 Loss is :0.4182
2025-07-06 21:01:44 - INFO - VAL loss :7.5929
2025-07-06 21:02:28 - INFO - epoch:41/50 iteration:0/459 batch loss is :1.5227
2025-07-06 21:02:49 - INFO - epoch:41/50 iteration:5/459 batch loss is :1.8765
2025-07-06 21:03:11 - INFO - epoch:41/50 iteration:10/459 batch loss is :1.4975
2025-07-06 21:03:31 - INFO - epoch:41/50 iteration:15/459 batch loss is :2.6999
2025-07-06 21:03:52 - INFO - epoch:41/50 iteration:20/459 batch loss is :2.5383
2025-07-06 21:04:12 - INFO - epoch:41/50 iteration:25/459 batch loss is :3.4409
2025-07-06 21:04:32 - INFO - epoch:41/50 iteration:30/459 batch loss is :3.8467
2025-07-06 21:04:51 - INFO - epoch:41/50 iteration:35/459 batch loss is :2.6246
2025-07-06 21:05:10 - INFO - epoch:41/50 iteration:40/459 batch loss is :2.8252
2025-07-06 21:05:30 - INFO - epoch:41/50 iteration:45/459 batch loss is :1.9448
2025-07-06 21:05:49 - INFO - epoch:41/50 iteration:50/459 batch loss is :1.4685
2025-07-06 21:06:07 - INFO - epoch:41/50 iteration:55/459 batch loss is :2.3877
2025-07-06 21:06:26 - INFO - epoch:41/50 iteration:60/459 batch loss is :2.1764
2025-07-06 21:06:44 - INFO - epoch:41/50 iteration:65/459 batch loss is :1.5424
2025-07-06 21:07:02 - INFO - epoch:41/50 iteration:70/459 batch loss is :3.2843
2025-07-06 21:07:20 - INFO - epoch:41/50 iteration:75/459 batch loss is :3.2051
2025-07-06 21:07:38 - INFO - epoch:41/50 iteration:80/459 batch loss is :2.5790
2025-07-06 21:07:48 - INFO - Epoch:41/50 Loss is :0.4341
2025-07-06 21:08:28 - INFO - epoch:42/50 iteration:0/459 batch loss is :2.6822
2025-07-06 21:08:53 - INFO - epoch:42/50 iteration:5/459 batch loss is :1.8979
2025-07-06 21:09:13 - INFO - epoch:42/50 iteration:10/459 batch loss is :2.3471
2025-07-06 21:09:35 - INFO - epoch:42/50 iteration:15/459 batch loss is :2.7789
2025-07-06 21:09:55 - INFO - epoch:42/50 iteration:20/459 batch loss is :1.4158
2025-07-06 21:10:15 - INFO - epoch:42/50 iteration:25/459 batch loss is :2.5928
2025-07-06 21:10:34 - INFO - epoch:42/50 iteration:30/459 batch loss is :0.8982
2025-07-06 21:10:54 - INFO - epoch:42/50 iteration:35/459 batch loss is :2.5498
2025-07-06 21:11:13 - INFO - epoch:42/50 iteration:40/459 batch loss is :1.7708
2025-07-06 21:11:32 - INFO - epoch:42/50 iteration:45/459 batch loss is :3.1396
2025-07-06 21:11:52 - INFO - epoch:42/50 iteration:50/459 batch loss is :2.8201
2025-07-06 21:12:11 - INFO - epoch:42/50 iteration:55/459 batch loss is :3.4160
2025-07-06 21:12:29 - INFO - epoch:42/50 iteration:60/459 batch loss is :1.9646
2025-07-06 21:12:47 - INFO - epoch:42/50 iteration:65/459 batch loss is :1.9338
2025-07-06 21:13:05 - INFO - epoch:42/50 iteration:70/459 batch loss is :2.7051
2025-07-06 21:13:23 - INFO - epoch:42/50 iteration:75/459 batch loss is :1.5737
2025-07-06 21:13:40 - INFO - epoch:42/50 iteration:80/459 batch loss is :2.4555
2025-07-06 21:13:51 - INFO - Epoch:42/50 Loss is :0.4427
2025-07-06 21:14:33 - INFO - epoch:43/50 iteration:0/459 batch loss is :2.4913
2025-07-06 21:14:53 - INFO - epoch:43/50 iteration:5/459 batch loss is :3.1065
2025-07-06 21:15:14 - INFO - epoch:43/50 iteration:10/459 batch loss is :2.1366
2025-07-06 21:15:34 - INFO - epoch:43/50 iteration:15/459 batch loss is :1.4132
2025-07-06 21:15:54 - INFO - epoch:43/50 iteration:20/459 batch loss is :2.7371
2025-07-06 21:16:14 - INFO - epoch:43/50 iteration:25/459 batch loss is :1.9879
2025-07-06 21:16:35 - INFO - epoch:43/50 iteration:30/459 batch loss is :2.6815
2025-07-06 21:16:54 - INFO - epoch:43/50 iteration:35/459 batch loss is :3.4975
2025-07-06 21:17:13 - INFO - epoch:43/50 iteration:40/459 batch loss is :2.3529
2025-07-06 21:17:32 - INFO - epoch:43/50 iteration:45/459 batch loss is :3.1117
2025-07-06 21:17:52 - INFO - epoch:43/50 iteration:50/459 batch loss is :2.2979
2025-07-06 21:18:11 - INFO - epoch:43/50 iteration:55/459 batch loss is :3.3654
2025-07-06 21:18:29 - INFO - epoch:43/50 iteration:60/459 batch loss is :3.3209
2025-07-06 21:18:47 - INFO - epoch:43/50 iteration:65/459 batch loss is :3.0647
2025-07-06 21:19:05 - INFO - epoch:43/50 iteration:70/459 batch loss is :3.2272
2025-07-06 21:19:23 - INFO - epoch:43/50 iteration:75/459 batch loss is :2.2196
2025-07-06 21:19:41 - INFO - epoch:43/50 iteration:80/459 batch loss is :2.4160
2025-07-06 21:19:51 - INFO - Epoch:43/50 Loss is :0.4472
2025-07-06 21:20:25 - INFO - epoch:44/50 iteration:0/459 batch loss is :1.0276
2025-07-06 21:20:48 - INFO - epoch:44/50 iteration:5/459 batch loss is :0.9725
2025-07-06 21:21:09 - INFO - epoch:44/50 iteration:10/459 batch loss is :1.9157
2025-07-06 21:21:30 - INFO - epoch:44/50 iteration:15/459 batch loss is :2.8727
2025-07-06 21:21:50 - INFO - epoch:44/50 iteration:20/459 batch loss is :1.8112
2025-07-06 21:22:10 - INFO - epoch:44/50 iteration:25/459 batch loss is :3.1896
2025-07-06 21:22:30 - INFO - epoch:44/50 iteration:30/459 batch loss is :2.8434
2025-07-06 21:22:49 - INFO - epoch:44/50 iteration:35/459 batch loss is :2.1156
2025-07-06 21:23:08 - INFO - epoch:44/50 iteration:40/459 batch loss is :2.1530
2025-07-06 21:23:27 - INFO - epoch:44/50 iteration:45/459 batch loss is :3.2775
2025-07-06 21:23:46 - INFO - epoch:44/50 iteration:50/459 batch loss is :2.1795
2025-07-06 21:24:05 - INFO - epoch:44/50 iteration:55/459 batch loss is :1.7317
2025-07-06 21:24:23 - INFO - epoch:44/50 iteration:60/459 batch loss is :2.4327
2025-07-06 21:24:41 - INFO - epoch:44/50 iteration:65/459 batch loss is :2.5352
2025-07-06 21:24:59 - INFO - epoch:44/50 iteration:70/459 batch loss is :2.9750
2025-07-06 21:25:17 - INFO - epoch:44/50 iteration:75/459 batch loss is :2.8286
2025-07-06 21:25:35 - INFO - epoch:44/50 iteration:80/459 batch loss is :2.5746
2025-07-06 21:25:45 - INFO - Epoch:44/50 Loss is :0.4462
2025-07-06 21:26:25 - INFO - epoch:45/50 iteration:0/459 batch loss is :2.0938
2025-07-06 21:26:47 - INFO - epoch:45/50 iteration:5/459 batch loss is :1.7446
2025-07-06 21:27:07 - INFO - epoch:45/50 iteration:10/459 batch loss is :2.5841
2025-07-06 21:27:27 - INFO - epoch:45/50 iteration:15/459 batch loss is :3.0937
2025-07-06 21:27:47 - INFO - epoch:45/50 iteration:20/459 batch loss is :2.3498
2025-07-06 21:28:07 - INFO - epoch:45/50 iteration:25/459 batch loss is :3.1143
2025-07-06 21:28:26 - INFO - epoch:45/50 iteration:30/459 batch loss is :2.3061
2025-07-06 21:28:45 - INFO - epoch:45/50 iteration:35/459 batch loss is :2.4221
2025-07-06 21:29:04 - INFO - epoch:45/50 iteration:40/459 batch loss is :2.6904
2025-07-06 21:29:23 - INFO - epoch:45/50 iteration:45/459 batch loss is :1.6560
2025-07-06 21:29:42 - INFO - epoch:45/50 iteration:50/459 batch loss is :1.9776
2025-07-06 21:30:01 - INFO - epoch:45/50 iteration:55/459 batch loss is :2.6567
2025-07-06 21:30:20 - INFO - epoch:45/50 iteration:60/459 batch loss is :1.7288
2025-07-06 21:30:38 - INFO - epoch:45/50 iteration:65/459 batch loss is :2.4632
2025-07-06 21:30:56 - INFO - epoch:45/50 iteration:70/459 batch loss is :2.2268
2025-07-06 21:31:13 - INFO - epoch:45/50 iteration:75/459 batch loss is :2.5188
2025-07-06 21:31:31 - INFO - epoch:45/50 iteration:80/459 batch loss is :2.2513
2025-07-06 21:31:41 - INFO - Epoch:45/50 Loss is :0.4093
2025-07-06 21:38:26 - INFO - VAL loss :7.7434
2025-07-06 21:39:07 - INFO - epoch:46/50 iteration:0/459 batch loss is :2.3095
2025-07-06 21:39:28 - INFO - epoch:46/50 iteration:5/459 batch loss is :2.6520
2025-07-06 21:39:49 - INFO - epoch:46/50 iteration:10/459 batch loss is :2.0090
2025-07-06 21:40:10 - INFO - epoch:46/50 iteration:15/459 batch loss is :4.2856
2025-07-06 21:40:31 - INFO - epoch:46/50 iteration:20/459 batch loss is :2.9205
2025-07-06 21:40:50 - INFO - epoch:46/50 iteration:25/459 batch loss is :3.2927
2025-07-06 21:41:10 - INFO - epoch:46/50 iteration:30/459 batch loss is :1.7735
2025-07-06 21:41:29 - INFO - epoch:46/50 iteration:35/459 batch loss is :2.4898
2025-07-06 21:41:49 - INFO - epoch:46/50 iteration:40/459 batch loss is :1.9079
2025-07-06 21:42:08 - INFO - epoch:46/50 iteration:45/459 batch loss is :3.3864
2025-07-06 21:42:27 - INFO - epoch:46/50 iteration:50/459 batch loss is :2.7193
2025-07-06 21:42:46 - INFO - epoch:46/50 iteration:55/459 batch loss is :2.6878
2025-07-06 21:43:04 - INFO - epoch:46/50 iteration:60/459 batch loss is :1.8696
2025-07-06 21:43:22 - INFO - epoch:46/50 iteration:65/459 batch loss is :2.4339
2025-07-06 21:43:39 - INFO - epoch:46/50 iteration:70/459 batch loss is :2.8163
2025-07-06 21:43:57 - INFO - epoch:46/50 iteration:75/459 batch loss is :2.3180
2025-07-06 21:44:15 - INFO - epoch:46/50 iteration:80/459 batch loss is :2.1203
2025-07-06 21:44:25 - INFO - Epoch:46/50 Loss is :0.4457
2025-07-06 21:45:07 - INFO - epoch:47/50 iteration:0/459 batch loss is :2.2248
2025-07-06 21:45:28 - INFO - epoch:47/50 iteration:5/459 batch loss is :2.4708
2025-07-06 21:45:48 - INFO - epoch:47/50 iteration:10/459 batch loss is :2.9627
2025-07-06 21:46:09 - INFO - epoch:47/50 iteration:15/459 batch loss is :2.0500
2025-07-06 21:46:30 - INFO - epoch:47/50 iteration:20/459 batch loss is :1.0637
2025-07-06 21:46:50 - INFO - epoch:47/50 iteration:25/459 batch loss is :2.6171
2025-07-06 21:47:10 - INFO - epoch:47/50 iteration:30/459 batch loss is :2.6747
2025-07-06 21:47:30 - INFO - epoch:47/50 iteration:35/459 batch loss is :2.3495
2025-07-06 21:47:49 - INFO - epoch:47/50 iteration:40/459 batch loss is :3.1947
2025-07-06 21:48:08 - INFO - epoch:47/50 iteration:45/459 batch loss is :3.3024
2025-07-06 21:48:27 - INFO - epoch:47/50 iteration:50/459 batch loss is :1.9943
2025-07-06 21:48:47 - INFO - epoch:47/50 iteration:55/459 batch loss is :1.6978
2025-07-06 21:49:05 - INFO - epoch:47/50 iteration:60/459 batch loss is :2.0536
2025-07-06 21:49:23 - INFO - epoch:47/50 iteration:65/459 batch loss is :2.7953
2025-07-06 21:49:41 - INFO - epoch:47/50 iteration:70/459 batch loss is :2.0031
2025-07-06 21:49:59 - INFO - epoch:47/50 iteration:75/459 batch loss is :1.7061
2025-07-06 21:50:17 - INFO - epoch:47/50 iteration:80/459 batch loss is :2.6195
2025-07-06 21:50:27 - INFO - Epoch:47/50 Loss is :0.4069
2025-07-06 21:51:05 - INFO - epoch:48/50 iteration:0/459 batch loss is :2.6660
2025-07-06 21:51:28 - INFO - epoch:48/50 iteration:5/459 batch loss is :2.4161
2025-07-06 21:51:48 - INFO - epoch:48/50 iteration:10/459 batch loss is :0.8757
2025-07-06 21:52:09 - INFO - epoch:48/50 iteration:15/459 batch loss is :2.8244
2025-07-06 21:52:29 - INFO - epoch:48/50 iteration:20/459 batch loss is :1.4524
2025-07-06 21:52:48 - INFO - epoch:48/50 iteration:25/459 batch loss is :2.1971
2025-07-06 21:53:08 - INFO - epoch:48/50 iteration:30/459 batch loss is :2.5999
2025-07-06 21:53:27 - INFO - epoch:48/50 iteration:35/459 batch loss is :4.6083
2025-07-06 21:53:46 - INFO - epoch:48/50 iteration:40/459 batch loss is :0.9036
2025-07-06 21:54:05 - INFO - epoch:48/50 iteration:45/459 batch loss is :2.2903
2025-07-06 21:54:24 - INFO - epoch:48/50 iteration:50/459 batch loss is :2.5264
2025-07-06 21:54:43 - INFO - epoch:48/50 iteration:55/459 batch loss is :2.9609
2025-07-06 21:55:01 - INFO - epoch:48/50 iteration:60/459 batch loss is :2.5142
2025-07-06 21:55:19 - INFO - epoch:48/50 iteration:65/459 batch loss is :2.6518
2025-07-06 21:55:37 - INFO - epoch:48/50 iteration:70/459 batch loss is :1.5335
2025-07-06 21:55:54 - INFO - epoch:48/50 iteration:75/459 batch loss is :3.6709
2025-07-06 21:56:13 - INFO - epoch:48/50 iteration:80/459 batch loss is :2.3365
2025-07-06 21:56:23 - INFO - Epoch:48/50 Loss is :0.4531
2025-07-06 21:57:03 - INFO - epoch:49/50 iteration:0/459 batch loss is :1.9119
2025-07-06 21:57:24 - INFO - epoch:49/50 iteration:5/459 batch loss is :2.0757
2025-07-06 21:57:44 - INFO - epoch:49/50 iteration:10/459 batch loss is :2.0621
2025-07-06 21:58:05 - INFO - epoch:49/50 iteration:15/459 batch loss is :2.1046
2025-07-06 21:58:25 - INFO - epoch:49/50 iteration:20/459 batch loss is :3.5835
2025-07-06 21:58:45 - INFO - epoch:49/50 iteration:25/459 batch loss is :1.4838
2025-07-06 21:59:05 - INFO - epoch:49/50 iteration:30/459 batch loss is :2.2729
2025-07-06 21:59:25 - INFO - epoch:49/50 iteration:35/459 batch loss is :2.3971
2025-07-06 21:59:43 - INFO - epoch:49/50 iteration:40/459 batch loss is :2.0493
2025-07-06 22:00:02 - INFO - epoch:49/50 iteration:45/459 batch loss is :2.2877
2025-07-06 22:00:21 - INFO - epoch:49/50 iteration:50/459 batch loss is :1.2015
2025-07-06 22:00:41 - INFO - epoch:49/50 iteration:55/459 batch loss is :2.2147
2025-07-06 22:00:59 - INFO - epoch:49/50 iteration:60/459 batch loss is :3.2903
2025-07-06 22:01:17 - INFO - epoch:49/50 iteration:65/459 batch loss is :3.0046
2025-07-06 22:01:35 - INFO - epoch:49/50 iteration:70/459 batch loss is :2.7530
2025-07-06 22:01:53 - INFO - epoch:49/50 iteration:75/459 batch loss is :1.3916
2025-07-06 22:02:11 - INFO - epoch:49/50 iteration:80/459 batch loss is :3.4044
2025-07-06 22:02:21 - INFO - Epoch:49/50 Loss is :0.4373
2025-07-06 22:09:20 - INFO - VAL loss :7.4757
2025-07-06 22:09:23 - INFO - fold number:1
2025-07-06 22:12:16 - INFO - epoch:0/50 iteration:0/459 batch loss is :2.6936
2025-07-06 22:12:37 - INFO - epoch:0/50 iteration:5/459 batch loss is :1.8772
2025-07-06 22:12:58 - INFO - epoch:0/50 iteration:10/459 batch loss is :1.7718
2025-07-06 22:13:18 - INFO - epoch:0/50 iteration:15/459 batch loss is :3.0219
2025-07-06 22:13:39 - INFO - epoch:0/50 iteration:20/459 batch loss is :0.2931
2025-07-06 22:13:59 - INFO - epoch:0/50 iteration:25/459 batch loss is :2.4252
2025-07-06 22:14:19 - INFO - epoch:0/50 iteration:30/459 batch loss is :2.3567
2025-07-06 22:14:39 - INFO - epoch:0/50 iteration:35/459 batch loss is :2.0410
2025-07-06 22:14:58 - INFO - epoch:0/50 iteration:40/459 batch loss is :2.5607
2025-07-06 22:15:17 - INFO - epoch:0/50 iteration:45/459 batch loss is :1.9978
2025-07-06 22:15:36 - INFO - epoch:0/50 iteration:50/459 batch loss is :2.7794
2025-07-06 22:15:55 - INFO - epoch:0/50 iteration:55/459 batch loss is :3.3744
2025-07-06 22:16:13 - INFO - epoch:0/50 iteration:60/459 batch loss is :3.3228
2025-07-06 22:16:31 - INFO - epoch:0/50 iteration:65/459 batch loss is :2.1333
2025-07-06 22:16:49 - INFO - epoch:0/50 iteration:70/459 batch loss is :3.3516
2025-07-06 22:17:07 - INFO - epoch:0/50 iteration:75/459 batch loss is :3.1301
2025-07-06 22:17:25 - INFO - epoch:0/50 iteration:80/459 batch loss is :3.0278
2025-07-06 22:17:35 - INFO - Epoch:0/50 Loss is :0.4345
2025-07-06 22:26:40 - INFO - VAL loss :7.7544
2025-07-06 22:27:25 - INFO - epoch:1/50 iteration:0/459 batch loss is :3.1730
2025-07-06 22:27:45 - INFO - epoch:1/50 iteration:5/459 batch loss is :1.6961
2025-07-06 22:28:06 - INFO - epoch:1/50 iteration:10/459 batch loss is :2.9402
2025-07-06 22:28:27 - INFO - epoch:1/50 iteration:15/459 batch loss is :3.2965
2025-07-06 22:28:47 - INFO - epoch:1/50 iteration:20/459 batch loss is :2.0395
2025-07-06 22:29:07 - INFO - epoch:1/50 iteration:25/459 batch loss is :3.1935
2025-07-06 22:29:27 - INFO - epoch:1/50 iteration:30/459 batch loss is :3.2382
2025-07-06 22:29:46 - INFO - epoch:1/50 iteration:35/459 batch loss is :0.5032
2025-07-06 22:30:05 - INFO - epoch:1/50 iteration:40/459 batch loss is :2.4796
2025-07-06 22:30:24 - INFO - epoch:1/50 iteration:45/459 batch loss is :2.5561
2025-07-06 22:30:43 - INFO - epoch:1/50 iteration:50/459 batch loss is :2.0632
2025-07-06 22:31:02 - INFO - epoch:1/50 iteration:55/459 batch loss is :4.1132
2025-07-06 22:31:20 - INFO - epoch:1/50 iteration:60/459 batch loss is :1.5974
2025-07-06 22:31:38 - INFO - epoch:1/50 iteration:65/459 batch loss is :2.4726
2025-07-06 22:31:56 - INFO - epoch:1/50 iteration:70/459 batch loss is :2.0033
2025-07-06 22:32:14 - INFO - epoch:1/50 iteration:75/459 batch loss is :2.2093
2025-07-06 22:32:31 - INFO - epoch:1/50 iteration:80/459 batch loss is :1.8231
2025-07-06 22:32:42 - INFO - Epoch:1/50 Loss is :nan
2025-07-06 22:33:22 - INFO - epoch:2/50 iteration:0/459 batch loss is :1.2088
2025-07-06 22:33:43 - INFO - epoch:2/50 iteration:5/459 batch loss is :3.6175
2025-07-06 22:34:04 - INFO - epoch:2/50 iteration:10/459 batch loss is :2.4100
2025-07-06 22:34:25 - INFO - epoch:2/50 iteration:15/459 batch loss is :1.6171
2025-07-06 22:34:45 - INFO - epoch:2/50 iteration:20/459 batch loss is :2.8638
2025-07-06 22:35:05 - INFO - epoch:2/50 iteration:25/459 batch loss is :2.3458
2025-07-06 22:35:24 - INFO - epoch:2/50 iteration:30/459 batch loss is :2.5109
2025-07-06 22:35:43 - INFO - epoch:2/50 iteration:35/459 batch loss is :2.8767
2025-07-06 22:36:02 - INFO - epoch:2/50 iteration:40/459 batch loss is :3.8910
2025-07-06 22:36:21 - INFO - epoch:2/50 iteration:45/459 batch loss is :1.2920
2025-07-06 22:36:40 - INFO - epoch:2/50 iteration:50/459 batch loss is :2.2357
2025-07-06 22:36:59 - INFO - epoch:2/50 iteration:55/459 batch loss is :2.5944
2025-07-06 22:37:17 - INFO - epoch:2/50 iteration:60/459 batch loss is :1.6217
2025-07-06 22:37:35 - INFO - epoch:2/50 iteration:65/459 batch loss is :3.2575
2025-07-06 22:37:53 - INFO - epoch:2/50 iteration:70/459 batch loss is :1.7898
2025-07-06 22:38:11 - INFO - epoch:2/50 iteration:75/459 batch loss is :1.8569
2025-07-06 22:38:29 - INFO - epoch:2/50 iteration:80/459 batch loss is :2.2643
2025-07-06 22:38:39 - INFO - Epoch:2/50 Loss is :0.4544
2025-07-06 22:39:15 - INFO - epoch:3/50 iteration:0/459 batch loss is :1.4201
2025-07-06 22:39:37 - INFO - epoch:3/50 iteration:5/459 batch loss is :2.1895
2025-07-06 22:39:57 - INFO - epoch:3/50 iteration:10/459 batch loss is :1.8943
2025-07-06 22:40:18 - INFO - epoch:3/50 iteration:15/459 batch loss is :1.3382
2025-07-06 22:40:39 - INFO - epoch:3/50 iteration:20/459 batch loss is :2.5956
2025-07-06 22:40:59 - INFO - epoch:3/50 iteration:25/459 batch loss is :2.3728
2025-07-06 22:41:18 - INFO - epoch:3/50 iteration:30/459 batch loss is :2.7970
2025-07-06 22:41:37 - INFO - epoch:3/50 iteration:35/459 batch loss is :2.5757
2025-07-06 22:41:56 - INFO - epoch:3/50 iteration:40/459 batch loss is :1.9773
2025-07-06 22:42:15 - INFO - epoch:3/50 iteration:45/459 batch loss is :2.2999
2025-07-06 22:42:34 - INFO - epoch:3/50 iteration:50/459 batch loss is :3.4420
2025-07-06 22:42:53 - INFO - epoch:3/50 iteration:55/459 batch loss is :3.3667
2025-07-06 22:43:11 - INFO - epoch:3/50 iteration:60/459 batch loss is :2.4962
2025-07-06 22:43:29 - INFO - epoch:3/50 iteration:65/459 batch loss is :3.1175
2025-07-06 22:43:47 - INFO - epoch:3/50 iteration:70/459 batch loss is :2.1591
2025-07-06 22:44:05 - INFO - epoch:3/50 iteration:75/459 batch loss is :2.4708
2025-07-06 22:44:23 - INFO - epoch:3/50 iteration:80/459 batch loss is :3.1836
2025-07-06 22:44:33 - INFO - Epoch:3/50 Loss is :nan
2025-07-06 22:45:15 - INFO - epoch:4/50 iteration:0/459 batch loss is :1.8629
2025-07-06 22:45:36 - INFO - epoch:4/50 iteration:5/459 batch loss is :0.6291
2025-07-06 22:45:57 - INFO - epoch:4/50 iteration:10/459 batch loss is :1.4056
2025-07-06 22:46:17 - INFO - epoch:4/50 iteration:15/459 batch loss is :2.4763
2025-07-06 22:46:38 - INFO - epoch:4/50 iteration:20/459 batch loss is :2.8099
2025-07-06 22:46:58 - INFO - epoch:4/50 iteration:25/459 batch loss is :2.3863
2025-07-06 22:47:18 - INFO - epoch:4/50 iteration:30/459 batch loss is :1.8986
2025-07-06 22:47:38 - INFO - epoch:4/50 iteration:35/459 batch loss is :1.8117
2025-07-06 22:47:57 - INFO - epoch:4/50 iteration:40/459 batch loss is :2.2278
2025-07-06 22:48:16 - INFO - epoch:4/50 iteration:45/459 batch loss is :2.3224
2025-07-06 22:48:35 - INFO - epoch:4/50 iteration:50/459 batch loss is :1.9785
2025-07-06 22:48:55 - INFO - epoch:4/50 iteration:55/459 batch loss is :1.9917
2025-07-06 22:49:13 - INFO - epoch:4/50 iteration:60/459 batch loss is :3.8470
2025-07-06 22:49:31 - INFO - epoch:4/50 iteration:65/459 batch loss is :3.5412
2025-07-06 22:49:49 - INFO - epoch:4/50 iteration:70/459 batch loss is :2.5080
2025-07-06 22:50:07 - INFO - epoch:4/50 iteration:75/459 batch loss is :1.2250
2025-07-06 22:50:25 - INFO - epoch:4/50 iteration:80/459 batch loss is :3.2223
2025-07-06 22:50:35 - INFO - Epoch:4/50 Loss is :0.4341
2025-07-06 22:51:08 - INFO - epoch:5/50 iteration:0/459 batch loss is :1.3409
2025-07-06 22:51:29 - INFO - epoch:5/50 iteration:5/459 batch loss is :2.5504
2025-07-06 22:51:50 - INFO - epoch:5/50 iteration:10/459 batch loss is :2.7082
2025-07-06 22:52:11 - INFO - epoch:5/50 iteration:15/459 batch loss is :2.4116
2025-07-06 22:52:33 - INFO - epoch:5/50 iteration:20/459 batch loss is :2.9321
2025-07-06 22:52:53 - INFO - epoch:5/50 iteration:25/459 batch loss is :3.9072
2025-07-06 22:53:13 - INFO - epoch:5/50 iteration:30/459 batch loss is :2.9296
2025-07-06 22:53:31 - INFO - epoch:5/50 iteration:35/459 batch loss is :1.5977
2025-07-06 22:53:51 - INFO - epoch:5/50 iteration:40/459 batch loss is :1.9468
2025-07-06 22:54:09 - INFO - epoch:5/50 iteration:45/459 batch loss is :2.1183
2025-07-06 22:54:29 - INFO - epoch:5/50 iteration:50/459 batch loss is :2.1902
2025-07-06 22:54:47 - INFO - epoch:5/50 iteration:55/459 batch loss is :3.0868
2025-07-06 22:55:05 - INFO - epoch:5/50 iteration:60/459 batch loss is :2.2335
2025-07-06 22:55:23 - INFO - epoch:5/50 iteration:65/459 batch loss is :3.0314
2025-07-06 22:55:41 - INFO - epoch:5/50 iteration:70/459 batch loss is :3.8339
2025-07-06 22:55:59 - INFO - epoch:5/50 iteration:75/459 batch loss is :2.5952
2025-07-06 22:56:17 - INFO - epoch:5/50 iteration:80/459 batch loss is :3.8108
2025-07-06 22:56:27 - INFO - Epoch:5/50 Loss is :0.4509
2025-07-06 23:03:20 - INFO - VAL loss :7.4997
2025-07-06 23:04:04 - INFO - epoch:6/50 iteration:0/459 batch loss is :2.0446
2025-07-06 23:04:24 - INFO - epoch:6/50 iteration:5/459 batch loss is :2.3114
2025-07-06 23:04:45 - INFO - epoch:6/50 iteration:10/459 batch loss is :1.5200
2025-07-06 23:05:06 - INFO - epoch:6/50 iteration:15/459 batch loss is :2.5474
2025-07-06 23:05:27 - INFO - epoch:6/50 iteration:20/459 batch loss is :2.7910
2025-07-06 23:05:46 - INFO - epoch:6/50 iteration:25/459 batch loss is :2.5605
2025-07-06 23:06:07 - INFO - epoch:6/50 iteration:30/459 batch loss is :2.8846
2025-07-06 23:06:26 - INFO - epoch:6/50 iteration:35/459 batch loss is :2.1270
2025-07-06 23:06:46 - INFO - epoch:6/50 iteration:40/459 batch loss is :3.8083
2025-07-06 23:07:05 - INFO - epoch:6/50 iteration:45/459 batch loss is :2.5884
2025-07-06 23:07:24 - INFO - epoch:6/50 iteration:50/459 batch loss is :2.1011
2025-07-06 23:07:43 - INFO - epoch:6/50 iteration:55/459 batch loss is :2.9190
2025-07-06 23:08:01 - INFO - epoch:6/50 iteration:60/459 batch loss is :3.2552
2025-07-06 23:08:19 - INFO - epoch:6/50 iteration:65/459 batch loss is :2.4769
2025-07-06 23:08:37 - INFO - epoch:6/50 iteration:70/459 batch loss is :3.6030
2025-07-06 23:08:54 - INFO - epoch:6/50 iteration:75/459 batch loss is :2.7024
2025-07-06 23:09:12 - INFO - epoch:6/50 iteration:80/459 batch loss is :1.2466
2025-07-06 23:09:23 - INFO - Epoch:6/50 Loss is :0.4590
2025-07-06 23:10:02 - INFO - epoch:7/50 iteration:0/459 batch loss is :2.1755
2025-07-06 23:10:22 - INFO - epoch:7/50 iteration:5/459 batch loss is :2.1087
2025-07-06 23:10:43 - INFO - epoch:7/50 iteration:10/459 batch loss is :2.9336
2025-07-06 23:11:03 - INFO - epoch:7/50 iteration:15/459 batch loss is :0.6194
2025-07-06 23:11:24 - INFO - epoch:7/50 iteration:20/459 batch loss is :1.5271
2025-07-06 23:11:43 - INFO - epoch:7/50 iteration:25/459 batch loss is :1.0994
2025-07-06 23:12:02 - INFO - epoch:7/50 iteration:30/459 batch loss is :1.8545
2025-07-06 23:12:22 - INFO - epoch:7/50 iteration:35/459 batch loss is :2.8178
2025-07-06 23:12:41 - INFO - epoch:7/50 iteration:40/459 batch loss is :2.8904
2025-07-06 23:13:00 - INFO - epoch:7/50 iteration:45/459 batch loss is :1.4855
2025-07-06 23:13:19 - INFO - epoch:7/50 iteration:50/459 batch loss is :5.2696
2025-07-06 23:13:38 - INFO - epoch:7/50 iteration:55/459 batch loss is :2.4358
2025-07-06 23:13:56 - INFO - epoch:7/50 iteration:60/459 batch loss is :1.3810
2025-07-06 23:14:13 - INFO - epoch:7/50 iteration:65/459 batch loss is :2.9992
2025-07-06 23:14:31 - INFO - epoch:7/50 iteration:70/459 batch loss is :2.0478
2025-07-06 23:14:49 - INFO - epoch:7/50 iteration:75/459 batch loss is :4.2306
2025-07-06 23:15:07 - INFO - epoch:7/50 iteration:80/459 batch loss is :2.2179
2025-07-06 23:15:17 - INFO - Epoch:7/50 Loss is :0.4369
2025-07-06 23:15:56 - INFO - epoch:8/50 iteration:0/459 batch loss is :3.1564
2025-07-06 23:16:17 - INFO - epoch:8/50 iteration:5/459 batch loss is :2.3655
2025-07-06 23:16:37 - INFO - epoch:8/50 iteration:10/459 batch loss is :2.2333
2025-07-06 23:16:58 - INFO - epoch:8/50 iteration:15/459 batch loss is :1.8718
2025-07-06 23:17:19 - INFO - epoch:8/50 iteration:20/459 batch loss is :1.9894
2025-07-06 23:17:39 - INFO - epoch:8/50 iteration:25/459 batch loss is :2.6103
2025-07-06 23:17:59 - INFO - epoch:8/50 iteration:30/459 batch loss is :2.6495
2025-07-06 23:18:19 - INFO - epoch:8/50 iteration:35/459 batch loss is :1.9044
2025-07-06 23:18:38 - INFO - epoch:8/50 iteration:40/459 batch loss is :3.7104
2025-07-06 23:18:57 - INFO - epoch:8/50 iteration:45/459 batch loss is :2.6142
2025-07-06 23:19:17 - INFO - epoch:8/50 iteration:50/459 batch loss is :2.8011
2025-07-06 23:19:36 - INFO - epoch:8/50 iteration:55/459 batch loss is :1.9362
2025-07-06 23:19:54 - INFO - epoch:8/50 iteration:60/459 batch loss is :3.5821
2025-07-06 23:20:12 - INFO - epoch:8/50 iteration:65/459 batch loss is :1.4859
2025-07-06 23:20:30 - INFO - epoch:8/50 iteration:70/459 batch loss is :2.8043
2025-07-06 23:20:48 - INFO - epoch:8/50 iteration:75/459 batch loss is :3.4917
2025-07-06 23:21:06 - INFO - epoch:8/50 iteration:80/459 batch loss is :4.1835
2025-07-06 23:21:16 - INFO - Epoch:8/50 Loss is :0.4475
2025-07-06 23:21:57 - INFO - epoch:9/50 iteration:0/459 batch loss is :1.8392
2025-07-06 23:22:18 - INFO - epoch:9/50 iteration:5/459 batch loss is :2.4122
2025-07-06 23:22:39 - INFO - epoch:9/50 iteration:10/459 batch loss is :1.2915
2025-07-06 23:22:59 - INFO - epoch:9/50 iteration:15/459 batch loss is :2.7254
2025-07-06 23:23:19 - INFO - epoch:9/50 iteration:20/459 batch loss is :1.6899
2025-07-06 23:23:39 - INFO - epoch:9/50 iteration:25/459 batch loss is :2.4881
2025-07-06 23:23:58 - INFO - epoch:9/50 iteration:30/459 batch loss is :2.3083
2025-07-06 23:24:17 - INFO - epoch:9/50 iteration:35/459 batch loss is :1.7284
2025-07-06 23:24:35 - INFO - epoch:9/50 iteration:40/459 batch loss is :1.5249
2025-07-06 23:24:55 - INFO - epoch:9/50 iteration:45/459 batch loss is :2.3252
2025-07-06 23:25:14 - INFO - epoch:9/50 iteration:50/459 batch loss is :1.8118
2025-07-06 23:25:33 - INFO - epoch:9/50 iteration:55/459 batch loss is :2.3803
2025-07-06 23:25:51 - INFO - epoch:9/50 iteration:60/459 batch loss is :2.8594
2025-07-06 23:26:09 - INFO - epoch:9/50 iteration:65/459 batch loss is :3.0064
2025-07-06 23:26:27 - INFO - epoch:9/50 iteration:70/459 batch loss is :1.6491
2025-07-06 23:26:45 - INFO - epoch:9/50 iteration:75/459 batch loss is :1.9818
2025-07-06 23:27:03 - INFO - epoch:9/50 iteration:80/459 batch loss is :2.8775
2025-07-06 23:27:13 - INFO - Epoch:9/50 Loss is :0.4251
2025-07-06 23:27:50 - INFO - epoch:10/50 iteration:0/459 batch loss is :2.0202
2025-07-06 23:28:11 - INFO - epoch:10/50 iteration:5/459 batch loss is :2.6330
2025-07-06 23:28:31 - INFO - epoch:10/50 iteration:10/459 batch loss is :3.6140
2025-07-06 23:28:51 - INFO - epoch:10/50 iteration:15/459 batch loss is :2.2705
2025-07-06 23:29:12 - INFO - epoch:10/50 iteration:20/459 batch loss is :1.7811
2025-07-06 23:29:32 - INFO - epoch:10/50 iteration:25/459 batch loss is :2.2724
2025-07-06 23:29:52 - INFO - epoch:10/50 iteration:30/459 batch loss is :2.9381
2025-07-06 23:30:12 - INFO - epoch:10/50 iteration:35/459 batch loss is :1.8682
2025-07-06 23:30:32 - INFO - epoch:10/50 iteration:40/459 batch loss is :2.0140
2025-07-06 23:30:51 - INFO - epoch:10/50 iteration:45/459 batch loss is :3.3612
2025-07-06 23:31:10 - INFO - epoch:10/50 iteration:50/459 batch loss is :3.2327
2025-07-06 23:31:29 - INFO - epoch:10/50 iteration:55/459 batch loss is :1.8289
2025-07-06 23:31:47 - INFO - epoch:10/50 iteration:60/459 batch loss is :2.0660
2025-07-06 23:32:05 - INFO - epoch:10/50 iteration:65/459 batch loss is :3.6143
2025-07-06 23:32:23 - INFO - epoch:10/50 iteration:70/459 batch loss is :2.3555
2025-07-06 23:32:41 - INFO - epoch:10/50 iteration:75/459 batch loss is :2.1964
2025-07-06 23:32:59 - INFO - epoch:10/50 iteration:80/459 batch loss is :2.6832
2025-07-06 23:33:09 - INFO - Epoch:10/50 Loss is :0.4448
2025-07-06 23:40:09 - INFO - VAL loss :7.5748
2025-07-06 23:40:52 - INFO - epoch:11/50 iteration:0/459 batch loss is :2.0545
2025-07-06 23:41:14 - INFO - epoch:11/50 iteration:5/459 batch loss is :2.7200
2025-07-06 23:41:34 - INFO - epoch:11/50 iteration:10/459 batch loss is :1.8736
2025-07-06 23:41:55 - INFO - epoch:11/50 iteration:15/459 batch loss is :0.9329
2025-07-06 23:42:15 - INFO - epoch:11/50 iteration:20/459 batch loss is :1.0492
2025-07-06 23:42:35 - INFO - epoch:11/50 iteration:25/459 batch loss is :1.9456
2025-07-06 23:42:54 - INFO - epoch:11/50 iteration:30/459 batch loss is :3.0557
2025-07-06 23:43:13 - INFO - epoch:11/50 iteration:35/459 batch loss is :1.6360
2025-07-06 23:43:32 - INFO - epoch:11/50 iteration:40/459 batch loss is :2.3274
2025-07-06 23:43:51 - INFO - epoch:11/50 iteration:45/459 batch loss is :2.3142
2025-07-06 23:44:10 - INFO - epoch:11/50 iteration:50/459 batch loss is :1.8429
2025-07-06 23:44:29 - INFO - epoch:11/50 iteration:55/459 batch loss is :2.0624
2025-07-06 23:44:48 - INFO - epoch:11/50 iteration:60/459 batch loss is :2.7960
2025-07-06 23:45:05 - INFO - epoch:11/50 iteration:65/459 batch loss is :2.1264
2025-07-06 23:45:23 - INFO - epoch:11/50 iteration:70/459 batch loss is :1.7162
2025-07-06 23:45:42 - INFO - epoch:11/50 iteration:75/459 batch loss is :2.3314
2025-07-06 23:45:59 - INFO - epoch:11/50 iteration:80/459 batch loss is :3.4370
2025-07-06 23:46:10 - INFO - Epoch:11/50 Loss is :0.4246
2025-07-06 23:46:48 - INFO - epoch:12/50 iteration:0/459 batch loss is :1.8247
2025-07-06 23:47:09 - INFO - epoch:12/50 iteration:5/459 batch loss is :3.5628
2025-07-06 23:47:30 - INFO - epoch:12/50 iteration:10/459 batch loss is :2.6119
2025-07-06 23:47:52 - INFO - epoch:12/50 iteration:15/459 batch loss is :2.6662
2025-07-06 23:48:13 - INFO - epoch:12/50 iteration:20/459 batch loss is :2.1234
2025-07-06 23:48:33 - INFO - epoch:12/50 iteration:25/459 batch loss is :2.5065
2025-07-06 23:48:53 - INFO - epoch:12/50 iteration:30/459 batch loss is :3.1980
2025-07-06 23:49:12 - INFO - epoch:12/50 iteration:35/459 batch loss is :3.0327
2025-07-06 23:49:31 - INFO - epoch:12/50 iteration:40/459 batch loss is :2.7700
2025-07-06 23:49:51 - INFO - epoch:12/50 iteration:45/459 batch loss is :2.7167
2025-07-06 23:50:10 - INFO - epoch:12/50 iteration:50/459 batch loss is :3.4836
2025-07-06 23:50:29 - INFO - epoch:12/50 iteration:55/459 batch loss is :0.9854
2025-07-06 23:50:47 - INFO - epoch:12/50 iteration:60/459 batch loss is :2.5990
2025-07-06 23:51:05 - INFO - epoch:12/50 iteration:65/459 batch loss is :2.6693
2025-07-06 23:51:23 - INFO - epoch:12/50 iteration:70/459 batch loss is :3.4561
2025-07-06 23:51:41 - INFO - epoch:12/50 iteration:75/459 batch loss is :2.6248
2025-07-06 23:51:59 - INFO - epoch:12/50 iteration:80/459 batch loss is :2.0343
2025-07-06 23:52:09 - INFO - Epoch:12/50 Loss is :0.4505
2025-07-06 23:52:44 - INFO - epoch:13/50 iteration:0/459 batch loss is :3.1016
2025-07-06 23:53:09 - INFO - epoch:13/50 iteration:5/459 batch loss is :1.8565
2025-07-06 23:53:30 - INFO - epoch:13/50 iteration:10/459 batch loss is :2.4036
2025-07-06 23:53:50 - INFO - epoch:13/50 iteration:15/459 batch loss is :1.1236
2025-07-06 23:54:11 - INFO - epoch:13/50 iteration:20/459 batch loss is :1.6802
2025-07-06 23:54:30 - INFO - epoch:13/50 iteration:25/459 batch loss is :2.1298
2025-07-06 23:54:49 - INFO - epoch:13/50 iteration:30/459 batch loss is :2.6236
2025-07-06 23:55:08 - INFO - epoch:13/50 iteration:35/459 batch loss is :1.4990
2025-07-06 23:55:27 - INFO - epoch:13/50 iteration:40/459 batch loss is :3.5410
2025-07-06 23:55:46 - INFO - epoch:13/50 iteration:45/459 batch loss is :2.7040
2025-07-06 23:56:06 - INFO - epoch:13/50 iteration:50/459 batch loss is :1.7939
2025-07-06 23:56:24 - INFO - epoch:13/50 iteration:55/459 batch loss is :3.2365
2025-07-06 23:56:42 - INFO - epoch:13/50 iteration:60/459 batch loss is :2.7333
2025-07-06 23:57:00 - INFO - epoch:13/50 iteration:65/459 batch loss is :2.7376
2025-07-06 23:57:18 - INFO - epoch:13/50 iteration:70/459 batch loss is :3.5214
2025-07-06 23:57:36 - INFO - epoch:13/50 iteration:75/459 batch loss is :3.9424
2025-07-06 23:57:54 - INFO - epoch:13/50 iteration:80/459 batch loss is :2.5977
2025-07-06 23:58:04 - INFO - Epoch:13/50 Loss is :0.4343
2025-07-06 23:58:48 - INFO - epoch:14/50 iteration:0/459 batch loss is :3.8442
2025-07-06 23:59:08 - INFO - epoch:14/50 iteration:5/459 batch loss is :3.0451
2025-07-06 23:59:28 - INFO - epoch:14/50 iteration:10/459 batch loss is :1.9144
2025-07-06 23:59:49 - INFO - epoch:14/50 iteration:15/459 batch loss is :2.4883
2025-07-07 00:00:10 - INFO - epoch:14/50 iteration:20/459 batch loss is :2.6004
2025-07-07 00:00:29 - INFO - epoch:14/50 iteration:25/459 batch loss is :0.3464
2025-07-07 00:00:50 - INFO - epoch:14/50 iteration:30/459 batch loss is :2.0629
2025-07-07 00:01:09 - INFO - epoch:14/50 iteration:35/459 batch loss is :3.1137
2025-07-07 00:01:28 - INFO - epoch:14/50 iteration:40/459 batch loss is :2.5745
2025-07-07 00:01:47 - INFO - epoch:14/50 iteration:45/459 batch loss is :2.7532
2025-07-07 00:02:06 - INFO - epoch:14/50 iteration:50/459 batch loss is :2.1892
2025-07-07 00:02:25 - INFO - epoch:14/50 iteration:55/459 batch loss is :3.4841
2025-07-07 00:02:44 - INFO - epoch:14/50 iteration:60/459 batch loss is :3.2639
2025-07-07 00:03:02 - INFO - epoch:14/50 iteration:65/459 batch loss is :2.3078
2025-07-07 00:03:20 - INFO - epoch:14/50 iteration:70/459 batch loss is :2.7521
2025-07-07 00:03:38 - INFO - epoch:14/50 iteration:75/459 batch loss is :1.8940
2025-07-07 00:03:55 - INFO - epoch:14/50 iteration:80/459 batch loss is :2.0953
2025-07-07 00:04:06 - INFO - Epoch:14/50 Loss is :0.4435
2025-07-07 00:04:50 - INFO - epoch:15/50 iteration:0/459 batch loss is :2.4522
2025-07-07 00:05:11 - INFO - epoch:15/50 iteration:5/459 batch loss is :2.1108
2025-07-07 00:05:32 - INFO - epoch:15/50 iteration:10/459 batch loss is :2.7826
2025-07-07 00:05:52 - INFO - epoch:15/50 iteration:15/459 batch loss is :2.6542
2025-07-07 00:06:12 - INFO - epoch:15/50 iteration:20/459 batch loss is :1.3167
2025-07-07 00:06:31 - INFO - epoch:15/50 iteration:25/459 batch loss is :1.9854
2025-07-07 00:06:50 - INFO - epoch:15/50 iteration:30/459 batch loss is :1.6307
2025-07-07 00:07:09 - INFO - epoch:15/50 iteration:35/459 batch loss is :3.0419
2025-07-07 00:07:28 - INFO - epoch:15/50 iteration:40/459 batch loss is :2.9164
2025-07-07 00:07:47 - INFO - epoch:15/50 iteration:45/459 batch loss is :3.3071
2025-07-07 00:08:06 - INFO - epoch:15/50 iteration:50/459 batch loss is :2.9807
2025-07-07 00:08:24 - INFO - epoch:15/50 iteration:55/459 batch loss is :0.7769
2025-07-07 00:08:42 - INFO - epoch:15/50 iteration:60/459 batch loss is :2.6452
2025-07-07 00:09:00 - INFO - epoch:15/50 iteration:65/459 batch loss is :2.4802
2025-07-07 00:09:18 - INFO - epoch:15/50 iteration:70/459 batch loss is :2.7687
2025-07-07 00:09:36 - INFO - epoch:15/50 iteration:75/459 batch loss is :2.8223
2025-07-07 00:09:54 - INFO - epoch:15/50 iteration:80/459 batch loss is :3.6205
2025-07-07 00:10:04 - INFO - Epoch:15/50 Loss is :0.4373
2025-07-07 00:17:11 - INFO - VAL loss :7.5265
2025-07-07 00:17:52 - INFO - epoch:16/50 iteration:0/459 batch loss is :2.2480
2025-07-07 00:18:12 - INFO - epoch:16/50 iteration:5/459 batch loss is :2.6054
2025-07-07 00:18:33 - INFO - epoch:16/50 iteration:10/459 batch loss is :1.6731
2025-07-07 00:18:53 - INFO - epoch:16/50 iteration:15/459 batch loss is :2.1941
2025-07-07 00:19:15 - INFO - epoch:16/50 iteration:20/459 batch loss is :2.1841
2025-07-07 00:19:34 - INFO - epoch:16/50 iteration:25/459 batch loss is :1.5304
2025-07-07 00:19:55 - INFO - epoch:16/50 iteration:30/459 batch loss is :2.3757
2025-07-07 00:20:15 - INFO - epoch:16/50 iteration:35/459 batch loss is :2.6192
2025-07-07 00:20:35 - INFO - epoch:16/50 iteration:40/459 batch loss is :2.2626
2025-07-07 00:20:54 - INFO - epoch:16/50 iteration:45/459 batch loss is :1.0743
2025-07-07 00:21:13 - INFO - epoch:16/50 iteration:50/459 batch loss is :2.3659
2025-07-07 00:21:31 - INFO - epoch:16/50 iteration:55/459 batch loss is :3.2328
2025-07-07 00:21:50 - INFO - epoch:16/50 iteration:60/459 batch loss is :2.5664
2025-07-07 00:22:08 - INFO - epoch:16/50 iteration:65/459 batch loss is :2.7964
2025-07-07 00:22:26 - INFO - epoch:16/50 iteration:70/459 batch loss is :1.7250
2025-07-07 00:22:43 - INFO - epoch:16/50 iteration:75/459 batch loss is :2.0625
2025-07-07 00:23:02 - INFO - epoch:16/50 iteration:80/459 batch loss is :2.6439
2025-07-07 00:23:12 - INFO - Epoch:16/50 Loss is :0.4220
2025-07-07 00:23:45 - INFO - epoch:17/50 iteration:0/459 batch loss is :2.0192
2025-07-07 00:24:06 - INFO - epoch:17/50 iteration:5/459 batch loss is :2.9655
2025-07-07 00:24:26 - INFO - epoch:17/50 iteration:10/459 batch loss is :1.8711
2025-07-07 00:24:48 - INFO - epoch:17/50 iteration:15/459 batch loss is :3.1541
2025-07-07 00:25:09 - INFO - epoch:17/50 iteration:20/459 batch loss is :2.1923
2025-07-07 00:25:29 - INFO - epoch:17/50 iteration:25/459 batch loss is :3.1744
2025-07-07 00:25:48 - INFO - epoch:17/50 iteration:30/459 batch loss is :2.5197
2025-07-07 00:26:07 - INFO - epoch:17/50 iteration:35/459 batch loss is :1.3931
2025-07-07 00:26:26 - INFO - epoch:17/50 iteration:40/459 batch loss is :1.6775
2025-07-07 00:26:45 - INFO - epoch:17/50 iteration:45/459 batch loss is :1.7533
2025-07-07 00:27:04 - INFO - epoch:17/50 iteration:50/459 batch loss is :1.1442
2025-07-07 00:27:23 - INFO - epoch:17/50 iteration:55/459 batch loss is :2.9879
2025-07-07 00:27:41 - INFO - epoch:17/50 iteration:60/459 batch loss is :4.2145
2025-07-07 00:27:59 - INFO - epoch:17/50 iteration:65/459 batch loss is :1.7836
2025-07-07 00:28:17 - INFO - epoch:17/50 iteration:70/459 batch loss is :1.5037
2025-07-07 00:28:35 - INFO - epoch:17/50 iteration:75/459 batch loss is :3.7652
2025-07-07 00:28:53 - INFO - epoch:17/50 iteration:80/459 batch loss is :4.5580
2025-07-07 00:29:03 - INFO - Epoch:17/50 Loss is :nan
2025-07-07 00:29:45 - INFO - epoch:18/50 iteration:0/459 batch loss is :2.4305
2025-07-07 00:30:05 - INFO - epoch:18/50 iteration:5/459 batch loss is :2.5374
2025-07-07 00:30:26 - INFO - epoch:18/50 iteration:10/459 batch loss is :1.6287
2025-07-07 00:30:46 - INFO - epoch:18/50 iteration:15/459 batch loss is :1.8748
2025-07-07 00:31:07 - INFO - epoch:18/50 iteration:20/459 batch loss is :1.8752
2025-07-07 00:31:27 - INFO - epoch:18/50 iteration:25/459 batch loss is :2.1932
2025-07-07 00:31:48 - INFO - epoch:18/50 iteration:30/459 batch loss is :2.6721
2025-07-07 00:32:07 - INFO - epoch:18/50 iteration:35/459 batch loss is :1.6911
2025-07-07 00:32:26 - INFO - epoch:18/50 iteration:40/459 batch loss is :3.5489
2025-07-07 00:32:45 - INFO - epoch:18/50 iteration:45/459 batch loss is :1.4417
2025-07-07 00:33:05 - INFO - epoch:18/50 iteration:50/459 batch loss is :2.9495
2025-07-07 00:33:24 - INFO - epoch:18/50 iteration:55/459 batch loss is :1.9001
2025-07-07 00:33:42 - INFO - epoch:18/50 iteration:60/459 batch loss is :1.5903
2025-07-07 00:34:00 - INFO - epoch:18/50 iteration:65/459 batch loss is :2.4245
2025-07-07 00:34:18 - INFO - epoch:18/50 iteration:70/459 batch loss is :3.6340
2025-07-07 00:34:36 - INFO - epoch:18/50 iteration:75/459 batch loss is :1.4498
2025-07-07 00:34:54 - INFO - epoch:18/50 iteration:80/459 batch loss is :2.8298
2025-07-07 00:35:04 - INFO - Epoch:18/50 Loss is :0.4495
2025-07-07 00:35:42 - INFO - epoch:19/50 iteration:0/459 batch loss is :0.9905
2025-07-07 00:36:03 - INFO - epoch:19/50 iteration:5/459 batch loss is :1.9467
2025-07-07 00:36:23 - INFO - epoch:19/50 iteration:10/459 batch loss is :1.8455
2025-07-07 00:36:44 - INFO - epoch:19/50 iteration:15/459 batch loss is :1.8235
2025-07-07 00:37:05 - INFO - epoch:19/50 iteration:20/459 batch loss is :1.8388
2025-07-07 00:37:24 - INFO - epoch:19/50 iteration:25/459 batch loss is :1.9945
2025-07-07 00:37:43 - INFO - epoch:19/50 iteration:30/459 batch loss is :1.9699
2025-07-07 00:38:02 - INFO - epoch:19/50 iteration:35/459 batch loss is :1.8624
2025-07-07 00:38:21 - INFO - epoch:19/50 iteration:40/459 batch loss is :2.7808
2025-07-07 00:38:40 - INFO - epoch:19/50 iteration:45/459 batch loss is :1.3881
2025-07-07 00:38:59 - INFO - epoch:19/50 iteration:50/459 batch loss is :2.0188
2025-07-07 00:39:18 - INFO - epoch:19/50 iteration:55/459 batch loss is :1.7869
2025-07-07 00:39:36 - INFO - epoch:19/50 iteration:60/459 batch loss is :2.0522
2025-07-07 00:39:54 - INFO - epoch:19/50 iteration:65/459 batch loss is :5.1891
2025-07-07 00:40:12 - INFO - epoch:19/50 iteration:70/459 batch loss is :1.6445
2025-07-07 00:40:30 - INFO - epoch:19/50 iteration:75/459 batch loss is :2.7340
2025-07-07 00:40:48 - INFO - epoch:19/50 iteration:80/459 batch loss is :2.4274
2025-07-07 00:40:58 - INFO - Epoch:19/50 Loss is :0.4247
2025-07-07 00:41:28 - INFO - epoch:20/50 iteration:0/459 batch loss is :3.1602
2025-07-07 00:41:53 - INFO - epoch:20/50 iteration:5/459 batch loss is :1.4714
2025-07-07 00:42:14 - INFO - epoch:20/50 iteration:10/459 batch loss is :2.4762
2025-07-07 00:42:35 - INFO - epoch:20/50 iteration:15/459 batch loss is :3.1236
2025-07-07 00:42:56 - INFO - epoch:20/50 iteration:20/459 batch loss is :1.9323
2025-07-07 00:43:15 - INFO - epoch:20/50 iteration:25/459 batch loss is :2.9993
2025-07-07 00:43:34 - INFO - epoch:20/50 iteration:30/459 batch loss is :2.2752
2025-07-07 00:43:53 - INFO - epoch:20/50 iteration:35/459 batch loss is :1.7244
2025-07-07 00:44:13 - INFO - epoch:20/50 iteration:40/459 batch loss is :2.6253
2025-07-07 00:44:32 - INFO - epoch:20/50 iteration:45/459 batch loss is :2.4404
2025-07-07 00:44:51 - INFO - epoch:20/50 iteration:50/459 batch loss is :2.4289
2025-07-07 00:45:10 - INFO - epoch:20/50 iteration:55/459 batch loss is :2.1970
2025-07-07 00:45:28 - INFO - epoch:20/50 iteration:60/459 batch loss is :2.3905
2025-07-07 00:45:46 - INFO - epoch:20/50 iteration:65/459 batch loss is :3.2052
2025-07-07 00:46:04 - INFO - epoch:20/50 iteration:70/459 batch loss is :1.8481
2025-07-07 00:46:22 - INFO - epoch:20/50 iteration:75/459 batch loss is :1.7490
2025-07-07 00:46:40 - INFO - epoch:20/50 iteration:80/459 batch loss is :1.5131
2025-07-07 00:46:50 - INFO - Epoch:20/50 Loss is :0.4318
2025-07-07 00:53:49 - INFO - VAL loss :7.3361
2025-07-07 00:54:31 - INFO - epoch:21/50 iteration:0/459 batch loss is :1.8368
2025-07-07 00:54:52 - INFO - epoch:21/50 iteration:5/459 batch loss is :3.5106
2025-07-07 00:55:12 - INFO - epoch:21/50 iteration:10/459 batch loss is :1.6410
2025-07-07 00:55:33 - INFO - epoch:21/50 iteration:15/459 batch loss is :2.2722
2025-07-07 00:55:54 - INFO - epoch:21/50 iteration:20/459 batch loss is :2.3934
2025-07-07 00:56:13 - INFO - epoch:21/50 iteration:25/459 batch loss is :2.9025
2025-07-07 00:56:34 - INFO - epoch:21/50 iteration:30/459 batch loss is :2.4558
2025-07-07 00:56:53 - INFO - epoch:21/50 iteration:35/459 batch loss is :1.7500
2025-07-07 00:57:12 - INFO - epoch:21/50 iteration:40/459 batch loss is :2.8480
2025-07-07 00:57:31 - INFO - epoch:21/50 iteration:45/459 batch loss is :2.7034
2025-07-07 00:57:50 - INFO - epoch:21/50 iteration:50/459 batch loss is :2.3062
2025-07-07 00:58:09 - INFO - epoch:21/50 iteration:55/459 batch loss is :3.1945
2025-07-07 00:58:27 - INFO - epoch:21/50 iteration:60/459 batch loss is :2.0809
2025-07-07 00:58:45 - INFO - epoch:21/50 iteration:65/459 batch loss is :2.8959
2025-07-07 00:59:04 - INFO - epoch:21/50 iteration:70/459 batch loss is :3.0869
2025-07-07 00:59:21 - INFO - epoch:21/50 iteration:75/459 batch loss is :3.7619
2025-07-07 00:59:39 - INFO - epoch:21/50 iteration:80/459 batch loss is :1.2193
2025-07-07 00:59:50 - INFO - Epoch:21/50 Loss is :0.4413
2025-07-07 01:00:31 - INFO - epoch:22/50 iteration:0/459 batch loss is :2.7995
2025-07-07 01:00:52 - INFO - epoch:22/50 iteration:5/459 batch loss is :1.8382
2025-07-07 01:01:12 - INFO - epoch:22/50 iteration:10/459 batch loss is :4.0287
2025-07-07 01:01:33 - INFO - epoch:22/50 iteration:15/459 batch loss is :3.4355
2025-07-07 01:01:54 - INFO - epoch:22/50 iteration:20/459 batch loss is :1.8454
2025-07-07 01:02:13 - INFO - epoch:22/50 iteration:25/459 batch loss is :2.4947
2025-07-07 01:02:33 - INFO - epoch:22/50 iteration:30/459 batch loss is :1.9304
2025-07-07 01:02:53 - INFO - epoch:22/50 iteration:35/459 batch loss is :2.5367
2025-07-07 01:03:12 - INFO - epoch:22/50 iteration:40/459 batch loss is :1.7803
2025-07-07 01:03:32 - INFO - epoch:22/50 iteration:45/459 batch loss is :3.2486
2025-07-07 01:03:50 - INFO - epoch:22/50 iteration:50/459 batch loss is :3.3818
2025-07-07 01:04:10 - INFO - epoch:22/50 iteration:55/459 batch loss is :2.3765
2025-07-07 01:04:28 - INFO - epoch:22/50 iteration:60/459 batch loss is :2.1666
2025-07-07 01:04:46 - INFO - epoch:22/50 iteration:65/459 batch loss is :2.7331
2025-07-07 01:05:03 - INFO - epoch:22/50 iteration:70/459 batch loss is :2.0825
2025-07-07 01:05:22 - INFO - epoch:22/50 iteration:75/459 batch loss is :2.3612
2025-07-07 01:05:40 - INFO - epoch:22/50 iteration:80/459 batch loss is :2.6679
2025-07-07 01:05:50 - INFO - Epoch:22/50 Loss is :nan
2025-07-07 01:06:30 - INFO - epoch:23/50 iteration:0/459 batch loss is :2.1893
2025-07-07 01:06:52 - INFO - epoch:23/50 iteration:5/459 batch loss is :1.5463
2025-07-07 01:07:13 - INFO - epoch:23/50 iteration:10/459 batch loss is :2.6654
2025-07-07 01:07:33 - INFO - epoch:23/50 iteration:15/459 batch loss is :1.8796
2025-07-07 01:07:53 - INFO - epoch:23/50 iteration:20/459 batch loss is :2.3051
2025-07-07 01:08:13 - INFO - epoch:23/50 iteration:25/459 batch loss is :2.5476
2025-07-07 01:08:32 - INFO - epoch:23/50 iteration:30/459 batch loss is :2.4833
2025-07-07 01:08:51 - INFO - epoch:23/50 iteration:35/459 batch loss is :3.2208
2025-07-07 01:09:10 - INFO - epoch:23/50 iteration:40/459 batch loss is :2.3071
2025-07-07 01:09:29 - INFO - epoch:23/50 iteration:45/459 batch loss is :2.0826
2025-07-07 01:09:48 - INFO - epoch:23/50 iteration:50/459 batch loss is :1.7799
2025-07-07 01:10:07 - INFO - epoch:23/50 iteration:55/459 batch loss is :2.7237
2025-07-07 01:10:25 - INFO - epoch:23/50 iteration:60/459 batch loss is :3.1832
2025-07-07 01:10:42 - INFO - epoch:23/50 iteration:65/459 batch loss is :3.1524
2025-07-07 01:11:01 - INFO - epoch:23/50 iteration:70/459 batch loss is :2.6901
2025-07-07 01:11:18 - INFO - epoch:23/50 iteration:75/459 batch loss is :2.1448
2025-07-07 01:11:36 - INFO - epoch:23/50 iteration:80/459 batch loss is :1.1120
2025-07-07 01:11:47 - INFO - Epoch:23/50 Loss is :0.4205
2025-07-07 01:12:20 - INFO - epoch:24/50 iteration:0/459 batch loss is :2.3409
2025-07-07 01:12:44 - INFO - epoch:24/50 iteration:5/459 batch loss is :2.3146
2025-07-07 01:13:05 - INFO - epoch:24/50 iteration:10/459 batch loss is :2.8024
2025-07-07 01:13:26 - INFO - epoch:24/50 iteration:15/459 batch loss is :0.9565
2025-07-07 01:13:45 - INFO - epoch:24/50 iteration:20/459 batch loss is :1.9027
2025-07-07 01:14:05 - INFO - epoch:24/50 iteration:25/459 batch loss is :1.5992
2025-07-07 01:14:24 - INFO - epoch:24/50 iteration:30/459 batch loss is :4.2433
2025-07-07 01:14:43 - INFO - epoch:24/50 iteration:35/459 batch loss is :3.1442
2025-07-07 01:15:02 - INFO - epoch:24/50 iteration:40/459 batch loss is :3.0959
2025-07-07 01:15:21 - INFO - epoch:24/50 iteration:45/459 batch loss is :2.8614
2025-07-07 01:15:40 - INFO - epoch:24/50 iteration:50/459 batch loss is :1.6525
2025-07-07 01:15:59 - INFO - epoch:24/50 iteration:55/459 batch loss is :3.2632
2025-07-07 01:16:17 - INFO - epoch:24/50 iteration:60/459 batch loss is :2.8705
2025-07-07 01:16:35 - INFO - epoch:24/50 iteration:65/459 batch loss is :2.3823
2025-07-07 01:16:53 - INFO - epoch:24/50 iteration:70/459 batch loss is :2.3872
2025-07-07 01:17:11 - INFO - epoch:24/50 iteration:75/459 batch loss is :2.5385
2025-07-07 01:17:29 - INFO - epoch:24/50 iteration:80/459 batch loss is :2.8538
2025-07-07 01:17:40 - INFO - Epoch:24/50 Loss is :0.4347
2025-07-07 01:18:15 - INFO - epoch:25/50 iteration:0/459 batch loss is :2.3823
2025-07-07 01:18:36 - INFO - epoch:25/50 iteration:5/459 batch loss is :2.3363
2025-07-07 01:18:58 - INFO - epoch:25/50 iteration:10/459 batch loss is :2.5735
2025-07-07 01:19:18 - INFO - epoch:25/50 iteration:15/459 batch loss is :3.3033
2025-07-07 01:19:39 - INFO - epoch:25/50 iteration:20/459 batch loss is :2.0438
2025-07-07 01:19:58 - INFO - epoch:25/50 iteration:25/459 batch loss is :2.3932
2025-07-07 01:20:19 - INFO - epoch:25/50 iteration:30/459 batch loss is :3.1325
2025-07-07 01:20:38 - INFO - epoch:25/50 iteration:35/459 batch loss is :2.4865
2025-07-07 01:20:57 - INFO - epoch:25/50 iteration:40/459 batch loss is :2.2364
2025-07-07 01:21:16 - INFO - epoch:25/50 iteration:45/459 batch loss is :2.4081
2025-07-07 01:21:35 - INFO - epoch:25/50 iteration:50/459 batch loss is :1.3272
2025-07-07 01:21:54 - INFO - epoch:25/50 iteration:55/459 batch loss is :2.6479
2025-07-07 01:22:12 - INFO - epoch:25/50 iteration:60/459 batch loss is :2.5760
2025-07-07 01:22:30 - INFO - epoch:25/50 iteration:65/459 batch loss is :2.3505
2025-07-07 01:22:48 - INFO - epoch:25/50 iteration:70/459 batch loss is :2.7205
2025-07-07 01:23:06 - INFO - epoch:25/50 iteration:75/459 batch loss is :2.1166
2025-07-07 01:23:24 - INFO - epoch:25/50 iteration:80/459 batch loss is :2.6768
2025-07-07 01:23:34 - INFO - Epoch:25/50 Loss is :0.4465
2025-07-07 01:30:30 - INFO - VAL loss :7.3906
2025-07-07 01:31:14 - INFO - epoch:26/50 iteration:0/459 batch loss is :1.8845
2025-07-07 01:31:34 - INFO - epoch:26/50 iteration:5/459 batch loss is :1.8660
2025-07-07 01:31:55 - INFO - epoch:26/50 iteration:10/459 batch loss is :2.1761
2025-07-07 01:32:16 - INFO - epoch:26/50 iteration:15/459 batch loss is :2.4720
2025-07-07 01:32:37 - INFO - epoch:26/50 iteration:20/459 batch loss is :3.3170
2025-07-07 01:32:57 - INFO - epoch:26/50 iteration:25/459 batch loss is :2.6148
2025-07-07 01:33:17 - INFO - epoch:26/50 iteration:30/459 batch loss is :1.9765
2025-07-07 01:33:36 - INFO - epoch:26/50 iteration:35/459 batch loss is :1.9423
2025-07-07 01:33:55 - INFO - epoch:26/50 iteration:40/459 batch loss is :4.7349
2025-07-07 01:34:14 - INFO - epoch:26/50 iteration:45/459 batch loss is :3.2349
2025-07-07 01:34:33 - INFO - epoch:26/50 iteration:50/459 batch loss is :1.5180
2025-07-07 01:34:52 - INFO - epoch:26/50 iteration:55/459 batch loss is :1.9286
2025-07-07 01:35:11 - INFO - epoch:26/50 iteration:60/459 batch loss is :2.6473
2025-07-07 01:35:28 - INFO - epoch:26/50 iteration:65/459 batch loss is :2.2015
2025-07-07 01:35:46 - INFO - epoch:26/50 iteration:70/459 batch loss is :2.0981
2025-07-07 01:36:04 - INFO - epoch:26/50 iteration:75/459 batch loss is :3.0710
2025-07-07 01:36:22 - INFO - epoch:26/50 iteration:80/459 batch loss is :3.5711
2025-07-07 01:36:33 - INFO - Epoch:26/50 Loss is :0.4495
2025-07-07 01:37:06 - INFO - epoch:27/50 iteration:0/459 batch loss is :1.8556
2025-07-07 01:37:35 - INFO - epoch:27/50 iteration:5/459 batch loss is :1.2418
2025-07-07 01:37:55 - INFO - epoch:27/50 iteration:10/459 batch loss is :2.3052
2025-07-07 01:38:17 - INFO - epoch:27/50 iteration:15/459 batch loss is :2.3160
2025-07-07 01:38:37 - INFO - epoch:27/50 iteration:20/459 batch loss is :2.9025
2025-07-07 01:38:56 - INFO - epoch:27/50 iteration:25/459 batch loss is :2.4929
2025-07-07 01:39:15 - INFO - epoch:27/50 iteration:30/459 batch loss is :1.5298
2025-07-07 01:39:34 - INFO - epoch:27/50 iteration:35/459 batch loss is :2.4652
2025-07-07 01:39:53 - INFO - epoch:27/50 iteration:40/459 batch loss is :3.4107
2025-07-07 01:40:12 - INFO - epoch:27/50 iteration:45/459 batch loss is :1.5609
2025-07-07 01:40:31 - INFO - epoch:27/50 iteration:50/459 batch loss is :1.8394
2025-07-07 01:40:50 - INFO - epoch:27/50 iteration:55/459 batch loss is :2.1366
2025-07-07 01:41:08 - INFO - epoch:27/50 iteration:60/459 batch loss is :3.2420
2025-07-07 01:41:26 - INFO - epoch:27/50 iteration:65/459 batch loss is :2.6045
2025-07-07 01:41:43 - INFO - epoch:27/50 iteration:70/459 batch loss is :2.5449
2025-07-07 01:42:01 - INFO - epoch:27/50 iteration:75/459 batch loss is :2.4809
2025-07-07 01:42:19 - INFO - epoch:27/50 iteration:80/459 batch loss is :1.8669
2025-07-07 01:42:30 - INFO - Epoch:27/50 Loss is :0.4440
2025-07-07 01:43:01 - INFO - epoch:28/50 iteration:0/459 batch loss is :2.2136
2025-07-07 01:43:23 - INFO - epoch:28/50 iteration:5/459 batch loss is :2.6020
2025-07-07 01:43:44 - INFO - epoch:28/50 iteration:10/459 batch loss is :1.5979
2025-07-07 01:44:05 - INFO - epoch:28/50 iteration:15/459 batch loss is :3.0335
2025-07-07 01:44:25 - INFO - epoch:28/50 iteration:20/459 batch loss is :2.0958
2025-07-07 01:44:44 - INFO - epoch:28/50 iteration:25/459 batch loss is :2.6554
2025-07-07 01:45:04 - INFO - epoch:28/50 iteration:30/459 batch loss is :1.7479
2025-07-07 01:45:23 - INFO - epoch:28/50 iteration:35/459 batch loss is :2.4843
2025-07-07 01:45:43 - INFO - epoch:28/50 iteration:40/459 batch loss is :2.6235
2025-07-07 01:46:02 - INFO - epoch:28/50 iteration:45/459 batch loss is :2.1667
2025-07-07 01:46:21 - INFO - epoch:28/50 iteration:50/459 batch loss is :2.4731
2025-07-07 01:46:40 - INFO - epoch:28/50 iteration:55/459 batch loss is :2.6135
2025-07-07 01:46:58 - INFO - epoch:28/50 iteration:60/459 batch loss is :2.3581
2025-07-07 01:47:16 - INFO - epoch:28/50 iteration:65/459 batch loss is :1.8926
2025-07-07 01:47:34 - INFO - epoch:28/50 iteration:70/459 batch loss is :1.7635
2025-07-07 01:47:51 - INFO - epoch:28/50 iteration:75/459 batch loss is :2.8053
2025-07-07 01:48:09 - INFO - epoch:28/50 iteration:80/459 batch loss is :1.9960
2025-07-07 01:48:20 - INFO - Epoch:28/50 Loss is :0.4293
2025-07-07 01:48:58 - INFO - epoch:29/50 iteration:0/459 batch loss is :1.9729
2025-07-07 01:49:19 - INFO - epoch:29/50 iteration:5/459 batch loss is :1.5275
2025-07-07 01:49:40 - INFO - epoch:29/50 iteration:10/459 batch loss is :1.9957
2025-07-07 01:50:01 - INFO - epoch:29/50 iteration:15/459 batch loss is :2.3082
2025-07-07 01:50:22 - INFO - epoch:29/50 iteration:20/459 batch loss is :1.2684
2025-07-07 01:50:42 - INFO - epoch:29/50 iteration:25/459 batch loss is :1.9106
2025-07-07 01:51:02 - INFO - epoch:29/50 iteration:30/459 batch loss is :1.3277
2025-07-07 01:51:21 - INFO - epoch:29/50 iteration:35/459 batch loss is :2.9768
2025-07-07 01:51:40 - INFO - epoch:29/50 iteration:40/459 batch loss is :3.0996
2025-07-07 01:51:59 - INFO - epoch:29/50 iteration:45/459 batch loss is :1.5787
2025-07-07 01:52:18 - INFO - epoch:29/50 iteration:50/459 batch loss is :2.6669
2025-07-07 01:52:37 - INFO - epoch:29/50 iteration:55/459 batch loss is :1.7570
2025-07-07 01:52:55 - INFO - epoch:29/50 iteration:60/459 batch loss is :3.5635
2025-07-07 01:53:13 - INFO - epoch:29/50 iteration:65/459 batch loss is :1.8031
2025-07-07 01:53:30 - INFO - epoch:29/50 iteration:70/459 batch loss is :2.2056
2025-07-07 01:53:49 - INFO - epoch:29/50 iteration:75/459 batch loss is :2.2297
2025-07-07 01:54:06 - INFO - epoch:29/50 iteration:80/459 batch loss is :3.0439
2025-07-07 01:54:17 - INFO - Epoch:29/50 Loss is :0.4352
2025-07-07 01:54:52 - INFO - epoch:30/50 iteration:0/459 batch loss is :2.0349
2025-07-07 01:55:13 - INFO - epoch:30/50 iteration:5/459 batch loss is :2.1016
2025-07-07 01:55:34 - INFO - epoch:30/50 iteration:10/459 batch loss is :2.3110
2025-07-07 01:55:56 - INFO - epoch:30/50 iteration:15/459 batch loss is :1.9976
2025-07-07 01:56:17 - INFO - epoch:30/50 iteration:20/459 batch loss is :2.2141
2025-07-07 01:56:36 - INFO - epoch:30/50 iteration:25/459 batch loss is :2.0895
2025-07-07 01:56:55 - INFO - epoch:30/50 iteration:30/459 batch loss is :2.2012
2025-07-07 01:57:14 - INFO - epoch:30/50 iteration:35/459 batch loss is :2.1979
2025-07-07 01:57:33 - INFO - epoch:30/50 iteration:40/459 batch loss is :1.7528
2025-07-07 01:57:52 - INFO - epoch:30/50 iteration:45/459 batch loss is :3.2028
2025-07-07 01:58:11 - INFO - epoch:30/50 iteration:50/459 batch loss is :3.0842
2025-07-07 01:58:30 - INFO - epoch:30/50 iteration:55/459 batch loss is :2.3963
2025-07-07 01:58:49 - INFO - epoch:30/50 iteration:60/459 batch loss is :2.2614
2025-07-07 01:59:07 - INFO - epoch:30/50 iteration:65/459 batch loss is :2.6336
2025-07-07 01:59:25 - INFO - epoch:30/50 iteration:70/459 batch loss is :2.8075
2025-07-07 01:59:42 - INFO - epoch:30/50 iteration:75/459 batch loss is :2.2175
2025-07-07 02:00:00 - INFO - epoch:30/50 iteration:80/459 batch loss is :2.8448
2025-07-07 02:00:10 - INFO - Epoch:30/50 Loss is :0.4348
2025-07-07 02:07:18 - INFO - VAL loss :7.3332
2025-07-07 02:08:02 - INFO - epoch:31/50 iteration:0/459 batch loss is :1.5805
2025-07-07 02:08:22 - INFO - epoch:31/50 iteration:5/459 batch loss is :2.3546
2025-07-07 02:08:44 - INFO - epoch:31/50 iteration:10/459 batch loss is :1.2790
2025-07-07 02:09:04 - INFO - epoch:31/50 iteration:15/459 batch loss is :2.0436
2025-07-07 02:09:25 - INFO - epoch:31/50 iteration:20/459 batch loss is :2.8875
2025-07-07 02:09:44 - INFO - epoch:31/50 iteration:25/459 batch loss is :3.2586
2025-07-07 02:10:05 - INFO - epoch:31/50 iteration:30/459 batch loss is :1.9689
2025-07-07 02:10:24 - INFO - epoch:31/50 iteration:35/459 batch loss is :2.4265
2025-07-07 02:10:43 - INFO - epoch:31/50 iteration:40/459 batch loss is :1.5073
2025-07-07 02:11:02 - INFO - epoch:31/50 iteration:45/459 batch loss is :3.7977
2025-07-07 02:11:21 - INFO - epoch:31/50 iteration:50/459 batch loss is :3.8590
2025-07-07 02:11:40 - INFO - epoch:31/50 iteration:55/459 batch loss is :3.1018
2025-07-07 02:11:58 - INFO - epoch:31/50 iteration:60/459 batch loss is :2.7840
2025-07-07 02:12:16 - INFO - epoch:31/50 iteration:65/459 batch loss is :2.7090
2025-07-07 02:12:34 - INFO - epoch:31/50 iteration:70/459 batch loss is :2.5335
2025-07-07 02:12:52 - INFO - epoch:31/50 iteration:75/459 batch loss is :3.5321
2025-07-07 02:13:10 - INFO - epoch:31/50 iteration:80/459 batch loss is :3.2203
2025-07-07 02:13:20 - INFO - Epoch:31/50 Loss is :0.4253
2025-07-07 02:13:54 - INFO - epoch:32/50 iteration:0/459 batch loss is :3.0219
2025-07-07 02:14:18 - INFO - epoch:32/50 iteration:5/459 batch loss is :3.2280
2025-07-07 02:14:38 - INFO - epoch:32/50 iteration:10/459 batch loss is :2.2546
2025-07-07 02:14:59 - INFO - epoch:32/50 iteration:15/459 batch loss is :2.7800
2025-07-07 02:15:20 - INFO - epoch:32/50 iteration:20/459 batch loss is :2.3051
2025-07-07 02:15:40 - INFO - epoch:32/50 iteration:25/459 batch loss is :3.1255
2025-07-07 02:16:00 - INFO - epoch:32/50 iteration:30/459 batch loss is :1.4354
2025-07-07 02:16:20 - INFO - epoch:32/50 iteration:35/459 batch loss is :1.7437
2025-07-07 02:16:39 - INFO - epoch:32/50 iteration:40/459 batch loss is :0.8932
2025-07-07 02:16:58 - INFO - epoch:32/50 iteration:45/459 batch loss is :2.7850
2025-07-07 02:17:17 - INFO - epoch:32/50 iteration:50/459 batch loss is :1.9441
2025-07-07 02:17:37 - INFO - epoch:32/50 iteration:55/459 batch loss is :2.8638
2025-07-07 02:17:56 - INFO - epoch:32/50 iteration:60/459 batch loss is :2.7871
2025-07-07 02:18:14 - INFO - epoch:32/50 iteration:65/459 batch loss is :2.9019
2025-07-07 02:18:32 - INFO - epoch:32/50 iteration:70/459 batch loss is :2.8029
2025-07-07 02:18:50 - INFO - epoch:32/50 iteration:75/459 batch loss is :2.3131
2025-07-07 02:19:08 - INFO - epoch:32/50 iteration:80/459 batch loss is :3.1022
2025-07-07 02:19:18 - INFO - Epoch:32/50 Loss is :0.4608
2025-07-07 02:19:59 - INFO - epoch:33/50 iteration:0/459 batch loss is :1.8434
2025-07-07 02:20:20 - INFO - epoch:33/50 iteration:5/459 batch loss is :1.6448
2025-07-07 02:20:41 - INFO - epoch:33/50 iteration:10/459 batch loss is :2.9500
2025-07-07 02:21:01 - INFO - epoch:33/50 iteration:15/459 batch loss is :2.7051
2025-07-07 02:21:22 - INFO - epoch:33/50 iteration:20/459 batch loss is :1.9733
2025-07-07 02:21:41 - INFO - epoch:33/50 iteration:25/459 batch loss is :2.4727
2025-07-07 02:22:01 - INFO - epoch:33/50 iteration:30/459 batch loss is :2.1811
2025-07-07 02:22:19 - INFO - epoch:33/50 iteration:35/459 batch loss is :1.6072
2025-07-07 02:22:39 - INFO - epoch:33/50 iteration:40/459 batch loss is :1.9988
2025-07-07 02:22:57 - INFO - epoch:33/50 iteration:45/459 batch loss is :1.3965
2025-07-07 02:23:17 - INFO - epoch:33/50 iteration:50/459 batch loss is :1.9760
2025-07-07 02:23:35 - INFO - epoch:33/50 iteration:55/459 batch loss is :1.6403
2025-07-07 02:23:53 - INFO - epoch:33/50 iteration:60/459 batch loss is :2.5304
2025-07-07 02:24:11 - INFO - epoch:33/50 iteration:65/459 batch loss is :0.9662
2025-07-07 02:24:29 - INFO - epoch:33/50 iteration:70/459 batch loss is :2.6902
2025-07-07 02:24:47 - INFO - epoch:33/50 iteration:75/459 batch loss is :1.6333
2025-07-07 02:25:05 - INFO - epoch:33/50 iteration:80/459 batch loss is :2.3105
2025-07-07 02:25:15 - INFO - Epoch:33/50 Loss is :0.4391
2025-07-07 02:25:48 - INFO - epoch:34/50 iteration:0/459 batch loss is :2.4705
2025-07-07 02:26:12 - INFO - epoch:34/50 iteration:5/459 batch loss is :2.2034
2025-07-07 02:26:33 - INFO - epoch:34/50 iteration:10/459 batch loss is :1.7184
2025-07-07 02:26:54 - INFO - epoch:34/50 iteration:15/459 batch loss is :2.3480
2025-07-07 02:27:13 - INFO - epoch:34/50 iteration:20/459 batch loss is :2.5257
2025-07-07 02:27:33 - INFO - epoch:34/50 iteration:25/459 batch loss is :3.2031
2025-07-07 02:27:52 - INFO - epoch:34/50 iteration:30/459 batch loss is :2.1744
2025-07-07 02:28:11 - INFO - epoch:34/50 iteration:35/459 batch loss is :1.8936
2025-07-07 02:28:30 - INFO - epoch:34/50 iteration:40/459 batch loss is :2.2089
2025-07-07 02:28:49 - INFO - epoch:34/50 iteration:45/459 batch loss is :1.5630
2025-07-07 02:29:07 - INFO - epoch:34/50 iteration:50/459 batch loss is :2.2838
2025-07-07 02:29:26 - INFO - epoch:34/50 iteration:55/459 batch loss is :3.9241
2025-07-07 02:29:44 - INFO - epoch:34/50 iteration:60/459 batch loss is :2.4480
2025-07-07 02:30:02 - INFO - epoch:34/50 iteration:65/459 batch loss is :2.5505
2025-07-07 02:30:20 - INFO - epoch:34/50 iteration:70/459 batch loss is :2.5633
2025-07-07 02:30:38 - INFO - epoch:34/50 iteration:75/459 batch loss is :3.0173
2025-07-07 02:30:55 - INFO - epoch:34/50 iteration:80/459 batch loss is :2.6871
2025-07-07 02:31:06 - INFO - Epoch:34/50 Loss is :0.4267
2025-07-07 02:31:48 - INFO - epoch:35/50 iteration:0/459 batch loss is :3.1408
2025-07-07 02:32:08 - INFO - epoch:35/50 iteration:5/459 batch loss is :1.0220
2025-07-07 02:32:29 - INFO - epoch:35/50 iteration:10/459 batch loss is :2.0949
2025-07-07 02:32:49 - INFO - epoch:35/50 iteration:15/459 batch loss is :2.1807
2025-07-07 02:33:10 - INFO - epoch:35/50 iteration:20/459 batch loss is :2.7512
2025-07-07 02:33:30 - INFO - epoch:35/50 iteration:25/459 batch loss is :2.1848
2025-07-07 02:33:50 - INFO - epoch:35/50 iteration:30/459 batch loss is :1.9433
2025-07-07 02:34:09 - INFO - epoch:35/50 iteration:35/459 batch loss is :2.3119
2025-07-07 02:34:28 - INFO - epoch:35/50 iteration:40/459 batch loss is :1.9259
2025-07-07 02:34:47 - INFO - epoch:35/50 iteration:45/459 batch loss is :1.5089
2025-07-07 02:35:07 - INFO - epoch:35/50 iteration:50/459 batch loss is :1.6407
2025-07-07 02:35:26 - INFO - epoch:35/50 iteration:55/459 batch loss is :1.4900
2025-07-07 02:35:44 - INFO - epoch:35/50 iteration:60/459 batch loss is :1.5640
2025-07-07 02:36:02 - INFO - epoch:35/50 iteration:65/459 batch loss is :2.4684
2025-07-07 02:36:20 - INFO - epoch:35/50 iteration:70/459 batch loss is :3.4326
2025-07-07 02:36:38 - INFO - epoch:35/50 iteration:75/459 batch loss is :2.6775
2025-07-07 02:36:55 - INFO - epoch:35/50 iteration:80/459 batch loss is :1.6748
2025-07-07 02:37:06 - INFO - Epoch:35/50 Loss is :0.4187
2025-07-07 02:44:03 - INFO - VAL loss :7.4583
2025-07-07 02:44:48 - INFO - epoch:36/50 iteration:0/459 batch loss is :1.3987
2025-07-07 02:45:08 - INFO - epoch:36/50 iteration:5/459 batch loss is :3.5475
2025-07-07 02:45:28 - INFO - epoch:36/50 iteration:10/459 batch loss is :2.3575
2025-07-07 02:45:49 - INFO - epoch:36/50 iteration:15/459 batch loss is :2.8061
2025-07-07 02:46:10 - INFO - epoch:36/50 iteration:20/459 batch loss is :1.1115
2025-07-07 02:46:29 - INFO - epoch:36/50 iteration:25/459 batch loss is :2.1077
2025-07-07 02:46:50 - INFO - epoch:36/50 iteration:30/459 batch loss is :1.6054
2025-07-07 02:47:09 - INFO - epoch:36/50 iteration:35/459 batch loss is :2.4702
2025-07-07 02:47:28 - INFO - epoch:36/50 iteration:40/459 batch loss is :3.0379
2025-07-07 02:47:47 - INFO - epoch:36/50 iteration:45/459 batch loss is :2.1125
2025-07-07 02:48:06 - INFO - epoch:36/50 iteration:50/459 batch loss is :2.6646
2025-07-07 02:48:25 - INFO - epoch:36/50 iteration:55/459 batch loss is :1.9950
2025-07-07 02:48:43 - INFO - epoch:36/50 iteration:60/459 batch loss is :2.5754
2025-07-07 02:49:01 - INFO - epoch:36/50 iteration:65/459 batch loss is :1.8757
2025-07-07 02:49:19 - INFO - epoch:36/50 iteration:70/459 batch loss is :3.6517
2025-07-07 02:49:37 - INFO - epoch:36/50 iteration:75/459 batch loss is :1.9124
2025-07-07 02:49:55 - INFO - epoch:36/50 iteration:80/459 batch loss is :3.0413
2025-07-07 02:50:05 - INFO - Epoch:36/50 Loss is :0.4230
2025-07-07 02:50:45 - INFO - epoch:37/50 iteration:0/459 batch loss is :3.4627
2025-07-07 02:51:06 - INFO - epoch:37/50 iteration:5/459 batch loss is :2.0284
2025-07-07 02:51:26 - INFO - epoch:37/50 iteration:10/459 batch loss is :1.3841
2025-07-07 02:51:47 - INFO - epoch:37/50 iteration:15/459 batch loss is :2.0648
2025-07-07 02:52:08 - INFO - epoch:37/50 iteration:20/459 batch loss is :2.3475
2025-07-07 02:52:27 - INFO - epoch:37/50 iteration:25/459 batch loss is :2.4120
2025-07-07 02:52:46 - INFO - epoch:37/50 iteration:30/459 batch loss is :1.7073
2025-07-07 02:53:05 - INFO - epoch:37/50 iteration:35/459 batch loss is :1.9518
2025-07-07 02:53:24 - INFO - epoch:37/50 iteration:40/459 batch loss is :2.9757
2025-07-07 02:53:43 - INFO - epoch:37/50 iteration:45/459 batch loss is :2.2435
2025-07-07 02:54:02 - INFO - epoch:37/50 iteration:50/459 batch loss is :2.5236
2025-07-07 02:54:20 - INFO - epoch:37/50 iteration:55/459 batch loss is :2.7934
2025-07-07 02:54:38 - INFO - epoch:37/50 iteration:60/459 batch loss is :2.5031
2025-07-07 02:54:56 - INFO - epoch:37/50 iteration:65/459 batch loss is :3.8208
2025-07-07 02:55:14 - INFO - epoch:37/50 iteration:70/459 batch loss is :1.8757
2025-07-07 02:55:32 - INFO - epoch:37/50 iteration:75/459 batch loss is :1.3305
2025-07-07 02:55:50 - INFO - epoch:37/50 iteration:80/459 batch loss is :1.7573
2025-07-07 02:56:00 - INFO - Epoch:37/50 Loss is :0.4209
2025-07-07 02:56:42 - INFO - epoch:38/50 iteration:0/459 batch loss is :1.6665
2025-07-07 02:57:02 - INFO - epoch:38/50 iteration:5/459 batch loss is :2.8179
2025-07-07 02:57:23 - INFO - epoch:38/50 iteration:10/459 batch loss is :1.2132
2025-07-07 02:57:44 - INFO - epoch:38/50 iteration:15/459 batch loss is :0.9225
2025-07-07 02:58:03 - INFO - epoch:38/50 iteration:20/459 batch loss is :2.2107
2025-07-07 02:58:22 - INFO - epoch:38/50 iteration:25/459 batch loss is :0.7599
2025-07-07 02:58:41 - INFO - epoch:38/50 iteration:30/459 batch loss is :2.0366
2025-07-07 02:59:00 - INFO - epoch:38/50 iteration:35/459 batch loss is :1.3931
2025-07-07 02:59:19 - INFO - epoch:38/50 iteration:40/459 batch loss is :2.6494
2025-07-07 02:59:38 - INFO - epoch:38/50 iteration:45/459 batch loss is :2.6632
2025-07-07 02:59:57 - INFO - epoch:38/50 iteration:50/459 batch loss is :1.8113
2025-07-07 03:00:16 - INFO - epoch:38/50 iteration:55/459 batch loss is :2.2441
2025-07-07 03:00:34 - INFO - epoch:38/50 iteration:60/459 batch loss is :2.8591
2025-07-07 03:00:52 - INFO - epoch:38/50 iteration:65/459 batch loss is :2.3126
2025-07-07 03:01:10 - INFO - epoch:38/50 iteration:70/459 batch loss is :1.9028
2025-07-07 03:01:28 - INFO - epoch:38/50 iteration:75/459 batch loss is :2.1858
2025-07-07 03:01:46 - INFO - epoch:38/50 iteration:80/459 batch loss is :2.6157
2025-07-07 03:01:56 - INFO - Epoch:38/50 Loss is :nan
2025-07-07 03:02:38 - INFO - epoch:39/50 iteration:0/459 batch loss is :2.8488
2025-07-07 03:02:59 - INFO - epoch:39/50 iteration:5/459 batch loss is :1.6873
2025-07-07 03:03:19 - INFO - epoch:39/50 iteration:10/459 batch loss is :1.7814
2025-07-07 03:03:40 - INFO - epoch:39/50 iteration:15/459 batch loss is :2.4384
2025-07-07 03:04:00 - INFO - epoch:39/50 iteration:20/459 batch loss is :2.6260
2025-07-07 03:04:20 - INFO - epoch:39/50 iteration:25/459 batch loss is :2.2077
2025-07-07 03:04:40 - INFO - epoch:39/50 iteration:30/459 batch loss is :1.4386
2025-07-07 03:04:59 - INFO - epoch:39/50 iteration:35/459 batch loss is :1.7378
2025-07-07 03:05:18 - INFO - epoch:39/50 iteration:40/459 batch loss is :2.7067
2025-07-07 03:05:37 - INFO - epoch:39/50 iteration:45/459 batch loss is :1.1280
2025-07-07 03:05:56 - INFO - epoch:39/50 iteration:50/459 batch loss is :3.0387
2025-07-07 03:06:15 - INFO - epoch:39/50 iteration:55/459 batch loss is :2.2775
2025-07-07 03:06:33 - INFO - epoch:39/50 iteration:60/459 batch loss is :3.3563
2025-07-07 03:06:51 - INFO - epoch:39/50 iteration:65/459 batch loss is :2.8526
2025-07-07 03:07:09 - INFO - epoch:39/50 iteration:70/459 batch loss is :3.0502
2025-07-07 03:07:27 - INFO - epoch:39/50 iteration:75/459 batch loss is :2.5656
2025-07-07 03:07:45 - INFO - epoch:39/50 iteration:80/459 batch loss is :3.6246
2025-07-07 03:07:55 - INFO - Epoch:39/50 Loss is :0.4431
2025-07-07 03:08:32 - INFO - epoch:40/50 iteration:0/459 batch loss is :2.6738
2025-07-07 03:08:53 - INFO - epoch:40/50 iteration:5/459 batch loss is :1.7177
2025-07-07 03:09:14 - INFO - epoch:40/50 iteration:10/459 batch loss is :1.8239
2025-07-07 03:09:35 - INFO - epoch:40/50 iteration:15/459 batch loss is :2.2462
2025-07-07 03:09:55 - INFO - epoch:40/50 iteration:20/459 batch loss is :3.0905
2025-07-07 03:10:15 - INFO - epoch:40/50 iteration:25/459 batch loss is :2.1907
2025-07-07 03:10:34 - INFO - epoch:40/50 iteration:30/459 batch loss is :2.0005
2025-07-07 03:10:53 - INFO - epoch:40/50 iteration:35/459 batch loss is :2.1091
2025-07-07 03:11:12 - INFO - epoch:40/50 iteration:40/459 batch loss is :2.7752
2025-07-07 03:11:31 - INFO - epoch:40/50 iteration:45/459 batch loss is :3.1242
2025-07-07 03:11:50 - INFO - epoch:40/50 iteration:50/459 batch loss is :2.4927
2025-07-07 03:12:09 - INFO - epoch:40/50 iteration:55/459 batch loss is :3.3804
2025-07-07 03:12:27 - INFO - epoch:40/50 iteration:60/459 batch loss is :2.9625
2025-07-07 03:12:45 - INFO - epoch:40/50 iteration:65/459 batch loss is :2.0752
2025-07-07 03:13:03 - INFO - epoch:40/50 iteration:70/459 batch loss is :1.9257
2025-07-07 03:13:20 - INFO - epoch:40/50 iteration:75/459 batch loss is :1.7029
2025-07-07 03:13:38 - INFO - epoch:40/50 iteration:80/459 batch loss is :2.8718
2025-07-07 03:13:49 - INFO - Epoch:40/50 Loss is :0.4340
2025-07-07 03:20:41 - INFO - VAL loss :7.5414
2025-07-07 03:21:25 - INFO - epoch:41/50 iteration:0/459 batch loss is :2.6086
2025-07-07 03:21:45 - INFO - epoch:41/50 iteration:5/459 batch loss is :2.9596
2025-07-07 03:22:06 - INFO - epoch:41/50 iteration:10/459 batch loss is :2.6689
2025-07-07 03:22:27 - INFO - epoch:41/50 iteration:15/459 batch loss is :1.9159
2025-07-07 03:22:47 - INFO - epoch:41/50 iteration:20/459 batch loss is :3.1264
2025-07-07 03:23:07 - INFO - epoch:41/50 iteration:25/459 batch loss is :1.8709
2025-07-07 03:23:28 - INFO - epoch:41/50 iteration:30/459 batch loss is :3.0876
2025-07-07 03:23:47 - INFO - epoch:41/50 iteration:35/459 batch loss is :2.4008
2025-07-07 03:24:07 - INFO - epoch:41/50 iteration:40/459 batch loss is :1.6990
2025-07-07 03:24:26 - INFO - epoch:41/50 iteration:45/459 batch loss is :3.6888
2025-07-07 03:24:45 - INFO - epoch:41/50 iteration:50/459 batch loss is :2.8374
2025-07-07 03:25:04 - INFO - epoch:41/50 iteration:55/459 batch loss is :2.2264
2025-07-07 03:25:22 - INFO - epoch:41/50 iteration:60/459 batch loss is :1.5754
2025-07-07 03:25:40 - INFO - epoch:41/50 iteration:65/459 batch loss is :1.8098
2025-07-07 03:25:58 - INFO - epoch:41/50 iteration:70/459 batch loss is :2.4679
2025-07-07 03:26:16 - INFO - epoch:41/50 iteration:75/459 batch loss is :1.7585
2025-07-07 03:26:33 - INFO - epoch:41/50 iteration:80/459 batch loss is :2.5048
2025-07-07 03:26:44 - INFO - Epoch:41/50 Loss is :0.4353
2025-07-07 03:27:14 - INFO - epoch:42/50 iteration:0/459 batch loss is :1.6284
2025-07-07 03:27:40 - INFO - epoch:42/50 iteration:5/459 batch loss is :2.3117
2025-07-07 03:28:01 - INFO - epoch:42/50 iteration:10/459 batch loss is :3.9256
2025-07-07 03:28:22 - INFO - epoch:42/50 iteration:15/459 batch loss is :2.5802
2025-07-07 03:28:42 - INFO - epoch:42/50 iteration:20/459 batch loss is :1.9656
2025-07-07 03:29:01 - INFO - epoch:42/50 iteration:25/459 batch loss is :1.6383
2025-07-07 03:29:21 - INFO - epoch:42/50 iteration:30/459 batch loss is :2.5917
2025-07-07 03:29:40 - INFO - epoch:42/50 iteration:35/459 batch loss is :2.9912
2025-07-07 03:29:59 - INFO - epoch:42/50 iteration:40/459 batch loss is :3.9919
2025-07-07 03:30:18 - INFO - epoch:42/50 iteration:45/459 batch loss is :2.4147
2025-07-07 03:30:37 - INFO - epoch:42/50 iteration:50/459 batch loss is :1.3890
2025-07-07 03:30:56 - INFO - epoch:42/50 iteration:55/459 batch loss is :3.0597
2025-07-07 03:31:14 - INFO - epoch:42/50 iteration:60/459 batch loss is :1.6775
2025-07-07 03:31:32 - INFO - epoch:42/50 iteration:65/459 batch loss is :1.8904
2025-07-07 03:31:49 - INFO - epoch:42/50 iteration:70/459 batch loss is :2.1083
2025-07-07 03:32:07 - INFO - epoch:42/50 iteration:75/459 batch loss is :2.5340
2025-07-07 03:32:25 - INFO - epoch:42/50 iteration:80/459 batch loss is :2.8509
2025-07-07 03:32:35 - INFO - Epoch:42/50 Loss is :0.4410
2025-07-07 03:33:18 - INFO - epoch:43/50 iteration:0/459 batch loss is :2.8410
2025-07-07 03:33:39 - INFO - epoch:43/50 iteration:5/459 batch loss is :2.3793
2025-07-07 03:33:59 - INFO - epoch:43/50 iteration:10/459 batch loss is :2.7901
2025-07-07 03:34:19 - INFO - epoch:43/50 iteration:15/459 batch loss is :3.0555
2025-07-07 03:34:40 - INFO - epoch:43/50 iteration:20/459 batch loss is :2.6629
2025-07-07 03:34:59 - INFO - epoch:43/50 iteration:25/459 batch loss is :3.8468
2025-07-07 03:35:19 - INFO - epoch:43/50 iteration:30/459 batch loss is :2.4492
2025-07-07 03:35:38 - INFO - epoch:43/50 iteration:35/459 batch loss is :2.6978
2025-07-07 03:35:57 - INFO - epoch:43/50 iteration:40/459 batch loss is :1.5338
2025-07-07 03:36:16 - INFO - epoch:43/50 iteration:45/459 batch loss is :2.7906
2025-07-07 03:36:35 - INFO - epoch:43/50 iteration:50/459 batch loss is :2.2328
2025-07-07 03:36:54 - INFO - epoch:43/50 iteration:55/459 batch loss is :2.7689
2025-07-07 03:37:13 - INFO - epoch:43/50 iteration:60/459 batch loss is :2.6680
2025-07-07 03:37:30 - INFO - epoch:43/50 iteration:65/459 batch loss is :2.8265
2025-07-07 03:37:49 - INFO - epoch:43/50 iteration:70/459 batch loss is :2.3847
2025-07-07 03:38:06 - INFO - epoch:43/50 iteration:75/459 batch loss is :2.3703
2025-07-07 03:38:25 - INFO - epoch:43/50 iteration:80/459 batch loss is :1.8347
2025-07-07 03:38:35 - INFO - Epoch:43/50 Loss is :0.4588
2025-07-07 03:39:13 - INFO - epoch:44/50 iteration:0/459 batch loss is :2.9802
2025-07-07 03:39:34 - INFO - epoch:44/50 iteration:5/459 batch loss is :2.6152
2025-07-07 03:39:55 - INFO - epoch:44/50 iteration:10/459 batch loss is :1.9402
2025-07-07 03:40:16 - INFO - epoch:44/50 iteration:15/459 batch loss is :1.6945
2025-07-07 03:40:36 - INFO - epoch:44/50 iteration:20/459 batch loss is :2.0456
2025-07-07 03:40:55 - INFO - epoch:44/50 iteration:25/459 batch loss is :2.6445
2025-07-07 03:41:14 - INFO - epoch:44/50 iteration:30/459 batch loss is :2.8407
2025-07-07 03:41:33 - INFO - epoch:44/50 iteration:35/459 batch loss is :1.9919
2025-07-07 03:41:53 - INFO - epoch:44/50 iteration:40/459 batch loss is :3.0091
2025-07-07 03:42:12 - INFO - epoch:44/50 iteration:45/459 batch loss is :2.1830
2025-07-07 03:42:31 - INFO - epoch:44/50 iteration:50/459 batch loss is :2.4850
2025-07-07 03:42:50 - INFO - epoch:44/50 iteration:55/459 batch loss is :1.4951
2025-07-07 03:43:08 - INFO - epoch:44/50 iteration:60/459 batch loss is :2.6352
2025-07-07 03:43:26 - INFO - epoch:44/50 iteration:65/459 batch loss is :2.8488
2025-07-07 03:43:44 - INFO - epoch:44/50 iteration:70/459 batch loss is :2.5200
2025-07-07 03:44:02 - INFO - epoch:44/50 iteration:75/459 batch loss is :3.7508
2025-07-07 03:44:19 - INFO - epoch:44/50 iteration:80/459 batch loss is :3.6212
2025-07-07 03:44:30 - INFO - Epoch:44/50 Loss is :0.4244
2025-07-07 03:45:14 - INFO - epoch:45/50 iteration:0/459 batch loss is :2.6405
2025-07-07 03:45:34 - INFO - epoch:45/50 iteration:5/459 batch loss is :2.2006
2025-07-07 03:45:55 - INFO - epoch:45/50 iteration:10/459 batch loss is :2.0564
2025-07-07 03:46:15 - INFO - epoch:45/50 iteration:15/459 batch loss is :2.9753
2025-07-07 03:46:36 - INFO - epoch:45/50 iteration:20/459 batch loss is :2.5790
