2025-07-08 06:34:38 - INFO - ------------------------------------------------------------------------------------------------
2025-07-08 06:34:38 - INFO - starting new training !!!!
2025-07-08 06:34:38 - INFO - ------------------------------------------------------------------------------------------------
2025-07-08 06:34:38 - INFO - Namespace(batch=12, class_dict={'Early AMD': 0, 'Int AMD': 1, 'GA': 2, 'Wet': 3, 'Scar': 4, 'Not AMD': 5}, device=device(type='cuda'), epoch=50, excel_path='excel/vol_annotations_06_03_2025.xlsx', gamma=0.1, json='D:\\AMD-data-visualisation\\jsons\\patient_level\\train_val_split_new_dataset.json', lambda_bce=1.0, lambda_ce=1.0, lambda_hy=4, log_dir='logs/Resnet_medicalnet', lr=2.5e-05, model_path='pretrained\\resnet_34_23dataset.pth', num_classes=3, num_samples_per_epoch=1000, sampling_prob={0: 0.25, 1: 0.05, 2: 0.5}, save_dir='model_parameter_Resnet_medicalnet', save_freq=20, step_size=25, targets_path='targets.npy', weight_bce=tensor([3.9600, 4.9500, 0.5900]), weight_broad=tensor([0.5000, 0.4000, 0.4000, 0.3300, 1.2500, 1.0000]), weight_ce=tensor([0.2000, 0.2000, 1.0000]))
2025-07-08 06:34:38 - INFO - parameters are being saved at :model_parameter_Resnet_medicalnet\77
2025-07-08 06:34:40 - INFO - the wandb run name is : copper-night-98
2025-07-08 06:34:40 - INFO - found 4 gpus!
2025-07-08 06:34:40 - INFO - DataParallel(
  (module): ResNet(
    (conv1): Conv3d(1, 64, kernel_size=(7, 7, 7), stride=(2, 2, 2), padding=(3, 3, 3), bias=False)
    (bn1): BatchNorm3d(64, eps=1e-05, momentum=0.1, affine=True, track_running_stats=True)
    (relu): ReLU(inplace=True)
    (maxpool): MaxPool3d(kernel_size=(3, 3, 3), stride=2, padding=1, dilation=1, ceil_mode=False)
    (layer1): Sequential(
      (0): BasicBlock(
        (conv1): Conv3d(64, 64, kernel_size=(3, 3, 3), stride=(1, 1, 1), padding=(1, 1, 1), bias=False)
        (bn1): BatchNorm3d(64, eps=1e-05, momentum=0.1, affine=True, track_running_stats=True)
        (relu): ReLU(inplace=True)
        (conv2): Conv3d(64, 64, kernel_size=(3, 3, 3), stride=(1, 1, 1), padding=(1, 1, 1), bias=False)
        (bn2): BatchNorm3d(64, eps=1e-05, momentum=0.1, affine=True, track_running_stats=True)
      )
      (1): BasicBlock(
        (conv1): Conv3d(64, 64, kernel_size=(3, 3, 3), stride=(1, 1, 1), padding=(1, 1, 1), bias=False)
        (bn1): BatchNorm3d(64, eps=1e-05, momentum=0.1, affine=True, track_running_stats=True)
        (relu): ReLU(inplace=True)
        (conv2): Conv3d(64, 64, kernel_size=(3, 3, 3), stride=(1, 1, 1), padding=(1, 1, 1), bias=False)
        (bn2): BatchNorm3d(64, eps=1e-05, momentum=0.1, affine=True, track_running_stats=True)
      )
      (2): BasicBlock(
        (conv1): Conv3d(64, 64, kernel_size=(3, 3, 3), stride=(1, 1, 1), padding=(1, 1, 1), bias=False)
        (bn1): BatchNorm3d(64, eps=1e-05, momentum=0.1, affine=True, track_running_stats=True)
        (relu): ReLU(inplace=True)
        (conv2): Conv3d(64, 64, kernel_size=(3, 3, 3), stride=(1, 1, 1), padding=(1, 1, 1), bias=False)
        (bn2): BatchNorm3d(64, eps=1e-05, momentum=0.1, affine=True, track_running_stats=True)
      )
    )
    (layer2): Sequential(
      (0): BasicBlock(
        (conv1): Conv3d(64, 128, kernel_size=(3, 3, 3), stride=(2, 2, 2), padding=(1, 1, 1), bias=False)
        (bn1): BatchNorm3d(128, eps=1e-05, momentum=0.1, affine=True, track_running_stats=True)
        (relu): ReLU(inplace=True)
        (conv2): Conv3d(128, 128, kernel_size=(3, 3, 3), stride=(1, 1, 1), padding=(1, 1, 1), bias=False)
        (bn2): BatchNorm3d(128, eps=1e-05, momentum=0.1, affine=True, track_running_stats=True)
      )
      (1): BasicBlock(
        (conv1): Conv3d(128, 128, kernel_size=(3, 3, 3), stride=(1, 1, 1), padding=(1, 1, 1), bias=False)
        (bn1): BatchNorm3d(128, eps=1e-05, momentum=0.1, affine=True, track_running_stats=True)
        (relu): ReLU(inplace=True)
        (conv2): Conv3d(128, 128, kernel_size=(3, 3, 3), stride=(1, 1, 1), padding=(1, 1, 1), bias=False)
        (bn2): BatchNorm3d(128, eps=1e-05, momentum=0.1, affine=True, track_running_stats=True)
      )
      (2): BasicBlock(
        (conv1): Conv3d(128, 128, kernel_size=(3, 3, 3), stride=(1, 1, 1), padding=(1, 1, 1), bias=False)
        (bn1): BatchNorm3d(128, eps=1e-05, momentum=0.1, affine=True, track_running_stats=True)
        (relu): ReLU(inplace=True)
        (conv2): Conv3d(128, 128, kernel_size=(3, 3, 3), stride=(1, 1, 1), padding=(1, 1, 1), bias=False)
        (bn2): BatchNorm3d(128, eps=1e-05, momentum=0.1, affine=True, track_running_stats=True)
      )
      (3): BasicBlock(
        (conv1): Conv3d(128, 128, kernel_size=(3, 3, 3), stride=(1, 1, 1), padding=(1, 1, 1), bias=False)
        (bn1): BatchNorm3d(128, eps=1e-05, momentum=0.1, affine=True, track_running_stats=True)
        (relu): ReLU(inplace=True)
        (conv2): Conv3d(128, 128, kernel_size=(3, 3, 3), stride=(1, 1, 1), padding=(1, 1, 1), bias=False)
        (bn2): BatchNorm3d(128, eps=1e-05, momentum=0.1, affine=True, track_running_stats=True)
      )
    )
    (layer3): Sequential(
      (0): BasicBlock(
        (conv1): Conv3d(128, 256, kernel_size=(3, 3, 3), stride=(1, 1, 1), padding=(2, 2, 2), dilation=(2, 2, 2), bias=False)
        (bn1): BatchNorm3d(256, eps=1e-05, momentum=0.1, affine=True, track_running_stats=True)
        (relu): ReLU(inplace=True)
        (conv2): Conv3d(256, 256, kernel_size=(3, 3, 3), stride=(1, 1, 1), padding=(2, 2, 2), dilation=(2, 2, 2), bias=False)
        (bn2): BatchNorm3d(256, eps=1e-05, momentum=0.1, affine=True, track_running_stats=True)
      )
      (1): BasicBlock(
        (conv1): Conv3d(256, 256, kernel_size=(3, 3, 3), stride=(1, 1, 1), padding=(2, 2, 2), dilation=(2, 2, 2), bias=False)
        (bn1): BatchNorm3d(256, eps=1e-05, momentum=0.1, affine=True, track_running_stats=True)
        (relu): ReLU(inplace=True)
        (conv2): Conv3d(256, 256, kernel_size=(3, 3, 3), stride=(1, 1, 1), padding=(2, 2, 2), dilation=(2, 2, 2), bias=False)
        (bn2): BatchNorm3d(256, eps=1e-05, momentum=0.1, affine=True, track_running_stats=True)
      )
      (2): BasicBlock(
        (conv1): Conv3d(256, 256, kernel_size=(3, 3, 3), stride=(1, 1, 1), padding=(2, 2, 2), dilation=(2, 2, 2), bias=False)
        (bn1): BatchNorm3d(256, eps=1e-05, momentum=0.1, affine=True, track_running_stats=True)
        (relu): ReLU(inplace=True)
        (conv2): Conv3d(256, 256, kernel_size=(3, 3, 3), stride=(1, 1, 1), padding=(2, 2, 2), dilation=(2, 2, 2), bias=False)
        (bn2): BatchNorm3d(256, eps=1e-05, momentum=0.1, affine=True, track_running_stats=True)
      )
      (3): BasicBlock(
        (conv1): Conv3d(256, 256, kernel_size=(3, 3, 3), stride=(1, 1, 1), padding=(2, 2, 2), dilation=(2, 2, 2), bias=False)
        (bn1): BatchNorm3d(256, eps=1e-05, momentum=0.1, affine=True, track_running_stats=True)
        (relu): ReLU(inplace=True)
        (conv2): Conv3d(256, 256, kernel_size=(3, 3, 3), stride=(1, 1, 1), padding=(2, 2, 2), dilation=(2, 2, 2), bias=False)
        (bn2): BatchNorm3d(256, eps=1e-05, momentum=0.1, affine=True, track_running_stats=True)
      )
      (4): BasicBlock(
        (conv1): Conv3d(256, 256, kernel_size=(3, 3, 3), stride=(1, 1, 1), padding=(2, 2, 2), dilation=(2, 2, 2), bias=False)
        (bn1): BatchNorm3d(256, eps=1e-05, momentum=0.1, affine=True, track_running_stats=True)
        (relu): ReLU(inplace=True)
        (conv2): Conv3d(256, 256, kernel_size=(3, 3, 3), stride=(1, 1, 1), padding=(2, 2, 2), dilation=(2, 2, 2), bias=False)
        (bn2): BatchNorm3d(256, eps=1e-05, momentum=0.1, affine=True, track_running_stats=True)
      )
      (5): BasicBlock(
        (conv1): Conv3d(256, 256, kernel_size=(3, 3, 3), stride=(1, 1, 1), padding=(2, 2, 2), dilation=(2, 2, 2), bias=False)
        (bn1): BatchNorm3d(256, eps=1e-05, momentum=0.1, affine=True, track_running_stats=True)
        (relu): ReLU(inplace=True)
        (conv2): Conv3d(256, 256, kernel_size=(3, 3, 3), stride=(1, 1, 1), padding=(2, 2, 2), dilation=(2, 2, 2), bias=False)
        (bn2): BatchNorm3d(256, eps=1e-05, momentum=0.1, affine=True, track_running_stats=True)
      )
    )
    (layer4): Sequential(
      (0): BasicBlock(
        (conv1): Conv3d(256, 512, kernel_size=(3, 3, 3), stride=(1, 1, 1), padding=(4, 4, 4), dilation=(4, 4, 4), bias=False)
        (bn1): BatchNorm3d(512, eps=1e-05, momentum=0.1, affine=True, track_running_stats=True)
        (relu): ReLU(inplace=True)
        (conv2): Conv3d(512, 512, kernel_size=(3, 3, 3), stride=(1, 1, 1), padding=(4, 4, 4), dilation=(4, 4, 4), bias=False)
        (bn2): BatchNorm3d(512, eps=1e-05, momentum=0.1, affine=True, track_running_stats=True)
      )
      (1): BasicBlock(
        (conv1): Conv3d(512, 512, kernel_size=(3, 3, 3), stride=(1, 1, 1), padding=(4, 4, 4), dilation=(4, 4, 4), bias=False)
        (bn1): BatchNorm3d(512, eps=1e-05, momentum=0.1, affine=True, track_running_stats=True)
        (relu): ReLU(inplace=True)
        (conv2): Conv3d(512, 512, kernel_size=(3, 3, 3), stride=(1, 1, 1), padding=(4, 4, 4), dilation=(4, 4, 4), bias=False)
        (bn2): BatchNorm3d(512, eps=1e-05, momentum=0.1, affine=True, track_running_stats=True)
      )
      (2): BasicBlock(
        (conv1): Conv3d(512, 512, kernel_size=(3, 3, 3), stride=(1, 1, 1), padding=(4, 4, 4), dilation=(4, 4, 4), bias=False)
        (bn1): BatchNorm3d(512, eps=1e-05, momentum=0.1, affine=True, track_running_stats=True)
        (relu): ReLU(inplace=True)
        (conv2): Conv3d(512, 512, kernel_size=(3, 3, 3), stride=(1, 1, 1), padding=(4, 4, 4), dilation=(4, 4, 4), bias=False)
        (bn2): BatchNorm3d(512, eps=1e-05, momentum=0.1, affine=True, track_running_stats=True)
      )
    )
    (GAP): AdaptiveAvgPool3d(output_size=(2, 2, 2))
    (linear): Linear(in_features=4096, out_features=3, bias=True)
  )
)
2025-07-08 06:34:40 - INFO - the missing keys are : 
['module.linear.weight', 'module.linear.bias']
2025-07-08 06:34:40 - INFO - the unexpected keys are :
[]
2025-07-08 06:34:40 - INFO - loaded model parameters from pretrained\resnet_34_23dataset.pth
2025-07-08 06:34:41 - INFO - fold number:0
2025-07-08 06:37:27 - INFO - epoch:0/50 iteration:0/459 batch loss is :1.5683
2025-07-08 06:37:47 - INFO - epoch:0/50 iteration:5/459 batch loss is :1.0569
2025-07-08 06:38:08 - INFO - epoch:0/50 iteration:10/459 batch loss is :1.0775
2025-07-08 06:38:28 - INFO - epoch:0/50 iteration:15/459 batch loss is :1.1644
2025-07-08 06:38:48 - INFO - epoch:0/50 iteration:20/459 batch loss is :1.2737
2025-07-08 06:39:08 - INFO - epoch:0/50 iteration:25/459 batch loss is :1.2367
2025-07-08 06:39:28 - INFO - epoch:0/50 iteration:30/459 batch loss is :0.9657
2025-07-08 06:39:48 - INFO - epoch:0/50 iteration:35/459 batch loss is :1.0577
2025-07-08 06:40:07 - INFO - epoch:0/50 iteration:40/459 batch loss is :1.1121
2025-07-08 06:40:27 - INFO - epoch:0/50 iteration:45/459 batch loss is :1.1603
2025-07-08 06:40:46 - INFO - epoch:0/50 iteration:50/459 batch loss is :1.1372
2025-07-08 06:41:05 - INFO - epoch:0/50 iteration:55/459 batch loss is :0.9679
2025-07-08 06:41:23 - INFO - epoch:0/50 iteration:60/459 batch loss is :0.9763
2025-07-08 06:41:41 - INFO - epoch:0/50 iteration:65/459 batch loss is :0.7864
2025-07-08 06:42:00 - INFO - epoch:0/50 iteration:70/459 batch loss is :0.8255
2025-07-08 06:42:17 - INFO - epoch:0/50 iteration:75/459 batch loss is :0.9011
2025-07-08 06:42:36 - INFO - epoch:0/50 iteration:80/459 batch loss is :0.9309
2025-07-08 06:42:46 - INFO - Epoch:0/50 Loss is :0.1904
2025-07-08 06:52:45 - INFO - VAL loss :0.6553
2025-07-08 06:53:24 - INFO - epoch:1/50 iteration:0/459 batch loss is :0.8691
2025-07-08 06:53:47 - INFO - epoch:1/50 iteration:5/459 batch loss is :0.6339
2025-07-08 06:54:08 - INFO - epoch:1/50 iteration:10/459 batch loss is :0.7002
2025-07-08 06:54:30 - INFO - epoch:1/50 iteration:15/459 batch loss is :0.8145
2025-07-08 06:54:52 - INFO - epoch:1/50 iteration:20/459 batch loss is :0.8348
2025-07-08 06:55:12 - INFO - epoch:1/50 iteration:25/459 batch loss is :0.9702
2025-07-08 06:55:34 - INFO - epoch:1/50 iteration:30/459 batch loss is :1.0687
2025-07-08 06:55:54 - INFO - epoch:1/50 iteration:35/459 batch loss is :1.0321
2025-07-08 06:56:14 - INFO - epoch:1/50 iteration:40/459 batch loss is :0.9155
2025-07-08 06:56:34 - INFO - epoch:1/50 iteration:45/459 batch loss is :0.6375
2025-07-08 06:56:54 - INFO - epoch:1/50 iteration:50/459 batch loss is :0.8397
2025-07-08 06:57:13 - INFO - epoch:1/50 iteration:55/459 batch loss is :0.9349
2025-07-08 06:57:31 - INFO - epoch:1/50 iteration:60/459 batch loss is :0.5748
2025-07-08 06:57:49 - INFO - epoch:1/50 iteration:65/459 batch loss is :0.6215
2025-07-08 06:58:07 - INFO - epoch:1/50 iteration:70/459 batch loss is :0.9475
2025-07-08 06:58:25 - INFO - epoch:1/50 iteration:75/459 batch loss is :0.7304
2025-07-08 06:58:43 - INFO - epoch:1/50 iteration:80/459 batch loss is :0.6420
2025-07-08 06:58:53 - INFO - Epoch:1/50 Loss is :0.1742
2025-07-08 06:59:32 - INFO - epoch:2/50 iteration:0/459 batch loss is :1.6842
2025-07-08 06:59:53 - INFO - epoch:2/50 iteration:5/459 batch loss is :1.2324
2025-07-08 07:00:14 - INFO - epoch:2/50 iteration:10/459 batch loss is :0.7314
2025-07-08 07:00:36 - INFO - epoch:2/50 iteration:15/459 batch loss is :1.1085
2025-07-08 07:00:57 - INFO - epoch:2/50 iteration:20/459 batch loss is :0.5358
2025-07-08 07:01:18 - INFO - epoch:2/50 iteration:25/459 batch loss is :0.7986
2025-07-08 07:01:38 - INFO - epoch:2/50 iteration:30/459 batch loss is :1.6311
2025-07-08 07:01:58 - INFO - epoch:2/50 iteration:35/459 batch loss is :0.9785
2025-07-08 07:02:17 - INFO - epoch:2/50 iteration:40/459 batch loss is :0.7044
2025-07-08 07:02:37 - INFO - epoch:2/50 iteration:45/459 batch loss is :0.7429
2025-07-08 07:02:56 - INFO - epoch:2/50 iteration:50/459 batch loss is :1.0454
2025-07-08 07:03:15 - INFO - epoch:2/50 iteration:55/459 batch loss is :1.2872
2025-07-08 07:03:33 - INFO - epoch:2/50 iteration:60/459 batch loss is :0.8976
2025-07-08 07:03:51 - INFO - epoch:2/50 iteration:65/459 batch loss is :0.7432
2025-07-08 07:04:09 - INFO - epoch:2/50 iteration:70/459 batch loss is :1.0901
2025-07-08 07:04:27 - INFO - epoch:2/50 iteration:75/459 batch loss is :0.5949
2025-07-08 07:04:45 - INFO - epoch:2/50 iteration:80/459 batch loss is :0.6423
2025-07-08 07:04:56 - INFO - Epoch:2/50 Loss is :0.1629
2025-07-08 07:05:34 - INFO - epoch:3/50 iteration:0/459 batch loss is :1.0878
2025-07-08 07:05:56 - INFO - epoch:3/50 iteration:5/459 batch loss is :1.1496
2025-07-08 07:06:18 - INFO - epoch:3/50 iteration:10/459 batch loss is :0.8168
2025-07-08 07:06:39 - INFO - epoch:3/50 iteration:15/459 batch loss is :0.7534
2025-07-08 07:07:00 - INFO - epoch:3/50 iteration:20/459 batch loss is :0.8588
2025-07-08 07:07:20 - INFO - epoch:3/50 iteration:25/459 batch loss is :0.9320
2025-07-08 07:07:40 - INFO - epoch:3/50 iteration:30/459 batch loss is :0.9893
2025-07-08 07:07:59 - INFO - epoch:3/50 iteration:35/459 batch loss is :0.6683
2025-07-08 07:08:19 - INFO - epoch:3/50 iteration:40/459 batch loss is :0.8022
2025-07-08 07:08:38 - INFO - epoch:3/50 iteration:45/459 batch loss is :0.9103
2025-07-08 07:08:57 - INFO - epoch:3/50 iteration:50/459 batch loss is :0.6900
2025-07-08 07:09:16 - INFO - epoch:3/50 iteration:55/459 batch loss is :0.8399
2025-07-08 07:09:35 - INFO - epoch:3/50 iteration:60/459 batch loss is :0.7289
2025-07-08 07:09:53 - INFO - epoch:3/50 iteration:65/459 batch loss is :0.8333
2025-07-08 07:10:11 - INFO - epoch:3/50 iteration:70/459 batch loss is :1.3053
2025-07-08 07:10:29 - INFO - epoch:3/50 iteration:75/459 batch loss is :1.7009
2025-07-08 07:10:47 - INFO - epoch:3/50 iteration:80/459 batch loss is :0.4828
2025-07-08 07:10:57 - INFO - Epoch:3/50 Loss is :0.1415
2025-07-08 07:11:41 - INFO - epoch:4/50 iteration:0/459 batch loss is :1.0305
2025-07-08 07:12:03 - INFO - epoch:4/50 iteration:5/459 batch loss is :0.5377
2025-07-08 07:12:24 - INFO - epoch:4/50 iteration:10/459 batch loss is :0.7844
2025-07-08 07:12:45 - INFO - epoch:4/50 iteration:15/459 batch loss is :1.3520
2025-07-08 07:13:06 - INFO - epoch:4/50 iteration:20/459 batch loss is :1.0727
2025-07-08 07:13:27 - INFO - epoch:4/50 iteration:25/459 batch loss is :0.6915
2025-07-08 07:13:48 - INFO - epoch:4/50 iteration:30/459 batch loss is :0.5040
2025-07-08 07:14:08 - INFO - epoch:4/50 iteration:35/459 batch loss is :0.6149
2025-07-08 07:14:28 - INFO - epoch:4/50 iteration:40/459 batch loss is :0.9982
2025-07-08 07:14:48 - INFO - epoch:4/50 iteration:45/459 batch loss is :0.5875
2025-07-08 07:15:07 - INFO - epoch:4/50 iteration:50/459 batch loss is :0.6418
2025-07-08 07:15:26 - INFO - epoch:4/50 iteration:55/459 batch loss is :0.7175
2025-07-08 07:15:45 - INFO - epoch:4/50 iteration:60/459 batch loss is :0.3807
2025-07-08 07:16:03 - INFO - epoch:4/50 iteration:65/459 batch loss is :0.5875
2025-07-08 07:16:21 - INFO - epoch:4/50 iteration:70/459 batch loss is :0.6403
2025-07-08 07:16:39 - INFO - epoch:4/50 iteration:75/459 batch loss is :0.7510
2025-07-08 07:16:56 - INFO - epoch:4/50 iteration:80/459 batch loss is :0.5276
2025-07-08 07:17:07 - INFO - Epoch:4/50 Loss is :0.1343
2025-07-08 07:17:48 - INFO - epoch:5/50 iteration:0/459 batch loss is :1.2896
2025-07-08 07:18:09 - INFO - epoch:5/50 iteration:5/459 batch loss is :0.6193
2025-07-08 07:18:30 - INFO - epoch:5/50 iteration:10/459 batch loss is :0.7909
2025-07-08 07:18:53 - INFO - epoch:5/50 iteration:15/459 batch loss is :0.6783
2025-07-08 07:19:14 - INFO - epoch:5/50 iteration:20/459 batch loss is :0.8640
2025-07-08 07:19:33 - INFO - epoch:5/50 iteration:25/459 batch loss is :0.4981
2025-07-08 07:19:54 - INFO - epoch:5/50 iteration:30/459 batch loss is :0.7109
2025-07-08 07:20:13 - INFO - epoch:5/50 iteration:35/459 batch loss is :0.5001
2025-07-08 07:20:33 - INFO - epoch:5/50 iteration:40/459 batch loss is :0.3448
2025-07-08 07:20:52 - INFO - epoch:5/50 iteration:45/459 batch loss is :0.3148
2025-07-08 07:21:12 - INFO - epoch:5/50 iteration:50/459 batch loss is :0.6188
2025-07-08 07:21:31 - INFO - epoch:5/50 iteration:55/459 batch loss is :0.4875
2025-07-08 07:21:49 - INFO - epoch:5/50 iteration:60/459 batch loss is :0.4266
2025-07-08 07:22:07 - INFO - epoch:5/50 iteration:65/459 batch loss is :0.6522
2025-07-08 07:22:25 - INFO - epoch:5/50 iteration:70/459 batch loss is :0.5660
2025-07-08 07:22:43 - INFO - epoch:5/50 iteration:75/459 batch loss is :0.4813
2025-07-08 07:23:01 - INFO - epoch:5/50 iteration:80/459 batch loss is :0.3309
2025-07-08 07:23:11 - INFO - Epoch:5/50 Loss is :0.1149
2025-07-08 07:23:51 - INFO - epoch:6/50 iteration:0/459 batch loss is :0.5526
2025-07-08 07:24:11 - INFO - epoch:6/50 iteration:5/459 batch loss is :0.7890
2025-07-08 07:24:33 - INFO - epoch:6/50 iteration:10/459 batch loss is :0.8038
2025-07-08 07:24:54 - INFO - epoch:6/50 iteration:15/459 batch loss is :0.4401
2025-07-08 07:25:16 - INFO - epoch:6/50 iteration:20/459 batch loss is :0.5193
2025-07-08 07:25:36 - INFO - epoch:6/50 iteration:25/459 batch loss is :0.4601
2025-07-08 07:25:57 - INFO - epoch:6/50 iteration:30/459 batch loss is :0.6330
2025-07-08 07:26:17 - INFO - epoch:6/50 iteration:35/459 batch loss is :0.6042
2025-07-08 07:26:37 - INFO - epoch:6/50 iteration:40/459 batch loss is :0.4184
2025-07-08 07:26:57 - INFO - epoch:6/50 iteration:45/459 batch loss is :0.5239
2025-07-08 07:27:17 - INFO - epoch:6/50 iteration:50/459 batch loss is :0.9342
2025-07-08 07:27:37 - INFO - epoch:6/50 iteration:55/459 batch loss is :0.8916
2025-07-08 07:27:55 - INFO - epoch:6/50 iteration:60/459 batch loss is :0.1933
2025-07-08 07:28:13 - INFO - epoch:6/50 iteration:65/459 batch loss is :0.5814
2025-07-08 07:28:31 - INFO - epoch:6/50 iteration:70/459 batch loss is :0.9804
2025-07-08 07:28:49 - INFO - epoch:6/50 iteration:75/459 batch loss is :0.5945
2025-07-08 07:29:07 - INFO - epoch:6/50 iteration:80/459 batch loss is :0.5962
2025-07-08 07:29:17 - INFO - Epoch:6/50 Loss is :0.1020
2025-07-08 07:29:54 - INFO - epoch:7/50 iteration:0/459 batch loss is :0.7494
2025-07-08 07:30:16 - INFO - epoch:7/50 iteration:5/459 batch loss is :0.3713
2025-07-08 07:30:38 - INFO - epoch:7/50 iteration:10/459 batch loss is :0.7391
2025-07-08 07:31:00 - INFO - epoch:7/50 iteration:15/459 batch loss is :0.2909
2025-07-08 07:31:21 - INFO - epoch:7/50 iteration:20/459 batch loss is :0.2059
2025-07-08 07:31:41 - INFO - epoch:7/50 iteration:25/459 batch loss is :0.3261
2025-07-08 07:32:01 - INFO - epoch:7/50 iteration:30/459 batch loss is :0.4403
2025-07-08 07:32:21 - INFO - epoch:7/50 iteration:35/459 batch loss is :0.7881
2025-07-08 07:32:40 - INFO - epoch:7/50 iteration:40/459 batch loss is :0.6967
2025-07-08 07:33:00 - INFO - epoch:7/50 iteration:45/459 batch loss is :0.3328
2025-07-08 07:33:20 - INFO - epoch:7/50 iteration:50/459 batch loss is :0.4487
2025-07-08 07:33:39 - INFO - epoch:7/50 iteration:55/459 batch loss is :0.4693
2025-07-08 07:33:57 - INFO - epoch:7/50 iteration:60/459 batch loss is :0.8805
2025-07-08 07:34:16 - INFO - epoch:7/50 iteration:65/459 batch loss is :0.5250
2025-07-08 07:34:33 - INFO - epoch:7/50 iteration:70/459 batch loss is :0.5517
2025-07-08 07:34:51 - INFO - epoch:7/50 iteration:75/459 batch loss is :0.8565
2025-07-08 07:35:09 - INFO - epoch:7/50 iteration:80/459 batch loss is :0.4340
2025-07-08 07:35:20 - INFO - Epoch:7/50 Loss is :0.1055
2025-07-08 07:35:53 - INFO - epoch:8/50 iteration:0/459 batch loss is :0.6057
2025-07-08 07:36:17 - INFO - epoch:8/50 iteration:5/459 batch loss is :0.5507
2025-07-08 07:36:39 - INFO - epoch:8/50 iteration:10/459 batch loss is :0.2706
2025-07-08 07:37:01 - INFO - epoch:8/50 iteration:15/459 batch loss is :0.6114
2025-07-08 07:37:22 - INFO - epoch:8/50 iteration:20/459 batch loss is :0.5081
2025-07-08 07:37:42 - INFO - epoch:8/50 iteration:25/459 batch loss is :0.9224
2025-07-08 07:38:01 - INFO - epoch:8/50 iteration:30/459 batch loss is :0.4067
2025-07-08 07:38:20 - INFO - epoch:8/50 iteration:35/459 batch loss is :0.9937
2025-07-08 07:38:40 - INFO - epoch:8/50 iteration:40/459 batch loss is :0.7068
2025-07-08 07:38:59 - INFO - epoch:8/50 iteration:45/459 batch loss is :0.4769
2025-07-08 07:39:18 - INFO - epoch:8/50 iteration:50/459 batch loss is :0.5268
2025-07-08 07:39:37 - INFO - epoch:8/50 iteration:55/459 batch loss is :0.4959
2025-07-08 07:39:56 - INFO - epoch:8/50 iteration:60/459 batch loss is :0.7749
2025-07-08 07:40:13 - INFO - epoch:8/50 iteration:65/459 batch loss is :1.0661
2025-07-08 07:40:31 - INFO - epoch:8/50 iteration:70/459 batch loss is :0.3944
2025-07-08 07:40:49 - INFO - epoch:8/50 iteration:75/459 batch loss is :0.4370
2025-07-08 07:41:07 - INFO - epoch:8/50 iteration:80/459 batch loss is :0.4900
2025-07-08 07:41:17 - INFO - Epoch:8/50 Loss is :0.1097
2025-07-08 07:42:01 - INFO - epoch:9/50 iteration:0/459 batch loss is :0.5520
2025-07-08 07:42:23 - INFO - epoch:9/50 iteration:5/459 batch loss is :0.5584
2025-07-08 07:42:44 - INFO - epoch:9/50 iteration:10/459 batch loss is :0.5874
2025-07-08 07:43:05 - INFO - epoch:9/50 iteration:15/459 batch loss is :0.3168
2025-07-08 07:43:27 - INFO - epoch:9/50 iteration:20/459 batch loss is :0.3458
2025-07-08 07:43:47 - INFO - epoch:9/50 iteration:25/459 batch loss is :0.3498
2025-07-08 07:44:08 - INFO - epoch:9/50 iteration:30/459 batch loss is :0.2727
2025-07-08 07:44:28 - INFO - epoch:9/50 iteration:35/459 batch loss is :0.4622
2025-07-08 07:44:47 - INFO - epoch:9/50 iteration:40/459 batch loss is :1.1866
2025-07-08 07:45:07 - INFO - epoch:9/50 iteration:45/459 batch loss is :0.0854
2025-07-08 07:45:27 - INFO - epoch:9/50 iteration:50/459 batch loss is :0.5300
2025-07-08 07:45:46 - INFO - epoch:9/50 iteration:55/459 batch loss is :0.5373
2025-07-08 07:46:04 - INFO - epoch:9/50 iteration:60/459 batch loss is :0.8635
2025-07-08 07:46:23 - INFO - epoch:9/50 iteration:65/459 batch loss is :0.5334
2025-07-08 07:46:41 - INFO - epoch:9/50 iteration:70/459 batch loss is :0.7323
2025-07-08 07:46:59 - INFO - epoch:9/50 iteration:75/459 batch loss is :0.2701
2025-07-08 07:47:16 - INFO - epoch:9/50 iteration:80/459 batch loss is :0.3130
2025-07-08 07:47:27 - INFO - Epoch:9/50 Loss is :0.0991
2025-07-08 07:48:06 - INFO - epoch:10/50 iteration:0/459 batch loss is :0.5166
2025-07-08 07:48:29 - INFO - epoch:10/50 iteration:5/459 batch loss is :0.3667
2025-07-08 07:48:51 - INFO - epoch:10/50 iteration:10/459 batch loss is :0.4378
2025-07-08 07:49:12 - INFO - epoch:10/50 iteration:15/459 batch loss is :0.3792
2025-07-08 07:49:34 - INFO - epoch:10/50 iteration:20/459 batch loss is :0.4613
2025-07-08 07:49:54 - INFO - epoch:10/50 iteration:25/459 batch loss is :0.7647
2025-07-08 07:50:14 - INFO - epoch:10/50 iteration:30/459 batch loss is :0.5354
2025-07-08 07:50:33 - INFO - epoch:10/50 iteration:35/459 batch loss is :0.2844
2025-07-08 07:50:53 - INFO - epoch:10/50 iteration:40/459 batch loss is :0.3981
2025-07-08 07:51:13 - INFO - epoch:10/50 iteration:45/459 batch loss is :0.2918
2025-07-08 07:51:32 - INFO - epoch:10/50 iteration:50/459 batch loss is :0.2041
2025-07-08 07:51:51 - INFO - epoch:10/50 iteration:55/459 batch loss is :0.4634
2025-07-08 07:52:09 - INFO - epoch:10/50 iteration:60/459 batch loss is :0.2831
2025-07-08 07:52:27 - INFO - epoch:10/50 iteration:65/459 batch loss is :0.4711
2025-07-08 07:52:45 - INFO - epoch:10/50 iteration:70/459 batch loss is :0.3019
2025-07-08 07:53:03 - INFO - epoch:10/50 iteration:75/459 batch loss is :0.8433
2025-07-08 07:53:21 - INFO - epoch:10/50 iteration:80/459 batch loss is :0.5278
2025-07-08 07:53:32 - INFO - Epoch:10/50 Loss is :0.0878
2025-07-08 07:54:10 - INFO - epoch:11/50 iteration:0/459 batch loss is :0.7772
2025-07-08 07:54:32 - INFO - epoch:11/50 iteration:5/459 batch loss is :0.4809
2025-07-08 07:54:54 - INFO - epoch:11/50 iteration:10/459 batch loss is :0.2917
2025-07-08 07:55:16 - INFO - epoch:11/50 iteration:15/459 batch loss is :0.3529
2025-07-08 07:55:38 - INFO - epoch:11/50 iteration:20/459 batch loss is :0.4173
2025-07-08 07:55:57 - INFO - epoch:11/50 iteration:25/459 batch loss is :0.3130
2025-07-08 07:56:19 - INFO - epoch:11/50 iteration:30/459 batch loss is :0.4237
2025-07-08 07:56:39 - INFO - epoch:11/50 iteration:35/459 batch loss is :0.9750
2025-07-08 07:56:59 - INFO - epoch:11/50 iteration:40/459 batch loss is :0.5393
2025-07-08 07:57:18 - INFO - epoch:11/50 iteration:45/459 batch loss is :0.8749
2025-07-08 07:57:38 - INFO - epoch:11/50 iteration:50/459 batch loss is :1.1283
2025-07-08 07:57:57 - INFO - epoch:11/50 iteration:55/459 batch loss is :0.2830
2025-07-08 07:58:16 - INFO - epoch:11/50 iteration:60/459 batch loss is :0.2741
2025-07-08 07:58:34 - INFO - epoch:11/50 iteration:65/459 batch loss is :0.3241
2025-07-08 07:58:52 - INFO - epoch:11/50 iteration:70/459 batch loss is :0.3055
2025-07-08 07:59:09 - INFO - epoch:11/50 iteration:75/459 batch loss is :0.2815
2025-07-08 07:59:27 - INFO - epoch:11/50 iteration:80/459 batch loss is :0.4438
2025-07-08 07:59:38 - INFO - Epoch:11/50 Loss is :0.0876
2025-07-08 08:00:08 - INFO - epoch:12/50 iteration:0/459 batch loss is :0.3848
2025-07-08 08:00:36 - INFO - epoch:12/50 iteration:5/459 batch loss is :0.4946
2025-07-08 08:00:57 - INFO - epoch:12/50 iteration:10/459 batch loss is :0.3171
2025-07-08 08:01:19 - INFO - epoch:12/50 iteration:15/459 batch loss is :0.3380
2025-07-08 08:01:40 - INFO - epoch:12/50 iteration:20/459 batch loss is :0.1352
2025-07-08 08:02:01 - INFO - epoch:12/50 iteration:25/459 batch loss is :0.3894
2025-07-08 08:02:21 - INFO - epoch:12/50 iteration:30/459 batch loss is :0.4256
2025-07-08 08:02:40 - INFO - epoch:12/50 iteration:35/459 batch loss is :0.1634
2025-07-08 08:03:00 - INFO - epoch:12/50 iteration:40/459 batch loss is :0.4898
2025-07-08 08:03:20 - INFO - epoch:12/50 iteration:45/459 batch loss is :0.4091
2025-07-08 08:03:39 - INFO - epoch:12/50 iteration:50/459 batch loss is :0.8767
2025-07-08 08:03:58 - INFO - epoch:12/50 iteration:55/459 batch loss is :0.7179
2025-07-08 08:04:16 - INFO - epoch:12/50 iteration:60/459 batch loss is :0.1480
2025-07-08 08:04:34 - INFO - epoch:12/50 iteration:65/459 batch loss is :0.4905
2025-07-08 08:04:52 - INFO - epoch:12/50 iteration:70/459 batch loss is :0.3004
2025-07-08 08:05:10 - INFO - epoch:12/50 iteration:75/459 batch loss is :0.6786
2025-07-08 08:05:28 - INFO - epoch:12/50 iteration:80/459 batch loss is :0.2849
2025-07-08 08:05:38 - INFO - Epoch:12/50 Loss is :0.0848
2025-07-08 08:06:18 - INFO - epoch:13/50 iteration:0/459 batch loss is :0.3373
2025-07-08 08:06:40 - INFO - epoch:13/50 iteration:5/459 batch loss is :0.2459
2025-07-08 08:07:01 - INFO - epoch:13/50 iteration:10/459 batch loss is :0.2222
2025-07-08 08:07:23 - INFO - epoch:13/50 iteration:15/459 batch loss is :0.1791
2025-07-08 08:07:44 - INFO - epoch:13/50 iteration:20/459 batch loss is :0.2799
2025-07-08 08:08:04 - INFO - epoch:13/50 iteration:25/459 batch loss is :0.4300
2025-07-08 08:08:23 - INFO - epoch:13/50 iteration:30/459 batch loss is :0.2045
2025-07-08 08:08:43 - INFO - epoch:13/50 iteration:35/459 batch loss is :0.1312
2025-07-08 08:09:02 - INFO - epoch:13/50 iteration:40/459 batch loss is :0.3259
2025-07-08 08:09:22 - INFO - epoch:13/50 iteration:45/459 batch loss is :0.4016
2025-07-08 08:09:41 - INFO - epoch:13/50 iteration:50/459 batch loss is :0.1170
2025-07-08 08:10:01 - INFO - epoch:13/50 iteration:55/459 batch loss is :0.3824
2025-07-08 08:10:19 - INFO - epoch:13/50 iteration:60/459 batch loss is :0.2037
2025-07-08 08:10:37 - INFO - epoch:13/50 iteration:65/459 batch loss is :0.8999
2025-07-08 08:10:55 - INFO - epoch:13/50 iteration:70/459 batch loss is :0.6528
2025-07-08 08:11:13 - INFO - epoch:13/50 iteration:75/459 batch loss is :0.4317
2025-07-08 08:11:31 - INFO - epoch:13/50 iteration:80/459 batch loss is :0.6197
2025-07-08 08:11:41 - INFO - Epoch:13/50 Loss is :0.0795
2025-07-08 08:12:23 - INFO - epoch:14/50 iteration:0/459 batch loss is :0.3500
2025-07-08 08:12:45 - INFO - epoch:14/50 iteration:5/459 batch loss is :0.3603
2025-07-08 08:13:06 - INFO - epoch:14/50 iteration:10/459 batch loss is :0.4585
2025-07-08 08:13:28 - INFO - epoch:14/50 iteration:15/459 batch loss is :0.4198
2025-07-08 08:13:50 - INFO - epoch:14/50 iteration:20/459 batch loss is :0.5282
2025-07-08 08:14:10 - INFO - epoch:14/50 iteration:25/459 batch loss is :0.1714
2025-07-08 08:14:31 - INFO - epoch:14/50 iteration:30/459 batch loss is :0.2280
2025-07-08 08:14:51 - INFO - epoch:14/50 iteration:35/459 batch loss is :0.3602
2025-07-08 08:15:10 - INFO - epoch:14/50 iteration:40/459 batch loss is :0.2451
2025-07-08 08:15:30 - INFO - epoch:14/50 iteration:45/459 batch loss is :0.2746
2025-07-08 08:15:50 - INFO - epoch:14/50 iteration:50/459 batch loss is :0.3247
2025-07-08 08:16:09 - INFO - epoch:14/50 iteration:55/459 batch loss is :0.3939
2025-07-08 08:16:27 - INFO - epoch:14/50 iteration:60/459 batch loss is :0.2065
2025-07-08 08:16:45 - INFO - epoch:14/50 iteration:65/459 batch loss is :0.2915
2025-07-08 08:17:03 - INFO - epoch:14/50 iteration:70/459 batch loss is :0.5286
2025-07-08 08:17:21 - INFO - epoch:14/50 iteration:75/459 batch loss is :0.3768
2025-07-08 08:17:39 - INFO - epoch:14/50 iteration:80/459 batch loss is :1.0260
2025-07-08 08:17:50 - INFO - Epoch:14/50 Loss is :0.0808
2025-07-08 08:18:31 - INFO - epoch:15/50 iteration:0/459 batch loss is :0.2297
2025-07-08 08:18:53 - INFO - epoch:15/50 iteration:5/459 batch loss is :0.6812
2025-07-08 08:19:15 - INFO - epoch:15/50 iteration:10/459 batch loss is :0.4925
2025-07-08 08:19:36 - INFO - epoch:15/50 iteration:15/459 batch loss is :0.7138
2025-07-08 08:19:58 - INFO - epoch:15/50 iteration:20/459 batch loss is :0.2461
2025-07-08 08:20:18 - INFO - epoch:15/50 iteration:25/459 batch loss is :0.4041
2025-07-08 08:20:37 - INFO - epoch:15/50 iteration:30/459 batch loss is :0.5571
2025-07-08 08:20:56 - INFO - epoch:15/50 iteration:35/459 batch loss is :0.3720
2025-07-08 08:21:16 - INFO - epoch:15/50 iteration:40/459 batch loss is :0.4150
2025-07-08 08:21:35 - INFO - epoch:15/50 iteration:45/459 batch loss is :0.1677
2025-07-08 08:21:55 - INFO - epoch:15/50 iteration:50/459 batch loss is :0.2983
2025-07-08 08:22:14 - INFO - epoch:15/50 iteration:55/459 batch loss is :0.6860
2025-07-08 08:22:32 - INFO - epoch:15/50 iteration:60/459 batch loss is :0.8642
2025-07-08 08:22:50 - INFO - epoch:15/50 iteration:65/459 batch loss is :0.5926
2025-07-08 08:23:08 - INFO - epoch:15/50 iteration:70/459 batch loss is :0.4894
2025-07-08 08:23:26 - INFO - epoch:15/50 iteration:75/459 batch loss is :0.4431
2025-07-08 08:23:43 - INFO - epoch:15/50 iteration:80/459 batch loss is :0.2686
2025-07-08 08:23:54 - INFO - Epoch:15/50 Loss is :0.0892
2025-07-08 08:24:38 - INFO - epoch:16/50 iteration:0/459 batch loss is :0.1989
2025-07-08 08:24:59 - INFO - epoch:16/50 iteration:5/459 batch loss is :0.3534
2025-07-08 08:25:21 - INFO - epoch:16/50 iteration:10/459 batch loss is :0.2730
2025-07-08 08:25:42 - INFO - epoch:16/50 iteration:15/459 batch loss is :0.6163
2025-07-08 08:26:03 - INFO - epoch:16/50 iteration:20/459 batch loss is :0.2006
2025-07-08 08:26:23 - INFO - epoch:16/50 iteration:25/459 batch loss is :0.1743
2025-07-08 08:26:44 - INFO - epoch:16/50 iteration:30/459 batch loss is :0.1786
2025-07-08 08:27:04 - INFO - epoch:16/50 iteration:35/459 batch loss is :0.4458
2025-07-08 08:27:24 - INFO - epoch:16/50 iteration:40/459 batch loss is :0.6047
2025-07-08 08:27:44 - INFO - epoch:16/50 iteration:45/459 batch loss is :0.5909
2025-07-08 08:28:03 - INFO - epoch:16/50 iteration:50/459 batch loss is :0.2681
2025-07-08 08:28:23 - INFO - epoch:16/50 iteration:55/459 batch loss is :0.3502
2025-07-08 08:28:41 - INFO - epoch:16/50 iteration:60/459 batch loss is :0.4270
2025-07-08 08:28:59 - INFO - epoch:16/50 iteration:65/459 batch loss is :0.5441
2025-07-08 08:29:17 - INFO - epoch:16/50 iteration:70/459 batch loss is :0.5066
2025-07-08 08:29:35 - INFO - epoch:16/50 iteration:75/459 batch loss is :0.1660
2025-07-08 08:29:53 - INFO - epoch:16/50 iteration:80/459 batch loss is :0.1896
2025-07-08 08:30:04 - INFO - Epoch:16/50 Loss is :0.0777
2025-07-08 08:30:44 - INFO - epoch:17/50 iteration:0/459 batch loss is :0.3292
2025-07-08 08:31:04 - INFO - epoch:17/50 iteration:5/459 batch loss is :0.2213
2025-07-08 08:31:26 - INFO - epoch:17/50 iteration:10/459 batch loss is :1.1022
2025-07-08 08:31:48 - INFO - epoch:17/50 iteration:15/459 batch loss is :0.9781
2025-07-08 08:32:08 - INFO - epoch:17/50 iteration:20/459 batch loss is :0.3775
2025-07-08 08:32:28 - INFO - epoch:17/50 iteration:25/459 batch loss is :0.0889
2025-07-08 08:32:48 - INFO - epoch:17/50 iteration:30/459 batch loss is :0.3231
2025-07-08 08:33:08 - INFO - epoch:17/50 iteration:35/459 batch loss is :0.5101
2025-07-08 08:33:27 - INFO - epoch:17/50 iteration:40/459 batch loss is :0.4649
2025-07-08 08:33:47 - INFO - epoch:17/50 iteration:45/459 batch loss is :0.1765
2025-07-08 08:34:06 - INFO - epoch:17/50 iteration:50/459 batch loss is :0.4991
2025-07-08 08:34:26 - INFO - epoch:17/50 iteration:55/459 batch loss is :0.4618
2025-07-08 08:34:44 - INFO - epoch:17/50 iteration:60/459 batch loss is :0.4074
2025-07-08 08:35:02 - INFO - epoch:17/50 iteration:65/459 batch loss is :0.2555
2025-07-08 08:35:20 - INFO - epoch:17/50 iteration:70/459 batch loss is :0.1181
2025-07-08 08:35:38 - INFO - epoch:17/50 iteration:75/459 batch loss is :0.3847
2025-07-08 08:35:55 - INFO - epoch:17/50 iteration:80/459 batch loss is :0.3689
2025-07-08 08:36:06 - INFO - Epoch:17/50 Loss is :0.0688
2025-07-08 08:36:37 - INFO - epoch:18/50 iteration:0/459 batch loss is :0.3950
2025-07-08 08:37:05 - INFO - epoch:18/50 iteration:5/459 batch loss is :0.2618
2025-07-08 08:37:27 - INFO - epoch:18/50 iteration:10/459 batch loss is :0.2423
2025-07-08 08:37:48 - INFO - epoch:18/50 iteration:15/459 batch loss is :0.0867
2025-07-08 08:38:09 - INFO - epoch:18/50 iteration:20/459 batch loss is :0.0781
2025-07-08 08:38:29 - INFO - epoch:18/50 iteration:25/459 batch loss is :0.2727
2025-07-08 08:38:48 - INFO - epoch:18/50 iteration:30/459 batch loss is :0.1415
2025-07-08 08:39:07 - INFO - epoch:18/50 iteration:35/459 batch loss is :0.1941
2025-07-08 08:39:27 - INFO - epoch:18/50 iteration:40/459 batch loss is :0.5017
2025-07-08 08:39:46 - INFO - epoch:18/50 iteration:45/459 batch loss is :0.1488
2025-07-08 08:40:06 - INFO - epoch:18/50 iteration:50/459 batch loss is :0.1507
2025-07-08 08:40:25 - INFO - epoch:18/50 iteration:55/459 batch loss is :0.5096
2025-07-08 08:40:43 - INFO - epoch:18/50 iteration:60/459 batch loss is :0.2943
2025-07-08 08:41:01 - INFO - epoch:18/50 iteration:65/459 batch loss is :0.2662
2025-07-08 08:41:19 - INFO - epoch:18/50 iteration:70/459 batch loss is :0.4327
2025-07-08 08:41:37 - INFO - epoch:18/50 iteration:75/459 batch loss is :0.7254
2025-07-08 08:41:54 - INFO - epoch:18/50 iteration:80/459 batch loss is :0.5606
2025-07-08 08:42:05 - INFO - Epoch:18/50 Loss is :0.0611
2025-07-08 08:42:50 - INFO - epoch:19/50 iteration:0/459 batch loss is :0.3269
2025-07-08 08:43:12 - INFO - epoch:19/50 iteration:5/459 batch loss is :0.5447
2025-07-08 08:43:33 - INFO - epoch:19/50 iteration:10/459 batch loss is :0.2546
2025-07-08 08:43:54 - INFO - epoch:19/50 iteration:15/459 batch loss is :0.2821
2025-07-08 08:44:15 - INFO - epoch:19/50 iteration:20/459 batch loss is :0.2023
2025-07-08 08:44:36 - INFO - epoch:19/50 iteration:25/459 batch loss is :0.3213
2025-07-08 08:44:56 - INFO - epoch:19/50 iteration:30/459 batch loss is :0.2758
2025-07-08 08:45:16 - INFO - epoch:19/50 iteration:35/459 batch loss is :0.7668
2025-07-08 08:45:35 - INFO - epoch:19/50 iteration:40/459 batch loss is :0.0517
2025-07-08 08:45:55 - INFO - epoch:19/50 iteration:45/459 batch loss is :0.5282
2025-07-08 08:46:15 - INFO - epoch:19/50 iteration:50/459 batch loss is :0.2695
2025-07-08 08:46:34 - INFO - epoch:19/50 iteration:55/459 batch loss is :0.4725
2025-07-08 08:46:52 - INFO - epoch:19/50 iteration:60/459 batch loss is :0.1979
2025-07-08 08:47:10 - INFO - epoch:19/50 iteration:65/459 batch loss is :0.3095
2025-07-08 08:47:28 - INFO - epoch:19/50 iteration:70/459 batch loss is :0.3193
2025-07-08 08:47:46 - INFO - epoch:19/50 iteration:75/459 batch loss is :0.2842
2025-07-08 08:48:04 - INFO - epoch:19/50 iteration:80/459 batch loss is :0.0705
2025-07-08 08:48:15 - INFO - Epoch:19/50 Loss is :0.0627
2025-07-08 08:48:50 - INFO - epoch:20/50 iteration:0/459 batch loss is :0.3026
2025-07-08 08:49:14 - INFO - epoch:20/50 iteration:5/459 batch loss is :0.4187
2025-07-08 08:49:35 - INFO - epoch:20/50 iteration:10/459 batch loss is :0.0793
2025-07-08 08:49:56 - INFO - epoch:20/50 iteration:15/459 batch loss is :0.3222
2025-07-08 08:50:18 - INFO - epoch:20/50 iteration:20/459 batch loss is :0.3015
2025-07-08 08:50:38 - INFO - epoch:20/50 iteration:25/459 batch loss is :0.1176
2025-07-08 08:50:58 - INFO - epoch:20/50 iteration:30/459 batch loss is :0.4627
2025-07-08 08:51:18 - INFO - epoch:20/50 iteration:35/459 batch loss is :0.1610
2025-07-08 08:51:37 - INFO - epoch:20/50 iteration:40/459 batch loss is :0.1501
2025-07-08 08:51:57 - INFO - epoch:20/50 iteration:45/459 batch loss is :0.4127
2025-07-08 08:52:16 - INFO - epoch:20/50 iteration:50/459 batch loss is :0.0948
2025-07-08 08:52:35 - INFO - epoch:20/50 iteration:55/459 batch loss is :0.3333
2025-07-08 08:52:54 - INFO - epoch:20/50 iteration:60/459 batch loss is :0.3217
2025-07-08 08:53:11 - INFO - epoch:20/50 iteration:65/459 batch loss is :0.3288
2025-07-08 08:53:30 - INFO - epoch:20/50 iteration:70/459 batch loss is :0.3572
2025-07-08 08:53:48 - INFO - epoch:20/50 iteration:75/459 batch loss is :0.3211
2025-07-08 08:54:06 - INFO - epoch:20/50 iteration:80/459 batch loss is :0.6581
2025-07-08 08:54:16 - INFO - Epoch:20/50 Loss is :0.0631
2025-07-08 09:01:58 - INFO - VAL loss :0.5724
2025-07-08 09:02:41 - INFO - epoch:21/50 iteration:0/459 batch loss is :0.2138
2025-07-08 09:03:02 - INFO - epoch:21/50 iteration:5/459 batch loss is :0.1153
2025-07-08 09:03:23 - INFO - epoch:21/50 iteration:10/459 batch loss is :0.4600
2025-07-08 09:03:44 - INFO - epoch:21/50 iteration:15/459 batch loss is :0.2566
2025-07-08 09:04:06 - INFO - epoch:21/50 iteration:20/459 batch loss is :0.3388
2025-07-08 09:04:26 - INFO - epoch:21/50 iteration:25/459 batch loss is :0.6261
2025-07-08 09:04:48 - INFO - epoch:21/50 iteration:30/459 batch loss is :1.2183
2025-07-08 09:05:08 - INFO - epoch:21/50 iteration:35/459 batch loss is :0.3824
2025-07-08 09:05:28 - INFO - epoch:21/50 iteration:40/459 batch loss is :0.4980
2025-07-08 09:05:47 - INFO - epoch:21/50 iteration:45/459 batch loss is :0.0739
2025-07-08 09:06:07 - INFO - epoch:21/50 iteration:50/459 batch loss is :0.2083
2025-07-08 09:06:26 - INFO - epoch:21/50 iteration:55/459 batch loss is :0.6431
2025-07-08 09:06:44 - INFO - epoch:21/50 iteration:60/459 batch loss is :0.5304
2025-07-08 09:07:02 - INFO - epoch:21/50 iteration:65/459 batch loss is :0.2574
2025-07-08 09:07:20 - INFO - epoch:21/50 iteration:70/459 batch loss is :0.2634
2025-07-08 09:07:38 - INFO - epoch:21/50 iteration:75/459 batch loss is :0.3001
2025-07-08 09:07:55 - INFO - epoch:21/50 iteration:80/459 batch loss is :0.2078
2025-07-08 09:08:06 - INFO - Epoch:21/50 Loss is :0.0583
2025-07-08 09:08:42 - INFO - epoch:22/50 iteration:0/459 batch loss is :0.4387
2025-07-08 09:09:07 - INFO - epoch:22/50 iteration:5/459 batch loss is :0.1254
2025-07-08 09:09:28 - INFO - epoch:22/50 iteration:10/459 batch loss is :0.9067
2025-07-08 09:09:49 - INFO - epoch:22/50 iteration:15/459 batch loss is :0.1407
2025-07-08 09:10:10 - INFO - epoch:22/50 iteration:20/459 batch loss is :0.1108
2025-07-08 09:10:31 - INFO - epoch:22/50 iteration:25/459 batch loss is :0.3154
2025-07-08 09:10:51 - INFO - epoch:22/50 iteration:30/459 batch loss is :0.4231
2025-07-08 09:11:12 - INFO - epoch:22/50 iteration:35/459 batch loss is :0.5273
2025-07-08 09:11:31 - INFO - epoch:22/50 iteration:40/459 batch loss is :0.1175
2025-07-08 09:11:51 - INFO - epoch:22/50 iteration:45/459 batch loss is :0.4827
2025-07-08 09:12:10 - INFO - epoch:22/50 iteration:50/459 batch loss is :0.2614
2025-07-08 09:12:30 - INFO - epoch:22/50 iteration:55/459 batch loss is :0.3295
2025-07-08 09:12:48 - INFO - epoch:22/50 iteration:60/459 batch loss is :0.1477
2025-07-08 09:13:06 - INFO - epoch:22/50 iteration:65/459 batch loss is :0.4672
2025-07-08 09:13:24 - INFO - epoch:22/50 iteration:70/459 batch loss is :0.1395
2025-07-08 09:13:42 - INFO - epoch:22/50 iteration:75/459 batch loss is :0.4755
2025-07-08 09:14:00 - INFO - epoch:22/50 iteration:80/459 batch loss is :0.0700
2025-07-08 09:14:10 - INFO - Epoch:22/50 Loss is :0.0622
2025-07-08 09:14:50 - INFO - epoch:23/50 iteration:0/459 batch loss is :0.3186
2025-07-08 09:15:14 - INFO - epoch:23/50 iteration:5/459 batch loss is :0.2979
2025-07-08 09:15:35 - INFO - epoch:23/50 iteration:10/459 batch loss is :0.2342
2025-07-08 09:15:57 - INFO - epoch:23/50 iteration:15/459 batch loss is :0.1852
2025-07-08 09:16:19 - INFO - epoch:23/50 iteration:20/459 batch loss is :0.2489
2025-07-08 09:16:39 - INFO - epoch:23/50 iteration:25/459 batch loss is :0.4457
2025-07-08 09:16:59 - INFO - epoch:23/50 iteration:30/459 batch loss is :0.4014
2025-07-08 09:17:18 - INFO - epoch:23/50 iteration:35/459 batch loss is :0.2099
2025-07-08 09:17:38 - INFO - epoch:23/50 iteration:40/459 batch loss is :0.1411
2025-07-08 09:17:57 - INFO - epoch:23/50 iteration:45/459 batch loss is :0.6284
2025-07-08 09:18:17 - INFO - epoch:23/50 iteration:50/459 batch loss is :0.4292
2025-07-08 09:18:36 - INFO - epoch:23/50 iteration:55/459 batch loss is :0.2403
2025-07-08 09:18:54 - INFO - epoch:23/50 iteration:60/459 batch loss is :0.3592
2025-07-08 09:19:12 - INFO - epoch:23/50 iteration:65/459 batch loss is :0.1599
2025-07-08 09:19:30 - INFO - epoch:23/50 iteration:70/459 batch loss is :0.4082
2025-07-08 09:19:48 - INFO - epoch:23/50 iteration:75/459 batch loss is :0.2161
2025-07-08 09:20:06 - INFO - epoch:23/50 iteration:80/459 batch loss is :0.0862
2025-07-08 09:20:16 - INFO - Epoch:23/50 Loss is :0.0544
2025-07-08 09:21:03 - INFO - epoch:24/50 iteration:0/459 batch loss is :0.1012
2025-07-08 09:21:25 - INFO - epoch:24/50 iteration:5/459 batch loss is :0.0930
2025-07-08 09:21:46 - INFO - epoch:24/50 iteration:10/459 batch loss is :0.0905
2025-07-08 09:22:07 - INFO - epoch:24/50 iteration:15/459 batch loss is :0.2143
2025-07-08 09:22:26 - INFO - epoch:24/50 iteration:20/459 batch loss is :0.3034
2025-07-08 09:22:46 - INFO - epoch:24/50 iteration:25/459 batch loss is :0.3010
2025-07-08 09:23:05 - INFO - epoch:24/50 iteration:30/459 batch loss is :0.0381
2025-07-08 09:23:25 - INFO - epoch:24/50 iteration:35/459 batch loss is :0.2092
2025-07-08 09:23:44 - INFO - epoch:24/50 iteration:40/459 batch loss is :0.2629
2025-07-08 09:24:03 - INFO - epoch:24/50 iteration:45/459 batch loss is :0.4073
2025-07-08 09:24:22 - INFO - epoch:24/50 iteration:50/459 batch loss is :0.4817
2025-07-08 09:24:41 - INFO - epoch:24/50 iteration:55/459 batch loss is :0.2162
2025-07-08 09:24:59 - INFO - epoch:24/50 iteration:60/459 batch loss is :0.2575
2025-07-08 09:25:17 - INFO - epoch:24/50 iteration:65/459 batch loss is :0.2118
2025-07-08 09:25:35 - INFO - epoch:24/50 iteration:70/459 batch loss is :0.1622
2025-07-08 09:25:53 - INFO - epoch:24/50 iteration:75/459 batch loss is :0.6658
2025-07-08 09:26:11 - INFO - epoch:24/50 iteration:80/459 batch loss is :0.2400
2025-07-08 09:26:21 - INFO - Epoch:24/50 Loss is :0.0477
2025-07-08 09:27:03 - INFO - epoch:25/50 iteration:0/459 batch loss is :0.2010
2025-07-08 09:27:24 - INFO - epoch:25/50 iteration:5/459 batch loss is :0.4504
2025-07-08 09:27:45 - INFO - epoch:25/50 iteration:10/459 batch loss is :0.1796
2025-07-08 09:28:07 - INFO - epoch:25/50 iteration:15/459 batch loss is :0.6504
2025-07-08 09:28:28 - INFO - epoch:25/50 iteration:20/459 batch loss is :0.1855
2025-07-08 09:28:48 - INFO - epoch:25/50 iteration:25/459 batch loss is :0.2591
2025-07-08 09:29:09 - INFO - epoch:25/50 iteration:30/459 batch loss is :0.1486
2025-07-08 09:29:29 - INFO - epoch:25/50 iteration:35/459 batch loss is :0.0905
2025-07-08 09:29:49 - INFO - epoch:25/50 iteration:40/459 batch loss is :0.0806
2025-07-08 09:30:09 - INFO - epoch:25/50 iteration:45/459 batch loss is :0.0945
2025-07-08 09:30:28 - INFO - epoch:25/50 iteration:50/459 batch loss is :0.2072
2025-07-08 09:30:47 - INFO - epoch:25/50 iteration:55/459 batch loss is :0.1559
2025-07-08 09:31:06 - INFO - epoch:25/50 iteration:60/459 batch loss is :0.4277
2025-07-08 09:31:24 - INFO - epoch:25/50 iteration:65/459 batch loss is :0.2171
2025-07-08 09:31:41 - INFO - epoch:25/50 iteration:70/459 batch loss is :0.0970
2025-07-08 09:31:59 - INFO - epoch:25/50 iteration:75/459 batch loss is :0.2753
2025-07-08 09:32:18 - INFO - epoch:25/50 iteration:80/459 batch loss is :0.4608
2025-07-08 09:32:28 - INFO - Epoch:25/50 Loss is :0.0446
2025-07-08 09:33:03 - INFO - epoch:26/50 iteration:0/459 batch loss is :0.0502
2025-07-08 09:33:28 - INFO - epoch:26/50 iteration:5/459 batch loss is :0.2493
2025-07-08 09:33:49 - INFO - epoch:26/50 iteration:10/459 batch loss is :0.2418
2025-07-08 09:34:10 - INFO - epoch:26/50 iteration:15/459 batch loss is :0.1501
2025-07-08 09:34:31 - INFO - epoch:26/50 iteration:20/459 batch loss is :0.2106
2025-07-08 09:34:51 - INFO - epoch:26/50 iteration:25/459 batch loss is :0.1773
2025-07-08 09:35:12 - INFO - epoch:26/50 iteration:30/459 batch loss is :0.0830
2025-07-08 09:35:32 - INFO - epoch:26/50 iteration:35/459 batch loss is :0.1021
2025-07-08 09:35:51 - INFO - epoch:26/50 iteration:40/459 batch loss is :0.0162
2025-07-08 09:36:10 - INFO - epoch:26/50 iteration:45/459 batch loss is :0.1096
2025-07-08 09:36:30 - INFO - epoch:26/50 iteration:50/459 batch loss is :0.4278
2025-07-08 09:36:49 - INFO - epoch:26/50 iteration:55/459 batch loss is :0.2069
2025-07-08 09:37:08 - INFO - epoch:26/50 iteration:60/459 batch loss is :0.1083
2025-07-08 09:37:25 - INFO - epoch:26/50 iteration:65/459 batch loss is :0.2349
2025-07-08 09:37:44 - INFO - epoch:26/50 iteration:70/459 batch loss is :0.4417
2025-07-08 09:38:01 - INFO - epoch:26/50 iteration:75/459 batch loss is :0.2550
2025-07-08 09:38:19 - INFO - epoch:26/50 iteration:80/459 batch loss is :0.2390
2025-07-08 09:38:30 - INFO - Epoch:26/50 Loss is :0.0356
2025-07-08 09:39:06 - INFO - epoch:27/50 iteration:0/459 batch loss is :0.0897
2025-07-08 09:39:28 - INFO - epoch:27/50 iteration:5/459 batch loss is :0.1857
2025-07-08 09:39:49 - INFO - epoch:27/50 iteration:10/459 batch loss is :0.1656
2025-07-08 09:40:10 - INFO - epoch:27/50 iteration:15/459 batch loss is :0.1278
2025-07-08 09:40:31 - INFO - epoch:27/50 iteration:20/459 batch loss is :0.0589
2025-07-08 09:40:51 - INFO - epoch:27/50 iteration:25/459 batch loss is :0.1317
2025-07-08 09:41:13 - INFO - epoch:27/50 iteration:30/459 batch loss is :0.1939
2025-07-08 09:41:33 - INFO - epoch:27/50 iteration:35/459 batch loss is :0.1148
2025-07-08 09:41:52 - INFO - epoch:27/50 iteration:40/459 batch loss is :0.1089
2025-07-08 09:42:12 - INFO - epoch:27/50 iteration:45/459 batch loss is :0.0853
2025-07-08 09:42:31 - INFO - epoch:27/50 iteration:50/459 batch loss is :0.2818
2025-07-08 09:42:51 - INFO - epoch:27/50 iteration:55/459 batch loss is :0.1200
2025-07-08 09:43:09 - INFO - epoch:27/50 iteration:60/459 batch loss is :0.1560
2025-07-08 09:43:27 - INFO - epoch:27/50 iteration:65/459 batch loss is :0.1749
2025-07-08 09:43:45 - INFO - epoch:27/50 iteration:70/459 batch loss is :0.2112
2025-07-08 09:44:03 - INFO - epoch:27/50 iteration:75/459 batch loss is :0.2919
2025-07-08 09:44:21 - INFO - epoch:27/50 iteration:80/459 batch loss is :0.3723
2025-07-08 09:44:32 - INFO - Epoch:27/50 Loss is :0.0367
2025-07-08 09:45:12 - INFO - epoch:28/50 iteration:0/459 batch loss is :0.2267
2025-07-08 09:45:34 - INFO - epoch:28/50 iteration:5/459 batch loss is :0.1703
2025-07-08 09:45:55 - INFO - epoch:28/50 iteration:10/459 batch loss is :0.1917
2025-07-08 09:46:16 - INFO - epoch:28/50 iteration:15/459 batch loss is :0.2741
2025-07-08 09:46:38 - INFO - epoch:28/50 iteration:20/459 batch loss is :0.0569
2025-07-08 09:46:58 - INFO - epoch:28/50 iteration:25/459 batch loss is :0.1037
2025-07-08 09:47:19 - INFO - epoch:28/50 iteration:30/459 batch loss is :0.2146
2025-07-08 09:47:38 - INFO - epoch:28/50 iteration:35/459 batch loss is :0.3886
2025-07-08 09:47:58 - INFO - epoch:28/50 iteration:40/459 batch loss is :0.1452
2025-07-08 09:48:18 - INFO - epoch:28/50 iteration:45/459 batch loss is :0.2194
2025-07-08 09:48:38 - INFO - epoch:28/50 iteration:50/459 batch loss is :0.4474
2025-07-08 09:48:57 - INFO - epoch:28/50 iteration:55/459 batch loss is :0.1855
2025-07-08 09:49:15 - INFO - epoch:28/50 iteration:60/459 batch loss is :0.0396
2025-07-08 09:49:33 - INFO - epoch:28/50 iteration:65/459 batch loss is :0.3182
2025-07-08 09:49:51 - INFO - epoch:28/50 iteration:70/459 batch loss is :0.1360
2025-07-08 09:50:09 - INFO - epoch:28/50 iteration:75/459 batch loss is :0.2591
2025-07-08 09:50:27 - INFO - epoch:28/50 iteration:80/459 batch loss is :0.2477
2025-07-08 09:50:37 - INFO - Epoch:28/50 Loss is :0.0342
2025-07-08 09:51:08 - INFO - epoch:29/50 iteration:0/459 batch loss is :0.0675
2025-07-08 09:51:33 - INFO - epoch:29/50 iteration:5/459 batch loss is :0.0595
2025-07-08 09:51:55 - INFO - epoch:29/50 iteration:10/459 batch loss is :0.2904
2025-07-08 09:52:18 - INFO - epoch:29/50 iteration:15/459 batch loss is :0.2048
2025-07-08 09:52:41 - INFO - epoch:29/50 iteration:20/459 batch loss is :0.2026
2025-07-08 09:53:02 - INFO - epoch:29/50 iteration:25/459 batch loss is :0.0985
2025-07-08 09:53:23 - INFO - epoch:29/50 iteration:30/459 batch loss is :0.1263
2025-07-08 09:53:43 - INFO - epoch:29/50 iteration:35/459 batch loss is :0.2166
2025-07-08 09:54:02 - INFO - epoch:29/50 iteration:40/459 batch loss is :0.2775
2025-07-08 09:54:22 - INFO - epoch:29/50 iteration:45/459 batch loss is :0.1162
2025-07-08 09:54:43 - INFO - epoch:29/50 iteration:50/459 batch loss is :0.1183
2025-07-08 09:55:03 - INFO - epoch:29/50 iteration:55/459 batch loss is :0.1038
2025-07-08 09:55:22 - INFO - epoch:29/50 iteration:60/459 batch loss is :0.0713
2025-07-08 09:55:40 - INFO - epoch:29/50 iteration:65/459 batch loss is :0.2877
2025-07-08 09:55:58 - INFO - epoch:29/50 iteration:70/459 batch loss is :0.2248
2025-07-08 09:56:16 - INFO - epoch:29/50 iteration:75/459 batch loss is :0.4556
2025-07-08 09:56:34 - INFO - epoch:29/50 iteration:80/459 batch loss is :0.1671
2025-07-08 09:56:45 - INFO - Epoch:29/50 Loss is :0.0274
2025-07-08 09:57:28 - INFO - epoch:30/50 iteration:0/459 batch loss is :0.2656
2025-07-08 09:57:50 - INFO - epoch:30/50 iteration:5/459 batch loss is :0.0575
2025-07-08 09:58:11 - INFO - epoch:30/50 iteration:10/459 batch loss is :0.0706
2025-07-08 09:58:33 - INFO - epoch:30/50 iteration:15/459 batch loss is :0.2785
2025-07-08 09:58:54 - INFO - epoch:30/50 iteration:20/459 batch loss is :0.2503
2025-07-08 09:59:14 - INFO - epoch:30/50 iteration:25/459 batch loss is :0.5020
2025-07-08 09:59:36 - INFO - epoch:30/50 iteration:30/459 batch loss is :0.3024
2025-07-08 09:59:56 - INFO - epoch:30/50 iteration:35/459 batch loss is :0.2791
2025-07-08 10:00:16 - INFO - epoch:30/50 iteration:40/459 batch loss is :0.2105
2025-07-08 10:00:35 - INFO - epoch:30/50 iteration:45/459 batch loss is :0.1144
2025-07-08 10:00:55 - INFO - epoch:30/50 iteration:50/459 batch loss is :0.5066
2025-07-08 10:01:14 - INFO - epoch:30/50 iteration:55/459 batch loss is :0.0722
2025-07-08 10:01:33 - INFO - epoch:30/50 iteration:60/459 batch loss is :0.1669
2025-07-08 10:01:51 - INFO - epoch:30/50 iteration:65/459 batch loss is :0.0546
2025-07-08 10:02:09 - INFO - epoch:30/50 iteration:70/459 batch loss is :0.1702
2025-07-08 10:02:27 - INFO - epoch:30/50 iteration:75/459 batch loss is :0.3295
2025-07-08 10:02:45 - INFO - epoch:30/50 iteration:80/459 batch loss is :0.0479
2025-07-08 10:02:55 - INFO - Epoch:30/50 Loss is :0.0323
2025-07-08 10:03:41 - INFO - epoch:31/50 iteration:0/459 batch loss is :0.1234
2025-07-08 10:04:03 - INFO - epoch:31/50 iteration:5/459 batch loss is :0.1939
2025-07-08 10:04:26 - INFO - epoch:31/50 iteration:10/459 batch loss is :0.0865
2025-07-08 10:04:47 - INFO - epoch:31/50 iteration:15/459 batch loss is :0.1475
2025-07-08 10:05:09 - INFO - epoch:31/50 iteration:20/459 batch loss is :0.1632
2025-07-08 10:05:30 - INFO - epoch:31/50 iteration:25/459 batch loss is :0.1987
2025-07-08 10:05:50 - INFO - epoch:31/50 iteration:30/459 batch loss is :0.1311
2025-07-08 10:06:10 - INFO - epoch:31/50 iteration:35/459 batch loss is :0.0627
2025-07-08 10:06:30 - INFO - epoch:31/50 iteration:40/459 batch loss is :0.0596
2025-07-08 10:06:49 - INFO - epoch:31/50 iteration:45/459 batch loss is :0.1375
2025-07-08 10:07:09 - INFO - epoch:31/50 iteration:50/459 batch loss is :0.3175
2025-07-08 10:07:28 - INFO - epoch:31/50 iteration:55/459 batch loss is :0.0893
2025-07-08 10:07:46 - INFO - epoch:31/50 iteration:60/459 batch loss is :0.0661
2025-07-08 10:08:04 - INFO - epoch:31/50 iteration:65/459 batch loss is :0.0544
2025-07-08 10:08:22 - INFO - epoch:31/50 iteration:70/459 batch loss is :0.1433
2025-07-08 10:08:40 - INFO - epoch:31/50 iteration:75/459 batch loss is :0.1156
2025-07-08 10:08:59 - INFO - epoch:31/50 iteration:80/459 batch loss is :0.0890
2025-07-08 10:09:10 - INFO - Epoch:31/50 Loss is :0.0319
2025-07-08 10:09:54 - INFO - epoch:32/50 iteration:0/459 batch loss is :0.0869
2025-07-08 10:10:17 - INFO - epoch:32/50 iteration:5/459 batch loss is :0.1527
2025-07-08 10:10:40 - INFO - epoch:32/50 iteration:10/459 batch loss is :0.0984
2025-07-08 10:11:02 - INFO - epoch:32/50 iteration:15/459 batch loss is :0.0988
2025-07-08 10:11:24 - INFO - epoch:32/50 iteration:20/459 batch loss is :0.1649
2025-07-08 10:11:45 - INFO - epoch:32/50 iteration:25/459 batch loss is :0.0885
2025-07-08 10:12:07 - INFO - epoch:32/50 iteration:30/459 batch loss is :0.4233
2025-07-08 10:12:27 - INFO - epoch:32/50 iteration:35/459 batch loss is :0.0880
2025-07-08 10:12:47 - INFO - epoch:32/50 iteration:40/459 batch loss is :0.1037
2025-07-08 10:13:07 - INFO - epoch:32/50 iteration:45/459 batch loss is :0.0564
2025-07-08 10:13:27 - INFO - epoch:32/50 iteration:50/459 batch loss is :0.6548
2025-07-08 10:13:46 - INFO - epoch:32/50 iteration:55/459 batch loss is :0.2331
2025-07-08 10:14:05 - INFO - epoch:32/50 iteration:60/459 batch loss is :0.1839
2025-07-08 10:14:22 - INFO - epoch:32/50 iteration:65/459 batch loss is :0.4886
2025-07-08 10:14:40 - INFO - epoch:32/50 iteration:70/459 batch loss is :0.0343
2025-07-08 10:14:58 - INFO - epoch:32/50 iteration:75/459 batch loss is :0.3438
2025-07-08 10:15:16 - INFO - epoch:32/50 iteration:80/459 batch loss is :0.3639
2025-07-08 10:15:27 - INFO - Epoch:32/50 Loss is :0.0296
2025-07-08 10:16:02 - INFO - epoch:33/50 iteration:0/459 batch loss is :0.0506
2025-07-08 10:16:26 - INFO - epoch:33/50 iteration:5/459 batch loss is :0.0553
2025-07-08 10:16:47 - INFO - epoch:33/50 iteration:10/459 batch loss is :0.0454
2025-07-08 10:17:10 - INFO - epoch:33/50 iteration:15/459 batch loss is :0.0863
2025-07-08 10:17:31 - INFO - epoch:33/50 iteration:20/459 batch loss is :0.3087
2025-07-08 10:17:52 - INFO - epoch:33/50 iteration:25/459 batch loss is :0.2737
2025-07-08 10:18:12 - INFO - epoch:33/50 iteration:30/459 batch loss is :0.0523
2025-07-08 10:18:31 - INFO - epoch:33/50 iteration:35/459 batch loss is :0.0435
2025-07-08 10:18:51 - INFO - epoch:33/50 iteration:40/459 batch loss is :0.0902
2025-07-08 10:19:11 - INFO - epoch:33/50 iteration:45/459 batch loss is :0.3275
2025-07-08 10:19:31 - INFO - epoch:33/50 iteration:50/459 batch loss is :0.1000
2025-07-08 10:19:50 - INFO - epoch:33/50 iteration:55/459 batch loss is :0.2534
2025-07-08 10:20:09 - INFO - epoch:33/50 iteration:60/459 batch loss is :0.1642
2025-07-08 10:20:26 - INFO - epoch:33/50 iteration:65/459 batch loss is :0.0650
2025-07-08 10:20:45 - INFO - epoch:33/50 iteration:70/459 batch loss is :0.5550
2025-07-08 10:21:03 - INFO - epoch:33/50 iteration:75/459 batch loss is :0.2434
2025-07-08 10:21:21 - INFO - epoch:33/50 iteration:80/459 batch loss is :0.4021
2025-07-08 10:21:31 - INFO - Epoch:33/50 Loss is :0.0327
2025-07-08 10:22:15 - INFO - epoch:34/50 iteration:0/459 batch loss is :0.1723
2025-07-08 10:22:37 - INFO - epoch:34/50 iteration:5/459 batch loss is :0.0427
2025-07-08 10:22:58 - INFO - epoch:34/50 iteration:10/459 batch loss is :0.1410
2025-07-08 10:23:19 - INFO - epoch:34/50 iteration:15/459 batch loss is :0.1132
2025-07-08 10:23:41 - INFO - epoch:34/50 iteration:20/459 batch loss is :0.1639
2025-07-08 10:24:01 - INFO - epoch:34/50 iteration:25/459 batch loss is :0.1002
2025-07-08 10:24:22 - INFO - epoch:34/50 iteration:30/459 batch loss is :0.0551
2025-07-08 10:24:43 - INFO - epoch:34/50 iteration:35/459 batch loss is :0.0542
2025-07-08 10:25:02 - INFO - epoch:34/50 iteration:40/459 batch loss is :0.2139
2025-07-08 10:25:22 - INFO - epoch:34/50 iteration:45/459 batch loss is :0.1061
2025-07-08 10:25:41 - INFO - epoch:34/50 iteration:50/459 batch loss is :0.1035
2025-07-08 10:26:01 - INFO - epoch:34/50 iteration:55/459 batch loss is :0.1617
2025-07-08 10:26:19 - INFO - epoch:34/50 iteration:60/459 batch loss is :0.2417
2025-07-08 10:26:37 - INFO - epoch:34/50 iteration:65/459 batch loss is :0.0748
2025-07-08 10:26:55 - INFO - epoch:34/50 iteration:70/459 batch loss is :0.5139
2025-07-08 10:27:13 - INFO - epoch:34/50 iteration:75/459 batch loss is :0.1392
2025-07-08 10:27:31 - INFO - epoch:34/50 iteration:80/459 batch loss is :0.0140
2025-07-08 10:27:41 - INFO - Epoch:34/50 Loss is :0.0284
2025-07-08 10:28:23 - INFO - epoch:35/50 iteration:0/459 batch loss is :0.1271
2025-07-08 10:28:45 - INFO - epoch:35/50 iteration:5/459 batch loss is :0.1134
2025-07-08 10:29:07 - INFO - epoch:35/50 iteration:10/459 batch loss is :0.0437
2025-07-08 10:29:28 - INFO - epoch:35/50 iteration:15/459 batch loss is :0.0334
2025-07-08 10:29:51 - INFO - epoch:35/50 iteration:20/459 batch loss is :0.1671
2025-07-08 10:30:11 - INFO - epoch:35/50 iteration:25/459 batch loss is :0.0364
2025-07-08 10:30:33 - INFO - epoch:35/50 iteration:30/459 batch loss is :0.0400
2025-07-08 10:30:53 - INFO - epoch:35/50 iteration:35/459 batch loss is :0.2838
2025-07-08 10:31:13 - INFO - epoch:35/50 iteration:40/459 batch loss is :0.0104
2025-07-08 10:31:32 - INFO - epoch:35/50 iteration:45/459 batch loss is :0.0312
2025-07-08 10:31:52 - INFO - epoch:35/50 iteration:50/459 batch loss is :0.6599
2025-07-08 10:32:12 - INFO - epoch:35/50 iteration:55/459 batch loss is :0.1590
2025-07-08 10:32:30 - INFO - epoch:35/50 iteration:60/459 batch loss is :0.2650
2025-07-08 10:32:48 - INFO - epoch:35/50 iteration:65/459 batch loss is :0.0839
2025-07-08 10:33:06 - INFO - epoch:35/50 iteration:70/459 batch loss is :0.4764
2025-07-08 10:33:24 - INFO - epoch:35/50 iteration:75/459 batch loss is :0.2535
2025-07-08 10:33:42 - INFO - epoch:35/50 iteration:80/459 batch loss is :0.1006
2025-07-08 10:33:52 - INFO - Epoch:35/50 Loss is :0.0304
2025-07-08 10:34:29 - INFO - epoch:36/50 iteration:0/459 batch loss is :0.2507
2025-07-08 10:34:52 - INFO - epoch:36/50 iteration:5/459 batch loss is :0.0254
2025-07-08 10:35:14 - INFO - epoch:36/50 iteration:10/459 batch loss is :0.0721
2025-07-08 10:35:35 - INFO - epoch:36/50 iteration:15/459 batch loss is :0.0583
2025-07-08 10:35:57 - INFO - epoch:36/50 iteration:20/459 batch loss is :0.0559
2025-07-08 10:36:17 - INFO - epoch:36/50 iteration:25/459 batch loss is :0.1465
2025-07-08 10:36:37 - INFO - epoch:36/50 iteration:30/459 batch loss is :0.1412
2025-07-08 10:36:57 - INFO - epoch:36/50 iteration:35/459 batch loss is :0.0832
2025-07-08 10:37:17 - INFO - epoch:36/50 iteration:40/459 batch loss is :0.0469
2025-07-08 10:37:36 - INFO - epoch:36/50 iteration:45/459 batch loss is :0.0815
2025-07-08 10:37:56 - INFO - epoch:36/50 iteration:50/459 batch loss is :0.0649
2025-07-08 10:38:15 - INFO - epoch:36/50 iteration:55/459 batch loss is :0.1023
2025-07-08 10:38:33 - INFO - epoch:36/50 iteration:60/459 batch loss is :0.1436
2025-07-08 10:38:51 - INFO - epoch:36/50 iteration:65/459 batch loss is :0.2009
2025-07-08 10:39:09 - INFO - epoch:36/50 iteration:70/459 batch loss is :0.1317
2025-07-08 10:39:27 - INFO - epoch:36/50 iteration:75/459 batch loss is :0.0644
2025-07-08 10:39:45 - INFO - epoch:36/50 iteration:80/459 batch loss is :0.4237
2025-07-08 10:39:55 - INFO - Epoch:36/50 Loss is :0.0242
2025-07-08 10:40:39 - INFO - epoch:37/50 iteration:0/459 batch loss is :0.2478
2025-07-08 10:41:01 - INFO - epoch:37/50 iteration:5/459 batch loss is :0.1253
2025-07-08 10:41:22 - INFO - epoch:37/50 iteration:10/459 batch loss is :0.0767
2025-07-08 10:41:44 - INFO - epoch:37/50 iteration:15/459 batch loss is :0.1076
2025-07-08 10:42:06 - INFO - epoch:37/50 iteration:20/459 batch loss is :0.2674
2025-07-08 10:42:27 - INFO - epoch:37/50 iteration:25/459 batch loss is :0.1434
2025-07-08 10:42:47 - INFO - epoch:37/50 iteration:30/459 batch loss is :0.3909
2025-07-08 10:43:08 - INFO - epoch:37/50 iteration:35/459 batch loss is :0.1555
2025-07-08 10:43:28 - INFO - epoch:37/50 iteration:40/459 batch loss is :0.1105
2025-07-08 10:43:48 - INFO - epoch:37/50 iteration:45/459 batch loss is :0.3511
2025-07-08 10:44:08 - INFO - epoch:37/50 iteration:50/459 batch loss is :0.6392
2025-07-08 10:44:27 - INFO - epoch:37/50 iteration:55/459 batch loss is :0.0456
2025-07-08 10:44:46 - INFO - epoch:37/50 iteration:60/459 batch loss is :0.1695
2025-07-08 10:45:04 - INFO - epoch:37/50 iteration:65/459 batch loss is :0.0507
2025-07-08 10:45:22 - INFO - epoch:37/50 iteration:70/459 batch loss is :0.0550
2025-07-08 10:45:40 - INFO - epoch:37/50 iteration:75/459 batch loss is :0.1387
2025-07-08 10:45:58 - INFO - epoch:37/50 iteration:80/459 batch loss is :0.3097
2025-07-08 10:46:08 - INFO - Epoch:37/50 Loss is :0.0290
2025-07-08 10:46:51 - INFO - epoch:38/50 iteration:0/459 batch loss is :0.0598
2025-07-08 10:47:13 - INFO - epoch:38/50 iteration:5/459 batch loss is :0.1436
2025-07-08 10:47:35 - INFO - epoch:38/50 iteration:10/459 batch loss is :0.0858
2025-07-08 10:47:56 - INFO - epoch:38/50 iteration:15/459 batch loss is :0.0428
2025-07-08 10:48:18 - INFO - epoch:38/50 iteration:20/459 batch loss is :0.2874
2025-07-08 10:48:39 - INFO - epoch:38/50 iteration:25/459 batch loss is :0.0935
2025-07-08 10:48:59 - INFO - epoch:38/50 iteration:30/459 batch loss is :0.2053
2025-07-08 10:49:19 - INFO - epoch:38/50 iteration:35/459 batch loss is :0.0464
2025-07-08 10:49:39 - INFO - epoch:38/50 iteration:40/459 batch loss is :0.0423
2025-07-08 10:49:59 - INFO - epoch:38/50 iteration:45/459 batch loss is :0.2237
2025-07-08 10:50:18 - INFO - epoch:38/50 iteration:50/459 batch loss is :0.3122
2025-07-08 10:50:38 - INFO - epoch:38/50 iteration:55/459 batch loss is :0.2204
2025-07-08 10:50:56 - INFO - epoch:38/50 iteration:60/459 batch loss is :0.0284
2025-07-08 10:51:14 - INFO - epoch:38/50 iteration:65/459 batch loss is :0.0976
2025-07-08 10:51:32 - INFO - epoch:38/50 iteration:70/459 batch loss is :0.2879
2025-07-08 10:51:50 - INFO - epoch:38/50 iteration:75/459 batch loss is :0.1084
2025-07-08 10:52:08 - INFO - epoch:38/50 iteration:80/459 batch loss is :0.1886
2025-07-08 10:52:18 - INFO - Epoch:38/50 Loss is :0.0231
2025-07-08 10:52:56 - INFO - epoch:39/50 iteration:0/459 batch loss is :0.0766
2025-07-08 10:53:18 - INFO - epoch:39/50 iteration:5/459 batch loss is :0.0590
2025-07-08 10:53:40 - INFO - epoch:39/50 iteration:10/459 batch loss is :0.3284
2025-07-08 10:54:03 - INFO - epoch:39/50 iteration:15/459 batch loss is :0.0806
2025-07-08 10:54:25 - INFO - epoch:39/50 iteration:20/459 batch loss is :0.2047
2025-07-08 10:54:46 - INFO - epoch:39/50 iteration:25/459 batch loss is :0.0507
2025-07-08 10:55:05 - INFO - epoch:39/50 iteration:30/459 batch loss is :0.0637
2025-07-08 10:55:25 - INFO - epoch:39/50 iteration:35/459 batch loss is :0.1679
2025-07-08 10:55:45 - INFO - epoch:39/50 iteration:40/459 batch loss is :0.0485
2025-07-08 10:56:05 - INFO - epoch:39/50 iteration:45/459 batch loss is :0.0531
2025-07-08 10:56:24 - INFO - epoch:39/50 iteration:50/459 batch loss is :0.2110
2025-07-08 10:56:44 - INFO - epoch:39/50 iteration:55/459 batch loss is :0.0647
2025-07-08 10:57:02 - INFO - epoch:39/50 iteration:60/459 batch loss is :0.0438
2025-07-08 10:57:20 - INFO - epoch:39/50 iteration:65/459 batch loss is :0.4303
2025-07-08 10:57:38 - INFO - epoch:39/50 iteration:70/459 batch loss is :0.1613
2025-07-08 10:57:56 - INFO - epoch:39/50 iteration:75/459 batch loss is :0.2481
2025-07-08 10:58:14 - INFO - epoch:39/50 iteration:80/459 batch loss is :0.0664
2025-07-08 10:58:24 - INFO - Epoch:39/50 Loss is :0.0254
2025-07-08 10:59:08 - INFO - epoch:40/50 iteration:0/459 batch loss is :0.1181
2025-07-08 10:59:30 - INFO - epoch:40/50 iteration:5/459 batch loss is :0.0837
2025-07-08 10:59:51 - INFO - epoch:40/50 iteration:10/459 batch loss is :0.1080
2025-07-08 11:00:13 - INFO - epoch:40/50 iteration:15/459 batch loss is :0.0392
2025-07-08 11:00:36 - INFO - epoch:40/50 iteration:20/459 batch loss is :0.0177
2025-07-08 11:00:56 - INFO - epoch:40/50 iteration:25/459 batch loss is :0.0371
2025-07-08 11:01:17 - INFO - epoch:40/50 iteration:30/459 batch loss is :0.3627
2025-07-08 11:01:36 - INFO - epoch:40/50 iteration:35/459 batch loss is :0.3013
2025-07-08 11:01:56 - INFO - epoch:40/50 iteration:40/459 batch loss is :0.1536
2025-07-08 11:02:16 - INFO - epoch:40/50 iteration:45/459 batch loss is :0.1429
2025-07-08 11:02:35 - INFO - epoch:40/50 iteration:50/459 batch loss is :0.5642
2025-07-08 11:02:54 - INFO - epoch:40/50 iteration:55/459 batch loss is :0.2475
2025-07-08 11:03:13 - INFO - epoch:40/50 iteration:60/459 batch loss is :0.0446
2025-07-08 11:03:31 - INFO - epoch:40/50 iteration:65/459 batch loss is :0.0681
2025-07-08 11:03:49 - INFO - epoch:40/50 iteration:70/459 batch loss is :0.0831
2025-07-08 11:04:07 - INFO - epoch:40/50 iteration:75/459 batch loss is :0.0826
2025-07-08 11:04:24 - INFO - epoch:40/50 iteration:80/459 batch loss is :0.1374
2025-07-08 11:04:35 - INFO - Epoch:40/50 Loss is :0.0264
2025-07-08 11:12:29 - INFO - VAL loss :0.2456
2025-07-08 11:13:13 - INFO - epoch:41/50 iteration:0/459 batch loss is :0.1077
2025-07-08 11:13:34 - INFO - epoch:41/50 iteration:5/459 batch loss is :0.1306
2025-07-08 11:13:55 - INFO - epoch:41/50 iteration:10/459 batch loss is :0.0175
2025-07-08 11:14:16 - INFO - epoch:41/50 iteration:15/459 batch loss is :0.2019
2025-07-08 11:14:38 - INFO - epoch:41/50 iteration:20/459 batch loss is :0.1839
2025-07-08 11:14:58 - INFO - epoch:41/50 iteration:25/459 batch loss is :0.1606
2025-07-08 11:15:20 - INFO - epoch:41/50 iteration:30/459 batch loss is :0.0163
2025-07-08 11:15:39 - INFO - epoch:41/50 iteration:35/459 batch loss is :0.0829
2025-07-08 11:15:59 - INFO - epoch:41/50 iteration:40/459 batch loss is :0.4213
2025-07-08 11:16:19 - INFO - epoch:41/50 iteration:45/459 batch loss is :0.0129
2025-07-08 11:16:39 - INFO - epoch:41/50 iteration:50/459 batch loss is :0.1169
2025-07-08 11:16:58 - INFO - epoch:41/50 iteration:55/459 batch loss is :0.1727
2025-07-08 11:17:17 - INFO - epoch:41/50 iteration:60/459 batch loss is :0.2001
2025-07-08 11:17:34 - INFO - epoch:41/50 iteration:65/459 batch loss is :0.1820
2025-07-08 11:17:52 - INFO - epoch:41/50 iteration:70/459 batch loss is :0.0233
2025-07-08 11:18:10 - INFO - epoch:41/50 iteration:75/459 batch loss is :0.2430
2025-07-08 11:18:28 - INFO - epoch:41/50 iteration:80/459 batch loss is :0.0876
2025-07-08 11:18:39 - INFO - Epoch:41/50 Loss is :0.0232
2025-07-08 11:19:21 - INFO - epoch:42/50 iteration:0/459 batch loss is :0.1086
2025-07-08 11:19:44 - INFO - epoch:42/50 iteration:5/459 batch loss is :0.0418
2025-07-08 11:20:06 - INFO - epoch:42/50 iteration:10/459 batch loss is :0.1827
2025-07-08 11:20:28 - INFO - epoch:42/50 iteration:15/459 batch loss is :0.1177
2025-07-08 11:20:49 - INFO - epoch:42/50 iteration:20/459 batch loss is :0.0851
2025-07-08 11:21:09 - INFO - epoch:42/50 iteration:25/459 batch loss is :0.0497
2025-07-08 11:21:29 - INFO - epoch:42/50 iteration:30/459 batch loss is :0.0341
2025-07-08 11:21:49 - INFO - epoch:42/50 iteration:35/459 batch loss is :0.1000
2025-07-08 11:22:08 - INFO - epoch:42/50 iteration:40/459 batch loss is :0.0998
2025-07-08 11:22:28 - INFO - epoch:42/50 iteration:45/459 batch loss is :0.1551
2025-07-08 11:22:46 - INFO - epoch:42/50 iteration:50/459 batch loss is :0.0953
2025-07-08 11:23:06 - INFO - epoch:42/50 iteration:55/459 batch loss is :0.2084
2025-07-08 11:23:24 - INFO - epoch:42/50 iteration:60/459 batch loss is :0.1037
2025-07-08 11:23:42 - INFO - epoch:42/50 iteration:65/459 batch loss is :0.2048
2025-07-08 11:23:59 - INFO - epoch:42/50 iteration:70/459 batch loss is :0.1527
2025-07-08 11:24:17 - INFO - epoch:42/50 iteration:75/459 batch loss is :0.4107
2025-07-08 11:24:35 - INFO - epoch:42/50 iteration:80/459 batch loss is :0.3972
2025-07-08 11:24:46 - INFO - Epoch:42/50 Loss is :0.0235
2025-07-08 11:25:28 - INFO - epoch:43/50 iteration:0/459 batch loss is :0.1204
2025-07-08 11:25:49 - INFO - epoch:43/50 iteration:5/459 batch loss is :0.2397
2025-07-08 11:26:10 - INFO - epoch:43/50 iteration:10/459 batch loss is :0.3367
2025-07-08 11:26:31 - INFO - epoch:43/50 iteration:15/459 batch loss is :0.0610
2025-07-08 11:26:53 - INFO - epoch:43/50 iteration:20/459 batch loss is :0.0466
2025-07-08 11:27:13 - INFO - epoch:43/50 iteration:25/459 batch loss is :0.2166
2025-07-08 11:27:34 - INFO - epoch:43/50 iteration:30/459 batch loss is :0.1509
2025-07-08 11:27:54 - INFO - epoch:43/50 iteration:35/459 batch loss is :0.0193
2025-07-08 11:28:14 - INFO - epoch:43/50 iteration:40/459 batch loss is :0.1347
2025-07-08 11:28:34 - INFO - epoch:43/50 iteration:45/459 batch loss is :0.0775
2025-07-08 11:28:54 - INFO - epoch:43/50 iteration:50/459 batch loss is :0.1453
2025-07-08 11:29:13 - INFO - epoch:43/50 iteration:55/459 batch loss is :0.0585
2025-07-08 11:29:31 - INFO - epoch:43/50 iteration:60/459 batch loss is :0.1299
2025-07-08 11:29:49 - INFO - epoch:43/50 iteration:65/459 batch loss is :0.1901
2025-07-08 11:30:07 - INFO - epoch:43/50 iteration:70/459 batch loss is :0.1933
2025-07-08 11:30:25 - INFO - epoch:43/50 iteration:75/459 batch loss is :0.0352
2025-07-08 11:30:43 - INFO - epoch:43/50 iteration:80/459 batch loss is :0.0731
2025-07-08 11:30:54 - INFO - Epoch:43/50 Loss is :0.0237
2025-07-08 11:31:29 - INFO - epoch:44/50 iteration:0/459 batch loss is :0.1196
2025-07-08 11:31:50 - INFO - epoch:44/50 iteration:5/459 batch loss is :0.0494
2025-07-08 11:32:11 - INFO - epoch:44/50 iteration:10/459 batch loss is :0.0297
2025-07-08 11:32:31 - INFO - epoch:44/50 iteration:15/459 batch loss is :0.4268
2025-07-08 11:32:52 - INFO - epoch:44/50 iteration:20/459 batch loss is :0.1055
2025-07-08 11:33:14 - INFO - epoch:44/50 iteration:25/459 batch loss is :0.0279
2025-07-08 11:33:35 - INFO - epoch:44/50 iteration:30/459 batch loss is :0.1536
2025-07-08 11:33:55 - INFO - epoch:44/50 iteration:35/459 batch loss is :0.0412
2025-07-08 11:34:15 - INFO - epoch:44/50 iteration:40/459 batch loss is :0.3802
2025-07-08 11:34:35 - INFO - epoch:44/50 iteration:45/459 batch loss is :0.0629
2025-07-08 11:34:54 - INFO - epoch:44/50 iteration:50/459 batch loss is :0.0496
2025-07-08 11:35:15 - INFO - epoch:44/50 iteration:55/459 batch loss is :0.1218
2025-07-08 11:35:33 - INFO - epoch:44/50 iteration:60/459 batch loss is :0.1713
2025-07-08 11:35:51 - INFO - epoch:44/50 iteration:65/459 batch loss is :0.1492
2025-07-08 11:36:09 - INFO - epoch:44/50 iteration:70/459 batch loss is :0.2228
2025-07-08 11:36:28 - INFO - epoch:44/50 iteration:75/459 batch loss is :0.1445
2025-07-08 11:36:45 - INFO - epoch:44/50 iteration:80/459 batch loss is :0.0744
2025-07-08 11:36:56 - INFO - Epoch:44/50 Loss is :0.0262
2025-07-08 11:37:41 - INFO - epoch:45/50 iteration:0/459 batch loss is :0.2195
2025-07-08 11:38:02 - INFO - epoch:45/50 iteration:5/459 batch loss is :0.0274
2025-07-08 11:38:24 - INFO - epoch:45/50 iteration:10/459 batch loss is :0.1349
2025-07-08 11:38:46 - INFO - epoch:45/50 iteration:15/459 batch loss is :0.0927
2025-07-08 11:39:05 - INFO - epoch:45/50 iteration:20/459 batch loss is :0.2029
2025-07-08 11:39:25 - INFO - epoch:45/50 iteration:25/459 batch loss is :0.2301
2025-07-08 11:39:44 - INFO - epoch:45/50 iteration:30/459 batch loss is :0.0442
2025-07-08 11:40:04 - INFO - epoch:45/50 iteration:35/459 batch loss is :0.3494
2025-07-08 11:40:23 - INFO - epoch:45/50 iteration:40/459 batch loss is :0.1410
2025-07-08 11:40:42 - INFO - epoch:45/50 iteration:45/459 batch loss is :0.2400
2025-07-08 11:41:02 - INFO - epoch:45/50 iteration:50/459 batch loss is :0.0141
2025-07-08 11:41:21 - INFO - epoch:45/50 iteration:55/459 batch loss is :0.0858
2025-07-08 11:41:39 - INFO - epoch:45/50 iteration:60/459 batch loss is :0.1830
2025-07-08 11:41:57 - INFO - epoch:45/50 iteration:65/459 batch loss is :0.0443
2025-07-08 11:42:15 - INFO - epoch:45/50 iteration:70/459 batch loss is :0.0169
2025-07-08 11:42:32 - INFO - epoch:45/50 iteration:75/459 batch loss is :0.1067
2025-07-08 11:42:50 - INFO - epoch:45/50 iteration:80/459 batch loss is :0.1817
2025-07-08 11:43:00 - INFO - Epoch:45/50 Loss is :0.0248
2025-07-08 11:43:45 - INFO - epoch:46/50 iteration:0/459 batch loss is :0.0507
2025-07-08 11:44:06 - INFO - epoch:46/50 iteration:5/459 batch loss is :0.2009
2025-07-08 11:44:28 - INFO - epoch:46/50 iteration:10/459 batch loss is :0.0279
2025-07-08 11:44:48 - INFO - epoch:46/50 iteration:15/459 batch loss is :0.2264
2025-07-08 11:45:09 - INFO - epoch:46/50 iteration:20/459 batch loss is :0.2430
2025-07-08 11:45:29 - INFO - epoch:46/50 iteration:25/459 batch loss is :0.0211
2025-07-08 11:45:50 - INFO - epoch:46/50 iteration:30/459 batch loss is :0.4856
2025-07-08 11:46:09 - INFO - epoch:46/50 iteration:35/459 batch loss is :0.0203
2025-07-08 11:46:29 - INFO - epoch:46/50 iteration:40/459 batch loss is :0.0657
2025-07-08 11:46:49 - INFO - epoch:46/50 iteration:45/459 batch loss is :0.1467
2025-07-08 11:47:09 - INFO - epoch:46/50 iteration:50/459 batch loss is :0.0658
2025-07-08 11:47:28 - INFO - epoch:46/50 iteration:55/459 batch loss is :0.1962
2025-07-08 11:47:46 - INFO - epoch:46/50 iteration:60/459 batch loss is :0.0895
2025-07-08 11:48:03 - INFO - epoch:46/50 iteration:65/459 batch loss is :0.1952
2025-07-08 11:48:21 - INFO - epoch:46/50 iteration:70/459 batch loss is :0.2098
2025-07-08 11:48:39 - INFO - epoch:46/50 iteration:75/459 batch loss is :0.1273
2025-07-08 11:48:57 - INFO - epoch:46/50 iteration:80/459 batch loss is :0.1424
2025-07-08 11:49:07 - INFO - Epoch:46/50 Loss is :0.0236
2025-07-08 11:49:45 - INFO - epoch:47/50 iteration:0/459 batch loss is :0.1081
2025-07-08 11:50:06 - INFO - epoch:47/50 iteration:5/459 batch loss is :0.0581
2025-07-08 11:50:27 - INFO - epoch:47/50 iteration:10/459 batch loss is :0.0934
2025-07-08 11:50:49 - INFO - epoch:47/50 iteration:15/459 batch loss is :0.2210
2025-07-08 11:51:10 - INFO - epoch:47/50 iteration:20/459 batch loss is :0.5026
2025-07-08 11:51:30 - INFO - epoch:47/50 iteration:25/459 batch loss is :0.0367
2025-07-08 11:51:50 - INFO - epoch:47/50 iteration:30/459 batch loss is :0.1912
2025-07-08 11:52:09 - INFO - epoch:47/50 iteration:35/459 batch loss is :0.3883
2025-07-08 11:52:29 - INFO - epoch:47/50 iteration:40/459 batch loss is :0.0911
2025-07-08 11:52:48 - INFO - epoch:47/50 iteration:45/459 batch loss is :0.3685
2025-07-08 11:53:07 - INFO - epoch:47/50 iteration:50/459 batch loss is :0.0694
2025-07-08 11:53:26 - INFO - epoch:47/50 iteration:55/459 batch loss is :0.0499
2025-07-08 11:53:44 - INFO - epoch:47/50 iteration:60/459 batch loss is :0.1921
2025-07-08 11:54:02 - INFO - epoch:47/50 iteration:65/459 batch loss is :0.0351
2025-07-08 11:54:20 - INFO - epoch:47/50 iteration:70/459 batch loss is :0.1013
2025-07-08 11:54:38 - INFO - epoch:47/50 iteration:75/459 batch loss is :0.1357
2025-07-08 11:54:56 - INFO - epoch:47/50 iteration:80/459 batch loss is :0.0789
2025-07-08 11:55:06 - INFO - Epoch:47/50 Loss is :0.0258
2025-07-08 11:55:49 - INFO - epoch:48/50 iteration:0/459 batch loss is :0.0398
2025-07-08 11:56:11 - INFO - epoch:48/50 iteration:5/459 batch loss is :0.4389
2025-07-08 11:56:33 - INFO - epoch:48/50 iteration:10/459 batch loss is :0.4310
2025-07-08 11:56:54 - INFO - epoch:48/50 iteration:15/459 batch loss is :0.1177
2025-07-08 11:57:16 - INFO - epoch:48/50 iteration:20/459 batch loss is :0.0129
2025-07-08 11:57:37 - INFO - epoch:48/50 iteration:25/459 batch loss is :0.0528
2025-07-08 11:57:59 - INFO - epoch:48/50 iteration:30/459 batch loss is :0.1060
2025-07-08 11:58:19 - INFO - epoch:48/50 iteration:35/459 batch loss is :0.0456
2025-07-08 11:58:41 - INFO - epoch:48/50 iteration:40/459 batch loss is :0.0516
2025-07-08 11:59:00 - INFO - epoch:48/50 iteration:45/459 batch loss is :0.0304
2025-07-08 11:59:20 - INFO - epoch:48/50 iteration:50/459 batch loss is :0.1998
2025-07-08 11:59:40 - INFO - epoch:48/50 iteration:55/459 batch loss is :0.0934
2025-07-08 11:59:58 - INFO - epoch:48/50 iteration:60/459 batch loss is :0.0449
2025-07-08 12:00:16 - INFO - epoch:48/50 iteration:65/459 batch loss is :0.0852
2025-07-08 12:00:34 - INFO - epoch:48/50 iteration:70/459 batch loss is :0.0490
2025-07-08 12:00:51 - INFO - epoch:48/50 iteration:75/459 batch loss is :0.0731
2025-07-08 12:01:10 - INFO - epoch:48/50 iteration:80/459 batch loss is :0.0684
2025-07-08 12:01:20 - INFO - Epoch:48/50 Loss is :0.0214
2025-07-08 12:01:57 - INFO - epoch:49/50 iteration:0/459 batch loss is :0.2334
2025-07-08 12:02:20 - INFO - epoch:49/50 iteration:5/459 batch loss is :0.0607
2025-07-08 12:02:42 - INFO - epoch:49/50 iteration:10/459 batch loss is :0.0835
2025-07-08 12:03:04 - INFO - epoch:49/50 iteration:15/459 batch loss is :0.0513
2025-07-08 12:03:26 - INFO - epoch:49/50 iteration:20/459 batch loss is :0.2073
2025-07-08 12:03:47 - INFO - epoch:49/50 iteration:25/459 batch loss is :0.0533
2025-07-08 12:04:08 - INFO - epoch:49/50 iteration:30/459 batch loss is :0.0285
2025-07-08 12:04:29 - INFO - epoch:49/50 iteration:35/459 batch loss is :0.0876
2025-07-08 12:04:50 - INFO - epoch:49/50 iteration:40/459 batch loss is :0.1374
2025-07-08 12:05:10 - INFO - epoch:49/50 iteration:45/459 batch loss is :0.0505
2025-07-08 12:05:29 - INFO - epoch:49/50 iteration:50/459 batch loss is :0.2857
2025-07-08 12:05:50 - INFO - epoch:49/50 iteration:55/459 batch loss is :0.1780
2025-07-08 12:06:08 - INFO - epoch:49/50 iteration:60/459 batch loss is :0.1103
2025-07-08 12:06:26 - INFO - epoch:49/50 iteration:65/459 batch loss is :0.1219
2025-07-08 12:06:44 - INFO - epoch:49/50 iteration:70/459 batch loss is :0.0633
2025-07-08 12:07:02 - INFO - epoch:49/50 iteration:75/459 batch loss is :0.0757
2025-07-08 12:07:20 - INFO - epoch:49/50 iteration:80/459 batch loss is :0.0262
2025-07-08 12:07:30 - INFO - Epoch:49/50 Loss is :0.0208
2025-07-08 12:15:43 - INFO - VAL loss :0.2880
2025-07-08 12:15:44 - INFO - fold number:1
2025-07-08 12:18:52 - INFO - epoch:0/50 iteration:0/459 batch loss is :0.0722
2025-07-08 12:19:15 - INFO - epoch:0/50 iteration:5/459 batch loss is :0.0534
2025-07-08 12:19:36 - INFO - epoch:0/50 iteration:10/459 batch loss is :0.0678
2025-07-08 12:19:58 - INFO - epoch:0/50 iteration:15/459 batch loss is :0.1609
2025-07-08 12:20:20 - INFO - epoch:0/50 iteration:20/459 batch loss is :0.1283
2025-07-08 12:20:41 - INFO - epoch:0/50 iteration:25/459 batch loss is :0.0863
2025-07-08 12:21:02 - INFO - epoch:0/50 iteration:30/459 batch loss is :0.1807
2025-07-08 12:21:23 - INFO - epoch:0/50 iteration:35/459 batch loss is :0.0911
2025-07-08 12:21:43 - INFO - epoch:0/50 iteration:40/459 batch loss is :0.0708
2025-07-08 12:22:03 - INFO - epoch:0/50 iteration:45/459 batch loss is :0.0991
2025-07-08 12:22:23 - INFO - epoch:0/50 iteration:50/459 batch loss is :0.0347
2025-07-08 12:22:42 - INFO - epoch:0/50 iteration:55/459 batch loss is :0.2243
2025-07-08 12:23:00 - INFO - epoch:0/50 iteration:60/459 batch loss is :0.2337
2025-07-08 12:23:18 - INFO - epoch:0/50 iteration:65/459 batch loss is :0.1920
2025-07-08 12:23:37 - INFO - epoch:0/50 iteration:70/459 batch loss is :0.1076
2025-07-08 12:23:55 - INFO - epoch:0/50 iteration:75/459 batch loss is :0.2570
2025-07-08 12:24:13 - INFO - epoch:0/50 iteration:80/459 batch loss is :0.0845
2025-07-08 12:24:23 - INFO - Epoch:0/50 Loss is :0.0337
2025-07-08 12:34:28 - INFO - VAL loss :0.1359
2025-07-08 12:35:04 - INFO - epoch:1/50 iteration:0/459 batch loss is :0.2162
2025-07-08 12:35:26 - INFO - epoch:1/50 iteration:5/459 batch loss is :2.3310
2025-07-08 12:35:48 - INFO - epoch:1/50 iteration:10/459 batch loss is :0.0929
2025-07-08 12:36:10 - INFO - epoch:1/50 iteration:15/459 batch loss is :0.0282
2025-07-08 12:36:31 - INFO - epoch:1/50 iteration:20/459 batch loss is :0.0268
2025-07-08 12:36:51 - INFO - epoch:1/50 iteration:25/459 batch loss is :0.0638
2025-07-08 12:37:11 - INFO - epoch:1/50 iteration:30/459 batch loss is :0.0631
2025-07-08 12:37:31 - INFO - epoch:1/50 iteration:35/459 batch loss is :0.0677
2025-07-08 12:37:50 - INFO - epoch:1/50 iteration:40/459 batch loss is :0.0429
2025-07-08 12:38:10 - INFO - epoch:1/50 iteration:45/459 batch loss is :0.0569
2025-07-08 12:38:30 - INFO - epoch:1/50 iteration:50/459 batch loss is :0.5907
2025-07-08 12:38:49 - INFO - epoch:1/50 iteration:55/459 batch loss is :0.2621
2025-07-08 12:39:07 - INFO - epoch:1/50 iteration:60/459 batch loss is :0.0441
2025-07-08 12:39:25 - INFO - epoch:1/50 iteration:65/459 batch loss is :0.1795
2025-07-08 12:39:43 - INFO - epoch:1/50 iteration:70/459 batch loss is :0.4285
2025-07-08 12:40:01 - INFO - epoch:1/50 iteration:75/459 batch loss is :0.3663
2025-07-08 12:40:20 - INFO - epoch:1/50 iteration:80/459 batch loss is :0.1526
2025-07-08 12:40:30 - INFO - Epoch:1/50 Loss is :0.0363
2025-07-08 12:41:18 - INFO - epoch:2/50 iteration:0/459 batch loss is :0.1821
2025-07-08 12:41:40 - INFO - epoch:2/50 iteration:5/459 batch loss is :0.0487
2025-07-08 12:42:02 - INFO - epoch:2/50 iteration:10/459 batch loss is :0.3695
2025-07-08 12:42:23 - INFO - epoch:2/50 iteration:15/459 batch loss is :0.1058
2025-07-08 12:42:59 - INFO - epoch:2/50 iteration:20/459 batch loss is :0.0290
2025-07-08 12:43:37 - INFO - epoch:2/50 iteration:25/459 batch loss is :0.0410
2025-07-08 12:44:16 - INFO - epoch:2/50 iteration:30/459 batch loss is :0.0984
2025-07-08 12:44:35 - INFO - epoch:2/50 iteration:35/459 batch loss is :0.0560
2025-07-08 12:44:55 - INFO - epoch:2/50 iteration:40/459 batch loss is :0.3196
2025-07-08 12:45:16 - INFO - epoch:2/50 iteration:45/459 batch loss is :0.1775
2025-07-08 12:45:36 - INFO - epoch:2/50 iteration:50/459 batch loss is :0.1660
2025-07-08 12:45:56 - INFO - epoch:2/50 iteration:55/459 batch loss is :0.0694
2025-07-08 12:46:15 - INFO - epoch:2/50 iteration:60/459 batch loss is :0.1670
2025-07-08 12:46:34 - INFO - epoch:2/50 iteration:65/459 batch loss is :0.0273
2025-07-08 12:46:52 - INFO - epoch:2/50 iteration:70/459 batch loss is :0.2154
2025-07-08 12:47:11 - INFO - epoch:2/50 iteration:75/459 batch loss is :0.0394
2025-07-08 12:47:29 - INFO - epoch:2/50 iteration:80/459 batch loss is :0.2071
2025-07-08 12:47:39 - INFO - Epoch:2/50 Loss is :0.0314
2025-07-08 12:48:15 - INFO - epoch:3/50 iteration:0/459 batch loss is :0.0079
2025-07-08 12:48:43 - INFO - epoch:3/50 iteration:5/459 batch loss is :0.0979
2025-07-08 12:49:05 - INFO - epoch:3/50 iteration:10/459 batch loss is :1.4264
2025-07-08 12:49:26 - INFO - epoch:3/50 iteration:15/459 batch loss is :0.0816
2025-07-08 12:49:47 - INFO - epoch:3/50 iteration:20/459 batch loss is :0.0552
2025-07-08 12:50:08 - INFO - epoch:3/50 iteration:25/459 batch loss is :0.1642
2025-07-08 12:50:28 - INFO - epoch:3/50 iteration:30/459 batch loss is :0.0448
2025-07-08 12:50:48 - INFO - epoch:3/50 iteration:35/459 batch loss is :0.1579
2025-07-08 12:51:08 - INFO - epoch:3/50 iteration:40/459 batch loss is :0.1631
2025-07-08 12:51:27 - INFO - epoch:3/50 iteration:45/459 batch loss is :0.3200
2025-07-08 12:51:47 - INFO - epoch:3/50 iteration:50/459 batch loss is :0.1716
2025-07-08 12:52:07 - INFO - epoch:3/50 iteration:55/459 batch loss is :0.3415
2025-07-08 12:52:25 - INFO - epoch:3/50 iteration:60/459 batch loss is :0.0453
2025-07-08 12:52:43 - INFO - epoch:3/50 iteration:65/459 batch loss is :0.0245
2025-07-08 12:53:01 - INFO - epoch:3/50 iteration:70/459 batch loss is :0.1730
2025-07-08 12:53:19 - INFO - epoch:3/50 iteration:75/459 batch loss is :0.0737
2025-07-08 12:53:37 - INFO - epoch:3/50 iteration:80/459 batch loss is :0.2202
2025-07-08 12:53:48 - INFO - Epoch:3/50 Loss is :0.0306
2025-07-08 12:54:26 - INFO - epoch:4/50 iteration:0/459 batch loss is :0.1988
2025-07-08 12:54:50 - INFO - epoch:4/50 iteration:5/459 batch loss is :0.0620
2025-07-08 12:55:12 - INFO - epoch:4/50 iteration:10/459 batch loss is :0.3041
2025-07-08 12:55:34 - INFO - epoch:4/50 iteration:15/459 batch loss is :0.2312
2025-07-08 12:55:54 - INFO - epoch:4/50 iteration:20/459 batch loss is :0.0808
2025-07-08 12:56:14 - INFO - epoch:4/50 iteration:25/459 batch loss is :0.0722
2025-07-08 12:56:33 - INFO - epoch:4/50 iteration:30/459 batch loss is :0.1142
2025-07-08 12:56:53 - INFO - epoch:4/50 iteration:35/459 batch loss is :0.1052
2025-07-08 12:57:13 - INFO - epoch:4/50 iteration:40/459 batch loss is :0.0317
2025-07-08 12:57:32 - INFO - epoch:4/50 iteration:45/459 batch loss is :0.0654
2025-07-08 12:57:52 - INFO - epoch:4/50 iteration:50/459 batch loss is :0.1566
2025-07-08 12:58:11 - INFO - epoch:4/50 iteration:55/459 batch loss is :0.2791
2025-07-08 12:58:29 - INFO - epoch:4/50 iteration:60/459 batch loss is :0.2032
2025-07-08 12:58:47 - INFO - epoch:4/50 iteration:65/459 batch loss is :0.1236
2025-07-08 12:59:05 - INFO - epoch:4/50 iteration:70/459 batch loss is :0.0948
2025-07-08 12:59:24 - INFO - epoch:4/50 iteration:75/459 batch loss is :0.1376
2025-07-08 12:59:41 - INFO - epoch:4/50 iteration:80/459 batch loss is :0.1453
2025-07-08 12:59:52 - INFO - Epoch:4/50 Loss is :0.0268
2025-07-08 13:00:20 - INFO - epoch:5/50 iteration:0/459 batch loss is :0.0763
2025-07-08 13:00:47 - INFO - epoch:5/50 iteration:5/459 batch loss is :0.3901
2025-07-08 13:01:10 - INFO - epoch:5/50 iteration:10/459 batch loss is :0.0792
2025-07-08 13:01:32 - INFO - epoch:5/50 iteration:15/459 batch loss is :0.3853
2025-07-08 13:01:52 - INFO - epoch:5/50 iteration:20/459 batch loss is :0.0674
2025-07-08 13:02:13 - INFO - epoch:5/50 iteration:25/459 batch loss is :0.2536
2025-07-08 13:02:33 - INFO - epoch:5/50 iteration:30/459 batch loss is :0.7285
2025-07-08 13:02:53 - INFO - epoch:5/50 iteration:35/459 batch loss is :0.0772
2025-07-08 13:03:13 - INFO - epoch:5/50 iteration:40/459 batch loss is :0.0809
2025-07-08 13:03:32 - INFO - epoch:5/50 iteration:45/459 batch loss is :0.5017
2025-07-08 13:03:51 - INFO - epoch:5/50 iteration:50/459 batch loss is :0.1150
2025-07-08 13:04:10 - INFO - epoch:5/50 iteration:55/459 batch loss is :0.1738
2025-07-08 13:04:28 - INFO - epoch:5/50 iteration:60/459 batch loss is :0.1694
2025-07-08 13:04:46 - INFO - epoch:5/50 iteration:65/459 batch loss is :0.1840
2025-07-08 13:05:04 - INFO - epoch:5/50 iteration:70/459 batch loss is :0.0793
2025-07-08 13:05:22 - INFO - epoch:5/50 iteration:75/459 batch loss is :0.0343
2025-07-08 13:05:40 - INFO - epoch:5/50 iteration:80/459 batch loss is :0.0447
2025-07-08 13:05:50 - INFO - Epoch:5/50 Loss is :0.0330
2025-07-08 13:06:29 - INFO - epoch:6/50 iteration:0/459 batch loss is :0.1325
2025-07-08 13:06:51 - INFO - epoch:6/50 iteration:5/459 batch loss is :0.0961
2025-07-08 13:07:12 - INFO - epoch:6/50 iteration:10/459 batch loss is :0.0921
2025-07-08 13:07:34 - INFO - epoch:6/50 iteration:15/459 batch loss is :0.0422
2025-07-08 13:07:54 - INFO - epoch:6/50 iteration:20/459 batch loss is :0.1344
2025-07-08 13:08:14 - INFO - epoch:6/50 iteration:25/459 batch loss is :0.1460
2025-07-08 13:08:34 - INFO - epoch:6/50 iteration:30/459 batch loss is :0.1259
2025-07-08 13:08:54 - INFO - epoch:6/50 iteration:35/459 batch loss is :0.0595
2025-07-08 13:09:13 - INFO - epoch:6/50 iteration:40/459 batch loss is :0.1696
2025-07-08 13:09:33 - INFO - epoch:6/50 iteration:45/459 batch loss is :0.2145
2025-07-08 13:09:53 - INFO - epoch:6/50 iteration:50/459 batch loss is :0.0995
2025-07-08 13:10:12 - INFO - epoch:6/50 iteration:55/459 batch loss is :0.0200
2025-07-08 13:10:31 - INFO - epoch:6/50 iteration:60/459 batch loss is :0.2626
2025-07-08 13:10:49 - INFO - epoch:6/50 iteration:65/459 batch loss is :0.0863
2025-07-08 13:11:07 - INFO - epoch:6/50 iteration:70/459 batch loss is :0.1343
2025-07-08 13:11:25 - INFO - epoch:6/50 iteration:75/459 batch loss is :0.0630
2025-07-08 13:11:43 - INFO - epoch:6/50 iteration:80/459 batch loss is :0.3951
2025-07-08 13:11:53 - INFO - Epoch:6/50 Loss is :0.0351
2025-07-08 13:12:40 - INFO - epoch:7/50 iteration:0/459 batch loss is :0.1255
2025-07-08 13:13:01 - INFO - epoch:7/50 iteration:5/459 batch loss is :0.0606
2025-07-08 13:13:22 - INFO - epoch:7/50 iteration:10/459 batch loss is :0.0703
2025-07-08 13:13:43 - INFO - epoch:7/50 iteration:15/459 batch loss is :0.2863
2025-07-08 13:14:05 - INFO - epoch:7/50 iteration:20/459 batch loss is :0.0527
2025-07-08 13:14:25 - INFO - epoch:7/50 iteration:25/459 batch loss is :0.0962
2025-07-08 13:14:46 - INFO - epoch:7/50 iteration:30/459 batch loss is :0.0589
2025-07-08 13:15:06 - INFO - epoch:7/50 iteration:35/459 batch loss is :0.0814
2025-07-08 13:15:26 - INFO - epoch:7/50 iteration:40/459 batch loss is :0.0664
2025-07-08 13:15:46 - INFO - epoch:7/50 iteration:45/459 batch loss is :0.0725
2025-07-08 13:16:05 - INFO - epoch:7/50 iteration:50/459 batch loss is :0.2748
2025-07-08 13:16:25 - INFO - epoch:7/50 iteration:55/459 batch loss is :0.0723
2025-07-08 13:16:43 - INFO - epoch:7/50 iteration:60/459 batch loss is :0.0704
2025-07-08 13:17:01 - INFO - epoch:7/50 iteration:65/459 batch loss is :0.1500
2025-07-08 13:17:19 - INFO - epoch:7/50 iteration:70/459 batch loss is :0.1817
2025-07-08 13:17:37 - INFO - epoch:7/50 iteration:75/459 batch loss is :0.0671
2025-07-08 13:17:55 - INFO - epoch:7/50 iteration:80/459 batch loss is :0.2490
2025-07-08 13:18:06 - INFO - Epoch:7/50 Loss is :0.0308
2025-07-08 13:18:46 - INFO - epoch:8/50 iteration:0/459 batch loss is :0.2199
2025-07-08 13:19:09 - INFO - epoch:8/50 iteration:5/459 batch loss is :0.1236
2025-07-08 13:19:31 - INFO - epoch:8/50 iteration:10/459 batch loss is :0.0488
2025-07-08 13:19:52 - INFO - epoch:8/50 iteration:15/459 batch loss is :0.3116
2025-07-08 13:20:14 - INFO - epoch:8/50 iteration:20/459 batch loss is :0.1766
2025-07-08 13:20:34 - INFO - epoch:8/50 iteration:25/459 batch loss is :0.0477
2025-07-08 13:20:54 - INFO - epoch:8/50 iteration:30/459 batch loss is :0.0596
2025-07-08 13:21:14 - INFO - epoch:8/50 iteration:35/459 batch loss is :0.0390
2025-07-08 13:21:33 - INFO - epoch:8/50 iteration:40/459 batch loss is :0.1187
2025-07-08 13:21:53 - INFO - epoch:8/50 iteration:45/459 batch loss is :0.2883
2025-07-08 13:22:14 - INFO - epoch:8/50 iteration:50/459 batch loss is :0.1439
2025-07-08 13:22:34 - INFO - epoch:8/50 iteration:55/459 batch loss is :0.1136
2025-07-08 13:22:52 - INFO - epoch:8/50 iteration:60/459 batch loss is :0.1237
2025-07-08 13:23:10 - INFO - epoch:8/50 iteration:65/459 batch loss is :0.0394
2025-07-08 13:23:28 - INFO - epoch:8/50 iteration:70/459 batch loss is :0.1833
2025-07-08 13:23:46 - INFO - epoch:8/50 iteration:75/459 batch loss is :0.0880
2025-07-08 13:24:04 - INFO - epoch:8/50 iteration:80/459 batch loss is :0.4129
2025-07-08 13:24:15 - INFO - Epoch:8/50 Loss is :0.0319
2025-07-08 13:24:58 - INFO - epoch:9/50 iteration:0/459 batch loss is :0.0324
2025-07-08 13:25:21 - INFO - epoch:9/50 iteration:5/459 batch loss is :0.1015
2025-07-08 13:25:41 - INFO - epoch:9/50 iteration:10/459 batch loss is :0.0450
2025-07-08 13:26:02 - INFO - epoch:9/50 iteration:15/459 batch loss is :0.2481
2025-07-08 13:26:22 - INFO - epoch:9/50 iteration:20/459 batch loss is :0.0900
2025-07-08 13:26:42 - INFO - epoch:9/50 iteration:25/459 batch loss is :0.0152
2025-07-08 13:27:01 - INFO - epoch:9/50 iteration:30/459 batch loss is :0.0304
2025-07-08 13:27:20 - INFO - epoch:9/50 iteration:35/459 batch loss is :0.0856
2025-07-08 13:27:40 - INFO - epoch:9/50 iteration:40/459 batch loss is :0.4227
2025-07-08 13:28:00 - INFO - epoch:9/50 iteration:45/459 batch loss is :0.0890
2025-07-08 13:28:19 - INFO - epoch:9/50 iteration:50/459 batch loss is :0.0271
2025-07-08 13:28:38 - INFO - epoch:9/50 iteration:55/459 batch loss is :0.0211
2025-07-08 13:28:56 - INFO - epoch:9/50 iteration:60/459 batch loss is :0.1220
2025-07-08 13:29:14 - INFO - epoch:9/50 iteration:65/459 batch loss is :0.2034
2025-07-08 13:29:32 - INFO - epoch:9/50 iteration:70/459 batch loss is :0.2574
2025-07-08 13:29:51 - INFO - epoch:9/50 iteration:75/459 batch loss is :0.0878
2025-07-08 13:30:09 - INFO - epoch:9/50 iteration:80/459 batch loss is :0.0511
2025-07-08 13:30:19 - INFO - Epoch:9/50 Loss is :0.0284
2025-07-08 13:30:52 - INFO - epoch:10/50 iteration:0/459 batch loss is :0.5254
2025-07-08 13:31:13 - INFO - epoch:10/50 iteration:5/459 batch loss is :0.1677
2025-07-08 13:31:36 - INFO - epoch:10/50 iteration:10/459 batch loss is :0.0401
2025-07-08 13:31:58 - INFO - epoch:10/50 iteration:15/459 batch loss is :0.1735
2025-07-08 13:32:20 - INFO - epoch:10/50 iteration:20/459 batch loss is :0.1430
2025-07-08 13:32:39 - INFO - epoch:10/50 iteration:25/459 batch loss is :0.4406
2025-07-08 13:32:59 - INFO - epoch:10/50 iteration:30/459 batch loss is :0.2771
2025-07-08 13:33:18 - INFO - epoch:10/50 iteration:35/459 batch loss is :0.3370
2025-07-08 13:33:38 - INFO - epoch:10/50 iteration:40/459 batch loss is :0.3693
2025-07-08 13:33:57 - INFO - epoch:10/50 iteration:45/459 batch loss is :0.3011
2025-07-08 13:34:17 - INFO - epoch:10/50 iteration:50/459 batch loss is :0.0328
2025-07-08 13:34:35 - INFO - epoch:10/50 iteration:55/459 batch loss is :0.0489
2025-07-08 13:34:54 - INFO - epoch:10/50 iteration:60/459 batch loss is :0.0625
2025-07-08 13:35:12 - INFO - epoch:10/50 iteration:65/459 batch loss is :0.1968
2025-07-08 13:35:30 - INFO - epoch:10/50 iteration:70/459 batch loss is :0.2551
2025-07-08 13:35:48 - INFO - epoch:10/50 iteration:75/459 batch loss is :0.0933
2025-07-08 13:36:06 - INFO - epoch:10/50 iteration:80/459 batch loss is :0.0988
2025-07-08 13:36:17 - INFO - Epoch:10/50 Loss is :0.0289
2025-07-08 13:36:45 - INFO - epoch:11/50 iteration:0/459 batch loss is :0.0303
2025-07-08 13:37:13 - INFO - epoch:11/50 iteration:5/459 batch loss is :0.3843
2025-07-08 13:37:36 - INFO - epoch:11/50 iteration:10/459 batch loss is :0.0499
2025-07-08 13:37:59 - INFO - epoch:11/50 iteration:15/459 batch loss is :0.4065
2025-07-08 13:38:20 - INFO - epoch:11/50 iteration:20/459 batch loss is :0.0545
2025-07-08 13:38:41 - INFO - epoch:11/50 iteration:25/459 batch loss is :0.2467
2025-07-08 13:39:00 - INFO - epoch:11/50 iteration:30/459 batch loss is :0.0246
2025-07-08 13:39:20 - INFO - epoch:11/50 iteration:35/459 batch loss is :0.0107
2025-07-08 13:39:40 - INFO - epoch:11/50 iteration:40/459 batch loss is :0.0242
2025-07-08 13:40:00 - INFO - epoch:11/50 iteration:45/459 batch loss is :0.0745
2025-07-08 13:40:20 - INFO - epoch:11/50 iteration:50/459 batch loss is :1.2700
2025-07-08 13:40:39 - INFO - epoch:11/50 iteration:55/459 batch loss is :0.0683
2025-07-08 13:40:57 - INFO - epoch:11/50 iteration:60/459 batch loss is :0.2354
2025-07-08 13:41:15 - INFO - epoch:11/50 iteration:65/459 batch loss is :0.1145
2025-07-08 13:41:33 - INFO - epoch:11/50 iteration:70/459 batch loss is :0.0174
2025-07-08 13:41:51 - INFO - epoch:11/50 iteration:75/459 batch loss is :0.2491
2025-07-08 13:42:09 - INFO - epoch:11/50 iteration:80/459 batch loss is :0.1672
2025-07-08 13:42:20 - INFO - Epoch:11/50 Loss is :0.0268
2025-07-08 13:43:08 - INFO - epoch:12/50 iteration:0/459 batch loss is :0.1883
2025-07-08 13:43:30 - INFO - epoch:12/50 iteration:5/459 batch loss is :0.1981
2025-07-08 13:43:53 - INFO - epoch:12/50 iteration:10/459 batch loss is :0.2622
2025-07-08 13:44:15 - INFO - epoch:12/50 iteration:15/459 batch loss is :0.0703
2025-07-08 13:44:37 - INFO - epoch:12/50 iteration:20/459 batch loss is :0.0393
2025-07-08 13:44:58 - INFO - epoch:12/50 iteration:25/459 batch loss is :0.0601
2025-07-08 13:45:20 - INFO - epoch:12/50 iteration:30/459 batch loss is :0.0330
2025-07-08 13:45:40 - INFO - epoch:12/50 iteration:35/459 batch loss is :0.0968
2025-07-08 13:45:59 - INFO - epoch:12/50 iteration:40/459 batch loss is :0.0519
2025-07-08 13:46:19 - INFO - epoch:12/50 iteration:45/459 batch loss is :0.1432
2025-07-08 13:46:39 - INFO - epoch:12/50 iteration:50/459 batch loss is :0.1071
2025-07-08 13:46:59 - INFO - epoch:12/50 iteration:55/459 batch loss is :0.3396
2025-07-08 13:47:17 - INFO - epoch:12/50 iteration:60/459 batch loss is :0.2035
2025-07-08 13:47:35 - INFO - epoch:12/50 iteration:65/459 batch loss is :0.0525
2025-07-08 13:47:53 - INFO - epoch:12/50 iteration:70/459 batch loss is :0.2904
2025-07-08 13:48:11 - INFO - epoch:12/50 iteration:75/459 batch loss is :0.0403
2025-07-08 13:48:30 - INFO - epoch:12/50 iteration:80/459 batch loss is :0.0932
2025-07-08 13:48:40 - INFO - Epoch:12/50 Loss is :0.0379
2025-07-08 13:49:12 - INFO - epoch:13/50 iteration:0/459 batch loss is :0.1036
2025-07-08 13:49:43 - INFO - epoch:13/50 iteration:5/459 batch loss is :0.0934
2025-07-08 13:50:05 - INFO - epoch:13/50 iteration:10/459 batch loss is :0.1407
2025-07-08 13:50:27 - INFO - epoch:13/50 iteration:15/459 batch loss is :0.1106
2025-07-08 13:50:49 - INFO - epoch:13/50 iteration:20/459 batch loss is :0.2929
2025-07-08 13:51:09 - INFO - epoch:13/50 iteration:25/459 batch loss is :0.2072
2025-07-08 13:51:29 - INFO - epoch:13/50 iteration:30/459 batch loss is :0.0474
2025-07-08 13:51:49 - INFO - epoch:13/50 iteration:35/459 batch loss is :0.1213
2025-07-08 13:52:08 - INFO - epoch:13/50 iteration:40/459 batch loss is :0.0452
2025-07-08 13:52:28 - INFO - epoch:13/50 iteration:45/459 batch loss is :0.0204
2025-07-08 13:52:48 - INFO - epoch:13/50 iteration:50/459 batch loss is :0.0909
2025-07-08 13:53:08 - INFO - epoch:13/50 iteration:55/459 batch loss is :0.1401
2025-07-08 13:53:26 - INFO - epoch:13/50 iteration:60/459 batch loss is :0.0611
2025-07-08 13:53:44 - INFO - epoch:13/50 iteration:65/459 batch loss is :0.2586
2025-07-08 13:54:02 - INFO - epoch:13/50 iteration:70/459 batch loss is :0.1448
2025-07-08 13:54:20 - INFO - epoch:13/50 iteration:75/459 batch loss is :0.2554
2025-07-08 13:54:38 - INFO - epoch:13/50 iteration:80/459 batch loss is :0.1213
2025-07-08 13:54:48 - INFO - Epoch:13/50 Loss is :0.0242
2025-07-08 13:55:29 - INFO - epoch:14/50 iteration:0/459 batch loss is :0.1676
2025-07-08 13:55:51 - INFO - epoch:14/50 iteration:5/459 batch loss is :0.1486
2025-07-08 13:56:13 - INFO - epoch:14/50 iteration:10/459 batch loss is :0.1641
2025-07-08 13:56:35 - INFO - epoch:14/50 iteration:15/459 batch loss is :0.2218
2025-07-08 13:56:55 - INFO - epoch:14/50 iteration:20/459 batch loss is :0.1067
2025-07-08 13:57:15 - INFO - epoch:14/50 iteration:25/459 batch loss is :0.0360
2025-07-08 13:57:34 - INFO - epoch:14/50 iteration:30/459 batch loss is :0.1725
2025-07-08 13:57:54 - INFO - epoch:14/50 iteration:35/459 batch loss is :0.0694
2025-07-08 13:58:13 - INFO - epoch:14/50 iteration:40/459 batch loss is :0.1338
2025-07-08 13:58:32 - INFO - epoch:14/50 iteration:45/459 batch loss is :0.1694
2025-07-08 13:58:51 - INFO - epoch:14/50 iteration:50/459 batch loss is :0.0428
2025-07-08 13:59:11 - INFO - epoch:14/50 iteration:55/459 batch loss is :0.0554
2025-07-08 13:59:29 - INFO - epoch:14/50 iteration:60/459 batch loss is :0.7431
2025-07-08 13:59:47 - INFO - epoch:14/50 iteration:65/459 batch loss is :1.6382
2025-07-08 14:00:05 - INFO - epoch:14/50 iteration:70/459 batch loss is :0.0410
2025-07-08 14:00:23 - INFO - epoch:14/50 iteration:75/459 batch loss is :0.4357
2025-07-08 14:00:41 - INFO - epoch:14/50 iteration:80/459 batch loss is :0.0471
2025-07-08 14:00:52 - INFO - Epoch:14/50 Loss is :0.0302
2025-07-08 14:01:42 - INFO - epoch:15/50 iteration:0/459 batch loss is :0.2322
2025-07-08 14:02:04 - INFO - epoch:15/50 iteration:5/459 batch loss is :0.0524
2025-07-08 14:02:24 - INFO - epoch:15/50 iteration:10/459 batch loss is :0.0336
2025-07-08 14:02:44 - INFO - epoch:15/50 iteration:15/459 batch loss is :0.1043
2025-07-08 14:03:03 - INFO - epoch:15/50 iteration:20/459 batch loss is :0.1989
2025-07-08 14:03:23 - INFO - epoch:15/50 iteration:25/459 batch loss is :0.1139
2025-07-08 14:03:42 - INFO - epoch:15/50 iteration:30/459 batch loss is :0.0112
2025-07-08 14:04:02 - INFO - epoch:15/50 iteration:35/459 batch loss is :0.0668
2025-07-08 14:04:22 - INFO - epoch:15/50 iteration:40/459 batch loss is :0.0341
2025-07-08 14:04:42 - INFO - epoch:15/50 iteration:45/459 batch loss is :0.3161
2025-07-08 14:05:02 - INFO - epoch:15/50 iteration:50/459 batch loss is :0.1028
2025-07-08 14:05:21 - INFO - epoch:15/50 iteration:55/459 batch loss is :0.0443
2025-07-08 14:05:39 - INFO - epoch:15/50 iteration:60/459 batch loss is :0.3950
2025-07-08 14:05:57 - INFO - epoch:15/50 iteration:65/459 batch loss is :0.0643
2025-07-08 14:06:16 - INFO - epoch:15/50 iteration:70/459 batch loss is :0.1665
2025-07-08 14:06:34 - INFO - epoch:15/50 iteration:75/459 batch loss is :0.2301
2025-07-08 14:06:52 - INFO - epoch:15/50 iteration:80/459 batch loss is :0.2904
2025-07-08 14:07:02 - INFO - Epoch:15/50 Loss is :0.0268
2025-07-08 14:07:35 - INFO - epoch:16/50 iteration:0/459 batch loss is :0.1327
2025-07-08 14:08:00 - INFO - epoch:16/50 iteration:5/459 batch loss is :0.0653
2025-07-08 14:08:22 - INFO - epoch:16/50 iteration:10/459 batch loss is :0.0774
2025-07-08 14:08:45 - INFO - epoch:16/50 iteration:15/459 batch loss is :0.1011
2025-07-08 14:09:06 - INFO - epoch:16/50 iteration:20/459 batch loss is :0.0718
2025-07-08 14:09:26 - INFO - epoch:16/50 iteration:25/459 batch loss is :0.0256
2025-07-08 14:09:46 - INFO - epoch:16/50 iteration:30/459 batch loss is :0.2322
2025-07-08 14:10:06 - INFO - epoch:16/50 iteration:35/459 batch loss is :0.1428
2025-07-08 14:10:25 - INFO - epoch:16/50 iteration:40/459 batch loss is :0.0366
2025-07-08 14:10:45 - INFO - epoch:16/50 iteration:45/459 batch loss is :0.0908
2025-07-08 14:11:05 - INFO - epoch:16/50 iteration:50/459 batch loss is :0.1382
2025-07-08 14:11:24 - INFO - epoch:16/50 iteration:55/459 batch loss is :0.2779
2025-07-08 14:11:42 - INFO - epoch:16/50 iteration:60/459 batch loss is :0.1538
2025-07-08 14:12:00 - INFO - epoch:16/50 iteration:65/459 batch loss is :0.3135
2025-07-08 14:12:19 - INFO - epoch:16/50 iteration:70/459 batch loss is :2.3303
2025-07-08 14:12:36 - INFO - epoch:16/50 iteration:75/459 batch loss is :0.1703
2025-07-08 14:12:54 - INFO - epoch:16/50 iteration:80/459 batch loss is :0.3204
2025-07-08 14:13:05 - INFO - Epoch:16/50 Loss is :0.0307
2025-07-08 14:13:52 - INFO - epoch:17/50 iteration:0/459 batch loss is :0.0270
2025-07-08 14:14:14 - INFO - epoch:17/50 iteration:5/459 batch loss is :0.1033
2025-07-08 14:14:36 - INFO - epoch:17/50 iteration:10/459 batch loss is :0.4184
2025-07-08 14:14:58 - INFO - epoch:17/50 iteration:15/459 batch loss is :0.0503
2025-07-08 14:15:20 - INFO - epoch:17/50 iteration:20/459 batch loss is :0.5734
2025-07-08 14:15:41 - INFO - epoch:17/50 iteration:25/459 batch loss is :0.0681
2025-07-08 14:16:03 - INFO - epoch:17/50 iteration:30/459 batch loss is :0.0154
2025-07-08 14:16:23 - INFO - epoch:17/50 iteration:35/459 batch loss is :0.1481
2025-07-08 14:16:43 - INFO - epoch:17/50 iteration:40/459 batch loss is :0.0375
2025-07-08 14:17:04 - INFO - epoch:17/50 iteration:45/459 batch loss is :0.1884
2025-07-08 14:17:24 - INFO - epoch:17/50 iteration:50/459 batch loss is :0.1609
2025-07-08 14:17:43 - INFO - epoch:17/50 iteration:55/459 batch loss is :0.0967
2025-07-08 14:18:02 - INFO - epoch:17/50 iteration:60/459 batch loss is :0.0372
2025-07-08 14:18:20 - INFO - epoch:17/50 iteration:65/459 batch loss is :0.1059
2025-07-08 14:18:38 - INFO - epoch:17/50 iteration:70/459 batch loss is :0.0507
2025-07-08 14:18:56 - INFO - epoch:17/50 iteration:75/459 batch loss is :0.1793
2025-07-08 14:19:14 - INFO - epoch:17/50 iteration:80/459 batch loss is :0.0677
2025-07-08 14:19:24 - INFO - Epoch:17/50 Loss is :0.0298
2025-07-08 14:20:09 - INFO - epoch:18/50 iteration:0/459 batch loss is :0.0251
2025-07-08 14:20:31 - INFO - epoch:18/50 iteration:5/459 batch loss is :0.0638
2025-07-08 14:20:53 - INFO - epoch:18/50 iteration:10/459 batch loss is :0.3183
2025-07-08 14:21:14 - INFO - epoch:18/50 iteration:15/459 batch loss is :0.1046
2025-07-08 14:21:36 - INFO - epoch:18/50 iteration:20/459 batch loss is :0.0095
2025-07-08 14:21:56 - INFO - epoch:18/50 iteration:25/459 batch loss is :0.0470
2025-07-08 14:22:17 - INFO - epoch:18/50 iteration:30/459 batch loss is :0.1703
2025-07-08 14:22:36 - INFO - epoch:18/50 iteration:35/459 batch loss is :0.0655
2025-07-08 14:22:56 - INFO - epoch:18/50 iteration:40/459 batch loss is :0.3283
2025-07-08 14:23:15 - INFO - epoch:18/50 iteration:45/459 batch loss is :0.1837
2025-07-08 14:23:36 - INFO - epoch:18/50 iteration:50/459 batch loss is :0.0420
2025-07-08 14:23:55 - INFO - epoch:18/50 iteration:55/459 batch loss is :0.0514
2025-07-08 14:24:13 - INFO - epoch:18/50 iteration:60/459 batch loss is :0.0934
2025-07-08 14:24:31 - INFO - epoch:18/50 iteration:65/459 batch loss is :0.0067
2025-07-08 14:24:49 - INFO - epoch:18/50 iteration:70/459 batch loss is :0.0508
2025-07-08 14:25:07 - INFO - epoch:18/50 iteration:75/459 batch loss is :0.4088
2025-07-08 14:25:25 - INFO - epoch:18/50 iteration:80/459 batch loss is :0.1525
2025-07-08 14:25:35 - INFO - Epoch:18/50 Loss is :0.0296
2025-07-08 14:26:15 - INFO - epoch:19/50 iteration:0/459 batch loss is :0.1833
2025-07-08 14:26:41 - INFO - epoch:19/50 iteration:5/459 batch loss is :0.2070
2025-07-08 14:27:03 - INFO - epoch:19/50 iteration:10/459 batch loss is :0.2433
2025-07-08 14:27:27 - INFO - epoch:19/50 iteration:15/459 batch loss is :0.0420
2025-07-08 14:27:51 - INFO - epoch:19/50 iteration:20/459 batch loss is :0.0507
2025-07-08 14:28:13 - INFO - epoch:19/50 iteration:25/459 batch loss is :0.0423
2025-07-08 14:28:36 - INFO - epoch:19/50 iteration:30/459 batch loss is :0.0381
2025-07-08 14:28:59 - INFO - epoch:19/50 iteration:35/459 batch loss is :0.1694
2025-07-08 14:29:20 - INFO - epoch:19/50 iteration:40/459 batch loss is :0.1771
2025-07-08 14:29:42 - INFO - epoch:19/50 iteration:45/459 batch loss is :0.1013
2025-07-08 14:30:03 - INFO - epoch:19/50 iteration:50/459 batch loss is :0.0774
2025-07-08 14:30:23 - INFO - epoch:19/50 iteration:55/459 batch loss is :0.1403
2025-07-08 14:30:42 - INFO - epoch:19/50 iteration:60/459 batch loss is :0.0626
2025-07-08 14:31:00 - INFO - epoch:19/50 iteration:65/459 batch loss is :0.0855
2025-07-08 14:31:18 - INFO - epoch:19/50 iteration:70/459 batch loss is :0.1801
2025-07-08 14:31:36 - INFO - epoch:19/50 iteration:75/459 batch loss is :0.1113
2025-07-08 14:31:54 - INFO - epoch:19/50 iteration:80/459 batch loss is :0.0602
2025-07-08 14:32:05 - INFO - Epoch:19/50 Loss is :0.0257
2025-07-08 14:32:41 - INFO - epoch:20/50 iteration:0/459 batch loss is :0.0419
2025-07-08 14:33:05 - INFO - epoch:20/50 iteration:5/459 batch loss is :0.1027
2025-07-08 14:33:28 - INFO - epoch:20/50 iteration:10/459 batch loss is :0.0645
2025-07-08 14:33:51 - INFO - epoch:20/50 iteration:15/459 batch loss is :0.4113
2025-07-08 14:34:14 - INFO - epoch:20/50 iteration:20/459 batch loss is :0.0457
2025-07-08 14:34:35 - INFO - epoch:20/50 iteration:25/459 batch loss is :0.2607
2025-07-08 14:34:58 - INFO - epoch:20/50 iteration:30/459 batch loss is :0.0450
2025-07-08 14:35:19 - INFO - epoch:20/50 iteration:35/459 batch loss is :0.1039
2025-07-08 14:35:39 - INFO - epoch:20/50 iteration:40/459 batch loss is :0.3283
2025-07-08 14:35:59 - INFO - epoch:20/50 iteration:45/459 batch loss is :0.0465
2025-07-08 14:36:19 - INFO - epoch:20/50 iteration:50/459 batch loss is :0.0462
2025-07-08 14:36:39 - INFO - epoch:20/50 iteration:55/459 batch loss is :0.0619
2025-07-08 14:36:57 - INFO - epoch:20/50 iteration:60/459 batch loss is :0.1128
2025-07-08 14:37:15 - INFO - epoch:20/50 iteration:65/459 batch loss is :0.0134
2025-07-08 14:37:33 - INFO - epoch:20/50 iteration:70/459 batch loss is :0.0471
2025-07-08 14:37:51 - INFO - epoch:20/50 iteration:75/459 batch loss is :0.0218
2025-07-08 14:38:09 - INFO - epoch:20/50 iteration:80/459 batch loss is :0.2875
2025-07-08 14:38:20 - INFO - Epoch:20/50 Loss is :0.0275
2025-07-08 14:46:49 - INFO - VAL loss :0.1474
2025-07-08 14:47:35 - INFO - epoch:21/50 iteration:0/459 batch loss is :0.0222
2025-07-08 14:47:57 - INFO - epoch:21/50 iteration:5/459 batch loss is :0.0557
2025-07-08 14:48:19 - INFO - epoch:21/50 iteration:10/459 batch loss is :0.0404
2025-07-08 14:48:41 - INFO - epoch:21/50 iteration:15/459 batch loss is :0.3688
2025-07-08 14:49:03 - INFO - epoch:21/50 iteration:20/459 batch loss is :0.2382
2025-07-08 14:49:25 - INFO - epoch:21/50 iteration:25/459 batch loss is :0.4418
2025-07-08 14:49:47 - INFO - epoch:21/50 iteration:30/459 batch loss is :0.1246
2025-07-08 14:50:09 - INFO - epoch:21/50 iteration:35/459 batch loss is :0.0776
2025-07-08 14:50:30 - INFO - epoch:21/50 iteration:40/459 batch loss is :0.1086
2025-07-08 14:50:51 - INFO - epoch:21/50 iteration:45/459 batch loss is :0.3326
2025-07-08 14:51:11 - INFO - epoch:21/50 iteration:50/459 batch loss is :0.3237
2025-07-08 14:51:31 - INFO - epoch:21/50 iteration:55/459 batch loss is :0.0476
2025-07-08 14:51:50 - INFO - epoch:21/50 iteration:60/459 batch loss is :0.0604
2025-07-08 14:52:07 - INFO - epoch:21/50 iteration:65/459 batch loss is :0.0689
2025-07-08 14:52:26 - INFO - epoch:21/50 iteration:70/459 batch loss is :0.0932
2025-07-08 14:52:44 - INFO - epoch:21/50 iteration:75/459 batch loss is :0.2134
2025-07-08 14:53:02 - INFO - epoch:21/50 iteration:80/459 batch loss is :0.3586
2025-07-08 14:53:12 - INFO - Epoch:21/50 Loss is :0.0293
2025-07-08 14:53:56 - INFO - epoch:22/50 iteration:0/459 batch loss is :0.0414
2025-07-08 14:54:19 - INFO - epoch:22/50 iteration:5/459 batch loss is :0.0651
2025-07-08 14:54:40 - INFO - epoch:22/50 iteration:10/459 batch loss is :0.0654
2025-07-08 14:55:03 - INFO - epoch:22/50 iteration:15/459 batch loss is :0.2096
2025-07-08 14:55:25 - INFO - epoch:22/50 iteration:20/459 batch loss is :0.2732
2025-07-08 14:55:46 - INFO - epoch:22/50 iteration:25/459 batch loss is :0.0829
2025-07-08 14:56:08 - INFO - epoch:22/50 iteration:30/459 batch loss is :0.1140
2025-07-08 14:56:28 - INFO - epoch:22/50 iteration:35/459 batch loss is :0.0656
2025-07-08 14:56:48 - INFO - epoch:22/50 iteration:40/459 batch loss is :0.1156
2025-07-08 14:57:07 - INFO - epoch:22/50 iteration:45/459 batch loss is :0.3757
2025-07-08 14:57:27 - INFO - epoch:22/50 iteration:50/459 batch loss is :0.3569
2025-07-08 14:57:47 - INFO - epoch:22/50 iteration:55/459 batch loss is :0.2482
2025-07-08 14:58:05 - INFO - epoch:22/50 iteration:60/459 batch loss is :0.2706
2025-07-08 14:58:24 - INFO - epoch:22/50 iteration:65/459 batch loss is :0.0256
2025-07-08 14:58:42 - INFO - epoch:22/50 iteration:70/459 batch loss is :0.0363
2025-07-08 14:59:00 - INFO - epoch:22/50 iteration:75/459 batch loss is :0.2217
2025-07-08 14:59:18 - INFO - epoch:22/50 iteration:80/459 batch loss is :0.1750
2025-07-08 14:59:28 - INFO - Epoch:22/50 Loss is :0.0322
2025-07-08 15:00:15 - INFO - epoch:23/50 iteration:0/459 batch loss is :0.3634
2025-07-08 15:00:39 - INFO - epoch:23/50 iteration:5/459 batch loss is :0.2356
2025-07-08 15:01:01 - INFO - epoch:23/50 iteration:10/459 batch loss is :0.0734
2025-07-08 15:01:23 - INFO - epoch:23/50 iteration:15/459 batch loss is :0.1395
2025-07-08 15:01:45 - INFO - epoch:23/50 iteration:20/459 batch loss is :0.1216
2025-07-08 15:02:04 - INFO - epoch:23/50 iteration:25/459 batch loss is :0.0413
2025-07-08 15:02:24 - INFO - epoch:23/50 iteration:30/459 batch loss is :0.0869
2025-07-08 15:02:44 - INFO - epoch:23/50 iteration:35/459 batch loss is :0.0638
2025-07-08 15:03:04 - INFO - epoch:23/50 iteration:40/459 batch loss is :0.1105
2025-07-08 15:03:24 - INFO - epoch:23/50 iteration:45/459 batch loss is :0.1236
2025-07-08 15:03:43 - INFO - epoch:23/50 iteration:50/459 batch loss is :0.0763
2025-07-08 15:04:02 - INFO - epoch:23/50 iteration:55/459 batch loss is :0.1316
2025-07-08 15:04:21 - INFO - epoch:23/50 iteration:60/459 batch loss is :0.0677
2025-07-08 15:04:38 - INFO - epoch:23/50 iteration:65/459 batch loss is :0.0420
2025-07-08 15:04:57 - INFO - epoch:23/50 iteration:70/459 batch loss is :0.0401
2025-07-08 15:05:27 - INFO - epoch:23/50 iteration:75/459 batch loss is :0.0322
2025-07-08 15:06:00 - INFO - epoch:23/50 iteration:80/459 batch loss is :0.0128
2025-07-08 15:06:15 - INFO - Epoch:23/50 Loss is :0.0250
2025-07-08 15:06:55 - INFO - epoch:24/50 iteration:0/459 batch loss is :0.4555
2025-07-08 15:07:20 - INFO - epoch:24/50 iteration:5/459 batch loss is :0.1481
2025-07-08 15:07:42 - INFO - epoch:24/50 iteration:10/459 batch loss is :0.0818
2025-07-08 15:08:05 - INFO - epoch:24/50 iteration:15/459 batch loss is :0.0171
2025-07-08 15:08:27 - INFO - epoch:24/50 iteration:20/459 batch loss is :0.0838
2025-07-08 15:08:48 - INFO - epoch:24/50 iteration:25/459 batch loss is :0.1424
2025-07-08 15:09:08 - INFO - epoch:24/50 iteration:30/459 batch loss is :0.2000
2025-07-08 15:09:27 - INFO - epoch:24/50 iteration:35/459 batch loss is :0.2033
2025-07-08 15:09:47 - INFO - epoch:24/50 iteration:40/459 batch loss is :0.5007
2025-07-08 15:10:08 - INFO - epoch:24/50 iteration:45/459 batch loss is :0.0149
2025-07-08 15:10:28 - INFO - epoch:24/50 iteration:50/459 batch loss is :0.0406
2025-07-08 15:10:47 - INFO - epoch:24/50 iteration:55/459 batch loss is :0.0143
2025-07-08 15:11:06 - INFO - epoch:24/50 iteration:60/459 batch loss is :0.0380
2025-07-08 15:11:24 - INFO - epoch:24/50 iteration:65/459 batch loss is :0.0325
2025-07-08 15:11:42 - INFO - epoch:24/50 iteration:70/459 batch loss is :0.3149
2025-07-08 15:12:00 - INFO - epoch:24/50 iteration:75/459 batch loss is :0.3355
2025-07-08 15:12:18 - INFO - epoch:24/50 iteration:80/459 batch loss is :0.0228
2025-07-08 15:12:29 - INFO - Epoch:24/50 Loss is :0.0271
2025-07-08 15:13:15 - INFO - epoch:25/50 iteration:0/459 batch loss is :0.0935
2025-07-08 15:13:39 - INFO - epoch:25/50 iteration:5/459 batch loss is :0.0329
2025-07-08 15:14:03 - INFO - epoch:25/50 iteration:10/459 batch loss is :0.1194
2025-07-08 15:14:26 - INFO - epoch:25/50 iteration:15/459 batch loss is :0.1036
2025-07-08 15:14:49 - INFO - epoch:25/50 iteration:20/459 batch loss is :0.1546
2025-07-08 15:15:10 - INFO - epoch:25/50 iteration:25/459 batch loss is :0.0530
2025-07-08 15:15:33 - INFO - epoch:25/50 iteration:30/459 batch loss is :0.4190
2025-07-08 15:15:54 - INFO - epoch:25/50 iteration:35/459 batch loss is :0.2826
2025-07-08 15:16:14 - INFO - epoch:25/50 iteration:40/459 batch loss is :0.1224
2025-07-08 15:16:36 - INFO - epoch:25/50 iteration:45/459 batch loss is :0.0600
2025-07-08 15:16:57 - INFO - epoch:25/50 iteration:50/459 batch loss is :0.0145
2025-07-08 15:17:17 - INFO - epoch:25/50 iteration:55/459 batch loss is :0.0664
2025-07-08 15:17:36 - INFO - epoch:25/50 iteration:60/459 batch loss is :0.1602
2025-07-08 15:17:54 - INFO - epoch:25/50 iteration:65/459 batch loss is :0.1906
2025-07-08 15:18:12 - INFO - epoch:25/50 iteration:70/459 batch loss is :0.0858
2025-07-08 15:18:30 - INFO - epoch:25/50 iteration:75/459 batch loss is :0.1520
2025-07-08 15:18:49 - INFO - epoch:25/50 iteration:80/459 batch loss is :0.1322
2025-07-08 15:18:59 - INFO - Epoch:25/50 Loss is :0.0281
2025-07-08 15:19:37 - INFO - epoch:26/50 iteration:0/459 batch loss is :0.1463
2025-07-08 15:20:06 - INFO - epoch:26/50 iteration:5/459 batch loss is :0.0141
2025-07-08 15:20:29 - INFO - epoch:26/50 iteration:10/459 batch loss is :0.0793
2025-07-08 15:20:50 - INFO - epoch:26/50 iteration:15/459 batch loss is :0.0326
2025-07-08 15:21:12 - INFO - epoch:26/50 iteration:20/459 batch loss is :0.5765
2025-07-08 15:21:32 - INFO - epoch:26/50 iteration:25/459 batch loss is :0.0291
2025-07-08 15:21:53 - INFO - epoch:26/50 iteration:30/459 batch loss is :0.0267
2025-07-08 15:22:13 - INFO - epoch:26/50 iteration:35/459 batch loss is :0.1139
2025-07-08 15:22:33 - INFO - epoch:26/50 iteration:40/459 batch loss is :0.2222
2025-07-08 15:22:53 - INFO - epoch:26/50 iteration:45/459 batch loss is :0.0458
2025-07-08 15:23:13 - INFO - epoch:26/50 iteration:50/459 batch loss is :0.4330
2025-07-08 15:23:33 - INFO - epoch:26/50 iteration:55/459 batch loss is :0.2158
2025-07-08 15:23:51 - INFO - epoch:26/50 iteration:60/459 batch loss is :0.0287
2025-07-08 15:24:09 - INFO - epoch:26/50 iteration:65/459 batch loss is :0.0992
2025-07-08 15:24:27 - INFO - epoch:26/50 iteration:70/459 batch loss is :0.0423
2025-07-08 15:24:45 - INFO - epoch:26/50 iteration:75/459 batch loss is :0.8015
2025-07-08 15:25:04 - INFO - epoch:26/50 iteration:80/459 batch loss is :0.1305
2025-07-08 15:25:14 - INFO - Epoch:26/50 Loss is :0.0276
2025-07-08 15:26:00 - INFO - epoch:27/50 iteration:0/459 batch loss is :0.0190
2025-07-08 15:26:23 - INFO - epoch:27/50 iteration:5/459 batch loss is :0.1727
2025-07-08 15:26:44 - INFO - epoch:27/50 iteration:10/459 batch loss is :0.2008
2025-07-08 15:27:06 - INFO - epoch:27/50 iteration:15/459 batch loss is :0.1851
2025-07-08 15:27:28 - INFO - epoch:27/50 iteration:20/459 batch loss is :0.3706
2025-07-08 15:27:48 - INFO - epoch:27/50 iteration:25/459 batch loss is :0.1068
2025-07-08 15:28:09 - INFO - epoch:27/50 iteration:30/459 batch loss is :0.0878
2025-07-08 15:28:30 - INFO - epoch:27/50 iteration:35/459 batch loss is :0.0533
2025-07-08 15:28:51 - INFO - epoch:27/50 iteration:40/459 batch loss is :0.0507
2025-07-08 15:29:12 - INFO - epoch:27/50 iteration:45/459 batch loss is :0.0528
2025-07-08 15:29:32 - INFO - epoch:27/50 iteration:50/459 batch loss is :0.0737
2025-07-08 15:29:52 - INFO - epoch:27/50 iteration:55/459 batch loss is :0.0062
2025-07-08 15:30:11 - INFO - epoch:27/50 iteration:60/459 batch loss is :0.0186
2025-07-08 15:30:29 - INFO - epoch:27/50 iteration:65/459 batch loss is :0.1926
2025-07-08 15:30:47 - INFO - epoch:27/50 iteration:70/459 batch loss is :0.2497
2025-07-08 15:31:16 - INFO - epoch:27/50 iteration:75/459 batch loss is :0.1419
2025-07-08 15:31:34 - INFO - epoch:27/50 iteration:80/459 batch loss is :0.0473
2025-07-08 15:31:44 - INFO - Epoch:27/50 Loss is :0.0303
2025-07-08 15:32:34 - INFO - epoch:28/50 iteration:0/459 batch loss is :0.2050
2025-07-08 15:33:06 - INFO - epoch:28/50 iteration:5/459 batch loss is :0.1976
2025-07-08 15:33:37 - INFO - epoch:28/50 iteration:10/459 batch loss is :0.2141
2025-07-08 15:34:02 - INFO - epoch:28/50 iteration:15/459 batch loss is :0.8411
2025-07-08 15:34:22 - INFO - epoch:28/50 iteration:20/459 batch loss is :0.0705
2025-07-08 15:34:42 - INFO - epoch:28/50 iteration:25/459 batch loss is :0.0664
2025-07-08 15:35:03 - INFO - epoch:28/50 iteration:30/459 batch loss is :0.3793
2025-07-08 15:35:23 - INFO - epoch:28/50 iteration:35/459 batch loss is :0.0851
2025-07-08 15:35:44 - INFO - epoch:28/50 iteration:40/459 batch loss is :0.0659
2025-07-08 15:36:04 - INFO - epoch:28/50 iteration:45/459 batch loss is :0.0417
2025-07-08 15:36:24 - INFO - epoch:28/50 iteration:50/459 batch loss is :0.1805
2025-07-08 15:36:45 - INFO - epoch:28/50 iteration:55/459 batch loss is :0.0966
2025-07-08 15:37:04 - INFO - epoch:28/50 iteration:60/459 batch loss is :0.0708
2025-07-08 15:37:21 - INFO - epoch:28/50 iteration:65/459 batch loss is :0.2767
2025-07-08 15:37:40 - INFO - epoch:28/50 iteration:70/459 batch loss is :0.0862
2025-07-08 15:37:58 - INFO - epoch:28/50 iteration:75/459 batch loss is :0.0369
2025-07-08 15:38:16 - INFO - epoch:28/50 iteration:80/459 batch loss is :0.2199
2025-07-08 15:38:26 - INFO - Epoch:28/50 Loss is :0.0293
2025-07-08 15:39:09 - INFO - epoch:29/50 iteration:0/459 batch loss is :0.1254
2025-07-08 15:39:32 - INFO - epoch:29/50 iteration:5/459 batch loss is :0.0294
2025-07-08 15:39:55 - INFO - epoch:29/50 iteration:10/459 batch loss is :0.0273
2025-07-08 15:40:18 - INFO - epoch:29/50 iteration:15/459 batch loss is :0.1070
2025-07-08 15:40:39 - INFO - epoch:29/50 iteration:20/459 batch loss is :0.0464
2025-07-08 15:40:59 - INFO - epoch:29/50 iteration:25/459 batch loss is :0.0925
2025-07-08 15:41:19 - INFO - epoch:29/50 iteration:30/459 batch loss is :0.0310
2025-07-08 15:41:39 - INFO - epoch:29/50 iteration:35/459 batch loss is :0.1095
2025-07-08 15:41:59 - INFO - epoch:29/50 iteration:40/459 batch loss is :0.0258
2025-07-08 15:42:19 - INFO - epoch:29/50 iteration:45/459 batch loss is :0.0975
2025-07-08 15:42:39 - INFO - epoch:29/50 iteration:50/459 batch loss is :0.0676
2025-07-08 15:42:59 - INFO - epoch:29/50 iteration:55/459 batch loss is :0.1558
2025-07-08 15:43:18 - INFO - epoch:29/50 iteration:60/459 batch loss is :0.0566
2025-07-08 15:43:36 - INFO - epoch:29/50 iteration:65/459 batch loss is :0.0181
2025-07-08 15:43:54 - INFO - epoch:29/50 iteration:70/459 batch loss is :0.0209
2025-07-08 15:44:12 - INFO - epoch:29/50 iteration:75/459 batch loss is :0.2106
2025-07-08 15:44:30 - INFO - epoch:29/50 iteration:80/459 batch loss is :0.2529
2025-07-08 15:44:41 - INFO - Epoch:29/50 Loss is :0.0277
2025-07-08 15:45:23 - INFO - epoch:30/50 iteration:0/459 batch loss is :0.0676
2025-07-08 15:45:45 - INFO - epoch:30/50 iteration:5/459 batch loss is :0.0847
2025-07-08 15:46:07 - INFO - epoch:30/50 iteration:10/459 batch loss is :0.0312
2025-07-08 15:46:29 - INFO - epoch:30/50 iteration:15/459 batch loss is :0.0347
2025-07-08 15:46:51 - INFO - epoch:30/50 iteration:20/459 batch loss is :0.0255
2025-07-08 15:47:13 - INFO - epoch:30/50 iteration:25/459 batch loss is :0.0260
2025-07-08 15:47:35 - INFO - epoch:30/50 iteration:30/459 batch loss is :0.2429
2025-07-08 15:47:56 - INFO - epoch:30/50 iteration:35/459 batch loss is :0.0875
2025-07-08 15:48:16 - INFO - epoch:30/50 iteration:40/459 batch loss is :0.3932
2025-07-08 15:48:37 - INFO - epoch:30/50 iteration:45/459 batch loss is :2.0795
2025-07-08 15:48:57 - INFO - epoch:30/50 iteration:50/459 batch loss is :0.2176
2025-07-08 15:49:17 - INFO - epoch:30/50 iteration:55/459 batch loss is :0.0360
2025-07-08 15:49:35 - INFO - epoch:30/50 iteration:60/459 batch loss is :0.0310
2025-07-08 15:49:53 - INFO - epoch:30/50 iteration:65/459 batch loss is :0.0538
2025-07-08 15:50:11 - INFO - epoch:30/50 iteration:70/459 batch loss is :0.1686
2025-07-08 15:50:29 - INFO - epoch:30/50 iteration:75/459 batch loss is :0.0706
2025-07-08 15:50:47 - INFO - epoch:30/50 iteration:80/459 batch loss is :0.0680
2025-07-08 15:50:58 - INFO - Epoch:30/50 Loss is :0.0291
2025-07-08 15:51:37 - INFO - epoch:31/50 iteration:0/459 batch loss is :0.0327
2025-07-08 15:51:58 - INFO - epoch:31/50 iteration:5/459 batch loss is :0.0575
2025-07-08 15:52:22 - INFO - epoch:31/50 iteration:10/459 batch loss is :0.6154
2025-07-08 15:52:44 - INFO - epoch:31/50 iteration:15/459 batch loss is :0.2699
2025-07-08 15:53:06 - INFO - epoch:31/50 iteration:20/459 batch loss is :0.0673
2025-07-08 15:53:27 - INFO - epoch:31/50 iteration:25/459 batch loss is :1.1525
2025-07-08 15:53:48 - INFO - epoch:31/50 iteration:30/459 batch loss is :0.2714
2025-07-08 15:54:07 - INFO - epoch:31/50 iteration:35/459 batch loss is :0.0445
2025-07-08 15:54:27 - INFO - epoch:31/50 iteration:40/459 batch loss is :0.1371
2025-07-08 15:54:47 - INFO - epoch:31/50 iteration:45/459 batch loss is :0.0779
2025-07-08 15:55:06 - INFO - epoch:31/50 iteration:50/459 batch loss is :0.0285
2025-07-08 15:55:26 - INFO - epoch:31/50 iteration:55/459 batch loss is :0.1285
2025-07-08 15:55:44 - INFO - epoch:31/50 iteration:60/459 batch loss is :0.1255
2025-07-08 15:56:02 - INFO - epoch:31/50 iteration:65/459 batch loss is :0.3320
2025-07-08 15:56:20 - INFO - epoch:31/50 iteration:70/459 batch loss is :0.0975
2025-07-08 15:56:38 - INFO - epoch:31/50 iteration:75/459 batch loss is :0.0817
2025-07-08 15:56:56 - INFO - epoch:31/50 iteration:80/459 batch loss is :0.0427
2025-07-08 15:57:07 - INFO - Epoch:31/50 Loss is :0.0269
2025-07-08 15:57:53 - INFO - epoch:32/50 iteration:0/459 batch loss is :0.3077
2025-07-08 15:58:15 - INFO - epoch:32/50 iteration:5/459 batch loss is :0.2135
2025-07-08 15:58:38 - INFO - epoch:32/50 iteration:10/459 batch loss is :0.1038
2025-07-08 15:59:00 - INFO - epoch:32/50 iteration:15/459 batch loss is :0.1034
2025-07-08 15:59:22 - INFO - epoch:32/50 iteration:20/459 batch loss is :0.0872
2025-07-08 15:59:43 - INFO - epoch:32/50 iteration:25/459 batch loss is :0.0383
2025-07-08 16:00:06 - INFO - epoch:32/50 iteration:30/459 batch loss is :0.0754
2025-07-08 16:00:27 - INFO - epoch:32/50 iteration:35/459 batch loss is :0.0337
2025-07-08 16:00:47 - INFO - epoch:32/50 iteration:40/459 batch loss is :0.0753
2025-07-08 16:01:08 - INFO - epoch:32/50 iteration:45/459 batch loss is :0.1838
2025-07-08 16:01:28 - INFO - epoch:32/50 iteration:50/459 batch loss is :0.1702
2025-07-08 16:01:48 - INFO - epoch:32/50 iteration:55/459 batch loss is :0.1208
2025-07-08 16:02:07 - INFO - epoch:32/50 iteration:60/459 batch loss is :0.0683
2025-07-08 16:02:25 - INFO - epoch:32/50 iteration:65/459 batch loss is :0.5208
2025-07-08 16:02:43 - INFO - epoch:32/50 iteration:70/459 batch loss is :0.0615
2025-07-08 16:03:01 - INFO - epoch:32/50 iteration:75/459 batch loss is :0.0270
2025-07-08 16:03:19 - INFO - epoch:32/50 iteration:80/459 batch loss is :0.3764
2025-07-08 16:03:29 - INFO - Epoch:32/50 Loss is :0.0231
2025-07-08 16:04:16 - INFO - epoch:33/50 iteration:0/459 batch loss is :0.0666
2025-07-08 16:04:38 - INFO - epoch:33/50 iteration:5/459 batch loss is :0.0295
2025-07-08 16:05:01 - INFO - epoch:33/50 iteration:10/459 batch loss is :0.1082
2025-07-08 16:05:25 - INFO - epoch:33/50 iteration:15/459 batch loss is :0.3620
2025-07-08 16:05:47 - INFO - epoch:33/50 iteration:20/459 batch loss is :0.0885
2025-07-08 16:06:08 - INFO - epoch:33/50 iteration:25/459 batch loss is :0.1419
2025-07-08 16:06:30 - INFO - epoch:33/50 iteration:30/459 batch loss is :0.0592
2025-07-08 16:06:50 - INFO - epoch:33/50 iteration:35/459 batch loss is :0.2005
2025-07-08 16:07:11 - INFO - epoch:33/50 iteration:40/459 batch loss is :0.1457
2025-07-08 16:07:30 - INFO - epoch:33/50 iteration:45/459 batch loss is :0.0167
2025-07-08 16:07:51 - INFO - epoch:33/50 iteration:50/459 batch loss is :0.0811
2025-07-08 16:08:10 - INFO - epoch:33/50 iteration:55/459 batch loss is :0.1057
2025-07-08 16:08:29 - INFO - epoch:33/50 iteration:60/459 batch loss is :0.1982
2025-07-08 16:08:47 - INFO - epoch:33/50 iteration:65/459 batch loss is :0.0632
2025-07-08 16:09:05 - INFO - epoch:33/50 iteration:70/459 batch loss is :0.1610
2025-07-08 16:09:23 - INFO - epoch:33/50 iteration:75/459 batch loss is :0.1243
2025-07-08 16:09:41 - INFO - epoch:33/50 iteration:80/459 batch loss is :0.0743
2025-07-08 16:09:52 - INFO - Epoch:33/50 Loss is :0.0281
2025-07-08 16:10:39 - INFO - epoch:34/50 iteration:0/459 batch loss is :0.0169
2025-07-08 16:11:01 - INFO - epoch:34/50 iteration:5/459 batch loss is :0.0880
2025-07-08 16:11:23 - INFO - epoch:34/50 iteration:10/459 batch loss is :0.0469
2025-07-08 16:11:45 - INFO - epoch:34/50 iteration:15/459 batch loss is :0.1672
2025-07-08 16:12:07 - INFO - epoch:34/50 iteration:20/459 batch loss is :0.2272
2025-07-08 16:12:28 - INFO - epoch:34/50 iteration:25/459 batch loss is :0.1061
2025-07-08 16:12:49 - INFO - epoch:34/50 iteration:30/459 batch loss is :0.4008
2025-07-08 16:13:10 - INFO - epoch:34/50 iteration:35/459 batch loss is :0.2393
2025-07-08 16:13:30 - INFO - epoch:34/50 iteration:40/459 batch loss is :0.2365
2025-07-08 16:13:51 - INFO - epoch:34/50 iteration:45/459 batch loss is :0.1360
2025-07-08 16:14:11 - INFO - epoch:34/50 iteration:50/459 batch loss is :0.1032
2025-07-08 16:14:32 - INFO - epoch:34/50 iteration:55/459 batch loss is :0.1238
2025-07-08 16:14:50 - INFO - epoch:34/50 iteration:60/459 batch loss is :0.2937
2025-07-08 16:15:08 - INFO - epoch:34/50 iteration:65/459 batch loss is :0.5058
2025-07-08 16:15:26 - INFO - epoch:34/50 iteration:70/459 batch loss is :0.0706
2025-07-08 16:15:44 - INFO - epoch:34/50 iteration:75/459 batch loss is :0.1406
2025-07-08 16:16:02 - INFO - epoch:34/50 iteration:80/459 batch loss is :0.0991
2025-07-08 16:16:13 - INFO - Epoch:34/50 Loss is :0.0282
2025-07-08 16:16:57 - INFO - epoch:35/50 iteration:0/459 batch loss is :0.1117
2025-07-08 16:17:19 - INFO - epoch:35/50 iteration:5/459 batch loss is :0.0685
2025-07-08 16:17:41 - INFO - epoch:35/50 iteration:10/459 batch loss is :0.2060
2025-07-08 16:18:02 - INFO - epoch:35/50 iteration:15/459 batch loss is :0.2128
2025-07-08 16:18:25 - INFO - epoch:35/50 iteration:20/459 batch loss is :0.0913
2025-07-08 16:18:45 - INFO - epoch:35/50 iteration:25/459 batch loss is :0.1748
2025-07-08 16:19:06 - INFO - epoch:35/50 iteration:30/459 batch loss is :0.2263
2025-07-08 16:19:26 - INFO - epoch:35/50 iteration:35/459 batch loss is :0.1178
2025-07-08 16:19:47 - INFO - epoch:35/50 iteration:40/459 batch loss is :0.2296
2025-07-08 16:20:07 - INFO - epoch:35/50 iteration:45/459 batch loss is :0.2789
2025-07-08 16:20:27 - INFO - epoch:35/50 iteration:50/459 batch loss is :0.0183
2025-07-08 16:20:47 - INFO - epoch:35/50 iteration:55/459 batch loss is :0.0777
2025-07-08 16:21:05 - INFO - epoch:35/50 iteration:60/459 batch loss is :0.0837
2025-07-08 16:21:23 - INFO - epoch:35/50 iteration:65/459 batch loss is :0.0652
2025-07-08 16:21:41 - INFO - epoch:35/50 iteration:70/459 batch loss is :0.3048
2025-07-08 16:21:59 - INFO - epoch:35/50 iteration:75/459 batch loss is :0.2277
2025-07-08 16:22:17 - INFO - epoch:35/50 iteration:80/459 batch loss is :0.2433
2025-07-08 16:22:27 - INFO - Epoch:35/50 Loss is :0.0287
2025-07-08 16:23:12 - INFO - epoch:36/50 iteration:0/459 batch loss is :0.1614
2025-07-08 16:23:35 - INFO - epoch:36/50 iteration:5/459 batch loss is :0.0466
2025-07-08 16:23:57 - INFO - epoch:36/50 iteration:10/459 batch loss is :0.0849
2025-07-08 16:24:19 - INFO - epoch:36/50 iteration:15/459 batch loss is :0.1667
2025-07-08 16:24:40 - INFO - epoch:36/50 iteration:20/459 batch loss is :0.1316
2025-07-08 16:25:00 - INFO - epoch:36/50 iteration:25/459 batch loss is :0.0810
2025-07-08 16:25:21 - INFO - epoch:36/50 iteration:30/459 batch loss is :0.3186
2025-07-08 16:25:41 - INFO - epoch:36/50 iteration:35/459 batch loss is :0.2207
2025-07-08 16:26:01 - INFO - epoch:36/50 iteration:40/459 batch loss is :0.0589
2025-07-08 16:26:20 - INFO - epoch:36/50 iteration:45/459 batch loss is :0.0496
2025-07-08 16:26:41 - INFO - epoch:36/50 iteration:50/459 batch loss is :0.0118
2025-07-08 16:27:00 - INFO - epoch:36/50 iteration:55/459 batch loss is :0.0754
2025-07-08 16:27:29 - INFO - epoch:36/50 iteration:60/459 batch loss is :0.1468
2025-07-08 16:28:03 - INFO - epoch:36/50 iteration:65/459 batch loss is :0.3856
2025-07-08 16:28:26 - INFO - epoch:36/50 iteration:70/459 batch loss is :0.0762
2025-07-08 16:28:44 - INFO - epoch:36/50 iteration:75/459 batch loss is :0.1571
2025-07-08 16:29:02 - INFO - epoch:36/50 iteration:80/459 batch loss is :0.1049
2025-07-08 16:29:12 - INFO - Epoch:36/50 Loss is :0.0266
2025-07-08 16:29:59 - INFO - epoch:37/50 iteration:0/459 batch loss is :0.2090
2025-07-08 16:30:22 - INFO - epoch:37/50 iteration:5/459 batch loss is :0.2160
2025-07-08 16:30:45 - INFO - epoch:37/50 iteration:10/459 batch loss is :0.1811
2025-07-08 16:31:07 - INFO - epoch:37/50 iteration:15/459 batch loss is :0.0450
2025-07-08 16:31:29 - INFO - epoch:37/50 iteration:20/459 batch loss is :0.1350
2025-07-08 16:31:55 - INFO - epoch:37/50 iteration:25/459 batch loss is :0.3150
2025-07-08 16:32:27 - INFO - epoch:37/50 iteration:30/459 batch loss is :0.0254
2025-07-08 16:32:57 - INFO - epoch:37/50 iteration:35/459 batch loss is :0.1484
2025-07-08 16:33:26 - INFO - epoch:37/50 iteration:40/459 batch loss is :0.0919
2025-07-08 16:33:46 - INFO - epoch:37/50 iteration:45/459 batch loss is :0.0408
2025-07-08 16:34:05 - INFO - epoch:37/50 iteration:50/459 batch loss is :0.1000
2025-07-08 16:34:25 - INFO - epoch:37/50 iteration:55/459 batch loss is :0.0181
2025-07-08 16:34:43 - INFO - epoch:37/50 iteration:60/459 batch loss is :0.4553
2025-07-08 16:35:02 - INFO - epoch:37/50 iteration:65/459 batch loss is :0.4913
2025-07-08 16:35:20 - INFO - epoch:37/50 iteration:70/459 batch loss is :0.3221
2025-07-08 16:35:38 - INFO - epoch:37/50 iteration:75/459 batch loss is :0.1914
2025-07-08 16:35:56 - INFO - epoch:37/50 iteration:80/459 batch loss is :0.1701
2025-07-08 16:36:09 - INFO - Epoch:37/50 Loss is :0.0290
2025-07-08 16:37:04 - INFO - epoch:38/50 iteration:0/459 batch loss is :0.1362
2025-07-08 16:37:30 - INFO - epoch:38/50 iteration:5/459 batch loss is :0.1708
2025-07-08 16:37:56 - INFO - epoch:38/50 iteration:10/459 batch loss is :0.0146
2025-07-08 16:38:22 - INFO - epoch:38/50 iteration:15/459 batch loss is :0.1548
2025-07-08 16:38:45 - INFO - epoch:38/50 iteration:20/459 batch loss is :0.1778
2025-07-08 16:39:06 - INFO - epoch:38/50 iteration:25/459 batch loss is :0.1269
2025-07-08 16:39:27 - INFO - epoch:38/50 iteration:30/459 batch loss is :1.4633
2025-07-08 16:39:47 - INFO - epoch:38/50 iteration:35/459 batch loss is :0.2094
2025-07-08 16:40:08 - INFO - epoch:38/50 iteration:40/459 batch loss is :0.3100
2025-07-08 16:40:28 - INFO - epoch:38/50 iteration:45/459 batch loss is :0.0724
2025-07-08 16:40:47 - INFO - epoch:38/50 iteration:50/459 batch loss is :0.0795
2025-07-08 16:41:07 - INFO - epoch:38/50 iteration:55/459 batch loss is :0.0235
2025-07-08 16:41:26 - INFO - epoch:38/50 iteration:60/459 batch loss is :0.1360
2025-07-08 16:41:44 - INFO - epoch:38/50 iteration:65/459 batch loss is :0.0692
2025-07-08 16:42:02 - INFO - epoch:38/50 iteration:70/459 batch loss is :0.2569
2025-07-08 16:42:20 - INFO - epoch:38/50 iteration:75/459 batch loss is :0.2530
2025-07-08 16:42:38 - INFO - epoch:38/50 iteration:80/459 batch loss is :0.0688
2025-07-08 16:42:49 - INFO - Epoch:38/50 Loss is :0.0280
2025-07-08 16:43:35 - INFO - epoch:39/50 iteration:0/459 batch loss is :0.0366
2025-07-08 16:43:58 - INFO - epoch:39/50 iteration:5/459 batch loss is :0.5407
2025-07-08 16:44:19 - INFO - epoch:39/50 iteration:10/459 batch loss is :0.0451
2025-07-08 16:44:42 - INFO - epoch:39/50 iteration:15/459 batch loss is :0.0550
2025-07-08 16:45:04 - INFO - epoch:39/50 iteration:20/459 batch loss is :0.0844
2025-07-08 16:45:28 - INFO - epoch:39/50 iteration:25/459 batch loss is :0.2318
2025-07-08 16:45:49 - INFO - epoch:39/50 iteration:30/459 batch loss is :0.1572
2025-07-08 16:46:11 - INFO - epoch:39/50 iteration:35/459 batch loss is :0.1570
2025-07-08 16:46:31 - INFO - epoch:39/50 iteration:40/459 batch loss is :0.1710
2025-07-08 16:46:54 - INFO - epoch:39/50 iteration:45/459 batch loss is :0.1098
2025-07-08 16:47:14 - INFO - epoch:39/50 iteration:50/459 batch loss is :0.2027
2025-07-08 16:47:35 - INFO - epoch:39/50 iteration:55/459 batch loss is :0.2153
2025-07-08 16:47:53 - INFO - epoch:39/50 iteration:60/459 batch loss is :0.1004
2025-07-08 16:48:11 - INFO - epoch:39/50 iteration:65/459 batch loss is :0.0299
2025-07-08 16:48:30 - INFO - epoch:39/50 iteration:70/459 batch loss is :0.1951
2025-07-08 16:48:48 - INFO - epoch:39/50 iteration:75/459 batch loss is :0.1332
2025-07-08 16:49:06 - INFO - epoch:39/50 iteration:80/459 batch loss is :0.0324
2025-07-08 16:49:16 - INFO - Epoch:39/50 Loss is :0.0262
2025-07-08 16:49:54 - INFO - epoch:40/50 iteration:0/459 batch loss is :0.1996
2025-07-08 16:50:21 - INFO - epoch:40/50 iteration:5/459 batch loss is :0.0581
2025-07-08 16:50:44 - INFO - epoch:40/50 iteration:10/459 batch loss is :0.0716
2025-07-08 16:51:07 - INFO - epoch:40/50 iteration:15/459 batch loss is :0.4178
2025-07-08 16:51:29 - INFO - epoch:40/50 iteration:20/459 batch loss is :0.1372
2025-07-08 16:51:49 - INFO - epoch:40/50 iteration:25/459 batch loss is :0.0585
2025-07-08 16:52:10 - INFO - epoch:40/50 iteration:30/459 batch loss is :0.0446
2025-07-08 16:52:31 - INFO - epoch:40/50 iteration:35/459 batch loss is :0.1270
2025-07-08 16:52:51 - INFO - epoch:40/50 iteration:40/459 batch loss is :0.0147
2025-07-08 16:53:11 - INFO - epoch:40/50 iteration:45/459 batch loss is :0.0205
2025-07-08 16:53:31 - INFO - epoch:40/50 iteration:50/459 batch loss is :0.1970
2025-07-08 16:53:51 - INFO - epoch:40/50 iteration:55/459 batch loss is :0.2968
2025-07-08 16:54:10 - INFO - epoch:40/50 iteration:60/459 batch loss is :0.0963
2025-07-08 16:54:27 - INFO - epoch:40/50 iteration:65/459 batch loss is :0.0179
2025-07-08 16:54:46 - INFO - epoch:40/50 iteration:70/459 batch loss is :0.0402
2025-07-08 16:55:03 - INFO - epoch:40/50 iteration:75/459 batch loss is :0.0126
2025-07-08 16:55:22 - INFO - epoch:40/50 iteration:80/459 batch loss is :0.0196
2025-07-08 16:55:32 - INFO - Epoch:40/50 Loss is :0.0304
2025-07-08 17:03:54 - INFO - VAL loss :0.1738
2025-07-08 17:04:39 - INFO - epoch:41/50 iteration:0/459 batch loss is :0.1315
2025-07-08 17:05:00 - INFO - epoch:41/50 iteration:5/459 batch loss is :0.0249
2025-07-08 17:05:21 - INFO - epoch:41/50 iteration:10/459 batch loss is :0.3338
2025-07-08 17:05:43 - INFO - epoch:41/50 iteration:15/459 batch loss is :0.1019
2025-07-08 17:06:04 - INFO - epoch:41/50 iteration:20/459 batch loss is :0.2286
2025-07-08 17:06:26 - INFO - epoch:41/50 iteration:25/459 batch loss is :0.1811
2025-07-08 17:06:47 - INFO - epoch:41/50 iteration:30/459 batch loss is :0.0171
2025-07-08 17:07:08 - INFO - epoch:41/50 iteration:35/459 batch loss is :0.0623
2025-07-08 17:07:29 - INFO - epoch:41/50 iteration:40/459 batch loss is :0.0422
2025-07-08 17:07:49 - INFO - epoch:41/50 iteration:45/459 batch loss is :0.1176
2025-07-08 17:08:09 - INFO - epoch:41/50 iteration:50/459 batch loss is :0.1223
2025-07-08 17:08:28 - INFO - epoch:41/50 iteration:55/459 batch loss is :0.0412
2025-07-08 17:08:47 - INFO - epoch:41/50 iteration:60/459 batch loss is :0.0470
2025-07-08 17:09:05 - INFO - epoch:41/50 iteration:65/459 batch loss is :0.0431
2025-07-08 17:09:23 - INFO - epoch:41/50 iteration:70/459 batch loss is :1.3663
2025-07-08 17:09:41 - INFO - epoch:41/50 iteration:75/459 batch loss is :0.0262
2025-07-08 17:09:59 - INFO - epoch:41/50 iteration:80/459 batch loss is :0.1116
2025-07-08 17:10:09 - INFO - Epoch:41/50 Loss is :0.0299
2025-07-08 17:10:53 - INFO - epoch:42/50 iteration:0/459 batch loss is :0.4361
2025-07-08 17:11:16 - INFO - epoch:42/50 iteration:5/459 batch loss is :0.0517
2025-07-08 17:11:36 - INFO - epoch:42/50 iteration:10/459 batch loss is :0.0977
2025-07-08 17:11:58 - INFO - epoch:42/50 iteration:15/459 batch loss is :0.0104
2025-07-08 17:12:18 - INFO - epoch:42/50 iteration:20/459 batch loss is :0.0511
2025-07-08 17:12:38 - INFO - epoch:42/50 iteration:25/459 batch loss is :0.1789
2025-07-08 17:12:58 - INFO - epoch:42/50 iteration:30/459 batch loss is :0.0194
2025-07-08 17:13:18 - INFO - epoch:42/50 iteration:35/459 batch loss is :0.1201
2025-07-08 17:13:38 - INFO - epoch:42/50 iteration:40/459 batch loss is :0.0876
2025-07-08 17:13:58 - INFO - epoch:42/50 iteration:45/459 batch loss is :0.0310
2025-07-08 17:14:18 - INFO - epoch:42/50 iteration:50/459 batch loss is :0.1487
2025-07-08 17:14:38 - INFO - epoch:42/50 iteration:55/459 batch loss is :0.0916
2025-07-08 17:14:57 - INFO - epoch:42/50 iteration:60/459 batch loss is :0.0418
2025-07-08 17:15:15 - INFO - epoch:42/50 iteration:65/459 batch loss is :0.2688
2025-07-08 17:15:33 - INFO - epoch:42/50 iteration:70/459 batch loss is :0.2284
2025-07-08 17:15:51 - INFO - epoch:42/50 iteration:75/459 batch loss is :0.3076
2025-07-08 17:16:09 - INFO - epoch:42/50 iteration:80/459 batch loss is :0.0541
2025-07-08 17:16:20 - INFO - Epoch:42/50 Loss is :0.0277
2025-07-08 17:17:03 - INFO - epoch:43/50 iteration:0/459 batch loss is :0.3629
2025-07-08 17:17:25 - INFO - epoch:43/50 iteration:5/459 batch loss is :0.1057
2025-07-08 17:17:46 - INFO - epoch:43/50 iteration:10/459 batch loss is :0.0512
2025-07-08 17:18:07 - INFO - epoch:43/50 iteration:15/459 batch loss is :0.3213
2025-07-08 17:18:28 - INFO - epoch:43/50 iteration:20/459 batch loss is :0.3922
2025-07-08 17:18:48 - INFO - epoch:43/50 iteration:25/459 batch loss is :0.0923
2025-07-08 17:19:09 - INFO - epoch:43/50 iteration:30/459 batch loss is :0.1669
2025-07-08 17:19:28 - INFO - epoch:43/50 iteration:35/459 batch loss is :0.0738
2025-07-08 17:19:48 - INFO - epoch:43/50 iteration:40/459 batch loss is :0.1001
2025-07-08 17:20:08 - INFO - epoch:43/50 iteration:45/459 batch loss is :0.1107
2025-07-08 17:20:28 - INFO - epoch:43/50 iteration:50/459 batch loss is :0.2777
2025-07-08 17:20:47 - INFO - epoch:43/50 iteration:55/459 batch loss is :0.1193
2025-07-08 17:21:05 - INFO - epoch:43/50 iteration:60/459 batch loss is :0.1127
2025-07-08 17:21:23 - INFO - epoch:43/50 iteration:65/459 batch loss is :0.0286
2025-07-08 17:21:41 - INFO - epoch:43/50 iteration:70/459 batch loss is :0.0259
2025-07-08 17:21:59 - INFO - epoch:43/50 iteration:75/459 batch loss is :0.0874
2025-07-08 17:22:17 - INFO - epoch:43/50 iteration:80/459 batch loss is :0.0710
2025-07-08 17:22:27 - INFO - Epoch:43/50 Loss is :0.0236
2025-07-08 17:23:11 - INFO - epoch:44/50 iteration:0/459 batch loss is :0.1214
2025-07-08 17:23:33 - INFO - epoch:44/50 iteration:5/459 batch loss is :0.0322
2025-07-08 17:23:55 - INFO - epoch:44/50 iteration:10/459 batch loss is :0.0305
2025-07-08 17:24:17 - INFO - epoch:44/50 iteration:15/459 batch loss is :0.0905
2025-07-08 17:24:38 - INFO - epoch:44/50 iteration:20/459 batch loss is :0.0226
2025-07-08 17:24:58 - INFO - epoch:44/50 iteration:25/459 batch loss is :1.4399
2025-07-08 17:25:18 - INFO - epoch:44/50 iteration:30/459 batch loss is :0.4441
2025-07-08 17:25:38 - INFO - epoch:44/50 iteration:35/459 batch loss is :0.0882
2025-07-08 17:25:57 - INFO - epoch:44/50 iteration:40/459 batch loss is :0.1028
2025-07-08 17:26:17 - INFO - epoch:44/50 iteration:45/459 batch loss is :0.0736
2025-07-08 17:26:36 - INFO - epoch:44/50 iteration:50/459 batch loss is :0.0811
2025-07-08 17:26:55 - INFO - epoch:44/50 iteration:55/459 batch loss is :0.0694
2025-07-08 17:27:13 - INFO - epoch:44/50 iteration:60/459 batch loss is :0.1118
2025-07-08 17:27:31 - INFO - epoch:44/50 iteration:65/459 batch loss is :0.0239
2025-07-08 17:27:49 - INFO - epoch:44/50 iteration:70/459 batch loss is :0.2367
2025-07-08 17:28:08 - INFO - epoch:44/50 iteration:75/459 batch loss is :0.2843
2025-07-08 17:28:26 - INFO - epoch:44/50 iteration:80/459 batch loss is :0.0482
2025-07-08 17:28:36 - INFO - Epoch:44/50 Loss is :0.0306
2025-07-08 17:29:20 - INFO - epoch:45/50 iteration:0/459 batch loss is :0.1283
2025-07-08 17:29:41 - INFO - epoch:45/50 iteration:5/459 batch loss is :0.0329
2025-07-08 17:30:03 - INFO - epoch:45/50 iteration:10/459 batch loss is :0.0186
2025-07-08 17:30:24 - INFO - epoch:45/50 iteration:15/459 batch loss is :0.0096
2025-07-08 17:30:46 - INFO - epoch:45/50 iteration:20/459 batch loss is :0.0658
2025-07-08 17:31:07 - INFO - epoch:45/50 iteration:25/459 batch loss is :0.0742
2025-07-08 17:31:28 - INFO - epoch:45/50 iteration:30/459 batch loss is :0.0193
2025-07-08 17:31:49 - INFO - epoch:45/50 iteration:35/459 batch loss is :0.0308
2025-07-08 17:32:09 - INFO - epoch:45/50 iteration:40/459 batch loss is :0.0825
2025-07-08 17:32:28 - INFO - epoch:45/50 iteration:45/459 batch loss is :0.0776
2025-07-08 17:32:48 - INFO - epoch:45/50 iteration:50/459 batch loss is :0.0496
2025-07-08 17:33:07 - INFO - epoch:45/50 iteration:55/459 batch loss is :0.2953
2025-07-08 17:33:26 - INFO - epoch:45/50 iteration:60/459 batch loss is :0.1798
2025-07-08 17:33:44 - INFO - epoch:45/50 iteration:65/459 batch loss is :0.0220
2025-07-08 17:34:02 - INFO - epoch:45/50 iteration:70/459 batch loss is :0.2001
2025-07-08 17:34:20 - INFO - epoch:45/50 iteration:75/459 batch loss is :0.0897
2025-07-08 17:34:38 - INFO - epoch:45/50 iteration:80/459 batch loss is :0.0786
2025-07-08 17:34:48 - INFO - Epoch:45/50 Loss is :0.0257
2025-07-08 17:35:32 - INFO - epoch:46/50 iteration:0/459 batch loss is :0.0593
2025-07-08 17:35:54 - INFO - epoch:46/50 iteration:5/459 batch loss is :0.5718
2025-07-08 17:36:15 - INFO - epoch:46/50 iteration:10/459 batch loss is :0.2358
2025-07-08 17:36:36 - INFO - epoch:46/50 iteration:15/459 batch loss is :0.1592
2025-07-08 17:36:56 - INFO - epoch:46/50 iteration:20/459 batch loss is :0.1033
2025-07-08 17:37:17 - INFO - epoch:46/50 iteration:25/459 batch loss is :0.0576
2025-07-08 17:37:37 - INFO - epoch:46/50 iteration:30/459 batch loss is :0.1035
2025-07-08 17:37:56 - INFO - epoch:46/50 iteration:35/459 batch loss is :0.2204
2025-07-08 17:38:16 - INFO - epoch:46/50 iteration:40/459 batch loss is :0.0645
2025-07-08 17:38:35 - INFO - epoch:46/50 iteration:45/459 batch loss is :0.1871
2025-07-08 17:38:55 - INFO - epoch:46/50 iteration:50/459 batch loss is :0.2793
2025-07-08 17:39:14 - INFO - epoch:46/50 iteration:55/459 batch loss is :0.1619
2025-07-08 17:39:32 - INFO - epoch:46/50 iteration:60/459 batch loss is :0.0209
2025-07-08 17:39:50 - INFO - epoch:46/50 iteration:65/459 batch loss is :0.7986
2025-07-08 17:40:08 - INFO - epoch:46/50 iteration:70/459 batch loss is :0.2291
2025-07-08 17:40:26 - INFO - epoch:46/50 iteration:75/459 batch loss is :0.0282
2025-07-08 17:40:44 - INFO - epoch:46/50 iteration:80/459 batch loss is :0.0575
2025-07-08 17:40:55 - INFO - Epoch:46/50 Loss is :0.0290
2025-07-08 17:41:33 - INFO - epoch:47/50 iteration:0/459 batch loss is :0.0868
2025-07-08 17:41:54 - INFO - epoch:47/50 iteration:5/459 batch loss is :0.5533
2025-07-08 17:42:16 - INFO - epoch:47/50 iteration:10/459 batch loss is :0.0560
2025-07-08 17:42:37 - INFO - epoch:47/50 iteration:15/459 batch loss is :0.0877
2025-07-08 17:42:58 - INFO - epoch:47/50 iteration:20/459 batch loss is :0.0580
2025-07-08 17:43:18 - INFO - epoch:47/50 iteration:25/459 batch loss is :0.0912
2025-07-08 17:43:39 - INFO - epoch:47/50 iteration:30/459 batch loss is :0.1526
2025-07-08 17:43:59 - INFO - epoch:47/50 iteration:35/459 batch loss is :0.2067
2025-07-08 17:44:19 - INFO - epoch:47/50 iteration:40/459 batch loss is :0.1526
2025-07-08 17:44:39 - INFO - epoch:47/50 iteration:45/459 batch loss is :0.3070
2025-07-08 17:44:59 - INFO - epoch:47/50 iteration:50/459 batch loss is :0.0754
2025-07-08 17:45:18 - INFO - epoch:47/50 iteration:55/459 batch loss is :0.0279
2025-07-08 17:45:36 - INFO - epoch:47/50 iteration:60/459 batch loss is :0.1651
2025-07-08 17:45:55 - INFO - epoch:47/50 iteration:65/459 batch loss is :0.0167
2025-07-08 17:46:13 - INFO - epoch:47/50 iteration:70/459 batch loss is :0.2512
2025-07-08 17:46:31 - INFO - epoch:47/50 iteration:75/459 batch loss is :0.1065
2025-07-08 17:46:49 - INFO - epoch:47/50 iteration:80/459 batch loss is :0.1664
2025-07-08 17:46:59 - INFO - Epoch:47/50 Loss is :0.0269
2025-07-08 17:47:48 - INFO - epoch:48/50 iteration:0/459 batch loss is :0.2175
2025-07-08 17:48:09 - INFO - epoch:48/50 iteration:5/459 batch loss is :0.1135
2025-07-08 17:48:31 - INFO - epoch:48/50 iteration:10/459 batch loss is :0.0668
2025-07-08 17:48:53 - INFO - epoch:48/50 iteration:15/459 batch loss is :0.5106
2025-07-08 17:49:15 - INFO - epoch:48/50 iteration:20/459 batch loss is :0.0120
2025-07-08 17:49:36 - INFO - epoch:48/50 iteration:25/459 batch loss is :0.2279
2025-07-08 17:49:56 - INFO - epoch:48/50 iteration:30/459 batch loss is :0.1473
2025-07-08 17:50:17 - INFO - epoch:48/50 iteration:35/459 batch loss is :0.0961
2025-07-08 17:50:37 - INFO - epoch:48/50 iteration:40/459 batch loss is :0.2205
2025-07-08 17:50:57 - INFO - epoch:48/50 iteration:45/459 batch loss is :0.1623
2025-07-08 17:51:17 - INFO - epoch:48/50 iteration:50/459 batch loss is :0.2418
2025-07-08 17:51:36 - INFO - epoch:48/50 iteration:55/459 batch loss is :0.1328
2025-07-08 17:51:55 - INFO - epoch:48/50 iteration:60/459 batch loss is :0.0969
2025-07-08 17:52:12 - INFO - epoch:48/50 iteration:65/459 batch loss is :0.4943
2025-07-08 17:52:31 - INFO - epoch:48/50 iteration:70/459 batch loss is :0.1903
2025-07-08 17:52:49 - INFO - epoch:48/50 iteration:75/459 batch loss is :0.1353
2025-07-08 17:53:07 - INFO - epoch:48/50 iteration:80/459 batch loss is :0.1573
2025-07-08 17:53:17 - INFO - Epoch:48/50 Loss is :0.0292
2025-07-08 17:53:51 - INFO - epoch:49/50 iteration:0/459 batch loss is :0.0967
2025-07-08 17:54:25 - INFO - epoch:49/50 iteration:5/459 batch loss is :0.0903
2025-07-08 17:54:46 - INFO - epoch:49/50 iteration:10/459 batch loss is :0.0776
2025-07-08 17:55:08 - INFO - epoch:49/50 iteration:15/459 batch loss is :0.0911
2025-07-08 17:55:28 - INFO - epoch:49/50 iteration:20/459 batch loss is :0.0273
2025-07-08 17:55:49 - INFO - epoch:49/50 iteration:25/459 batch loss is :0.1205
2025-07-08 17:56:10 - INFO - epoch:49/50 iteration:30/459 batch loss is :0.1225
2025-07-08 17:56:30 - INFO - epoch:49/50 iteration:35/459 batch loss is :0.1013
2025-07-08 17:56:50 - INFO - epoch:49/50 iteration:40/459 batch loss is :0.0850
2025-07-08 17:57:10 - INFO - epoch:49/50 iteration:45/459 batch loss is :0.0324
2025-07-08 17:57:29 - INFO - epoch:49/50 iteration:50/459 batch loss is :0.0540
2025-07-08 17:57:49 - INFO - epoch:49/50 iteration:55/459 batch loss is :0.0917
2025-07-08 17:58:07 - INFO - epoch:49/50 iteration:60/459 batch loss is :0.1004
2025-07-08 17:58:25 - INFO - epoch:49/50 iteration:65/459 batch loss is :0.0566
2025-07-08 17:58:43 - INFO - epoch:49/50 iteration:70/459 batch loss is :0.0502
2025-07-08 17:59:01 - INFO - epoch:49/50 iteration:75/459 batch loss is :0.0616
2025-07-08 17:59:19 - INFO - epoch:49/50 iteration:80/459 batch loss is :0.0663
2025-07-08 17:59:30 - INFO - Epoch:49/50 Loss is :0.0245
2025-07-08 18:07:36 - INFO - VAL loss :0.1527
2025-07-08 18:07:37 - INFO - fold number:2
2025-07-08 18:10:28 - INFO - epoch:0/50 iteration:0/459 batch loss is :0.0513
2025-07-08 18:11:00 - INFO - epoch:0/50 iteration:5/459 batch loss is :0.2401
2025-07-08 18:11:24 - INFO - epoch:0/50 iteration:10/459 batch loss is :0.0893
2025-07-08 18:11:46 - INFO - epoch:0/50 iteration:15/459 batch loss is :0.0355
2025-07-08 18:12:08 - INFO - epoch:0/50 iteration:20/459 batch loss is :0.0154
2025-07-08 18:12:27 - INFO - epoch:0/50 iteration:25/459 batch loss is :0.4590
2025-07-08 18:12:53 - INFO - epoch:0/50 iteration:30/459 batch loss is :0.0687
2025-07-08 18:13:24 - INFO - epoch:0/50 iteration:35/459 batch loss is :0.0147
2025-07-08 18:13:52 - INFO - epoch:0/50 iteration:40/459 batch loss is :0.1123
2025-07-08 18:14:16 - INFO - epoch:0/50 iteration:45/459 batch loss is :0.3063
2025-07-08 18:14:36 - INFO - epoch:0/50 iteration:50/459 batch loss is :0.7451
2025-07-08 18:14:57 - INFO - epoch:0/50 iteration:55/459 batch loss is :0.0956
2025-07-08 18:15:16 - INFO - epoch:0/50 iteration:60/459 batch loss is :0.0294
2025-07-08 18:15:34 - INFO - epoch:0/50 iteration:65/459 batch loss is :0.0316
2025-07-08 18:15:52 - INFO - epoch:0/50 iteration:70/459 batch loss is :0.1871
2025-07-08 18:16:10 - INFO - epoch:0/50 iteration:75/459 batch loss is :0.0878
2025-07-08 18:16:28 - INFO - epoch:0/50 iteration:80/459 batch loss is :0.0367
2025-07-08 18:16:38 - INFO - Epoch:0/50 Loss is :0.0289
2025-07-08 18:27:03 - INFO - VAL loss :0.1609
2025-07-08 18:27:46 - INFO - epoch:1/50 iteration:0/459 batch loss is :0.0835
2025-07-08 18:28:07 - INFO - epoch:1/50 iteration:5/459 batch loss is :0.0461
2025-07-08 18:28:29 - INFO - epoch:1/50 iteration:10/459 batch loss is :0.3440
2025-07-08 18:28:51 - INFO - epoch:1/50 iteration:15/459 batch loss is :0.0611
2025-07-08 18:29:14 - INFO - epoch:1/50 iteration:20/459 batch loss is :0.0743
2025-07-08 18:29:36 - INFO - epoch:1/50 iteration:25/459 batch loss is :0.3233
2025-07-08 18:29:58 - INFO - epoch:1/50 iteration:30/459 batch loss is :0.0289
2025-07-08 18:30:20 - INFO - epoch:1/50 iteration:35/459 batch loss is :0.1221
2025-07-08 18:30:41 - INFO - epoch:1/50 iteration:40/459 batch loss is :0.0860
2025-07-08 18:31:01 - INFO - epoch:1/50 iteration:45/459 batch loss is :0.0792
2025-07-08 18:31:22 - INFO - epoch:1/50 iteration:50/459 batch loss is :0.2756
2025-07-08 18:31:42 - INFO - epoch:1/50 iteration:55/459 batch loss is :0.0945
2025-07-08 18:32:01 - INFO - epoch:1/50 iteration:60/459 batch loss is :0.0889
2025-07-08 18:32:19 - INFO - epoch:1/50 iteration:65/459 batch loss is :0.0828
2025-07-08 18:32:37 - INFO - epoch:1/50 iteration:70/459 batch loss is :0.2059
2025-07-08 18:32:55 - INFO - epoch:1/50 iteration:75/459 batch loss is :0.0376
2025-07-08 18:33:13 - INFO - epoch:1/50 iteration:80/459 batch loss is :0.1070
2025-07-08 18:33:23 - INFO - Epoch:1/50 Loss is :0.0293
2025-07-08 18:34:09 - INFO - epoch:2/50 iteration:0/459 batch loss is :0.0840
2025-07-08 18:34:30 - INFO - epoch:2/50 iteration:5/459 batch loss is :0.0679
2025-07-08 18:34:51 - INFO - epoch:2/50 iteration:10/459 batch loss is :0.0812
2025-07-08 18:35:14 - INFO - epoch:2/50 iteration:15/459 batch loss is :0.0545
2025-07-08 18:35:35 - INFO - epoch:2/50 iteration:20/459 batch loss is :0.0658
2025-07-08 18:35:55 - INFO - epoch:2/50 iteration:25/459 batch loss is :0.1048
2025-07-08 18:36:15 - INFO - epoch:2/50 iteration:30/459 batch loss is :1.6821
2025-07-08 18:36:36 - INFO - epoch:2/50 iteration:35/459 batch loss is :0.3721
2025-07-08 18:36:56 - INFO - epoch:2/50 iteration:40/459 batch loss is :0.0408
2025-07-08 18:37:15 - INFO - epoch:2/50 iteration:45/459 batch loss is :0.0905
2025-07-08 18:37:35 - INFO - epoch:2/50 iteration:50/459 batch loss is :0.0302
2025-07-08 18:37:55 - INFO - epoch:2/50 iteration:55/459 batch loss is :0.0426
2025-07-08 18:38:13 - INFO - epoch:2/50 iteration:60/459 batch loss is :0.2919
2025-07-08 18:38:31 - INFO - epoch:2/50 iteration:65/459 batch loss is :0.4093
2025-07-08 18:38:49 - INFO - epoch:2/50 iteration:70/459 batch loss is :0.1155
2025-07-08 18:39:07 - INFO - epoch:2/50 iteration:75/459 batch loss is :0.3703
2025-07-08 18:39:25 - INFO - epoch:2/50 iteration:80/459 batch loss is :0.6729
2025-07-08 18:39:35 - INFO - Epoch:2/50 Loss is :0.0288
2025-07-08 18:40:12 - INFO - epoch:3/50 iteration:0/459 batch loss is :0.0657
2025-07-08 18:40:34 - INFO - epoch:3/50 iteration:5/459 batch loss is :0.2256
2025-07-08 18:40:56 - INFO - epoch:3/50 iteration:10/459 batch loss is :0.0138
2025-07-08 18:41:17 - INFO - epoch:3/50 iteration:15/459 batch loss is :0.0772
2025-07-08 18:41:38 - INFO - epoch:3/50 iteration:20/459 batch loss is :0.1175
2025-07-08 18:41:59 - INFO - epoch:3/50 iteration:25/459 batch loss is :0.0465
2025-07-08 18:42:19 - INFO - epoch:3/50 iteration:30/459 batch loss is :0.0839
2025-07-08 18:42:38 - INFO - epoch:3/50 iteration:35/459 batch loss is :0.2915
2025-07-08 18:42:59 - INFO - epoch:3/50 iteration:40/459 batch loss is :0.5094
2025-07-08 18:43:19 - INFO - epoch:3/50 iteration:45/459 batch loss is :0.1374
2025-07-08 18:43:39 - INFO - epoch:3/50 iteration:50/459 batch loss is :0.0393
2025-07-08 18:43:59 - INFO - epoch:3/50 iteration:55/459 batch loss is :0.1050
2025-07-08 18:44:17 - INFO - epoch:3/50 iteration:60/459 batch loss is :0.0810
2025-07-08 18:44:35 - INFO - epoch:3/50 iteration:65/459 batch loss is :0.1295
2025-07-08 18:44:53 - INFO - epoch:3/50 iteration:70/459 batch loss is :0.1041
2025-07-08 18:45:11 - INFO - epoch:3/50 iteration:75/459 batch loss is :0.1517
2025-07-08 18:45:29 - INFO - epoch:3/50 iteration:80/459 batch loss is :0.0310
2025-07-08 18:45:39 - INFO - Epoch:3/50 Loss is :0.0250
2025-07-08 18:46:25 - INFO - epoch:4/50 iteration:0/459 batch loss is :0.1673
2025-07-08 18:46:47 - INFO - epoch:4/50 iteration:5/459 batch loss is :0.0698
2025-07-08 18:47:08 - INFO - epoch:4/50 iteration:10/459 batch loss is :0.3462
2025-07-08 18:47:30 - INFO - epoch:4/50 iteration:15/459 batch loss is :0.0700
2025-07-08 18:47:52 - INFO - epoch:4/50 iteration:20/459 batch loss is :0.1620
2025-07-08 18:48:13 - INFO - epoch:4/50 iteration:25/459 batch loss is :0.1661
2025-07-08 18:48:35 - INFO - epoch:4/50 iteration:30/459 batch loss is :0.0784
2025-07-08 18:48:56 - INFO - epoch:4/50 iteration:35/459 batch loss is :0.0641
2025-07-08 18:49:17 - INFO - epoch:4/50 iteration:40/459 batch loss is :0.0284
2025-07-08 18:49:38 - INFO - epoch:4/50 iteration:45/459 batch loss is :0.1765
2025-07-08 18:49:58 - INFO - epoch:4/50 iteration:50/459 batch loss is :0.2287
2025-07-08 18:50:18 - INFO - epoch:4/50 iteration:55/459 batch loss is :0.1453
2025-07-08 18:50:36 - INFO - epoch:4/50 iteration:60/459 batch loss is :0.0508
2025-07-08 18:50:54 - INFO - epoch:4/50 iteration:65/459 batch loss is :0.2277
2025-07-08 18:51:12 - INFO - epoch:4/50 iteration:70/459 batch loss is :0.0697
2025-07-08 18:51:30 - INFO - epoch:4/50 iteration:75/459 batch loss is :0.0830
2025-07-08 18:51:48 - INFO - epoch:4/50 iteration:80/459 batch loss is :0.1533
2025-07-08 18:51:58 - INFO - Epoch:4/50 Loss is :0.0246
2025-07-08 18:52:41 - INFO - epoch:5/50 iteration:0/459 batch loss is :0.0588
2025-07-08 18:53:02 - INFO - epoch:5/50 iteration:5/459 batch loss is :0.1387
2025-07-08 18:53:24 - INFO - epoch:5/50 iteration:10/459 batch loss is :0.3847
2025-07-08 18:53:46 - INFO - epoch:5/50 iteration:15/459 batch loss is :0.0322
2025-07-08 18:54:08 - INFO - epoch:5/50 iteration:20/459 batch loss is :0.0252
2025-07-08 18:54:28 - INFO - epoch:5/50 iteration:25/459 batch loss is :0.0405
2025-07-08 18:54:48 - INFO - epoch:5/50 iteration:30/459 batch loss is :0.2411
2025-07-08 18:55:08 - INFO - epoch:5/50 iteration:35/459 batch loss is :0.1554
2025-07-08 18:55:28 - INFO - epoch:5/50 iteration:40/459 batch loss is :0.1254
2025-07-08 18:55:47 - INFO - epoch:5/50 iteration:45/459 batch loss is :0.0894
2025-07-08 18:56:07 - INFO - epoch:5/50 iteration:50/459 batch loss is :0.2314
2025-07-08 18:56:26 - INFO - epoch:5/50 iteration:55/459 batch loss is :0.1834
2025-07-08 18:56:45 - INFO - epoch:5/50 iteration:60/459 batch loss is :0.2487
2025-07-08 18:57:03 - INFO - epoch:5/50 iteration:65/459 batch loss is :0.0678
2025-07-08 18:57:21 - INFO - epoch:5/50 iteration:70/459 batch loss is :0.2079
2025-07-08 18:57:39 - INFO - epoch:5/50 iteration:75/459 batch loss is :0.0951
2025-07-08 18:57:57 - INFO - epoch:5/50 iteration:80/459 batch loss is :0.1300
2025-07-08 18:58:07 - INFO - Epoch:5/50 Loss is :0.0280
2025-07-08 18:58:52 - INFO - epoch:6/50 iteration:0/459 batch loss is :0.0885
2025-07-08 18:59:13 - INFO - epoch:6/50 iteration:5/459 batch loss is :0.1908
2025-07-08 18:59:35 - INFO - epoch:6/50 iteration:10/459 batch loss is :0.4091
2025-07-08 18:59:57 - INFO - epoch:6/50 iteration:15/459 batch loss is :0.0356
2025-07-08 19:00:19 - INFO - epoch:6/50 iteration:20/459 batch loss is :0.2560
2025-07-08 19:00:40 - INFO - epoch:6/50 iteration:25/459 batch loss is :0.1936
2025-07-08 19:01:02 - INFO - epoch:6/50 iteration:30/459 batch loss is :0.1114
2025-07-08 19:01:23 - INFO - epoch:6/50 iteration:35/459 batch loss is :0.0916
2025-07-08 19:01:44 - INFO - epoch:6/50 iteration:40/459 batch loss is :0.1652
2025-07-08 19:02:04 - INFO - epoch:6/50 iteration:45/459 batch loss is :0.4124
2025-07-08 19:02:25 - INFO - epoch:6/50 iteration:50/459 batch loss is :0.0672
2025-07-08 19:02:44 - INFO - epoch:6/50 iteration:55/459 batch loss is :0.1459
2025-07-08 19:03:03 - INFO - epoch:6/50 iteration:60/459 batch loss is :0.2676
2025-07-08 19:03:21 - INFO - epoch:6/50 iteration:65/459 batch loss is :0.0877
2025-07-08 19:03:39 - INFO - epoch:6/50 iteration:70/459 batch loss is :0.0189
2025-07-08 19:03:57 - INFO - epoch:6/50 iteration:75/459 batch loss is :0.0820
2025-07-08 19:04:15 - INFO - epoch:6/50 iteration:80/459 batch loss is :0.0900
2025-07-08 19:04:25 - INFO - Epoch:6/50 Loss is :0.0247
2025-07-08 19:05:11 - INFO - epoch:7/50 iteration:0/459 batch loss is :0.2853
2025-07-08 19:05:33 - INFO - epoch:7/50 iteration:5/459 batch loss is :0.1204
2025-07-08 19:05:54 - INFO - epoch:7/50 iteration:10/459 batch loss is :0.0471
2025-07-08 19:06:17 - INFO - epoch:7/50 iteration:15/459 batch loss is :0.0604
2025-07-08 19:06:38 - INFO - epoch:7/50 iteration:20/459 batch loss is :0.1194
2025-07-08 19:06:59 - INFO - epoch:7/50 iteration:25/459 batch loss is :0.0411
2025-07-08 19:07:19 - INFO - epoch:7/50 iteration:30/459 batch loss is :0.0154
2025-07-08 19:07:39 - INFO - epoch:7/50 iteration:35/459 batch loss is :0.1017
2025-07-08 19:07:59 - INFO - epoch:7/50 iteration:40/459 batch loss is :0.0662
2025-07-08 19:08:19 - INFO - epoch:7/50 iteration:45/459 batch loss is :0.0340
2025-07-08 19:08:39 - INFO - epoch:7/50 iteration:50/459 batch loss is :0.1199
2025-07-08 19:08:59 - INFO - epoch:7/50 iteration:55/459 batch loss is :0.0196
2025-07-08 19:09:17 - INFO - epoch:7/50 iteration:60/459 batch loss is :0.1319
2025-07-08 19:09:35 - INFO - epoch:7/50 iteration:65/459 batch loss is :0.4244
2025-07-08 19:09:53 - INFO - epoch:7/50 iteration:70/459 batch loss is :0.1816
2025-07-08 19:10:11 - INFO - epoch:7/50 iteration:75/459 batch loss is :0.0336
2025-07-08 19:10:29 - INFO - epoch:7/50 iteration:80/459 batch loss is :0.2114
2025-07-08 19:10:40 - INFO - Epoch:7/50 Loss is :0.0298
2025-07-08 19:11:18 - INFO - epoch:8/50 iteration:0/459 batch loss is :0.0653
2025-07-08 19:11:40 - INFO - epoch:8/50 iteration:5/459 batch loss is :0.2734
2025-07-08 19:12:03 - INFO - epoch:8/50 iteration:10/459 batch loss is :0.0730
2025-07-08 19:12:25 - INFO - epoch:8/50 iteration:15/459 batch loss is :0.0231
2025-07-08 19:12:47 - INFO - epoch:8/50 iteration:20/459 batch loss is :0.1110
2025-07-08 19:13:07 - INFO - epoch:8/50 iteration:25/459 batch loss is :0.1684
2025-07-08 19:13:29 - INFO - epoch:8/50 iteration:30/459 batch loss is :0.0628
2025-07-08 19:13:49 - INFO - epoch:8/50 iteration:35/459 batch loss is :0.2694
2025-07-08 19:14:09 - INFO - epoch:8/50 iteration:40/459 batch loss is :0.1533
2025-07-08 19:14:29 - INFO - epoch:8/50 iteration:45/459 batch loss is :0.0183
2025-07-08 19:14:49 - INFO - epoch:8/50 iteration:50/459 batch loss is :0.0689
2025-07-08 19:15:09 - INFO - epoch:8/50 iteration:55/459 batch loss is :0.0308
2025-07-08 19:15:28 - INFO - epoch:8/50 iteration:60/459 batch loss is :0.1170
2025-07-08 19:15:45 - INFO - epoch:8/50 iteration:65/459 batch loss is :0.0554
2025-07-08 19:16:04 - INFO - epoch:8/50 iteration:70/459 batch loss is :0.1071
2025-07-08 19:16:22 - INFO - epoch:8/50 iteration:75/459 batch loss is :0.2216
2025-07-08 19:16:40 - INFO - epoch:8/50 iteration:80/459 batch loss is :0.1155
2025-07-08 19:16:50 - INFO - Epoch:8/50 Loss is :0.0266
2025-07-08 19:17:34 - INFO - epoch:9/50 iteration:0/459 batch loss is :0.1598
2025-07-08 19:17:57 - INFO - epoch:9/50 iteration:5/459 batch loss is :0.0822
2025-07-08 19:18:19 - INFO - epoch:9/50 iteration:10/459 batch loss is :0.2364
2025-07-08 19:18:42 - INFO - epoch:9/50 iteration:15/459 batch loss is :0.1862
2025-07-08 19:19:14 - INFO - epoch:9/50 iteration:20/459 batch loss is :0.0752
2025-07-08 19:19:35 - INFO - epoch:9/50 iteration:25/459 batch loss is :1.1671
2025-07-08 19:19:56 - INFO - epoch:9/50 iteration:30/459 batch loss is :0.4349
2025-07-08 19:20:16 - INFO - epoch:9/50 iteration:35/459 batch loss is :0.1032
2025-07-08 19:20:37 - INFO - epoch:9/50 iteration:40/459 batch loss is :0.1606
2025-07-08 19:21:06 - INFO - epoch:9/50 iteration:45/459 batch loss is :0.0966
2025-07-08 19:21:35 - INFO - epoch:9/50 iteration:50/459 batch loss is :0.1489
2025-07-08 19:22:05 - INFO - epoch:9/50 iteration:55/459 batch loss is :0.1705
2025-07-08 19:22:26 - INFO - epoch:9/50 iteration:60/459 batch loss is :0.0959
2025-07-08 19:22:44 - INFO - epoch:9/50 iteration:65/459 batch loss is :0.0898
2025-07-08 19:23:02 - INFO - epoch:9/50 iteration:70/459 batch loss is :0.3522
2025-07-08 19:23:20 - INFO - epoch:9/50 iteration:75/459 batch loss is :0.1017
2025-07-08 19:23:38 - INFO - epoch:9/50 iteration:80/459 batch loss is :0.0102
2025-07-08 19:23:49 - INFO - Epoch:9/50 Loss is :0.0272
2025-07-08 19:24:34 - INFO - epoch:10/50 iteration:0/459 batch loss is :0.0374
2025-07-08 19:24:57 - INFO - epoch:10/50 iteration:5/459 batch loss is :0.5294
2025-07-08 19:25:18 - INFO - epoch:10/50 iteration:10/459 batch loss is :0.1721
2025-07-08 19:25:40 - INFO - epoch:10/50 iteration:15/459 batch loss is :0.2169
2025-07-08 19:26:02 - INFO - epoch:10/50 iteration:20/459 batch loss is :0.0352
2025-07-08 19:26:22 - INFO - epoch:10/50 iteration:25/459 batch loss is :0.0841
2025-07-08 19:26:43 - INFO - epoch:10/50 iteration:30/459 batch loss is :0.1485
2025-07-08 19:27:05 - INFO - epoch:10/50 iteration:35/459 batch loss is :0.0209
2025-07-08 19:27:26 - INFO - epoch:10/50 iteration:40/459 batch loss is :0.5420
2025-07-08 19:27:47 - INFO - epoch:10/50 iteration:45/459 batch loss is :0.0299
2025-07-08 19:28:08 - INFO - epoch:10/50 iteration:50/459 batch loss is :0.3956
2025-07-08 19:28:28 - INFO - epoch:10/50 iteration:55/459 batch loss is :0.0478
2025-07-08 19:28:47 - INFO - epoch:10/50 iteration:60/459 batch loss is :0.0940
2025-07-08 19:29:05 - INFO - epoch:10/50 iteration:65/459 batch loss is :0.0268
2025-07-08 19:29:24 - INFO - epoch:10/50 iteration:70/459 batch loss is :0.0859
2025-07-08 19:29:42 - INFO - epoch:10/50 iteration:75/459 batch loss is :0.1240
2025-07-08 19:29:59 - INFO - epoch:10/50 iteration:80/459 batch loss is :0.0151
2025-07-08 19:30:10 - INFO - Epoch:10/50 Loss is :0.0249
2025-07-08 19:30:58 - INFO - epoch:11/50 iteration:0/459 batch loss is :0.0877
2025-07-08 19:31:19 - INFO - epoch:11/50 iteration:5/459 batch loss is :0.0643
2025-07-08 19:31:40 - INFO - epoch:11/50 iteration:10/459 batch loss is :0.0384
2025-07-08 19:32:01 - INFO - epoch:11/50 iteration:15/459 batch loss is :0.2079
2025-07-08 19:32:23 - INFO - epoch:11/50 iteration:20/459 batch loss is :0.4158
2025-07-08 19:32:43 - INFO - epoch:11/50 iteration:25/459 batch loss is :0.0674
2025-07-08 19:33:05 - INFO - epoch:11/50 iteration:30/459 batch loss is :0.0326
2025-07-08 19:33:25 - INFO - epoch:11/50 iteration:35/459 batch loss is :0.2586
2025-07-08 19:33:46 - INFO - epoch:11/50 iteration:40/459 batch loss is :0.0392
2025-07-08 19:34:07 - INFO - epoch:11/50 iteration:45/459 batch loss is :0.1194
2025-07-08 19:34:27 - INFO - epoch:11/50 iteration:50/459 batch loss is :0.0375
2025-07-08 19:34:46 - INFO - epoch:11/50 iteration:55/459 batch loss is :0.0165
2025-07-08 19:35:05 - INFO - epoch:11/50 iteration:60/459 batch loss is :0.0461
2025-07-08 19:35:23 - INFO - epoch:11/50 iteration:65/459 batch loss is :0.1034
2025-07-08 19:35:41 - INFO - epoch:11/50 iteration:70/459 batch loss is :0.0541
2025-07-08 19:35:58 - INFO - epoch:11/50 iteration:75/459 batch loss is :0.2107
2025-07-08 19:36:17 - INFO - epoch:11/50 iteration:80/459 batch loss is :0.0292
2025-07-08 19:36:27 - INFO - Epoch:11/50 Loss is :0.0258
2025-07-08 19:37:10 - INFO - epoch:12/50 iteration:0/459 batch loss is :0.5224
2025-07-08 19:37:31 - INFO - epoch:12/50 iteration:5/459 batch loss is :0.0648
2025-07-08 19:37:51 - INFO - epoch:12/50 iteration:10/459 batch loss is :0.0838
2025-07-08 19:38:13 - INFO - epoch:12/50 iteration:15/459 batch loss is :0.8098
2025-07-08 19:38:35 - INFO - epoch:12/50 iteration:20/459 batch loss is :0.0277
2025-07-08 19:38:55 - INFO - epoch:12/50 iteration:25/459 batch loss is :0.0696
2025-07-08 19:39:16 - INFO - epoch:12/50 iteration:30/459 batch loss is :0.0635
2025-07-08 19:39:35 - INFO - epoch:12/50 iteration:35/459 batch loss is :0.1010
2025-07-08 19:39:54 - INFO - epoch:12/50 iteration:40/459 batch loss is :0.5648
2025-07-08 19:40:15 - INFO - epoch:12/50 iteration:45/459 batch loss is :0.0918
2025-07-08 19:40:34 - INFO - epoch:12/50 iteration:50/459 batch loss is :0.0890
2025-07-08 19:40:54 - INFO - epoch:12/50 iteration:55/459 batch loss is :0.0524
2025-07-08 19:41:12 - INFO - epoch:12/50 iteration:60/459 batch loss is :0.1146
2025-07-08 19:41:30 - INFO - epoch:12/50 iteration:65/459 batch loss is :0.0497
2025-07-08 19:41:48 - INFO - epoch:12/50 iteration:70/459 batch loss is :0.0690
2025-07-08 19:42:07 - INFO - epoch:12/50 iteration:75/459 batch loss is :0.1148
2025-07-08 19:42:24 - INFO - epoch:12/50 iteration:80/459 batch loss is :0.0947
2025-07-08 19:42:35 - INFO - Epoch:12/50 Loss is :0.0272
2025-07-08 19:43:24 - INFO - epoch:13/50 iteration:0/459 batch loss is :0.0525
2025-07-08 19:43:45 - INFO - epoch:13/50 iteration:5/459 batch loss is :0.1240
2025-07-08 19:44:06 - INFO - epoch:13/50 iteration:10/459 batch loss is :0.0535
2025-07-08 19:44:27 - INFO - epoch:13/50 iteration:15/459 batch loss is :0.1329
2025-07-08 19:44:48 - INFO - epoch:13/50 iteration:20/459 batch loss is :0.3052
2025-07-08 19:45:09 - INFO - epoch:13/50 iteration:25/459 batch loss is :0.1190
2025-07-08 19:45:29 - INFO - epoch:13/50 iteration:30/459 batch loss is :0.4189
2025-07-08 19:45:49 - INFO - epoch:13/50 iteration:35/459 batch loss is :0.0788
2025-07-08 19:46:09 - INFO - epoch:13/50 iteration:40/459 batch loss is :0.2216
2025-07-08 19:46:29 - INFO - epoch:13/50 iteration:45/459 batch loss is :0.0521
2025-07-08 19:46:49 - INFO - epoch:13/50 iteration:50/459 batch loss is :0.1992
2025-07-08 19:47:09 - INFO - epoch:13/50 iteration:55/459 batch loss is :0.5125
2025-07-08 19:47:27 - INFO - epoch:13/50 iteration:60/459 batch loss is :0.0308
2025-07-08 19:47:45 - INFO - epoch:13/50 iteration:65/459 batch loss is :0.0394
2025-07-08 19:48:03 - INFO - epoch:13/50 iteration:70/459 batch loss is :0.2004
2025-07-08 19:48:21 - INFO - epoch:13/50 iteration:75/459 batch loss is :0.0115
2025-07-08 19:48:39 - INFO - epoch:13/50 iteration:80/459 batch loss is :0.0605
2025-07-08 19:48:50 - INFO - Epoch:13/50 Loss is :0.0258
2025-07-08 19:49:23 - INFO - epoch:14/50 iteration:0/459 batch loss is :0.1036
2025-07-08 19:49:45 - INFO - epoch:14/50 iteration:5/459 batch loss is :1.1100
2025-07-08 19:50:07 - INFO - epoch:14/50 iteration:10/459 batch loss is :0.0716
2025-07-08 19:50:30 - INFO - epoch:14/50 iteration:15/459 batch loss is :0.1042
2025-07-08 19:50:52 - INFO - epoch:14/50 iteration:20/459 batch loss is :0.0298
2025-07-08 19:51:13 - INFO - epoch:14/50 iteration:25/459 batch loss is :0.0520
2025-07-08 19:51:33 - INFO - epoch:14/50 iteration:30/459 batch loss is :0.0465
2025-07-08 19:51:53 - INFO - epoch:14/50 iteration:35/459 batch loss is :0.2555
2025-07-08 19:52:24 - INFO - epoch:14/50 iteration:40/459 batch loss is :0.1817
2025-07-08 19:52:54 - INFO - epoch:14/50 iteration:45/459 batch loss is :0.0664
2025-07-08 19:53:22 - INFO - epoch:14/50 iteration:50/459 batch loss is :0.2957
2025-07-08 19:53:41 - INFO - epoch:14/50 iteration:55/459 batch loss is :0.2863
2025-07-08 19:53:59 - INFO - epoch:14/50 iteration:60/459 batch loss is :0.4351
2025-07-08 19:54:17 - INFO - epoch:14/50 iteration:65/459 batch loss is :0.0440
2025-07-08 19:54:35 - INFO - epoch:14/50 iteration:70/459 batch loss is :0.4546
2025-07-08 19:54:53 - INFO - epoch:14/50 iteration:75/459 batch loss is :0.0460
2025-07-08 19:55:11 - INFO - epoch:14/50 iteration:80/459 batch loss is :0.1467
2025-07-08 19:55:21 - INFO - Epoch:14/50 Loss is :0.0271
2025-07-08 19:55:57 - INFO - epoch:15/50 iteration:0/459 batch loss is :0.0183
2025-07-08 19:56:24 - INFO - epoch:15/50 iteration:5/459 batch loss is :0.2503
2025-07-08 19:56:45 - INFO - epoch:15/50 iteration:10/459 batch loss is :0.1253
2025-07-08 19:57:06 - INFO - epoch:15/50 iteration:15/459 batch loss is :0.0864
2025-07-08 19:57:28 - INFO - epoch:15/50 iteration:20/459 batch loss is :0.2195
2025-07-08 19:57:48 - INFO - epoch:15/50 iteration:25/459 batch loss is :0.1077
2025-07-08 19:58:08 - INFO - epoch:15/50 iteration:30/459 batch loss is :0.0232
2025-07-08 19:58:28 - INFO - epoch:15/50 iteration:35/459 batch loss is :0.1566
2025-07-08 19:58:48 - INFO - epoch:15/50 iteration:40/459 batch loss is :0.0421
2025-07-08 19:59:08 - INFO - epoch:15/50 iteration:45/459 batch loss is :0.0524
2025-07-08 19:59:28 - INFO - epoch:15/50 iteration:50/459 batch loss is :0.0337
2025-07-08 19:59:47 - INFO - epoch:15/50 iteration:55/459 batch loss is :0.0610
2025-07-08 20:00:06 - INFO - epoch:15/50 iteration:60/459 batch loss is :0.0769
2025-07-08 20:00:24 - INFO - epoch:15/50 iteration:65/459 batch loss is :0.2300
2025-07-08 20:00:42 - INFO - epoch:15/50 iteration:70/459 batch loss is :0.0550
2025-07-08 20:01:00 - INFO - epoch:15/50 iteration:75/459 batch loss is :0.0119
2025-07-08 20:01:18 - INFO - epoch:15/50 iteration:80/459 batch loss is :0.0460
2025-07-08 20:01:28 - INFO - Epoch:15/50 Loss is :0.0268
2025-07-08 20:02:13 - INFO - epoch:16/50 iteration:0/459 batch loss is :0.0578
2025-07-08 20:02:33 - INFO - epoch:16/50 iteration:5/459 batch loss is :0.1992
2025-07-08 20:02:54 - INFO - epoch:16/50 iteration:10/459 batch loss is :0.0349
2025-07-08 20:03:15 - INFO - epoch:16/50 iteration:15/459 batch loss is :0.1889
2025-07-08 20:03:35 - INFO - epoch:16/50 iteration:20/459 batch loss is :0.0480
2025-07-08 20:03:56 - INFO - epoch:16/50 iteration:25/459 batch loss is :0.1877
2025-07-08 20:04:16 - INFO - epoch:16/50 iteration:30/459 batch loss is :0.0458
2025-07-08 20:04:37 - INFO - epoch:16/50 iteration:35/459 batch loss is :0.2527
2025-07-08 20:04:57 - INFO - epoch:16/50 iteration:40/459 batch loss is :1.4049
2025-07-08 20:05:17 - INFO - epoch:16/50 iteration:45/459 batch loss is :0.2134
2025-07-08 20:05:38 - INFO - epoch:16/50 iteration:50/459 batch loss is :0.0504
2025-07-08 20:05:58 - INFO - epoch:16/50 iteration:55/459 batch loss is :0.1078
2025-07-08 20:06:17 - INFO - epoch:16/50 iteration:60/459 batch loss is :0.0765
2025-07-08 20:06:35 - INFO - epoch:16/50 iteration:65/459 batch loss is :0.0693
2025-07-08 20:06:53 - INFO - epoch:16/50 iteration:70/459 batch loss is :0.0507
2025-07-08 20:07:10 - INFO - epoch:16/50 iteration:75/459 batch loss is :0.0344
2025-07-08 20:07:28 - INFO - epoch:16/50 iteration:80/459 batch loss is :0.1251
2025-07-08 20:07:39 - INFO - Epoch:16/50 Loss is :0.0286
2025-07-08 20:08:24 - INFO - epoch:17/50 iteration:0/459 batch loss is :0.0647
2025-07-08 20:08:45 - INFO - epoch:17/50 iteration:5/459 batch loss is :0.1146
2025-07-08 20:09:06 - INFO - epoch:17/50 iteration:10/459 batch loss is :0.0711
2025-07-08 20:09:27 - INFO - epoch:17/50 iteration:15/459 batch loss is :0.0835
2025-07-08 20:09:48 - INFO - epoch:17/50 iteration:20/459 batch loss is :0.0360
2025-07-08 20:10:10 - INFO - epoch:17/50 iteration:25/459 batch loss is :0.0325
2025-07-08 20:10:30 - INFO - epoch:17/50 iteration:30/459 batch loss is :0.0999
2025-07-08 20:10:51 - INFO - epoch:17/50 iteration:35/459 batch loss is :0.0900
2025-07-08 20:11:11 - INFO - epoch:17/50 iteration:40/459 batch loss is :0.1159
2025-07-08 20:11:32 - INFO - epoch:17/50 iteration:45/459 batch loss is :0.0141
2025-07-08 20:11:51 - INFO - epoch:17/50 iteration:50/459 batch loss is :0.2475
2025-07-08 20:12:21 - INFO - epoch:17/50 iteration:55/459 batch loss is :0.0686
2025-07-08 20:12:39 - INFO - epoch:17/50 iteration:60/459 batch loss is :0.1337
2025-07-08 20:12:58 - INFO - epoch:17/50 iteration:65/459 batch loss is :0.1690
2025-07-08 20:13:16 - INFO - epoch:17/50 iteration:70/459 batch loss is :0.1893
2025-07-08 20:13:34 - INFO - epoch:17/50 iteration:75/459 batch loss is :0.0169
2025-07-08 20:13:51 - INFO - epoch:17/50 iteration:80/459 batch loss is :0.4944
2025-07-08 20:14:02 - INFO - Epoch:17/50 Loss is :0.0301
2025-07-08 20:14:56 - INFO - epoch:18/50 iteration:0/459 batch loss is :0.1715
2025-07-08 20:15:25 - INFO - epoch:18/50 iteration:5/459 batch loss is :0.1352
2025-07-08 20:15:54 - INFO - epoch:18/50 iteration:10/459 batch loss is :0.1593
2025-07-08 20:16:21 - INFO - epoch:18/50 iteration:15/459 batch loss is :0.0542
2025-07-08 20:16:50 - INFO - epoch:18/50 iteration:20/459 batch loss is :0.3712
2025-07-08 20:17:09 - INFO - epoch:18/50 iteration:25/459 batch loss is :0.9006
2025-07-08 20:17:29 - INFO - epoch:18/50 iteration:30/459 batch loss is :0.0749
2025-07-08 20:17:49 - INFO - epoch:18/50 iteration:35/459 batch loss is :0.2066
2025-07-08 20:18:09 - INFO - epoch:18/50 iteration:40/459 batch loss is :0.4723
2025-07-08 20:18:29 - INFO - epoch:18/50 iteration:45/459 batch loss is :0.0883
2025-07-08 20:18:49 - INFO - epoch:18/50 iteration:50/459 batch loss is :0.2464
2025-07-08 20:19:09 - INFO - epoch:18/50 iteration:55/459 batch loss is :0.0499
2025-07-08 20:19:28 - INFO - epoch:18/50 iteration:60/459 batch loss is :0.3054
2025-07-08 20:19:46 - INFO - epoch:18/50 iteration:65/459 batch loss is :0.0212
2025-07-08 20:20:04 - INFO - epoch:18/50 iteration:70/459 batch loss is :0.0916
2025-07-08 20:20:22 - INFO - epoch:18/50 iteration:75/459 batch loss is :0.0165
2025-07-08 20:20:40 - INFO - epoch:18/50 iteration:80/459 batch loss is :0.0154
2025-07-08 20:20:51 - INFO - Epoch:18/50 Loss is :0.0288
2025-07-08 20:21:31 - INFO - epoch:19/50 iteration:0/459 batch loss is :0.0083
2025-07-08 20:21:52 - INFO - epoch:19/50 iteration:5/459 batch loss is :0.1826
2025-07-08 20:22:13 - INFO - epoch:19/50 iteration:10/459 batch loss is :0.0521
2025-07-08 20:22:33 - INFO - epoch:19/50 iteration:15/459 batch loss is :0.0202
2025-07-08 20:22:55 - INFO - epoch:19/50 iteration:20/459 batch loss is :0.0857
2025-07-08 20:23:15 - INFO - epoch:19/50 iteration:25/459 batch loss is :0.1245
2025-07-08 20:23:36 - INFO - epoch:19/50 iteration:30/459 batch loss is :0.2240
2025-07-08 20:23:57 - INFO - epoch:19/50 iteration:35/459 batch loss is :0.0036
2025-07-08 20:24:17 - INFO - epoch:19/50 iteration:40/459 batch loss is :0.0580
2025-07-08 20:24:37 - INFO - epoch:19/50 iteration:45/459 batch loss is :0.1839
2025-07-08 20:24:57 - INFO - epoch:19/50 iteration:50/459 batch loss is :0.0779
2025-07-08 20:25:17 - INFO - epoch:19/50 iteration:55/459 batch loss is :0.2504
2025-07-08 20:25:36 - INFO - epoch:19/50 iteration:60/459 batch loss is :0.2990
2025-07-08 20:25:54 - INFO - epoch:19/50 iteration:65/459 batch loss is :0.0410
2025-07-08 20:26:12 - INFO - epoch:19/50 iteration:70/459 batch loss is :0.2868
2025-07-08 20:26:30 - INFO - epoch:19/50 iteration:75/459 batch loss is :0.1027
2025-07-08 20:26:48 - INFO - epoch:19/50 iteration:80/459 batch loss is :0.1446
2025-07-08 20:26:59 - INFO - Epoch:19/50 Loss is :0.0304
2025-07-08 20:27:41 - INFO - epoch:20/50 iteration:0/459 batch loss is :0.0862
2025-07-08 20:28:02 - INFO - epoch:20/50 iteration:5/459 batch loss is :0.1338
2025-07-08 20:28:23 - INFO - epoch:20/50 iteration:10/459 batch loss is :0.2152
2025-07-08 20:28:44 - INFO - epoch:20/50 iteration:15/459 batch loss is :0.1716
2025-07-08 20:29:06 - INFO - epoch:20/50 iteration:20/459 batch loss is :0.1018
2025-07-08 20:29:26 - INFO - epoch:20/50 iteration:25/459 batch loss is :0.0362
2025-07-08 20:29:48 - INFO - epoch:20/50 iteration:30/459 batch loss is :0.0389
2025-07-08 20:30:09 - INFO - epoch:20/50 iteration:35/459 batch loss is :0.1273
2025-07-08 20:30:30 - INFO - epoch:20/50 iteration:40/459 batch loss is :0.0342
2025-07-08 20:30:51 - INFO - epoch:20/50 iteration:45/459 batch loss is :0.0980
2025-07-08 20:31:12 - INFO - epoch:20/50 iteration:50/459 batch loss is :0.1001
2025-07-08 20:31:32 - INFO - epoch:20/50 iteration:55/459 batch loss is :0.0298
2025-07-08 20:31:51 - INFO - epoch:20/50 iteration:60/459 batch loss is :0.0546
2025-07-08 20:32:09 - INFO - epoch:20/50 iteration:65/459 batch loss is :0.3537
2025-07-08 20:32:27 - INFO - epoch:20/50 iteration:70/459 batch loss is :0.1188
2025-07-08 20:32:45 - INFO - epoch:20/50 iteration:75/459 batch loss is :0.0884
2025-07-08 20:33:03 - INFO - epoch:20/50 iteration:80/459 batch loss is :0.0774
2025-07-08 20:33:14 - INFO - Epoch:20/50 Loss is :0.0284
2025-07-08 20:43:06 - INFO - VAL loss :0.1628
2025-07-08 20:44:02 - INFO - epoch:21/50 iteration:0/459 batch loss is :0.2129
2025-07-08 20:44:22 - INFO - epoch:21/50 iteration:5/459 batch loss is :0.4388
2025-07-08 20:44:43 - INFO - epoch:21/50 iteration:10/459 batch loss is :0.3517
2025-07-08 20:45:04 - INFO - epoch:21/50 iteration:15/459 batch loss is :0.0361
2025-07-08 20:45:25 - INFO - epoch:21/50 iteration:20/459 batch loss is :0.0137
2025-07-08 20:45:47 - INFO - epoch:21/50 iteration:25/459 batch loss is :0.1787
2025-07-08 20:46:08 - INFO - epoch:21/50 iteration:30/459 batch loss is :0.0495
2025-07-08 20:46:29 - INFO - epoch:21/50 iteration:35/459 batch loss is :0.1344
2025-07-08 20:46:50 - INFO - epoch:21/50 iteration:40/459 batch loss is :0.1351
2025-07-08 20:47:10 - INFO - epoch:21/50 iteration:45/459 batch loss is :0.0706
2025-07-08 20:47:31 - INFO - epoch:21/50 iteration:50/459 batch loss is :0.1309
2025-07-08 20:47:52 - INFO - epoch:21/50 iteration:55/459 batch loss is :0.1395
2025-07-08 20:48:11 - INFO - epoch:21/50 iteration:60/459 batch loss is :0.1087
2025-07-08 20:48:30 - INFO - epoch:21/50 iteration:65/459 batch loss is :0.1239
2025-07-08 20:48:48 - INFO - epoch:21/50 iteration:70/459 batch loss is :0.0602
2025-07-08 20:49:06 - INFO - epoch:21/50 iteration:75/459 batch loss is :0.1398
2025-07-08 20:49:24 - INFO - epoch:21/50 iteration:80/459 batch loss is :0.4390
2025-07-08 20:49:35 - INFO - Epoch:21/50 Loss is :0.0334
2025-07-08 20:50:19 - INFO - epoch:22/50 iteration:0/459 batch loss is :0.0747
2025-07-08 20:50:42 - INFO - epoch:22/50 iteration:5/459 batch loss is :0.0584
2025-07-08 20:51:04 - INFO - epoch:22/50 iteration:10/459 batch loss is :0.0270
2025-07-08 20:51:25 - INFO - epoch:22/50 iteration:15/459 batch loss is :0.0128
2025-07-08 20:51:47 - INFO - epoch:22/50 iteration:20/459 batch loss is :0.0450
2025-07-08 20:52:09 - INFO - epoch:22/50 iteration:25/459 batch loss is :0.0336
2025-07-08 20:52:30 - INFO - epoch:22/50 iteration:30/459 batch loss is :0.0799
2025-07-08 20:52:51 - INFO - epoch:22/50 iteration:35/459 batch loss is :0.2849
2025-07-08 20:53:12 - INFO - epoch:22/50 iteration:40/459 batch loss is :0.0233
2025-07-08 20:53:34 - INFO - epoch:22/50 iteration:45/459 batch loss is :0.1385
2025-07-08 20:53:54 - INFO - epoch:22/50 iteration:50/459 batch loss is :0.1766
2025-07-08 20:54:15 - INFO - epoch:22/50 iteration:55/459 batch loss is :0.0598
2025-07-08 20:54:33 - INFO - epoch:22/50 iteration:60/459 batch loss is :0.2629
2025-07-08 20:54:52 - INFO - epoch:22/50 iteration:65/459 batch loss is :0.1512
2025-07-08 20:55:10 - INFO - epoch:22/50 iteration:70/459 batch loss is :0.0467
2025-07-08 20:55:28 - INFO - epoch:22/50 iteration:75/459 batch loss is :0.4066
2025-07-08 20:55:45 - INFO - epoch:22/50 iteration:80/459 batch loss is :0.1312
2025-07-08 20:55:56 - INFO - Epoch:22/50 Loss is :0.0289
2025-07-08 20:56:42 - INFO - epoch:23/50 iteration:0/459 batch loss is :0.0134
2025-07-08 20:57:02 - INFO - epoch:23/50 iteration:5/459 batch loss is :0.1706
2025-07-08 20:57:32 - INFO - epoch:23/50 iteration:10/459 batch loss is :0.0697
2025-07-08 20:57:53 - INFO - epoch:23/50 iteration:15/459 batch loss is :0.0605
2025-07-08 20:58:15 - INFO - epoch:23/50 iteration:20/459 batch loss is :0.1806
2025-07-08 20:58:36 - INFO - epoch:23/50 iteration:25/459 batch loss is :0.0192
2025-07-08 20:58:57 - INFO - epoch:23/50 iteration:30/459 batch loss is :0.0150
2025-07-08 20:59:17 - INFO - epoch:23/50 iteration:35/459 batch loss is :0.0444
2025-07-08 20:59:37 - INFO - epoch:23/50 iteration:40/459 batch loss is :0.2291
2025-07-08 20:59:57 - INFO - epoch:23/50 iteration:45/459 batch loss is :0.1160
2025-07-08 21:00:18 - INFO - epoch:23/50 iteration:50/459 batch loss is :0.1041
2025-07-08 21:00:38 - INFO - epoch:23/50 iteration:55/459 batch loss is :0.0384
2025-07-08 21:00:57 - INFO - epoch:23/50 iteration:60/459 batch loss is :0.1126
2025-07-08 21:01:15 - INFO - epoch:23/50 iteration:65/459 batch loss is :0.0642
2025-07-08 21:01:34 - INFO - epoch:23/50 iteration:70/459 batch loss is :0.0858
2025-07-08 21:02:05 - INFO - epoch:23/50 iteration:75/459 batch loss is :0.1167
2025-07-08 21:02:38 - INFO - epoch:23/50 iteration:80/459 batch loss is :0.0238
2025-07-08 21:02:53 - INFO - Epoch:23/50 Loss is :0.0210
2025-07-08 21:03:36 - INFO - epoch:24/50 iteration:0/459 batch loss is :0.1784
2025-07-08 21:03:59 - INFO - epoch:24/50 iteration:5/459 batch loss is :0.0254
2025-07-08 21:04:21 - INFO - epoch:24/50 iteration:10/459 batch loss is :0.1366
2025-07-08 21:04:42 - INFO - epoch:24/50 iteration:15/459 batch loss is :0.2237
2025-07-08 21:05:03 - INFO - epoch:24/50 iteration:20/459 batch loss is :0.3618
2025-07-08 21:05:25 - INFO - epoch:24/50 iteration:25/459 batch loss is :0.0438
2025-07-08 21:05:46 - INFO - epoch:24/50 iteration:30/459 batch loss is :0.0358
2025-07-08 21:06:07 - INFO - epoch:24/50 iteration:35/459 batch loss is :0.1435
2025-07-08 21:06:27 - INFO - epoch:24/50 iteration:40/459 batch loss is :0.0556
2025-07-08 21:06:47 - INFO - epoch:24/50 iteration:45/459 batch loss is :0.0843
2025-07-08 21:07:07 - INFO - epoch:24/50 iteration:50/459 batch loss is :0.1998
2025-07-08 21:07:27 - INFO - epoch:24/50 iteration:55/459 batch loss is :0.1206
2025-07-08 21:07:45 - INFO - epoch:24/50 iteration:60/459 batch loss is :0.2235
2025-07-08 21:08:04 - INFO - epoch:24/50 iteration:65/459 batch loss is :0.2634
2025-07-08 21:08:22 - INFO - epoch:24/50 iteration:70/459 batch loss is :0.0909
2025-07-08 21:08:40 - INFO - epoch:24/50 iteration:75/459 batch loss is :0.0342
2025-07-08 21:08:58 - INFO - epoch:24/50 iteration:80/459 batch loss is :0.0272
2025-07-08 21:09:09 - INFO - Epoch:24/50 Loss is :0.0298
2025-07-08 21:09:46 - INFO - epoch:25/50 iteration:0/459 batch loss is :0.2342
2025-07-08 21:10:22 - INFO - epoch:25/50 iteration:5/459 batch loss is :0.0387
2025-07-08 21:10:43 - INFO - epoch:25/50 iteration:10/459 batch loss is :0.0741
2025-07-08 21:11:05 - INFO - epoch:25/50 iteration:15/459 batch loss is :0.0518
2025-07-08 21:11:26 - INFO - epoch:25/50 iteration:20/459 batch loss is :0.1179
2025-07-08 21:11:46 - INFO - epoch:25/50 iteration:25/459 batch loss is :0.0234
2025-07-08 21:12:06 - INFO - epoch:25/50 iteration:30/459 batch loss is :0.0321
2025-07-08 21:12:27 - INFO - epoch:25/50 iteration:35/459 batch loss is :0.4195
2025-07-08 21:12:47 - INFO - epoch:25/50 iteration:40/459 batch loss is :0.1092
2025-07-08 21:13:07 - INFO - epoch:25/50 iteration:45/459 batch loss is :0.1591
2025-07-08 21:13:27 - INFO - epoch:25/50 iteration:50/459 batch loss is :0.2230
2025-07-08 21:13:46 - INFO - epoch:25/50 iteration:55/459 batch loss is :0.1672
2025-07-08 21:14:05 - INFO - epoch:25/50 iteration:60/459 batch loss is :0.4379
2025-07-08 21:14:23 - INFO - epoch:25/50 iteration:65/459 batch loss is :0.7513
2025-07-08 21:14:41 - INFO - epoch:25/50 iteration:70/459 batch loss is :0.5016
2025-07-08 21:14:59 - INFO - epoch:25/50 iteration:75/459 batch loss is :0.0685
2025-07-08 21:15:17 - INFO - epoch:25/50 iteration:80/459 batch loss is :0.0800
2025-07-08 21:15:28 - INFO - Epoch:25/50 Loss is :0.0281
2025-07-08 21:16:15 - INFO - epoch:26/50 iteration:0/459 batch loss is :0.0770
2025-07-08 21:16:35 - INFO - epoch:26/50 iteration:5/459 batch loss is :0.1104
2025-07-08 21:16:56 - INFO - epoch:26/50 iteration:10/459 batch loss is :0.0628
2025-07-08 21:17:17 - INFO - epoch:26/50 iteration:15/459 batch loss is :0.0306
2025-07-08 21:17:38 - INFO - epoch:26/50 iteration:20/459 batch loss is :0.3283
2025-07-08 21:17:59 - INFO - epoch:26/50 iteration:25/459 batch loss is :0.3048
2025-07-08 21:18:21 - INFO - epoch:26/50 iteration:30/459 batch loss is :0.1439
2025-07-08 21:18:42 - INFO - epoch:26/50 iteration:35/459 batch loss is :0.0110
2025-07-08 21:19:03 - INFO - epoch:26/50 iteration:40/459 batch loss is :0.0633
2025-07-08 21:19:24 - INFO - epoch:26/50 iteration:45/459 batch loss is :0.1185
2025-07-08 21:19:45 - INFO - epoch:26/50 iteration:50/459 batch loss is :0.0356
2025-07-08 21:20:06 - INFO - epoch:26/50 iteration:55/459 batch loss is :0.0539
2025-07-08 21:20:25 - INFO - epoch:26/50 iteration:60/459 batch loss is :0.0262
2025-07-08 21:20:44 - INFO - epoch:26/50 iteration:65/459 batch loss is :0.0859
2025-07-08 21:21:02 - INFO - epoch:26/50 iteration:70/459 batch loss is :0.2252
2025-07-08 21:21:20 - INFO - epoch:26/50 iteration:75/459 batch loss is :0.0714
2025-07-08 21:21:38 - INFO - epoch:26/50 iteration:80/459 batch loss is :0.0718
2025-07-08 21:21:49 - INFO - Epoch:26/50 Loss is :0.0249
2025-07-08 21:22:34 - INFO - epoch:27/50 iteration:0/459 batch loss is :0.0242
2025-07-08 21:22:55 - INFO - epoch:27/50 iteration:5/459 batch loss is :0.1549
2025-07-08 21:23:16 - INFO - epoch:27/50 iteration:10/459 batch loss is :0.2660
2025-07-08 21:23:37 - INFO - epoch:27/50 iteration:15/459 batch loss is :0.0719
2025-07-08 21:23:58 - INFO - epoch:27/50 iteration:20/459 batch loss is :0.0370
2025-07-08 21:24:19 - INFO - epoch:27/50 iteration:25/459 batch loss is :0.1204
2025-07-08 21:24:40 - INFO - epoch:27/50 iteration:30/459 batch loss is :0.0942
2025-07-08 21:25:02 - INFO - epoch:27/50 iteration:35/459 batch loss is :0.0187
2025-07-08 21:25:23 - INFO - epoch:27/50 iteration:40/459 batch loss is :0.3346
2025-07-08 21:25:44 - INFO - epoch:27/50 iteration:45/459 batch loss is :0.0492
2025-07-08 21:26:04 - INFO - epoch:27/50 iteration:50/459 batch loss is :0.0277
2025-07-08 21:26:24 - INFO - epoch:27/50 iteration:55/459 batch loss is :0.1002
2025-07-08 21:26:42 - INFO - epoch:27/50 iteration:60/459 batch loss is :0.0422
2025-07-08 21:27:00 - INFO - epoch:27/50 iteration:65/459 batch loss is :0.0167
2025-07-08 21:27:18 - INFO - epoch:27/50 iteration:70/459 batch loss is :0.1762
2025-07-08 21:27:36 - INFO - epoch:27/50 iteration:75/459 batch loss is :0.3309
2025-07-08 21:27:54 - INFO - epoch:27/50 iteration:80/459 batch loss is :0.1198
2025-07-08 21:28:05 - INFO - Epoch:27/50 Loss is :0.0273
2025-07-08 21:28:50 - INFO - epoch:28/50 iteration:0/459 batch loss is :0.0763
2025-07-08 21:29:12 - INFO - epoch:28/50 iteration:5/459 batch loss is :0.1470
2025-07-08 21:29:33 - INFO - epoch:28/50 iteration:10/459 batch loss is :0.0233
2025-07-08 21:29:54 - INFO - epoch:28/50 iteration:15/459 batch loss is :0.1045
2025-07-08 21:30:15 - INFO - epoch:28/50 iteration:20/459 batch loss is :0.2443
2025-07-08 21:30:36 - INFO - epoch:28/50 iteration:25/459 batch loss is :0.0466
2025-07-08 21:30:57 - INFO - epoch:28/50 iteration:30/459 batch loss is :0.1053
2025-07-08 21:31:18 - INFO - epoch:28/50 iteration:35/459 batch loss is :0.0780
2025-07-08 21:31:39 - INFO - epoch:28/50 iteration:40/459 batch loss is :0.0236
2025-07-08 21:32:01 - INFO - epoch:28/50 iteration:45/459 batch loss is :0.1734
2025-07-08 21:32:23 - INFO - epoch:28/50 iteration:50/459 batch loss is :0.0592
2025-07-08 21:32:43 - INFO - epoch:28/50 iteration:55/459 batch loss is :0.0223
2025-07-08 21:33:03 - INFO - epoch:28/50 iteration:60/459 batch loss is :0.0504
2025-07-08 21:33:21 - INFO - epoch:28/50 iteration:65/459 batch loss is :0.1562
2025-07-08 21:33:39 - INFO - epoch:28/50 iteration:70/459 batch loss is :0.4313
2025-07-08 21:33:57 - INFO - epoch:28/50 iteration:75/459 batch loss is :0.0376
2025-07-08 21:34:15 - INFO - epoch:28/50 iteration:80/459 batch loss is :0.1233
2025-07-08 21:34:26 - INFO - Epoch:28/50 Loss is :0.0259
2025-07-08 21:35:12 - INFO - epoch:29/50 iteration:0/459 batch loss is :0.0600
2025-07-08 21:35:34 - INFO - epoch:29/50 iteration:5/459 batch loss is :0.1173
2025-07-08 21:35:54 - INFO - epoch:29/50 iteration:10/459 batch loss is :0.2343
2025-07-08 21:36:15 - INFO - epoch:29/50 iteration:15/459 batch loss is :0.0193
2025-07-08 21:36:37 - INFO - epoch:29/50 iteration:20/459 batch loss is :0.0968
2025-07-08 21:36:57 - INFO - epoch:29/50 iteration:25/459 batch loss is :0.0144
2025-07-08 21:37:19 - INFO - epoch:29/50 iteration:30/459 batch loss is :0.1744
2025-07-08 21:37:40 - INFO - epoch:29/50 iteration:35/459 batch loss is :0.5563
2025-07-08 21:38:00 - INFO - epoch:29/50 iteration:40/459 batch loss is :0.1609
2025-07-08 21:38:21 - INFO - epoch:29/50 iteration:45/459 batch loss is :0.0408
2025-07-08 21:38:42 - INFO - epoch:29/50 iteration:50/459 batch loss is :0.0635
2025-07-08 21:39:03 - INFO - epoch:29/50 iteration:55/459 batch loss is :0.0090
2025-07-08 21:39:21 - INFO - epoch:29/50 iteration:60/459 batch loss is :0.0885
2025-07-08 21:39:40 - INFO - epoch:29/50 iteration:65/459 batch loss is :0.1092
2025-07-08 21:39:58 - INFO - epoch:29/50 iteration:70/459 batch loss is :0.0808
2025-07-08 21:40:16 - INFO - epoch:29/50 iteration:75/459 batch loss is :0.1206
2025-07-08 21:40:34 - INFO - epoch:29/50 iteration:80/459 batch loss is :0.2571
2025-07-08 21:40:45 - INFO - Epoch:29/50 Loss is :0.0271
2025-07-08 21:41:38 - INFO - epoch:30/50 iteration:0/459 batch loss is :0.0614
2025-07-08 21:42:08 - INFO - epoch:30/50 iteration:5/459 batch loss is :0.9291
2025-07-08 21:42:29 - INFO - epoch:30/50 iteration:10/459 batch loss is :0.1676
2025-07-08 21:42:49 - INFO - epoch:30/50 iteration:15/459 batch loss is :0.2182
2025-07-08 21:43:10 - INFO - epoch:30/50 iteration:20/459 batch loss is :0.2914
2025-07-08 21:43:29 - INFO - epoch:30/50 iteration:25/459 batch loss is :0.0227
2025-07-08 21:43:50 - INFO - epoch:30/50 iteration:30/459 batch loss is :0.0825
2025-07-08 21:44:11 - INFO - epoch:30/50 iteration:35/459 batch loss is :0.0675
2025-07-08 21:44:31 - INFO - epoch:30/50 iteration:40/459 batch loss is :0.1370
2025-07-08 21:44:52 - INFO - epoch:30/50 iteration:45/459 batch loss is :0.2581
2025-07-08 21:45:11 - INFO - epoch:30/50 iteration:50/459 batch loss is :0.1063
2025-07-08 21:45:31 - INFO - epoch:30/50 iteration:55/459 batch loss is :0.1341
2025-07-08 21:45:50 - INFO - epoch:30/50 iteration:60/459 batch loss is :0.1823
2025-07-08 21:46:08 - INFO - epoch:30/50 iteration:65/459 batch loss is :0.3333
2025-07-08 21:46:26 - INFO - epoch:30/50 iteration:70/459 batch loss is :0.0566
2025-07-08 21:46:44 - INFO - epoch:30/50 iteration:75/459 batch loss is :0.0638
2025-07-08 21:47:02 - INFO - epoch:30/50 iteration:80/459 batch loss is :0.0262
2025-07-08 21:47:13 - INFO - Epoch:30/50 Loss is :0.0246
2025-07-08 21:48:01 - INFO - epoch:31/50 iteration:0/459 batch loss is :0.0308
2025-07-08 21:48:23 - INFO - epoch:31/50 iteration:5/459 batch loss is :0.1528
2025-07-08 21:48:45 - INFO - epoch:31/50 iteration:10/459 batch loss is :0.2300
2025-07-08 21:49:06 - INFO - epoch:31/50 iteration:15/459 batch loss is :0.1878
2025-07-08 21:49:27 - INFO - epoch:31/50 iteration:20/459 batch loss is :0.0509
2025-07-08 21:49:48 - INFO - epoch:31/50 iteration:25/459 batch loss is :0.0212
2025-07-08 21:50:09 - INFO - epoch:31/50 iteration:30/459 batch loss is :0.0904
2025-07-08 21:50:29 - INFO - epoch:31/50 iteration:35/459 batch loss is :0.0947
2025-07-08 21:50:50 - INFO - epoch:31/50 iteration:40/459 batch loss is :0.1002
2025-07-08 21:51:09 - INFO - epoch:31/50 iteration:45/459 batch loss is :0.0568
2025-07-08 21:51:30 - INFO - epoch:31/50 iteration:50/459 batch loss is :0.0415
2025-07-08 21:51:50 - INFO - epoch:31/50 iteration:55/459 batch loss is :0.1436
2025-07-08 21:52:09 - INFO - epoch:31/50 iteration:60/459 batch loss is :0.1585
2025-07-08 21:52:27 - INFO - epoch:31/50 iteration:65/459 batch loss is :0.3325
2025-07-08 21:52:45 - INFO - epoch:31/50 iteration:70/459 batch loss is :0.1548
2025-07-08 21:53:02 - INFO - epoch:31/50 iteration:75/459 batch loss is :0.1853
2025-07-08 21:53:21 - INFO - epoch:31/50 iteration:80/459 batch loss is :0.0274
2025-07-08 21:53:31 - INFO - Epoch:31/50 Loss is :0.0269
2025-07-08 21:54:08 - INFO - epoch:32/50 iteration:0/459 batch loss is :0.2640
2025-07-08 21:54:32 - INFO - epoch:32/50 iteration:5/459 batch loss is :0.0438
2025-07-08 21:54:54 - INFO - epoch:32/50 iteration:10/459 batch loss is :0.7900
2025-07-08 21:55:15 - INFO - epoch:32/50 iteration:15/459 batch loss is :0.0483
2025-07-08 21:55:37 - INFO - epoch:32/50 iteration:20/459 batch loss is :0.0503
2025-07-08 21:55:57 - INFO - epoch:32/50 iteration:25/459 batch loss is :0.2844
2025-07-08 21:56:17 - INFO - epoch:32/50 iteration:30/459 batch loss is :0.2453
2025-07-08 21:56:38 - INFO - epoch:32/50 iteration:35/459 batch loss is :0.0965
2025-07-08 21:56:58 - INFO - epoch:32/50 iteration:40/459 batch loss is :0.0897
2025-07-08 21:57:17 - INFO - epoch:32/50 iteration:45/459 batch loss is :0.1340
2025-07-08 21:57:37 - INFO - epoch:32/50 iteration:50/459 batch loss is :0.0327
2025-07-08 21:57:57 - INFO - epoch:32/50 iteration:55/459 batch loss is :0.1260
2025-07-08 21:58:15 - INFO - epoch:32/50 iteration:60/459 batch loss is :0.0487
2025-07-08 21:58:33 - INFO - epoch:32/50 iteration:65/459 batch loss is :0.1289
2025-07-08 21:58:51 - INFO - epoch:32/50 iteration:70/459 batch loss is :0.0884
2025-07-08 21:59:09 - INFO - epoch:32/50 iteration:75/459 batch loss is :0.3501
2025-07-08 21:59:27 - INFO - epoch:32/50 iteration:80/459 batch loss is :0.0562
2025-07-08 21:59:38 - INFO - Epoch:32/50 Loss is :0.0295
2025-07-08 22:00:26 - INFO - epoch:33/50 iteration:0/459 batch loss is :0.2480
2025-07-08 22:00:47 - INFO - epoch:33/50 iteration:5/459 batch loss is :0.1013
2025-07-08 22:01:10 - INFO - epoch:33/50 iteration:10/459 batch loss is :0.2375
2025-07-08 22:01:31 - INFO - epoch:33/50 iteration:15/459 batch loss is :0.0729
2025-07-08 22:01:52 - INFO - epoch:33/50 iteration:20/459 batch loss is :0.0666
2025-07-08 22:02:14 - INFO - epoch:33/50 iteration:25/459 batch loss is :0.0741
2025-07-08 22:02:36 - INFO - epoch:33/50 iteration:30/459 batch loss is :0.1186
2025-07-08 22:02:58 - INFO - epoch:33/50 iteration:35/459 batch loss is :0.3053
2025-07-08 22:03:18 - INFO - epoch:33/50 iteration:40/459 batch loss is :0.0592
2025-07-08 22:03:39 - INFO - epoch:33/50 iteration:45/459 batch loss is :0.2210
2025-07-08 22:04:00 - INFO - epoch:33/50 iteration:50/459 batch loss is :0.1774
2025-07-08 22:04:21 - INFO - epoch:33/50 iteration:55/459 batch loss is :0.0888
2025-07-08 22:04:40 - INFO - epoch:33/50 iteration:60/459 batch loss is :0.2297
2025-07-08 22:04:59 - INFO - epoch:33/50 iteration:65/459 batch loss is :0.2214
2025-07-08 22:05:17 - INFO - epoch:33/50 iteration:70/459 batch loss is :0.1097
2025-07-08 22:05:35 - INFO - epoch:33/50 iteration:75/459 batch loss is :0.0308
2025-07-08 22:05:53 - INFO - epoch:33/50 iteration:80/459 batch loss is :0.1817
2025-07-08 22:06:04 - INFO - Epoch:33/50 Loss is :0.0302
2025-07-08 22:06:42 - INFO - epoch:34/50 iteration:0/459 batch loss is :0.0887
2025-07-08 22:07:05 - INFO - epoch:34/50 iteration:5/459 batch loss is :0.0887
2025-07-08 22:07:27 - INFO - epoch:34/50 iteration:10/459 batch loss is :0.0163
2025-07-08 22:07:49 - INFO - epoch:34/50 iteration:15/459 batch loss is :0.0665
2025-07-08 22:08:11 - INFO - epoch:34/50 iteration:20/459 batch loss is :0.2170
2025-07-08 22:08:32 - INFO - epoch:34/50 iteration:25/459 batch loss is :0.0830
2025-07-08 22:08:53 - INFO - epoch:34/50 iteration:30/459 batch loss is :0.1306
2025-07-08 22:09:14 - INFO - epoch:34/50 iteration:35/459 batch loss is :0.2080
2025-07-08 22:09:36 - INFO - epoch:34/50 iteration:40/459 batch loss is :0.1389
2025-07-08 22:09:58 - INFO - epoch:34/50 iteration:45/459 batch loss is :0.1208
2025-07-08 22:10:20 - INFO - epoch:34/50 iteration:50/459 batch loss is :0.1642
2025-07-08 22:10:41 - INFO - epoch:34/50 iteration:55/459 batch loss is :0.1656
2025-07-08 22:10:59 - INFO - epoch:34/50 iteration:60/459 batch loss is :0.0153
2025-07-08 22:11:18 - INFO - epoch:34/50 iteration:65/459 batch loss is :0.0704
2025-07-08 22:11:36 - INFO - epoch:34/50 iteration:70/459 batch loss is :0.1323
2025-07-08 22:11:54 - INFO - epoch:34/50 iteration:75/459 batch loss is :0.1125
2025-07-08 22:12:12 - INFO - epoch:34/50 iteration:80/459 batch loss is :0.3278
2025-07-08 22:12:23 - INFO - Epoch:34/50 Loss is :0.0288
2025-07-08 22:13:11 - INFO - epoch:35/50 iteration:0/459 batch loss is :0.0810
2025-07-08 22:13:33 - INFO - epoch:35/50 iteration:5/459 batch loss is :0.0151
2025-07-08 22:13:54 - INFO - epoch:35/50 iteration:10/459 batch loss is :0.2175
2025-07-08 22:14:16 - INFO - epoch:35/50 iteration:15/459 batch loss is :0.0413
2025-07-08 22:14:37 - INFO - epoch:35/50 iteration:20/459 batch loss is :0.2206
2025-07-08 22:14:58 - INFO - epoch:35/50 iteration:25/459 batch loss is :0.0838
2025-07-08 22:15:19 - INFO - epoch:35/50 iteration:30/459 batch loss is :0.1200
2025-07-08 22:15:39 - INFO - epoch:35/50 iteration:35/459 batch loss is :0.1292
2025-07-08 22:16:01 - INFO - epoch:35/50 iteration:40/459 batch loss is :0.0325
2025-07-08 22:16:22 - INFO - epoch:35/50 iteration:45/459 batch loss is :0.0607
2025-07-08 22:16:42 - INFO - epoch:35/50 iteration:50/459 batch loss is :0.1689
2025-07-08 22:17:02 - INFO - epoch:35/50 iteration:55/459 batch loss is :0.0338
2025-07-08 22:17:20 - INFO - epoch:35/50 iteration:60/459 batch loss is :0.0274
2025-07-08 22:17:38 - INFO - epoch:35/50 iteration:65/459 batch loss is :0.1081
2025-07-08 22:17:56 - INFO - epoch:35/50 iteration:70/459 batch loss is :0.0257
2025-07-08 22:18:14 - INFO - epoch:35/50 iteration:75/459 batch loss is :0.0137
2025-07-08 22:18:32 - INFO - epoch:35/50 iteration:80/459 batch loss is :0.0723
2025-07-08 22:18:43 - INFO - Epoch:35/50 Loss is :0.0252
2025-07-08 22:19:21 - INFO - epoch:36/50 iteration:0/459 batch loss is :0.0393
2025-07-08 22:19:42 - INFO - epoch:36/50 iteration:5/459 batch loss is :0.1290
2025-07-08 22:20:04 - INFO - epoch:36/50 iteration:10/459 batch loss is :0.0481
2025-07-08 22:20:26 - INFO - epoch:36/50 iteration:15/459 batch loss is :0.1093
2025-07-08 22:20:47 - INFO - epoch:36/50 iteration:20/459 batch loss is :0.3334
2025-07-08 22:21:08 - INFO - epoch:36/50 iteration:25/459 batch loss is :0.1188
2025-07-08 22:21:27 - INFO - epoch:36/50 iteration:30/459 batch loss is :0.3932
2025-07-08 22:21:47 - INFO - epoch:36/50 iteration:35/459 batch loss is :0.0178
2025-07-08 22:22:07 - INFO - epoch:36/50 iteration:40/459 batch loss is :0.0734
2025-07-08 22:22:26 - INFO - epoch:36/50 iteration:45/459 batch loss is :0.1728
2025-07-08 22:22:46 - INFO - epoch:36/50 iteration:50/459 batch loss is :0.0174
2025-07-08 22:23:06 - INFO - epoch:36/50 iteration:55/459 batch loss is :0.2221
2025-07-08 22:23:24 - INFO - epoch:36/50 iteration:60/459 batch loss is :0.0529
2025-07-08 22:23:42 - INFO - epoch:36/50 iteration:65/459 batch loss is :0.1181
2025-07-08 22:24:00 - INFO - epoch:36/50 iteration:70/459 batch loss is :0.2288
2025-07-08 22:24:18 - INFO - epoch:36/50 iteration:75/459 batch loss is :0.0420
2025-07-08 22:24:36 - INFO - epoch:36/50 iteration:80/459 batch loss is :0.0703
2025-07-08 22:24:46 - INFO - Epoch:36/50 Loss is :0.0292
2025-07-08 22:25:28 - INFO - epoch:37/50 iteration:0/459 batch loss is :0.0988
2025-07-08 22:25:49 - INFO - epoch:37/50 iteration:5/459 batch loss is :0.0187
2025-07-08 22:26:10 - INFO - epoch:37/50 iteration:10/459 batch loss is :0.0150
2025-07-08 22:26:32 - INFO - epoch:37/50 iteration:15/459 batch loss is :0.0554
2025-07-08 22:26:52 - INFO - epoch:37/50 iteration:20/459 batch loss is :0.0812
2025-07-08 22:27:12 - INFO - epoch:37/50 iteration:25/459 batch loss is :0.1032
2025-07-08 22:27:32 - INFO - epoch:37/50 iteration:30/459 batch loss is :0.0411
2025-07-08 22:27:51 - INFO - epoch:37/50 iteration:35/459 batch loss is :0.0990
2025-07-08 22:28:11 - INFO - epoch:37/50 iteration:40/459 batch loss is :0.0649
2025-07-08 22:28:31 - INFO - epoch:37/50 iteration:45/459 batch loss is :0.0561
2025-07-08 22:28:50 - INFO - epoch:37/50 iteration:50/459 batch loss is :0.0644
2025-07-08 22:29:10 - INFO - epoch:37/50 iteration:55/459 batch loss is :0.1102
2025-07-08 22:29:28 - INFO - epoch:37/50 iteration:60/459 batch loss is :0.0932
2025-07-08 22:29:47 - INFO - epoch:37/50 iteration:65/459 batch loss is :0.1848
2025-07-08 22:30:05 - INFO - epoch:37/50 iteration:70/459 batch loss is :0.1174
2025-07-08 22:30:23 - INFO - epoch:37/50 iteration:75/459 batch loss is :0.0837
2025-07-08 22:30:41 - INFO - epoch:37/50 iteration:80/459 batch loss is :0.1782
2025-07-08 22:30:51 - INFO - Epoch:37/50 Loss is :0.0226
2025-07-08 22:31:34 - INFO - epoch:38/50 iteration:0/459 batch loss is :0.1986
2025-07-08 22:31:57 - INFO - epoch:38/50 iteration:5/459 batch loss is :0.0525
2025-07-08 22:32:18 - INFO - epoch:38/50 iteration:10/459 batch loss is :0.2042
2025-07-08 22:32:39 - INFO - epoch:38/50 iteration:15/459 batch loss is :0.1727
2025-07-08 22:33:00 - INFO - epoch:38/50 iteration:20/459 batch loss is :0.0278
2025-07-08 22:33:21 - INFO - epoch:38/50 iteration:25/459 batch loss is :0.2750
2025-07-08 22:33:42 - INFO - epoch:38/50 iteration:30/459 batch loss is :0.2517
2025-07-08 22:34:03 - INFO - epoch:38/50 iteration:35/459 batch loss is :0.7994
2025-07-08 22:34:23 - INFO - epoch:38/50 iteration:40/459 batch loss is :0.0287
2025-07-08 22:34:44 - INFO - epoch:38/50 iteration:45/459 batch loss is :0.0996
2025-07-08 22:35:04 - INFO - epoch:38/50 iteration:50/459 batch loss is :0.2385
2025-07-08 22:35:24 - INFO - epoch:38/50 iteration:55/459 batch loss is :0.1342
2025-07-08 22:35:43 - INFO - epoch:38/50 iteration:60/459 batch loss is :0.0861
2025-07-08 22:36:01 - INFO - epoch:38/50 iteration:65/459 batch loss is :0.1564
2025-07-08 22:36:19 - INFO - epoch:38/50 iteration:70/459 batch loss is :0.0609
2025-07-08 22:36:36 - INFO - epoch:38/50 iteration:75/459 batch loss is :0.0153
2025-07-08 22:36:54 - INFO - epoch:38/50 iteration:80/459 batch loss is :0.7070
2025-07-08 22:37:05 - INFO - Epoch:38/50 Loss is :0.0267
2025-07-08 22:37:53 - INFO - epoch:39/50 iteration:0/459 batch loss is :0.0523
2025-07-08 22:38:14 - INFO - epoch:39/50 iteration:5/459 batch loss is :0.0071
2025-07-08 22:38:35 - INFO - epoch:39/50 iteration:10/459 batch loss is :0.1835
2025-07-08 22:38:57 - INFO - epoch:39/50 iteration:15/459 batch loss is :0.3650
2025-07-08 22:39:18 - INFO - epoch:39/50 iteration:20/459 batch loss is :0.0213
2025-07-08 22:39:39 - INFO - epoch:39/50 iteration:25/459 batch loss is :0.1539
2025-07-08 22:39:59 - INFO - epoch:39/50 iteration:30/459 batch loss is :0.1158
2025-07-08 22:40:19 - INFO - epoch:39/50 iteration:35/459 batch loss is :0.1728
2025-07-08 22:40:39 - INFO - epoch:39/50 iteration:40/459 batch loss is :0.0489
2025-07-08 22:40:59 - INFO - epoch:39/50 iteration:45/459 batch loss is :0.0743
2025-07-08 22:41:19 - INFO - epoch:39/50 iteration:50/459 batch loss is :0.1226
2025-07-08 22:41:39 - INFO - epoch:39/50 iteration:55/459 batch loss is :0.1518
2025-07-08 22:41:58 - INFO - epoch:39/50 iteration:60/459 batch loss is :0.4371
2025-07-08 22:42:16 - INFO - epoch:39/50 iteration:65/459 batch loss is :0.0788
2025-07-08 22:42:34 - INFO - epoch:39/50 iteration:70/459 batch loss is :0.1682
2025-07-08 22:42:52 - INFO - epoch:39/50 iteration:75/459 batch loss is :0.0874
2025-07-08 22:43:10 - INFO - epoch:39/50 iteration:80/459 batch loss is :0.7342
2025-07-08 22:43:21 - INFO - Epoch:39/50 Loss is :0.0254
2025-07-08 22:44:02 - INFO - epoch:40/50 iteration:0/459 batch loss is :0.0156
2025-07-08 22:44:27 - INFO - epoch:40/50 iteration:5/459 batch loss is :0.0798
2025-07-08 22:44:49 - INFO - epoch:40/50 iteration:10/459 batch loss is :0.2337
2025-07-08 22:45:10 - INFO - epoch:40/50 iteration:15/459 batch loss is :0.2979
2025-07-08 22:45:30 - INFO - epoch:40/50 iteration:20/459 batch loss is :0.1624
2025-07-08 22:45:51 - INFO - epoch:40/50 iteration:25/459 batch loss is :0.0996
2025-07-08 22:46:11 - INFO - epoch:40/50 iteration:30/459 batch loss is :0.0115
2025-07-08 22:46:30 - INFO - epoch:40/50 iteration:35/459 batch loss is :0.0331
2025-07-08 22:46:50 - INFO - epoch:40/50 iteration:40/459 batch loss is :0.3777
2025-07-08 22:47:09 - INFO - epoch:40/50 iteration:45/459 batch loss is :0.2648
2025-07-08 22:47:29 - INFO - epoch:40/50 iteration:50/459 batch loss is :0.0662
2025-07-08 22:47:48 - INFO - epoch:40/50 iteration:55/459 batch loss is :0.0297
2025-07-08 22:48:06 - INFO - epoch:40/50 iteration:60/459 batch loss is :0.0372
2025-07-08 22:48:24 - INFO - epoch:40/50 iteration:65/459 batch loss is :0.1459
2025-07-08 22:48:42 - INFO - epoch:40/50 iteration:70/459 batch loss is :0.2059
2025-07-08 22:49:00 - INFO - epoch:40/50 iteration:75/459 batch loss is :0.0608
2025-07-08 22:49:18 - INFO - epoch:40/50 iteration:80/459 batch loss is :0.0884
2025-07-08 22:49:29 - INFO - Epoch:40/50 Loss is :0.0257
2025-07-08 22:57:49 - INFO - VAL loss :0.1617
2025-07-08 22:58:26 - INFO - epoch:41/50 iteration:0/459 batch loss is :0.0493
2025-07-08 22:58:48 - INFO - epoch:41/50 iteration:5/459 batch loss is :0.0078
2025-07-08 22:59:09 - INFO - epoch:41/50 iteration:10/459 batch loss is :0.0411
2025-07-08 22:59:30 - INFO - epoch:41/50 iteration:15/459 batch loss is :0.1032
2025-07-08 22:59:52 - INFO - epoch:41/50 iteration:20/459 batch loss is :0.0935
2025-07-08 23:00:13 - INFO - epoch:41/50 iteration:25/459 batch loss is :0.1166
2025-07-08 23:00:34 - INFO - epoch:41/50 iteration:30/459 batch loss is :0.1689
2025-07-08 23:00:54 - INFO - epoch:41/50 iteration:35/459 batch loss is :0.6847
2025-07-08 23:01:15 - INFO - epoch:41/50 iteration:40/459 batch loss is :0.0283
2025-07-08 23:01:34 - INFO - epoch:41/50 iteration:45/459 batch loss is :0.1129
2025-07-08 23:01:54 - INFO - epoch:41/50 iteration:50/459 batch loss is :0.4116
2025-07-08 23:02:15 - INFO - epoch:41/50 iteration:55/459 batch loss is :0.1138
2025-07-08 23:02:33 - INFO - epoch:41/50 iteration:60/459 batch loss is :0.1135
2025-07-08 23:02:51 - INFO - epoch:41/50 iteration:65/459 batch loss is :0.0733
2025-07-08 23:03:09 - INFO - epoch:41/50 iteration:70/459 batch loss is :0.0219
2025-07-08 23:03:27 - INFO - epoch:41/50 iteration:75/459 batch loss is :0.1367
2025-07-08 23:03:45 - INFO - epoch:41/50 iteration:80/459 batch loss is :0.0713
2025-07-08 23:03:56 - INFO - Epoch:41/50 Loss is :0.0285
2025-07-08 23:04:34 - INFO - epoch:42/50 iteration:0/459 batch loss is :0.0742
2025-07-08 23:04:56 - INFO - epoch:42/50 iteration:5/459 batch loss is :0.1282
2025-07-08 23:05:16 - INFO - epoch:42/50 iteration:10/459 batch loss is :0.0324
2025-07-08 23:05:38 - INFO - epoch:42/50 iteration:15/459 batch loss is :0.0427
2025-07-08 23:06:00 - INFO - epoch:42/50 iteration:20/459 batch loss is :0.0680
2025-07-08 23:06:21 - INFO - epoch:42/50 iteration:25/459 batch loss is :0.0470
2025-07-08 23:06:43 - INFO - epoch:42/50 iteration:30/459 batch loss is :0.1063
2025-07-08 23:07:04 - INFO - epoch:42/50 iteration:35/459 batch loss is :0.0226
2025-07-08 23:07:24 - INFO - epoch:42/50 iteration:40/459 batch loss is :0.0562
2025-07-08 23:07:44 - INFO - epoch:42/50 iteration:45/459 batch loss is :0.0262
2025-07-08 23:08:04 - INFO - epoch:42/50 iteration:50/459 batch loss is :0.0461
2025-07-08 23:08:23 - INFO - epoch:42/50 iteration:55/459 batch loss is :0.4079
2025-07-08 23:08:41 - INFO - epoch:42/50 iteration:60/459 batch loss is :0.1331
2025-07-08 23:09:00 - INFO - epoch:42/50 iteration:65/459 batch loss is :0.1121
2025-07-08 23:09:18 - INFO - epoch:42/50 iteration:70/459 batch loss is :0.1247
2025-07-08 23:09:36 - INFO - epoch:42/50 iteration:75/459 batch loss is :0.0653
2025-07-08 23:09:54 - INFO - epoch:42/50 iteration:80/459 batch loss is :0.0376
2025-07-08 23:10:04 - INFO - Epoch:42/50 Loss is :0.0220
2025-07-08 23:10:40 - INFO - epoch:43/50 iteration:0/459 batch loss is :0.1145
2025-07-08 23:11:02 - INFO - epoch:43/50 iteration:5/459 batch loss is :0.1945
2025-07-08 23:11:23 - INFO - epoch:43/50 iteration:10/459 batch loss is :0.1114
2025-07-08 23:11:45 - INFO - epoch:43/50 iteration:15/459 batch loss is :0.0245
2025-07-08 23:12:06 - INFO - epoch:43/50 iteration:20/459 batch loss is :0.0699
2025-07-08 23:12:27 - INFO - epoch:43/50 iteration:25/459 batch loss is :0.0750
2025-07-08 23:12:47 - INFO - epoch:43/50 iteration:30/459 batch loss is :0.0109
2025-07-08 23:13:06 - INFO - epoch:43/50 iteration:35/459 batch loss is :0.0857
2025-07-08 23:13:26 - INFO - epoch:43/50 iteration:40/459 batch loss is :1.5188
2025-07-08 23:13:45 - INFO - epoch:43/50 iteration:45/459 batch loss is :0.1345
2025-07-08 23:14:04 - INFO - epoch:43/50 iteration:50/459 batch loss is :0.0591
2025-07-08 23:14:24 - INFO - epoch:43/50 iteration:55/459 batch loss is :0.0536
2025-07-08 23:14:42 - INFO - epoch:43/50 iteration:60/459 batch loss is :0.0935
2025-07-08 23:15:00 - INFO - epoch:43/50 iteration:65/459 batch loss is :0.4615
2025-07-08 23:15:18 - INFO - epoch:43/50 iteration:70/459 batch loss is :0.0241
2025-07-08 23:15:36 - INFO - epoch:43/50 iteration:75/459 batch loss is :0.0498
2025-07-08 23:15:54 - INFO - epoch:43/50 iteration:80/459 batch loss is :0.4372
2025-07-08 23:16:05 - INFO - Epoch:43/50 Loss is :0.0308
2025-07-08 23:16:48 - INFO - epoch:44/50 iteration:0/459 batch loss is :0.0485
2025-07-08 23:17:10 - INFO - epoch:44/50 iteration:5/459 batch loss is :0.1814
2025-07-08 23:17:31 - INFO - epoch:44/50 iteration:10/459 batch loss is :0.1979
2025-07-08 23:17:52 - INFO - epoch:44/50 iteration:15/459 batch loss is :0.0739
2025-07-08 23:18:13 - INFO - epoch:44/50 iteration:20/459 batch loss is :0.3760
2025-07-08 23:18:34 - INFO - epoch:44/50 iteration:25/459 batch loss is :0.1401
2025-07-08 23:18:55 - INFO - epoch:44/50 iteration:30/459 batch loss is :0.0607
2025-07-08 23:19:15 - INFO - epoch:44/50 iteration:35/459 batch loss is :0.1476
2025-07-08 23:19:34 - INFO - epoch:44/50 iteration:40/459 batch loss is :0.0820
2025-07-08 23:19:54 - INFO - epoch:44/50 iteration:45/459 batch loss is :0.0650
2025-07-08 23:20:14 - INFO - epoch:44/50 iteration:50/459 batch loss is :0.0998
2025-07-08 23:20:33 - INFO - epoch:44/50 iteration:55/459 batch loss is :0.1835
2025-07-08 23:20:51 - INFO - epoch:44/50 iteration:60/459 batch loss is :0.4738
2025-07-08 23:21:09 - INFO - epoch:44/50 iteration:65/459 batch loss is :0.4699
2025-07-08 23:21:27 - INFO - epoch:44/50 iteration:70/459 batch loss is :0.8984
2025-07-08 23:21:46 - INFO - epoch:44/50 iteration:75/459 batch loss is :0.1487
2025-07-08 23:22:03 - INFO - epoch:44/50 iteration:80/459 batch loss is :0.0240
2025-07-08 23:22:14 - INFO - Epoch:44/50 Loss is :0.0317
2025-07-08 23:22:58 - INFO - epoch:45/50 iteration:0/459 batch loss is :0.2226
2025-07-08 23:23:20 - INFO - epoch:45/50 iteration:5/459 batch loss is :0.2316
2025-07-08 23:23:41 - INFO - epoch:45/50 iteration:10/459 batch loss is :0.0154
2025-07-08 23:24:03 - INFO - epoch:45/50 iteration:15/459 batch loss is :0.0891
2025-07-08 23:24:24 - INFO - epoch:45/50 iteration:20/459 batch loss is :0.1039
2025-07-08 23:24:44 - INFO - epoch:45/50 iteration:25/459 batch loss is :0.0698
2025-07-08 23:25:04 - INFO - epoch:45/50 iteration:30/459 batch loss is :0.0253
2025-07-08 23:25:23 - INFO - epoch:45/50 iteration:35/459 batch loss is :0.0360
2025-07-08 23:25:43 - INFO - epoch:45/50 iteration:40/459 batch loss is :0.0513
2025-07-08 23:26:03 - INFO - epoch:45/50 iteration:45/459 batch loss is :0.1075
2025-07-08 23:26:22 - INFO - epoch:45/50 iteration:50/459 batch loss is :0.0825
2025-07-08 23:26:42 - INFO - epoch:45/50 iteration:55/459 batch loss is :0.0399
2025-07-08 23:27:00 - INFO - epoch:45/50 iteration:60/459 batch loss is :0.1807
2025-07-08 23:27:18 - INFO - epoch:45/50 iteration:65/459 batch loss is :0.0673
2025-07-08 23:27:35 - INFO - epoch:45/50 iteration:70/459 batch loss is :0.1318
2025-07-08 23:27:54 - INFO - epoch:45/50 iteration:75/459 batch loss is :0.0277
2025-07-08 23:28:11 - INFO - epoch:45/50 iteration:80/459 batch loss is :1.0516
2025-07-08 23:28:22 - INFO - Epoch:45/50 Loss is :0.0240
2025-07-08 23:28:58 - INFO - epoch:46/50 iteration:0/459 batch loss is :0.1359
2025-07-08 23:29:20 - INFO - epoch:46/50 iteration:5/459 batch loss is :0.1482
2025-07-08 23:29:42 - INFO - epoch:46/50 iteration:10/459 batch loss is :0.2864
2025-07-08 23:30:03 - INFO - epoch:46/50 iteration:15/459 batch loss is :0.0700
2025-07-08 23:30:25 - INFO - epoch:46/50 iteration:20/459 batch loss is :0.0518
2025-07-08 23:30:45 - INFO - epoch:46/50 iteration:25/459 batch loss is :0.2891
2025-07-08 23:31:06 - INFO - epoch:46/50 iteration:30/459 batch loss is :0.0336
2025-07-08 23:31:24 - INFO - epoch:46/50 iteration:35/459 batch loss is :0.4724
2025-07-08 23:31:44 - INFO - epoch:46/50 iteration:40/459 batch loss is :0.0647
2025-07-08 23:32:03 - INFO - epoch:46/50 iteration:45/459 batch loss is :0.0469
2025-07-08 23:32:23 - INFO - epoch:46/50 iteration:50/459 batch loss is :0.1521
2025-07-08 23:32:42 - INFO - epoch:46/50 iteration:55/459 batch loss is :0.0329
2025-07-08 23:33:00 - INFO - epoch:46/50 iteration:60/459 batch loss is :0.1328
2025-07-08 23:33:18 - INFO - epoch:46/50 iteration:65/459 batch loss is :0.1133
2025-07-08 23:33:36 - INFO - epoch:46/50 iteration:70/459 batch loss is :0.0431
2025-07-08 23:33:54 - INFO - epoch:46/50 iteration:75/459 batch loss is :0.0718
2025-07-08 23:34:12 - INFO - epoch:46/50 iteration:80/459 batch loss is :0.1283
2025-07-08 23:34:22 - INFO - Epoch:46/50 Loss is :0.0277
2025-07-08 23:35:09 - INFO - epoch:47/50 iteration:0/459 batch loss is :0.1479
2025-07-08 23:35:31 - INFO - epoch:47/50 iteration:5/459 batch loss is :0.3560
2025-07-08 23:35:51 - INFO - epoch:47/50 iteration:10/459 batch loss is :0.1109
2025-07-08 23:36:11 - INFO - epoch:47/50 iteration:15/459 batch loss is :0.5888
2025-07-08 23:36:31 - INFO - epoch:47/50 iteration:20/459 batch loss is :0.1650
2025-07-08 23:36:50 - INFO - epoch:47/50 iteration:25/459 batch loss is :0.0744
2025-07-08 23:37:09 - INFO - epoch:47/50 iteration:30/459 batch loss is :0.0704
2025-07-08 23:37:29 - INFO - epoch:47/50 iteration:35/459 batch loss is :0.0199
2025-07-08 23:37:48 - INFO - epoch:47/50 iteration:40/459 batch loss is :0.3368
2025-07-08 23:38:07 - INFO - epoch:47/50 iteration:45/459 batch loss is :0.0792
2025-07-08 23:38:26 - INFO - epoch:47/50 iteration:50/459 batch loss is :0.0635
2025-07-08 23:38:46 - INFO - epoch:47/50 iteration:55/459 batch loss is :0.0066
2025-07-08 23:39:04 - INFO - epoch:47/50 iteration:60/459 batch loss is :0.0465
2025-07-08 23:39:22 - INFO - epoch:47/50 iteration:65/459 batch loss is :0.0698
2025-07-08 23:39:40 - INFO - epoch:47/50 iteration:70/459 batch loss is :0.0577
2025-07-08 23:39:58 - INFO - epoch:47/50 iteration:75/459 batch loss is :0.5456
2025-07-08 23:40:16 - INFO - epoch:47/50 iteration:80/459 batch loss is :0.1561
2025-07-08 23:40:26 - INFO - Epoch:47/50 Loss is :0.0307
2025-07-08 23:40:59 - INFO - epoch:48/50 iteration:0/459 batch loss is :0.0394
2025-07-08 23:41:22 - INFO - epoch:48/50 iteration:5/459 batch loss is :0.0184
2025-07-08 23:41:43 - INFO - epoch:48/50 iteration:10/459 batch loss is :0.2151
2025-07-08 23:42:05 - INFO - epoch:48/50 iteration:15/459 batch loss is :0.0541
2025-07-08 23:42:26 - INFO - epoch:48/50 iteration:20/459 batch loss is :0.2275
2025-07-08 23:42:45 - INFO - epoch:48/50 iteration:25/459 batch loss is :0.1508
2025-07-08 23:43:05 - INFO - epoch:48/50 iteration:30/459 batch loss is :0.0164
2025-07-08 23:43:24 - INFO - epoch:48/50 iteration:35/459 batch loss is :0.3452
2025-07-08 23:43:43 - INFO - epoch:48/50 iteration:40/459 batch loss is :0.0137
2025-07-08 23:44:02 - INFO - epoch:48/50 iteration:45/459 batch loss is :0.0753
2025-07-08 23:44:22 - INFO - epoch:48/50 iteration:50/459 batch loss is :0.1279
2025-07-08 23:44:41 - INFO - epoch:48/50 iteration:55/459 batch loss is :0.1115
2025-07-08 23:44:59 - INFO - epoch:48/50 iteration:60/459 batch loss is :0.2132
2025-07-08 23:45:17 - INFO - epoch:48/50 iteration:65/459 batch loss is :0.0785
2025-07-08 23:45:35 - INFO - epoch:48/50 iteration:70/459 batch loss is :0.1901
2025-07-08 23:45:53 - INFO - epoch:48/50 iteration:75/459 batch loss is :0.1366
2025-07-08 23:46:11 - INFO - epoch:48/50 iteration:80/459 batch loss is :0.1527
2025-07-08 23:46:21 - INFO - Epoch:48/50 Loss is :0.0304
2025-07-08 23:47:00 - INFO - epoch:49/50 iteration:0/459 batch loss is :0.0438
2025-07-08 23:47:22 - INFO - epoch:49/50 iteration:5/459 batch loss is :0.1015
2025-07-08 23:47:44 - INFO - epoch:49/50 iteration:10/459 batch loss is :0.1930
2025-07-08 23:48:06 - INFO - epoch:49/50 iteration:15/459 batch loss is :0.0554
2025-07-08 23:48:26 - INFO - epoch:49/50 iteration:20/459 batch loss is :0.0811
2025-07-08 23:48:45 - INFO - epoch:49/50 iteration:25/459 batch loss is :0.0289
2025-07-08 23:49:04 - INFO - epoch:49/50 iteration:30/459 batch loss is :0.6749
2025-07-08 23:49:24 - INFO - epoch:49/50 iteration:35/459 batch loss is :0.0823
2025-07-08 23:49:43 - INFO - epoch:49/50 iteration:40/459 batch loss is :0.4267
2025-07-08 23:50:03 - INFO - epoch:49/50 iteration:45/459 batch loss is :0.0949
2025-07-08 23:50:22 - INFO - epoch:49/50 iteration:50/459 batch loss is :0.2388
2025-07-08 23:50:41 - INFO - epoch:49/50 iteration:55/459 batch loss is :0.0960
2025-07-08 23:50:59 - INFO - epoch:49/50 iteration:60/459 batch loss is :0.1409
2025-07-08 23:51:17 - INFO - epoch:49/50 iteration:65/459 batch loss is :0.1287
2025-07-08 23:51:35 - INFO - epoch:49/50 iteration:70/459 batch loss is :0.0777
2025-07-08 23:51:53 - INFO - epoch:49/50 iteration:75/459 batch loss is :0.3117
2025-07-08 23:52:11 - INFO - epoch:49/50 iteration:80/459 batch loss is :0.1869
2025-07-08 23:52:21 - INFO - Epoch:49/50 Loss is :0.0267
2025-07-09 00:00:18 - INFO - VAL loss :0.1694
2025-07-09 00:00:19 - INFO - fold number:3
2025-07-09 00:03:25 - INFO - epoch:0/50 iteration:0/459 batch loss is :0.0484
2025-07-09 00:03:46 - INFO - epoch:0/50 iteration:5/459 batch loss is :0.0642
2025-07-09 00:04:07 - INFO - epoch:0/50 iteration:10/459 batch loss is :0.0684
2025-07-09 00:04:28 - INFO - epoch:0/50 iteration:15/459 batch loss is :0.1481
2025-07-09 00:04:49 - INFO - epoch:0/50 iteration:20/459 batch loss is :0.1087
2025-07-09 00:05:10 - INFO - epoch:0/50 iteration:25/459 batch loss is :0.0322
2025-07-09 00:05:31 - INFO - epoch:0/50 iteration:30/459 batch loss is :0.1183
2025-07-09 00:05:52 - INFO - epoch:0/50 iteration:35/459 batch loss is :0.0303
2025-07-09 00:06:12 - INFO - epoch:0/50 iteration:40/459 batch loss is :0.0171
2025-07-09 00:06:32 - INFO - epoch:0/50 iteration:45/459 batch loss is :0.0335
2025-07-09 00:06:52 - INFO - epoch:0/50 iteration:50/459 batch loss is :0.1346
2025-07-09 00:07:11 - INFO - epoch:0/50 iteration:55/459 batch loss is :0.0985
2025-07-09 00:07:29 - INFO - epoch:0/50 iteration:60/459 batch loss is :0.1745
2025-07-09 00:07:47 - INFO - epoch:0/50 iteration:65/459 batch loss is :0.0594
2025-07-09 00:08:05 - INFO - epoch:0/50 iteration:70/459 batch loss is :0.0861
2025-07-09 00:08:23 - INFO - epoch:0/50 iteration:75/459 batch loss is :0.3541
2025-07-09 00:08:41 - INFO - epoch:0/50 iteration:80/459 batch loss is :0.1002
2025-07-09 00:08:52 - INFO - Epoch:0/50 Loss is :0.0261
2025-07-09 00:18:59 - INFO - VAL loss :0.1591
2025-07-09 00:19:43 - INFO - epoch:1/50 iteration:0/459 batch loss is :0.0818
2025-07-09 00:20:06 - INFO - epoch:1/50 iteration:5/459 batch loss is :0.0849
2025-07-09 00:20:26 - INFO - epoch:1/50 iteration:10/459 batch loss is :0.0892
2025-07-09 00:20:48 - INFO - epoch:1/50 iteration:15/459 batch loss is :0.0915
2025-07-09 00:21:09 - INFO - epoch:1/50 iteration:20/459 batch loss is :0.2438
2025-07-09 00:21:29 - INFO - epoch:1/50 iteration:25/459 batch loss is :0.0637
2025-07-09 00:21:49 - INFO - epoch:1/50 iteration:30/459 batch loss is :0.2031
2025-07-09 00:22:08 - INFO - epoch:1/50 iteration:35/459 batch loss is :0.0649
2025-07-09 00:22:28 - INFO - epoch:1/50 iteration:40/459 batch loss is :0.0743
2025-07-09 00:22:47 - INFO - epoch:1/50 iteration:45/459 batch loss is :0.1017
2025-07-09 00:23:07 - INFO - epoch:1/50 iteration:50/459 batch loss is :0.0807
2025-07-09 00:23:26 - INFO - epoch:1/50 iteration:55/459 batch loss is :0.0101
2025-07-09 00:23:44 - INFO - epoch:1/50 iteration:60/459 batch loss is :0.1038
2025-07-09 00:24:02 - INFO - epoch:1/50 iteration:65/459 batch loss is :0.0750
2025-07-09 00:24:20 - INFO - epoch:1/50 iteration:70/459 batch loss is :0.1106
2025-07-09 00:24:38 - INFO - epoch:1/50 iteration:75/459 batch loss is :0.4295
2025-07-09 00:24:56 - INFO - epoch:1/50 iteration:80/459 batch loss is :0.2964
2025-07-09 00:25:06 - INFO - Epoch:1/50 Loss is :0.0286
2025-07-09 00:25:42 - INFO - epoch:2/50 iteration:0/459 batch loss is :0.0851
2025-07-09 00:26:04 - INFO - epoch:2/50 iteration:5/459 batch loss is :0.0807
2025-07-09 00:26:26 - INFO - epoch:2/50 iteration:10/459 batch loss is :0.0434
2025-07-09 00:26:48 - INFO - epoch:2/50 iteration:15/459 batch loss is :0.0378
2025-07-09 00:27:09 - INFO - epoch:2/50 iteration:20/459 batch loss is :0.1167
2025-07-09 00:27:29 - INFO - epoch:2/50 iteration:25/459 batch loss is :0.2084
2025-07-09 00:27:48 - INFO - epoch:2/50 iteration:30/459 batch loss is :0.0402
2025-07-09 00:28:08 - INFO - epoch:2/50 iteration:35/459 batch loss is :0.0166
2025-07-09 00:28:28 - INFO - epoch:2/50 iteration:40/459 batch loss is :0.0185
2025-07-09 00:28:48 - INFO - epoch:2/50 iteration:45/459 batch loss is :0.1306
2025-07-09 00:29:07 - INFO - epoch:2/50 iteration:50/459 batch loss is :0.0382
2025-07-09 00:29:26 - INFO - epoch:2/50 iteration:55/459 batch loss is :0.1898
2025-07-09 00:29:44 - INFO - epoch:2/50 iteration:60/459 batch loss is :0.1315
2025-07-09 00:30:02 - INFO - epoch:2/50 iteration:65/459 batch loss is :0.0836
2025-07-09 00:30:20 - INFO - epoch:2/50 iteration:70/459 batch loss is :0.1371
2025-07-09 00:30:38 - INFO - epoch:2/50 iteration:75/459 batch loss is :0.0885
2025-07-09 00:30:56 - INFO - epoch:2/50 iteration:80/459 batch loss is :0.0284
2025-07-09 00:31:07 - INFO - Epoch:2/50 Loss is :0.0273
2025-07-09 00:31:49 - INFO - epoch:3/50 iteration:0/459 batch loss is :0.0791
2025-07-09 00:32:11 - INFO - epoch:3/50 iteration:5/459 batch loss is :0.1402
2025-07-09 00:32:32 - INFO - epoch:3/50 iteration:10/459 batch loss is :0.0498
2025-07-09 00:32:53 - INFO - epoch:3/50 iteration:15/459 batch loss is :1.5141
2025-07-09 00:33:14 - INFO - epoch:3/50 iteration:20/459 batch loss is :0.1594
2025-07-09 00:33:35 - INFO - epoch:3/50 iteration:25/459 batch loss is :0.1915
2025-07-09 00:33:56 - INFO - epoch:3/50 iteration:30/459 batch loss is :0.2815
2025-07-09 00:34:16 - INFO - epoch:3/50 iteration:35/459 batch loss is :0.1788
2025-07-09 00:34:36 - INFO - epoch:3/50 iteration:40/459 batch loss is :0.0988
2025-07-09 00:34:56 - INFO - epoch:3/50 iteration:45/459 batch loss is :0.0776
2025-07-09 00:35:16 - INFO - epoch:3/50 iteration:50/459 batch loss is :0.0750
2025-07-09 00:35:35 - INFO - epoch:3/50 iteration:55/459 batch loss is :0.0647
2025-07-09 00:35:53 - INFO - epoch:3/50 iteration:60/459 batch loss is :0.1187
2025-07-09 00:36:11 - INFO - epoch:3/50 iteration:65/459 batch loss is :0.2626
2025-07-09 00:36:29 - INFO - epoch:3/50 iteration:70/459 batch loss is :0.0209
2025-07-09 00:36:47 - INFO - epoch:3/50 iteration:75/459 batch loss is :0.1848
2025-07-09 00:37:05 - INFO - epoch:3/50 iteration:80/459 batch loss is :0.0251
2025-07-09 00:37:16 - INFO - Epoch:3/50 Loss is :0.0282
2025-07-09 00:37:53 - INFO - epoch:4/50 iteration:0/459 batch loss is :0.1241
2025-07-09 00:38:15 - INFO - epoch:4/50 iteration:5/459 batch loss is :0.0410
2025-07-09 00:38:37 - INFO - epoch:4/50 iteration:10/459 batch loss is :0.0142
2025-07-09 00:38:58 - INFO - epoch:4/50 iteration:15/459 batch loss is :0.0862
2025-07-09 00:39:19 - INFO - epoch:4/50 iteration:20/459 batch loss is :0.0525
2025-07-09 00:39:40 - INFO - epoch:4/50 iteration:25/459 batch loss is :0.0364
2025-07-09 00:39:59 - INFO - epoch:4/50 iteration:30/459 batch loss is :0.0161
2025-07-09 00:40:19 - INFO - epoch:4/50 iteration:35/459 batch loss is :0.0297
2025-07-09 00:40:38 - INFO - epoch:4/50 iteration:40/459 batch loss is :0.0692
2025-07-09 00:40:58 - INFO - epoch:4/50 iteration:45/459 batch loss is :0.0269
2025-07-09 00:41:17 - INFO - epoch:4/50 iteration:50/459 batch loss is :0.0531
2025-07-09 00:41:37 - INFO - epoch:4/50 iteration:55/459 batch loss is :0.0767
2025-07-09 00:41:55 - INFO - epoch:4/50 iteration:60/459 batch loss is :0.1079
2025-07-09 00:42:13 - INFO - epoch:4/50 iteration:65/459 batch loss is :0.1636
2025-07-09 00:42:31 - INFO - epoch:4/50 iteration:70/459 batch loss is :0.1628
2025-07-09 00:42:49 - INFO - epoch:4/50 iteration:75/459 batch loss is :0.0908
2025-07-09 00:43:07 - INFO - epoch:4/50 iteration:80/459 batch loss is :0.0339
2025-07-09 00:43:17 - INFO - Epoch:4/50 Loss is :0.0228
2025-07-09 00:43:58 - INFO - epoch:5/50 iteration:0/459 batch loss is :0.0320
2025-07-09 00:44:19 - INFO - epoch:5/50 iteration:5/459 batch loss is :0.0508
2025-07-09 00:44:40 - INFO - epoch:5/50 iteration:10/459 batch loss is :0.0414
2025-07-09 00:45:01 - INFO - epoch:5/50 iteration:15/459 batch loss is :0.2883
2025-07-09 00:45:22 - INFO - epoch:5/50 iteration:20/459 batch loss is :0.1479
2025-07-09 00:45:42 - INFO - epoch:5/50 iteration:25/459 batch loss is :0.1082
2025-07-09 00:46:03 - INFO - epoch:5/50 iteration:30/459 batch loss is :0.0675
2025-07-09 00:46:22 - INFO - epoch:5/50 iteration:35/459 batch loss is :0.1721
2025-07-09 00:46:43 - INFO - epoch:5/50 iteration:40/459 batch loss is :0.0667
2025-07-09 00:47:02 - INFO - epoch:5/50 iteration:45/459 batch loss is :0.1249
2025-07-09 00:47:22 - INFO - epoch:5/50 iteration:50/459 batch loss is :0.0334
2025-07-09 00:47:42 - INFO - epoch:5/50 iteration:55/459 batch loss is :0.2047
2025-07-09 00:48:00 - INFO - epoch:5/50 iteration:60/459 batch loss is :0.0678
2025-07-09 00:48:18 - INFO - epoch:5/50 iteration:65/459 batch loss is :0.1438
2025-07-09 00:48:36 - INFO - epoch:5/50 iteration:70/459 batch loss is :0.1508
2025-07-09 00:48:54 - INFO - epoch:5/50 iteration:75/459 batch loss is :0.0189
2025-07-09 00:49:12 - INFO - epoch:5/50 iteration:80/459 batch loss is :0.0663
2025-07-09 00:49:22 - INFO - Epoch:5/50 Loss is :0.0251
2025-07-09 00:50:02 - INFO - epoch:6/50 iteration:0/459 batch loss is :0.2428
2025-07-09 00:50:25 - INFO - epoch:6/50 iteration:5/459 batch loss is :0.1172
2025-07-09 00:50:46 - INFO - epoch:6/50 iteration:10/459 batch loss is :0.0654
2025-07-09 00:51:07 - INFO - epoch:6/50 iteration:15/459 batch loss is :0.2024
2025-07-09 00:51:29 - INFO - epoch:6/50 iteration:20/459 batch loss is :0.1858
2025-07-09 00:51:49 - INFO - epoch:6/50 iteration:25/459 batch loss is :0.0518
2025-07-09 00:52:09 - INFO - epoch:6/50 iteration:30/459 batch loss is :0.3011
2025-07-09 00:52:29 - INFO - epoch:6/50 iteration:35/459 batch loss is :0.1629
2025-07-09 00:52:49 - INFO - epoch:6/50 iteration:40/459 batch loss is :0.3980
2025-07-09 00:53:08 - INFO - epoch:6/50 iteration:45/459 batch loss is :0.0612
2025-07-09 00:53:28 - INFO - epoch:6/50 iteration:50/459 batch loss is :0.1358
2025-07-09 00:53:48 - INFO - epoch:6/50 iteration:55/459 batch loss is :0.0329
2025-07-09 00:54:06 - INFO - epoch:6/50 iteration:60/459 batch loss is :0.0402
2025-07-09 00:54:24 - INFO - epoch:6/50 iteration:65/459 batch loss is :0.0186
2025-07-09 00:54:42 - INFO - epoch:6/50 iteration:70/459 batch loss is :0.1383
2025-07-09 00:55:00 - INFO - epoch:6/50 iteration:75/459 batch loss is :0.0403
2025-07-09 00:55:19 - INFO - epoch:6/50 iteration:80/459 batch loss is :0.2832
2025-07-09 00:55:29 - INFO - Epoch:6/50 Loss is :0.0291
2025-07-09 00:56:06 - INFO - epoch:7/50 iteration:0/459 batch loss is :0.0311
2025-07-09 00:56:28 - INFO - epoch:7/50 iteration:5/459 batch loss is :0.0661
2025-07-09 00:56:50 - INFO - epoch:7/50 iteration:10/459 batch loss is :0.1388
2025-07-09 00:57:11 - INFO - epoch:7/50 iteration:15/459 batch loss is :0.1037
2025-07-09 00:57:32 - INFO - epoch:7/50 iteration:20/459 batch loss is :0.1246
2025-07-09 00:57:53 - INFO - epoch:7/50 iteration:25/459 batch loss is :0.1487
2025-07-09 00:58:13 - INFO - epoch:7/50 iteration:30/459 batch loss is :0.1661
2025-07-09 00:58:33 - INFO - epoch:7/50 iteration:35/459 batch loss is :0.2688
2025-07-09 00:58:52 - INFO - epoch:7/50 iteration:40/459 batch loss is :0.1400
2025-07-09 00:59:12 - INFO - epoch:7/50 iteration:45/459 batch loss is :0.0761
2025-07-09 00:59:32 - INFO - epoch:7/50 iteration:50/459 batch loss is :0.0547
2025-07-09 00:59:51 - INFO - epoch:7/50 iteration:55/459 batch loss is :0.1615
2025-07-09 01:00:09 - INFO - epoch:7/50 iteration:60/459 batch loss is :0.1042
2025-07-09 01:00:28 - INFO - epoch:7/50 iteration:65/459 batch loss is :0.1350
2025-07-09 01:00:45 - INFO - epoch:7/50 iteration:70/459 batch loss is :0.0870
2025-07-09 01:01:04 - INFO - epoch:7/50 iteration:75/459 batch loss is :0.1003
2025-07-09 01:01:22 - INFO - epoch:7/50 iteration:80/459 batch loss is :0.0314
2025-07-09 01:01:32 - INFO - Epoch:7/50 Loss is :0.0263
2025-07-09 01:02:14 - INFO - epoch:8/50 iteration:0/459 batch loss is :0.0469
2025-07-09 01:02:35 - INFO - epoch:8/50 iteration:5/459 batch loss is :0.0153
2025-07-09 01:02:57 - INFO - epoch:8/50 iteration:10/459 batch loss is :0.0453
2025-07-09 01:03:19 - INFO - epoch:8/50 iteration:15/459 batch loss is :0.1750
2025-07-09 01:03:41 - INFO - epoch:8/50 iteration:20/459 batch loss is :0.0594
2025-07-09 01:04:02 - INFO - epoch:8/50 iteration:25/459 batch loss is :0.0875
2025-07-09 01:04:23 - INFO - epoch:8/50 iteration:30/459 batch loss is :0.3586
2025-07-09 01:04:45 - INFO - epoch:8/50 iteration:35/459 batch loss is :0.0359
2025-07-09 01:05:05 - INFO - epoch:8/50 iteration:40/459 batch loss is :0.0906
2025-07-09 01:05:26 - INFO - epoch:8/50 iteration:45/459 batch loss is :0.1286
2025-07-09 01:05:46 - INFO - epoch:8/50 iteration:50/459 batch loss is :0.0406
2025-07-09 01:06:05 - INFO - epoch:8/50 iteration:55/459 batch loss is :0.0773
2025-07-09 01:06:24 - INFO - epoch:8/50 iteration:60/459 batch loss is :0.1214
2025-07-09 01:06:42 - INFO - epoch:8/50 iteration:65/459 batch loss is :0.1855
2025-07-09 01:07:00 - INFO - epoch:8/50 iteration:70/459 batch loss is :0.1691
2025-07-09 01:07:17 - INFO - epoch:8/50 iteration:75/459 batch loss is :0.0308
2025-07-09 01:07:36 - INFO - epoch:8/50 iteration:80/459 batch loss is :0.0550
2025-07-09 01:07:46 - INFO - Epoch:8/50 Loss is :0.0268
2025-07-09 01:08:22 - INFO - epoch:9/50 iteration:0/459 batch loss is :0.0471
2025-07-09 01:08:44 - INFO - epoch:9/50 iteration:5/459 batch loss is :0.1088
2025-07-09 01:09:06 - INFO - epoch:9/50 iteration:10/459 batch loss is :0.0586
2025-07-09 01:09:29 - INFO - epoch:9/50 iteration:15/459 batch loss is :0.1841
2025-07-09 01:09:50 - INFO - epoch:9/50 iteration:20/459 batch loss is :0.0875
2025-07-09 01:10:11 - INFO - epoch:9/50 iteration:25/459 batch loss is :0.0725
2025-07-09 01:10:33 - INFO - epoch:9/50 iteration:30/459 batch loss is :0.0626
2025-07-09 01:10:53 - INFO - epoch:9/50 iteration:35/459 batch loss is :0.1140
2025-07-09 01:11:12 - INFO - epoch:9/50 iteration:40/459 batch loss is :0.0441
2025-07-09 01:11:32 - INFO - epoch:9/50 iteration:45/459 batch loss is :0.0960
2025-07-09 01:11:51 - INFO - epoch:9/50 iteration:50/459 batch loss is :0.0896
2025-07-09 01:12:11 - INFO - epoch:9/50 iteration:55/459 batch loss is :0.0577
2025-07-09 01:12:29 - INFO - epoch:9/50 iteration:60/459 batch loss is :0.0190
2025-07-09 01:12:47 - INFO - epoch:9/50 iteration:65/459 batch loss is :0.0255
2025-07-09 01:13:05 - INFO - epoch:9/50 iteration:70/459 batch loss is :0.2183
2025-07-09 01:13:23 - INFO - epoch:9/50 iteration:75/459 batch loss is :0.0716
2025-07-09 01:13:41 - INFO - epoch:9/50 iteration:80/459 batch loss is :0.1632
2025-07-09 01:13:51 - INFO - Epoch:9/50 Loss is :0.0274
2025-07-09 01:14:30 - INFO - epoch:10/50 iteration:0/459 batch loss is :0.0436
2025-07-09 01:14:58 - INFO - epoch:10/50 iteration:5/459 batch loss is :0.1295
2025-07-09 01:15:19 - INFO - epoch:10/50 iteration:10/459 batch loss is :0.6049
2025-07-09 01:15:40 - INFO - epoch:10/50 iteration:15/459 batch loss is :0.0725
2025-07-09 01:16:01 - INFO - epoch:10/50 iteration:20/459 batch loss is :0.3166
2025-07-09 01:16:22 - INFO - epoch:10/50 iteration:25/459 batch loss is :0.0609
2025-07-09 01:16:43 - INFO - epoch:10/50 iteration:30/459 batch loss is :0.2972
2025-07-09 01:17:03 - INFO - epoch:10/50 iteration:35/459 batch loss is :0.0363
2025-07-09 01:17:23 - INFO - epoch:10/50 iteration:40/459 batch loss is :0.1592
2025-07-09 01:17:42 - INFO - epoch:10/50 iteration:45/459 batch loss is :0.0333
2025-07-09 01:18:02 - INFO - epoch:10/50 iteration:50/459 batch loss is :0.0624
2025-07-09 01:18:21 - INFO - epoch:10/50 iteration:55/459 batch loss is :0.0282
2025-07-09 01:18:39 - INFO - epoch:10/50 iteration:60/459 batch loss is :0.0706
2025-07-09 01:18:57 - INFO - epoch:10/50 iteration:65/459 batch loss is :0.0979
2025-07-09 01:19:15 - INFO - epoch:10/50 iteration:70/459 batch loss is :0.1509
2025-07-09 01:19:33 - INFO - epoch:10/50 iteration:75/459 batch loss is :0.2096
2025-07-09 01:19:51 - INFO - epoch:10/50 iteration:80/459 batch loss is :0.5962
2025-07-09 01:20:02 - INFO - Epoch:10/50 Loss is :0.0302
2025-07-09 01:20:42 - INFO - epoch:11/50 iteration:0/459 batch loss is :1.8131
2025-07-09 01:21:03 - INFO - epoch:11/50 iteration:5/459 batch loss is :0.1779
2025-07-09 01:21:25 - INFO - epoch:11/50 iteration:10/459 batch loss is :0.2653
2025-07-09 01:21:46 - INFO - epoch:11/50 iteration:15/459 batch loss is :0.2943
2025-07-09 01:22:07 - INFO - epoch:11/50 iteration:20/459 batch loss is :0.0276
2025-07-09 01:22:28 - INFO - epoch:11/50 iteration:25/459 batch loss is :0.0799
2025-07-09 01:22:48 - INFO - epoch:11/50 iteration:30/459 batch loss is :0.0295
2025-07-09 01:23:08 - INFO - epoch:11/50 iteration:35/459 batch loss is :0.0206
2025-07-09 01:23:29 - INFO - epoch:11/50 iteration:40/459 batch loss is :0.0817
2025-07-09 01:23:49 - INFO - epoch:11/50 iteration:45/459 batch loss is :0.1444
2025-07-09 01:24:09 - INFO - epoch:11/50 iteration:50/459 batch loss is :0.2906
2025-07-09 01:24:29 - INFO - epoch:11/50 iteration:55/459 batch loss is :0.0505
2025-07-09 01:24:47 - INFO - epoch:11/50 iteration:60/459 batch loss is :0.0542
2025-07-09 01:25:05 - INFO - epoch:11/50 iteration:65/459 batch loss is :0.0548
2025-07-09 01:25:23 - INFO - epoch:11/50 iteration:70/459 batch loss is :0.0426
2025-07-09 01:25:40 - INFO - epoch:11/50 iteration:75/459 batch loss is :0.0327
2025-07-09 01:25:58 - INFO - epoch:11/50 iteration:80/459 batch loss is :0.0593
2025-07-09 01:26:09 - INFO - Epoch:11/50 Loss is :0.0288
2025-07-09 01:26:41 - INFO - epoch:12/50 iteration:0/459 batch loss is :0.1079
2025-07-09 01:27:11 - INFO - epoch:12/50 iteration:5/459 batch loss is :0.0583
2025-07-09 01:27:31 - INFO - epoch:12/50 iteration:10/459 batch loss is :0.0704
2025-07-09 01:27:53 - INFO - epoch:12/50 iteration:15/459 batch loss is :0.1149
2025-07-09 01:28:14 - INFO - epoch:12/50 iteration:20/459 batch loss is :0.1313
2025-07-09 01:28:35 - INFO - epoch:12/50 iteration:25/459 batch loss is :0.2079
2025-07-09 01:28:54 - INFO - epoch:12/50 iteration:30/459 batch loss is :0.0335
2025-07-09 01:29:14 - INFO - epoch:12/50 iteration:35/459 batch loss is :0.0446
2025-07-09 01:29:34 - INFO - epoch:12/50 iteration:40/459 batch loss is :0.0511
2025-07-09 01:29:53 - INFO - epoch:12/50 iteration:45/459 batch loss is :0.0717
2025-07-09 01:30:12 - INFO - epoch:12/50 iteration:50/459 batch loss is :0.1320
2025-07-09 01:30:32 - INFO - epoch:12/50 iteration:55/459 batch loss is :0.1328
2025-07-09 01:30:50 - INFO - epoch:12/50 iteration:60/459 batch loss is :0.1859
2025-07-09 01:31:08 - INFO - epoch:12/50 iteration:65/459 batch loss is :0.6598
2025-07-09 01:31:26 - INFO - epoch:12/50 iteration:70/459 batch loss is :0.0193
2025-07-09 01:31:44 - INFO - epoch:12/50 iteration:75/459 batch loss is :0.1321
2025-07-09 01:32:02 - INFO - epoch:12/50 iteration:80/459 batch loss is :0.0413
2025-07-09 01:32:13 - INFO - Epoch:12/50 Loss is :0.0302
2025-07-09 01:32:57 - INFO - epoch:13/50 iteration:0/459 batch loss is :0.1736
2025-07-09 01:33:18 - INFO - epoch:13/50 iteration:5/459 batch loss is :0.0427
2025-07-09 01:33:40 - INFO - epoch:13/50 iteration:10/459 batch loss is :0.1051
2025-07-09 01:34:01 - INFO - epoch:13/50 iteration:15/459 batch loss is :0.1183
2025-07-09 01:34:23 - INFO - epoch:13/50 iteration:20/459 batch loss is :0.1964
2025-07-09 01:34:43 - INFO - epoch:13/50 iteration:25/459 batch loss is :0.3579
2025-07-09 01:35:05 - INFO - epoch:13/50 iteration:30/459 batch loss is :0.2711
2025-07-09 01:35:25 - INFO - epoch:13/50 iteration:35/459 batch loss is :0.1051
2025-07-09 01:35:45 - INFO - epoch:13/50 iteration:40/459 batch loss is :0.2406
2025-07-09 01:36:05 - INFO - epoch:13/50 iteration:45/459 batch loss is :0.0643
2025-07-09 01:36:24 - INFO - epoch:13/50 iteration:50/459 batch loss is :0.0162
2025-07-09 01:36:44 - INFO - epoch:13/50 iteration:55/459 batch loss is :0.0402
2025-07-09 01:37:02 - INFO - epoch:13/50 iteration:60/459 batch loss is :0.3038
2025-07-09 01:37:20 - INFO - epoch:13/50 iteration:65/459 batch loss is :0.0905
2025-07-09 01:37:38 - INFO - epoch:13/50 iteration:70/459 batch loss is :0.0326
2025-07-09 01:37:56 - INFO - epoch:13/50 iteration:75/459 batch loss is :0.3243
2025-07-09 01:38:14 - INFO - epoch:13/50 iteration:80/459 batch loss is :0.1886
2025-07-09 01:38:25 - INFO - Epoch:13/50 Loss is :0.0274
2025-07-09 01:39:01 - INFO - epoch:14/50 iteration:0/459 batch loss is :1.3355
2025-07-09 01:39:23 - INFO - epoch:14/50 iteration:5/459 batch loss is :0.0262
2025-07-09 01:39:44 - INFO - epoch:14/50 iteration:10/459 batch loss is :0.4240
2025-07-09 01:40:06 - INFO - epoch:14/50 iteration:15/459 batch loss is :0.0143
2025-07-09 01:40:27 - INFO - epoch:14/50 iteration:20/459 batch loss is :0.1203
2025-07-09 01:40:48 - INFO - epoch:14/50 iteration:25/459 batch loss is :0.0146
2025-07-09 01:41:08 - INFO - epoch:14/50 iteration:30/459 batch loss is :0.0819
2025-07-09 01:41:28 - INFO - epoch:14/50 iteration:35/459 batch loss is :0.0523
2025-07-09 01:41:47 - INFO - epoch:14/50 iteration:40/459 batch loss is :0.0931
2025-07-09 01:42:07 - INFO - epoch:14/50 iteration:45/459 batch loss is :0.1112
2025-07-09 01:42:26 - INFO - epoch:14/50 iteration:50/459 batch loss is :0.1818
2025-07-09 01:42:45 - INFO - epoch:14/50 iteration:55/459 batch loss is :0.1759
2025-07-09 01:43:03 - INFO - epoch:14/50 iteration:60/459 batch loss is :0.0694
2025-07-09 01:43:21 - INFO - epoch:14/50 iteration:65/459 batch loss is :0.0191
2025-07-09 01:43:39 - INFO - epoch:14/50 iteration:70/459 batch loss is :0.0903
2025-07-09 01:43:57 - INFO - epoch:14/50 iteration:75/459 batch loss is :0.0464
2025-07-09 01:44:15 - INFO - epoch:14/50 iteration:80/459 batch loss is :0.2472
2025-07-09 01:44:26 - INFO - Epoch:14/50 Loss is :0.0277
2025-07-09 01:45:07 - INFO - epoch:15/50 iteration:0/459 batch loss is :0.0729
2025-07-09 01:45:30 - INFO - epoch:15/50 iteration:5/459 batch loss is :0.0558
2025-07-09 01:45:51 - INFO - epoch:15/50 iteration:10/459 batch loss is :0.0586
2025-07-09 01:46:12 - INFO - epoch:15/50 iteration:15/459 batch loss is :0.3498
2025-07-09 01:46:35 - INFO - epoch:15/50 iteration:20/459 batch loss is :0.0436
2025-07-09 01:46:56 - INFO - epoch:15/50 iteration:25/459 batch loss is :0.1253
2025-07-09 01:47:17 - INFO - epoch:15/50 iteration:30/459 batch loss is :0.0164
2025-07-09 01:47:38 - INFO - epoch:15/50 iteration:35/459 batch loss is :0.6858
2025-07-09 01:47:59 - INFO - epoch:15/50 iteration:40/459 batch loss is :1.4879
2025-07-09 01:48:18 - INFO - epoch:15/50 iteration:45/459 batch loss is :0.2896
2025-07-09 01:48:39 - INFO - epoch:15/50 iteration:50/459 batch loss is :0.2965
2025-07-09 01:48:58 - INFO - epoch:15/50 iteration:55/459 batch loss is :0.2511
2025-07-09 01:49:17 - INFO - epoch:15/50 iteration:60/459 batch loss is :0.1684
2025-07-09 01:49:34 - INFO - epoch:15/50 iteration:65/459 batch loss is :0.1570
2025-07-09 01:49:53 - INFO - epoch:15/50 iteration:70/459 batch loss is :0.4081
2025-07-09 01:50:10 - INFO - epoch:15/50 iteration:75/459 batch loss is :0.0407
2025-07-09 01:50:28 - INFO - epoch:15/50 iteration:80/459 batch loss is :0.0251
2025-07-09 01:50:39 - INFO - Epoch:15/50 Loss is :0.0311
2025-07-09 01:51:22 - INFO - epoch:16/50 iteration:0/459 batch loss is :0.0254
2025-07-09 01:51:44 - INFO - epoch:16/50 iteration:5/459 batch loss is :0.1976
2025-07-09 01:52:05 - INFO - epoch:16/50 iteration:10/459 batch loss is :0.0959
2025-07-09 01:52:27 - INFO - epoch:16/50 iteration:15/459 batch loss is :0.0216
2025-07-09 01:52:49 - INFO - epoch:16/50 iteration:20/459 batch loss is :0.1080
2025-07-09 01:53:09 - INFO - epoch:16/50 iteration:25/459 batch loss is :0.1975
2025-07-09 01:53:30 - INFO - epoch:16/50 iteration:30/459 batch loss is :0.0214
2025-07-09 01:53:49 - INFO - epoch:16/50 iteration:35/459 batch loss is :0.3050
2025-07-09 01:54:09 - INFO - epoch:16/50 iteration:40/459 batch loss is :0.0792
2025-07-09 01:54:28 - INFO - epoch:16/50 iteration:45/459 batch loss is :0.0672
2025-07-09 01:54:49 - INFO - epoch:16/50 iteration:50/459 batch loss is :0.5133
2025-07-09 01:55:08 - INFO - epoch:16/50 iteration:55/459 batch loss is :0.1003
2025-07-09 01:55:26 - INFO - epoch:16/50 iteration:60/459 batch loss is :0.0541
2025-07-09 01:55:44 - INFO - epoch:16/50 iteration:65/459 batch loss is :0.0257
2025-07-09 01:56:03 - INFO - epoch:16/50 iteration:70/459 batch loss is :0.3834
2025-07-09 01:56:20 - INFO - epoch:16/50 iteration:75/459 batch loss is :0.0366
2025-07-09 01:56:39 - INFO - epoch:16/50 iteration:80/459 batch loss is :0.1466
2025-07-09 01:56:49 - INFO - Epoch:16/50 Loss is :0.0232
2025-07-09 01:57:29 - INFO - epoch:17/50 iteration:0/459 batch loss is :0.1250
2025-07-09 01:57:51 - INFO - epoch:17/50 iteration:5/459 batch loss is :0.0998
2025-07-09 01:58:13 - INFO - epoch:17/50 iteration:10/459 batch loss is :0.1203
2025-07-09 01:58:35 - INFO - epoch:17/50 iteration:15/459 batch loss is :0.0228
2025-07-09 01:58:56 - INFO - epoch:17/50 iteration:20/459 batch loss is :0.0855
2025-07-09 01:59:16 - INFO - epoch:17/50 iteration:25/459 batch loss is :0.1910
2025-07-09 01:59:36 - INFO - epoch:17/50 iteration:30/459 batch loss is :0.0863
2025-07-09 01:59:56 - INFO - epoch:17/50 iteration:35/459 batch loss is :0.0359
2025-07-09 02:00:16 - INFO - epoch:17/50 iteration:40/459 batch loss is :0.2673
2025-07-09 02:00:35 - INFO - epoch:17/50 iteration:45/459 batch loss is :0.0912
2025-07-09 02:00:55 - INFO - epoch:17/50 iteration:50/459 batch loss is :0.1415
2025-07-09 02:01:14 - INFO - epoch:17/50 iteration:55/459 batch loss is :0.0748
2025-07-09 02:01:33 - INFO - epoch:17/50 iteration:60/459 batch loss is :0.0555
2025-07-09 02:01:51 - INFO - epoch:17/50 iteration:65/459 batch loss is :0.1265
2025-07-09 02:02:08 - INFO - epoch:17/50 iteration:70/459 batch loss is :0.2134
2025-07-09 02:02:27 - INFO - epoch:17/50 iteration:75/459 batch loss is :0.0133
2025-07-09 02:02:45 - INFO - epoch:17/50 iteration:80/459 batch loss is :0.3426
2025-07-09 02:02:55 - INFO - Epoch:17/50 Loss is :0.0292
2025-07-09 02:03:38 - INFO - epoch:18/50 iteration:0/459 batch loss is :0.0257
2025-07-09 02:04:00 - INFO - epoch:18/50 iteration:5/459 batch loss is :0.2581
2025-07-09 02:04:20 - INFO - epoch:18/50 iteration:10/459 batch loss is :0.1178
2025-07-09 02:04:42 - INFO - epoch:18/50 iteration:15/459 batch loss is :0.1778
2025-07-09 02:05:02 - INFO - epoch:18/50 iteration:20/459 batch loss is :0.0292
2025-07-09 02:05:22 - INFO - epoch:18/50 iteration:25/459 batch loss is :0.0890
2025-07-09 02:05:41 - INFO - epoch:18/50 iteration:30/459 batch loss is :0.0575
2025-07-09 02:06:00 - INFO - epoch:18/50 iteration:35/459 batch loss is :0.2353
2025-07-09 02:06:20 - INFO - epoch:18/50 iteration:40/459 batch loss is :0.0713
2025-07-09 02:06:39 - INFO - epoch:18/50 iteration:45/459 batch loss is :0.3644
2025-07-09 02:06:58 - INFO - epoch:18/50 iteration:50/459 batch loss is :0.1795
2025-07-09 02:07:18 - INFO - epoch:18/50 iteration:55/459 batch loss is :0.0363
2025-07-09 02:07:36 - INFO - epoch:18/50 iteration:60/459 batch loss is :0.0169
2025-07-09 02:07:54 - INFO - epoch:18/50 iteration:65/459 batch loss is :0.0375
2025-07-09 02:08:12 - INFO - epoch:18/50 iteration:70/459 batch loss is :0.0808
2025-07-09 02:08:30 - INFO - epoch:18/50 iteration:75/459 batch loss is :0.0779
2025-07-09 02:08:48 - INFO - epoch:18/50 iteration:80/459 batch loss is :0.0509
2025-07-09 02:08:59 - INFO - Epoch:18/50 Loss is :0.0260
2025-07-09 02:09:37 - INFO - epoch:19/50 iteration:0/459 batch loss is :0.0485
2025-07-09 02:10:00 - INFO - epoch:19/50 iteration:5/459 batch loss is :0.0418
2025-07-09 02:10:22 - INFO - epoch:19/50 iteration:10/459 batch loss is :0.3229
2025-07-09 02:10:44 - INFO - epoch:19/50 iteration:15/459 batch loss is :0.0335
2025-07-09 02:11:04 - INFO - epoch:19/50 iteration:20/459 batch loss is :0.1726
2025-07-09 02:11:23 - INFO - epoch:19/50 iteration:25/459 batch loss is :0.1781
2025-07-09 02:11:43 - INFO - epoch:19/50 iteration:30/459 batch loss is :0.1151
2025-07-09 02:12:02 - INFO - epoch:19/50 iteration:35/459 batch loss is :0.0657
2025-07-09 02:12:21 - INFO - epoch:19/50 iteration:40/459 batch loss is :0.0717
2025-07-09 02:12:41 - INFO - epoch:19/50 iteration:45/459 batch loss is :0.1482
2025-07-09 02:13:00 - INFO - epoch:19/50 iteration:50/459 batch loss is :0.1456
2025-07-09 02:13:19 - INFO - epoch:19/50 iteration:55/459 batch loss is :0.0569
2025-07-09 02:13:37 - INFO - epoch:19/50 iteration:60/459 batch loss is :0.0336
2025-07-09 02:13:55 - INFO - epoch:19/50 iteration:65/459 batch loss is :0.1219
2025-07-09 02:14:13 - INFO - epoch:19/50 iteration:70/459 batch loss is :0.1441
2025-07-09 02:14:31 - INFO - epoch:19/50 iteration:75/459 batch loss is :0.0410
2025-07-09 02:14:49 - INFO - epoch:19/50 iteration:80/459 batch loss is :0.0672
2025-07-09 02:15:00 - INFO - Epoch:19/50 Loss is :0.0266
2025-07-09 02:15:45 - INFO - epoch:20/50 iteration:0/459 batch loss is :0.1006
2025-07-09 02:16:06 - INFO - epoch:20/50 iteration:5/459 batch loss is :0.1755
2025-07-09 02:16:28 - INFO - epoch:20/50 iteration:10/459 batch loss is :0.0241
2025-07-09 02:16:49 - INFO - epoch:20/50 iteration:15/459 batch loss is :0.2148
2025-07-09 02:17:10 - INFO - epoch:20/50 iteration:20/459 batch loss is :0.1005
2025-07-09 02:17:31 - INFO - epoch:20/50 iteration:25/459 batch loss is :0.2138
2025-07-09 02:17:52 - INFO - epoch:20/50 iteration:30/459 batch loss is :0.1323
2025-07-09 02:18:12 - INFO - epoch:20/50 iteration:35/459 batch loss is :0.0508
2025-07-09 02:18:33 - INFO - epoch:20/50 iteration:40/459 batch loss is :0.1666
2025-07-09 02:18:53 - INFO - epoch:20/50 iteration:45/459 batch loss is :0.0462
2025-07-09 02:19:13 - INFO - epoch:20/50 iteration:50/459 batch loss is :0.2408
2025-07-09 02:19:32 - INFO - epoch:20/50 iteration:55/459 batch loss is :0.1474
2025-07-09 02:19:51 - INFO - epoch:20/50 iteration:60/459 batch loss is :0.0939
2025-07-09 02:20:09 - INFO - epoch:20/50 iteration:65/459 batch loss is :0.1664
2025-07-09 02:20:27 - INFO - epoch:20/50 iteration:70/459 batch loss is :0.0840
2025-07-09 02:20:45 - INFO - epoch:20/50 iteration:75/459 batch loss is :0.0963
2025-07-09 02:21:03 - INFO - epoch:20/50 iteration:80/459 batch loss is :0.0877
2025-07-09 02:21:13 - INFO - Epoch:20/50 Loss is :0.0280
2025-07-09 02:29:20 - INFO - VAL loss :0.1782
2025-07-09 02:30:03 - INFO - epoch:21/50 iteration:0/459 batch loss is :0.0516
2025-07-09 02:30:24 - INFO - epoch:21/50 iteration:5/459 batch loss is :0.0264
2025-07-09 02:30:45 - INFO - epoch:21/50 iteration:10/459 batch loss is :0.1434
2025-07-09 02:31:06 - INFO - epoch:21/50 iteration:15/459 batch loss is :0.0598
2025-07-09 02:31:28 - INFO - epoch:21/50 iteration:20/459 batch loss is :0.1119
2025-07-09 02:31:49 - INFO - epoch:21/50 iteration:25/459 batch loss is :0.0563
2025-07-09 02:32:11 - INFO - epoch:21/50 iteration:30/459 batch loss is :0.0278
2025-07-09 02:32:32 - INFO - epoch:21/50 iteration:35/459 batch loss is :0.0569
2025-07-09 02:32:53 - INFO - epoch:21/50 iteration:40/459 batch loss is :0.1902
2025-07-09 02:33:13 - INFO - epoch:21/50 iteration:45/459 batch loss is :0.1113
2025-07-09 02:33:33 - INFO - epoch:21/50 iteration:50/459 batch loss is :0.1960
2025-07-09 02:33:52 - INFO - epoch:21/50 iteration:55/459 batch loss is :0.1963
2025-07-09 02:34:11 - INFO - epoch:21/50 iteration:60/459 batch loss is :0.0170
2025-07-09 02:34:29 - INFO - epoch:21/50 iteration:65/459 batch loss is :0.2152
2025-07-09 02:34:47 - INFO - epoch:21/50 iteration:70/459 batch loss is :0.1039
2025-07-09 02:35:04 - INFO - epoch:21/50 iteration:75/459 batch loss is :0.0670
2025-07-09 02:35:23 - INFO - epoch:21/50 iteration:80/459 batch loss is :0.1479
2025-07-09 02:35:33 - INFO - Epoch:21/50 Loss is :0.0277
2025-07-09 02:36:18 - INFO - epoch:22/50 iteration:0/459 batch loss is :0.1324
2025-07-09 02:36:40 - INFO - epoch:22/50 iteration:5/459 batch loss is :0.1831
2025-07-09 02:37:02 - INFO - epoch:22/50 iteration:10/459 batch loss is :0.0556
2025-07-09 02:37:23 - INFO - epoch:22/50 iteration:15/459 batch loss is :1.0798
2025-07-09 02:37:44 - INFO - epoch:22/50 iteration:20/459 batch loss is :0.1190
2025-07-09 02:38:05 - INFO - epoch:22/50 iteration:25/459 batch loss is :0.0682
2025-07-09 02:38:25 - INFO - epoch:22/50 iteration:30/459 batch loss is :0.1472
2025-07-09 02:38:45 - INFO - epoch:22/50 iteration:35/459 batch loss is :0.1002
2025-07-09 02:39:05 - INFO - epoch:22/50 iteration:40/459 batch loss is :0.2079
2025-07-09 02:39:24 - INFO - epoch:22/50 iteration:45/459 batch loss is :0.0752
2025-07-09 02:39:44 - INFO - epoch:22/50 iteration:50/459 batch loss is :0.2959
2025-07-09 02:40:04 - INFO - epoch:22/50 iteration:55/459 batch loss is :0.0171
2025-07-09 02:40:22 - INFO - epoch:22/50 iteration:60/459 batch loss is :0.1246
2025-07-09 02:40:40 - INFO - epoch:22/50 iteration:65/459 batch loss is :0.1138
2025-07-09 02:40:58 - INFO - epoch:22/50 iteration:70/459 batch loss is :0.1645
2025-07-09 02:41:16 - INFO - epoch:22/50 iteration:75/459 batch loss is :0.3250
2025-07-09 02:41:33 - INFO - epoch:22/50 iteration:80/459 batch loss is :0.1617
2025-07-09 02:41:44 - INFO - Epoch:22/50 Loss is :0.0258
2025-07-09 02:42:19 - INFO - epoch:23/50 iteration:0/459 batch loss is :0.0603
2025-07-09 02:42:45 - INFO - epoch:23/50 iteration:5/459 batch loss is :0.0263
2025-07-09 02:43:07 - INFO - epoch:23/50 iteration:10/459 batch loss is :0.0235
2025-07-09 02:43:29 - INFO - epoch:23/50 iteration:15/459 batch loss is :0.1074
2025-07-09 02:43:49 - INFO - epoch:23/50 iteration:20/459 batch loss is :0.0664
2025-07-09 02:44:09 - INFO - epoch:23/50 iteration:25/459 batch loss is :0.1156
2025-07-09 02:44:28 - INFO - epoch:23/50 iteration:30/459 batch loss is :0.0173
2025-07-09 02:44:48 - INFO - epoch:23/50 iteration:35/459 batch loss is :0.0501
2025-07-09 02:45:07 - INFO - epoch:23/50 iteration:40/459 batch loss is :0.0484
2025-07-09 02:45:27 - INFO - epoch:23/50 iteration:45/459 batch loss is :0.7009
2025-07-09 02:45:46 - INFO - epoch:23/50 iteration:50/459 batch loss is :0.0991
2025-07-09 02:46:06 - INFO - epoch:23/50 iteration:55/459 batch loss is :0.1876
2025-07-09 02:46:24 - INFO - epoch:23/50 iteration:60/459 batch loss is :0.2661
2025-07-09 02:46:42 - INFO - epoch:23/50 iteration:65/459 batch loss is :0.1910
2025-07-09 02:47:00 - INFO - epoch:23/50 iteration:70/459 batch loss is :0.2501
2025-07-09 02:47:18 - INFO - epoch:23/50 iteration:75/459 batch loss is :0.1006
2025-07-09 02:47:36 - INFO - epoch:23/50 iteration:80/459 batch loss is :0.0714
2025-07-09 02:47:47 - INFO - Epoch:23/50 Loss is :0.0318
2025-07-09 02:48:29 - INFO - epoch:24/50 iteration:0/459 batch loss is :0.0154
2025-07-09 02:48:51 - INFO - epoch:24/50 iteration:5/459 batch loss is :0.1769
2025-07-09 02:49:12 - INFO - epoch:24/50 iteration:10/459 batch loss is :0.1249
2025-07-09 02:49:33 - INFO - epoch:24/50 iteration:15/459 batch loss is :0.0870
2025-07-09 02:49:55 - INFO - epoch:24/50 iteration:20/459 batch loss is :0.1432
2025-07-09 02:50:16 - INFO - epoch:24/50 iteration:25/459 batch loss is :0.2136
2025-07-09 02:50:37 - INFO - epoch:24/50 iteration:30/459 batch loss is :0.1030
2025-07-09 02:50:57 - INFO - epoch:24/50 iteration:35/459 batch loss is :0.1256
2025-07-09 02:51:17 - INFO - epoch:24/50 iteration:40/459 batch loss is :0.0265
2025-07-09 02:51:37 - INFO - epoch:24/50 iteration:45/459 batch loss is :0.2940
2025-07-09 02:51:56 - INFO - epoch:24/50 iteration:50/459 batch loss is :0.2274
2025-07-09 02:52:16 - INFO - epoch:24/50 iteration:55/459 batch loss is :0.0539
2025-07-09 02:52:34 - INFO - epoch:24/50 iteration:60/459 batch loss is :0.1133
2025-07-09 02:52:52 - INFO - epoch:24/50 iteration:65/459 batch loss is :0.3052
2025-07-09 02:53:10 - INFO - epoch:24/50 iteration:70/459 batch loss is :0.0545
2025-07-09 02:53:28 - INFO - epoch:24/50 iteration:75/459 batch loss is :0.0393
2025-07-09 02:53:46 - INFO - epoch:24/50 iteration:80/459 batch loss is :0.2831
2025-07-09 02:53:57 - INFO - Epoch:24/50 Loss is :0.0233
2025-07-09 02:54:37 - INFO - epoch:25/50 iteration:0/459 batch loss is :0.1429
2025-07-09 02:54:58 - INFO - epoch:25/50 iteration:5/459 batch loss is :0.1167
2025-07-09 02:55:20 - INFO - epoch:25/50 iteration:10/459 batch loss is :0.0348
2025-07-09 02:55:41 - INFO - epoch:25/50 iteration:15/459 batch loss is :0.4151
2025-07-09 02:56:03 - INFO - epoch:25/50 iteration:20/459 batch loss is :0.0392
2025-07-09 02:56:23 - INFO - epoch:25/50 iteration:25/459 batch loss is :0.1336
2025-07-09 02:56:42 - INFO - epoch:25/50 iteration:30/459 batch loss is :0.0256
2025-07-09 02:57:02 - INFO - epoch:25/50 iteration:35/459 batch loss is :0.3109
2025-07-09 02:57:21 - INFO - epoch:25/50 iteration:40/459 batch loss is :0.0563
2025-07-09 02:57:40 - INFO - epoch:25/50 iteration:45/459 batch loss is :0.1385
2025-07-09 02:58:00 - INFO - epoch:25/50 iteration:50/459 batch loss is :0.0218
2025-07-09 02:58:19 - INFO - epoch:25/50 iteration:55/459 batch loss is :0.1710
2025-07-09 02:58:38 - INFO - epoch:25/50 iteration:60/459 batch loss is :0.0614
2025-07-09 02:58:55 - INFO - epoch:25/50 iteration:65/459 batch loss is :0.2527
2025-07-09 02:59:14 - INFO - epoch:25/50 iteration:70/459 batch loss is :0.0147
2025-07-09 02:59:31 - INFO - epoch:25/50 iteration:75/459 batch loss is :0.2117
2025-07-09 02:59:49 - INFO - epoch:25/50 iteration:80/459 batch loss is :0.1894
2025-07-09 03:00:00 - INFO - Epoch:25/50 Loss is :0.0281
2025-07-09 03:00:42 - INFO - epoch:26/50 iteration:0/459 batch loss is :0.1424
2025-07-09 03:01:03 - INFO - epoch:26/50 iteration:5/459 batch loss is :0.0285
2025-07-09 03:01:25 - INFO - epoch:26/50 iteration:10/459 batch loss is :0.2463
2025-07-09 03:01:46 - INFO - epoch:26/50 iteration:15/459 batch loss is :0.1440
2025-07-09 03:02:07 - INFO - epoch:26/50 iteration:20/459 batch loss is :0.0425
2025-07-09 03:02:28 - INFO - epoch:26/50 iteration:25/459 batch loss is :0.0365
2025-07-09 03:02:50 - INFO - epoch:26/50 iteration:30/459 batch loss is :0.1690
2025-07-09 03:03:10 - INFO - epoch:26/50 iteration:35/459 batch loss is :0.0501
2025-07-09 03:03:30 - INFO - epoch:26/50 iteration:40/459 batch loss is :0.0354
2025-07-09 03:03:50 - INFO - epoch:26/50 iteration:45/459 batch loss is :0.1552
2025-07-09 03:04:10 - INFO - epoch:26/50 iteration:50/459 batch loss is :0.0456
2025-07-09 03:04:29 - INFO - epoch:26/50 iteration:55/459 batch loss is :0.1021
2025-07-09 03:04:47 - INFO - epoch:26/50 iteration:60/459 batch loss is :0.1807
2025-07-09 03:05:05 - INFO - epoch:26/50 iteration:65/459 batch loss is :0.1490
2025-07-09 03:05:23 - INFO - epoch:26/50 iteration:70/459 batch loss is :0.1175
2025-07-09 03:05:41 - INFO - epoch:26/50 iteration:75/459 batch loss is :0.0238
2025-07-09 03:05:59 - INFO - epoch:26/50 iteration:80/459 batch loss is :0.2297
2025-07-09 03:06:10 - INFO - Epoch:26/50 Loss is :0.0235
2025-07-09 03:06:48 - INFO - epoch:27/50 iteration:0/459 batch loss is :0.0815
2025-07-09 03:07:09 - INFO - epoch:27/50 iteration:5/459 batch loss is :0.3016
2025-07-09 03:07:30 - INFO - epoch:27/50 iteration:10/459 batch loss is :0.2263
2025-07-09 03:07:52 - INFO - epoch:27/50 iteration:15/459 batch loss is :0.0995
2025-07-09 03:08:14 - INFO - epoch:27/50 iteration:20/459 batch loss is :0.2407
2025-07-09 03:08:35 - INFO - epoch:27/50 iteration:25/459 batch loss is :0.0626
2025-07-09 03:08:55 - INFO - epoch:27/50 iteration:30/459 batch loss is :0.0157
2025-07-09 03:09:15 - INFO - epoch:27/50 iteration:35/459 batch loss is :0.0304
2025-07-09 03:09:35 - INFO - epoch:27/50 iteration:40/459 batch loss is :0.3287
2025-07-09 03:09:55 - INFO - epoch:27/50 iteration:45/459 batch loss is :0.1098
2025-07-09 03:10:15 - INFO - epoch:27/50 iteration:50/459 batch loss is :0.0570
2025-07-09 03:10:34 - INFO - epoch:27/50 iteration:55/459 batch loss is :0.0493
2025-07-09 03:10:53 - INFO - epoch:27/50 iteration:60/459 batch loss is :0.2035
2025-07-09 03:11:11 - INFO - epoch:27/50 iteration:65/459 batch loss is :0.0437
2025-07-09 03:11:29 - INFO - epoch:27/50 iteration:70/459 batch loss is :0.1719
2025-07-09 03:11:47 - INFO - epoch:27/50 iteration:75/459 batch loss is :0.0284
2025-07-09 03:12:05 - INFO - epoch:27/50 iteration:80/459 batch loss is :0.2074
2025-07-09 03:12:16 - INFO - Epoch:27/50 Loss is :0.0300
2025-07-09 03:12:52 - INFO - epoch:28/50 iteration:0/459 batch loss is :0.2057
2025-07-09 03:13:13 - INFO - epoch:28/50 iteration:5/459 batch loss is :0.1492
2025-07-09 03:13:35 - INFO - epoch:28/50 iteration:10/459 batch loss is :0.3225
2025-07-09 03:13:56 - INFO - epoch:28/50 iteration:15/459 batch loss is :0.0729
2025-07-09 03:14:17 - INFO - epoch:28/50 iteration:20/459 batch loss is :0.1367
2025-07-09 03:14:37 - INFO - epoch:28/50 iteration:25/459 batch loss is :0.0484
2025-07-09 03:14:57 - INFO - epoch:28/50 iteration:30/459 batch loss is :0.0962
2025-07-09 03:15:16 - INFO - epoch:28/50 iteration:35/459 batch loss is :0.0622
2025-07-09 03:15:36 - INFO - epoch:28/50 iteration:40/459 batch loss is :0.1789
2025-07-09 03:15:55 - INFO - epoch:28/50 iteration:45/459 batch loss is :0.1101
2025-07-09 03:16:15 - INFO - epoch:28/50 iteration:50/459 batch loss is :0.0244
2025-07-09 03:16:34 - INFO - epoch:28/50 iteration:55/459 batch loss is :0.0378
2025-07-09 03:16:53 - INFO - epoch:28/50 iteration:60/459 batch loss is :0.0192
2025-07-09 03:17:11 - INFO - epoch:28/50 iteration:65/459 batch loss is :0.3863
2025-07-09 03:17:29 - INFO - epoch:28/50 iteration:70/459 batch loss is :0.1401
2025-07-09 03:17:47 - INFO - epoch:28/50 iteration:75/459 batch loss is :0.0416
2025-07-09 03:18:05 - INFO - epoch:28/50 iteration:80/459 batch loss is :0.0252
2025-07-09 03:18:16 - INFO - Epoch:28/50 Loss is :0.0222
2025-07-09 03:19:00 - INFO - epoch:29/50 iteration:0/459 batch loss is :0.1208
2025-07-09 03:19:21 - INFO - epoch:29/50 iteration:5/459 batch loss is :0.0426
2025-07-09 03:19:42 - INFO - epoch:29/50 iteration:10/459 batch loss is :0.0874
2025-07-09 03:20:04 - INFO - epoch:29/50 iteration:15/459 batch loss is :0.0703
2025-07-09 03:20:25 - INFO - epoch:29/50 iteration:20/459 batch loss is :0.2714
2025-07-09 03:20:45 - INFO - epoch:29/50 iteration:25/459 batch loss is :0.2515
2025-07-09 03:21:06 - INFO - epoch:29/50 iteration:30/459 batch loss is :0.0764
2025-07-09 03:21:26 - INFO - epoch:29/50 iteration:35/459 batch loss is :0.1138
2025-07-09 03:21:46 - INFO - epoch:29/50 iteration:40/459 batch loss is :0.0248
2025-07-09 03:22:05 - INFO - epoch:29/50 iteration:45/459 batch loss is :0.0444
2025-07-09 03:22:25 - INFO - epoch:29/50 iteration:50/459 batch loss is :0.0891
2025-07-09 03:22:44 - INFO - epoch:29/50 iteration:55/459 batch loss is :0.1538
2025-07-09 03:23:02 - INFO - epoch:29/50 iteration:60/459 batch loss is :2.0308
2025-07-09 03:23:20 - INFO - epoch:29/50 iteration:65/459 batch loss is :0.0396
2025-07-09 03:23:38 - INFO - epoch:29/50 iteration:70/459 batch loss is :0.0474
2025-07-09 03:23:56 - INFO - epoch:29/50 iteration:75/459 batch loss is :0.0125
2025-07-09 03:24:14 - INFO - epoch:29/50 iteration:80/459 batch loss is :0.1102
2025-07-09 03:24:25 - INFO - Epoch:29/50 Loss is :0.0265
2025-07-09 03:25:07 - INFO - epoch:30/50 iteration:0/459 batch loss is :0.0775
2025-07-09 03:25:28 - INFO - epoch:30/50 iteration:5/459 batch loss is :0.1231
2025-07-09 03:25:49 - INFO - epoch:30/50 iteration:10/459 batch loss is :0.0992
2025-07-09 03:26:10 - INFO - epoch:30/50 iteration:15/459 batch loss is :0.0591
2025-07-09 03:26:31 - INFO - epoch:30/50 iteration:20/459 batch loss is :0.3418
2025-07-09 03:26:50 - INFO - epoch:30/50 iteration:25/459 batch loss is :0.0743
2025-07-09 03:27:10 - INFO - epoch:30/50 iteration:30/459 batch loss is :0.0590
2025-07-09 03:27:29 - INFO - epoch:30/50 iteration:35/459 batch loss is :0.1344
2025-07-09 03:27:49 - INFO - epoch:30/50 iteration:40/459 batch loss is :0.1039
2025-07-09 03:28:08 - INFO - epoch:30/50 iteration:45/459 batch loss is :0.3496
2025-07-09 03:28:28 - INFO - epoch:30/50 iteration:50/459 batch loss is :0.1778
2025-07-09 03:28:47 - INFO - epoch:30/50 iteration:55/459 batch loss is :0.4947
2025-07-09 03:29:05 - INFO - epoch:30/50 iteration:60/459 batch loss is :0.6759
2025-07-09 03:29:22 - INFO - epoch:30/50 iteration:65/459 batch loss is :0.0578
2025-07-09 03:29:41 - INFO - epoch:30/50 iteration:70/459 batch loss is :0.1178
2025-07-09 03:29:58 - INFO - epoch:30/50 iteration:75/459 batch loss is :0.1574
2025-07-09 03:30:16 - INFO - epoch:30/50 iteration:80/459 batch loss is :0.0816
2025-07-09 03:30:27 - INFO - Epoch:30/50 Loss is :0.0250
2025-07-09 03:31:11 - INFO - epoch:31/50 iteration:0/459 batch loss is :0.1712
2025-07-09 03:31:32 - INFO - epoch:31/50 iteration:5/459 batch loss is :0.4503
2025-07-09 03:31:53 - INFO - epoch:31/50 iteration:10/459 batch loss is :0.1136
2025-07-09 03:32:15 - INFO - epoch:31/50 iteration:15/459 batch loss is :0.0444
2025-07-09 03:32:36 - INFO - epoch:31/50 iteration:20/459 batch loss is :0.0113
2025-07-09 03:32:57 - INFO - epoch:31/50 iteration:25/459 batch loss is :0.7623
2025-07-09 03:33:20 - INFO - epoch:31/50 iteration:30/459 batch loss is :0.3393
2025-07-09 03:33:42 - INFO - epoch:31/50 iteration:35/459 batch loss is :0.0677
2025-07-09 03:34:04 - INFO - epoch:31/50 iteration:40/459 batch loss is :0.1702
2025-07-09 03:34:26 - INFO - epoch:31/50 iteration:45/459 batch loss is :0.0392
