2025-07-07 16:39:58 - INFO - ------------------------------------------------------------------------------------------------
2025-07-07 16:39:58 - INFO - starting new training !!!!
2025-07-07 16:39:58 - INFO - ------------------------------------------------------------------------------------------------
2025-07-07 16:39:58 - INFO - Namespace(batch=12, class_dict={'Early AMD': 0, 'Int AMD': 1, 'GA': 2, 'Wet': 3, 'Scar': 4, 'Not AMD': 5}, device=device(type='cuda'), epoch=50, excel_path='excel/vol_annotations_06_03_2025.xlsx', gamma=0.1, json='D:\\AMD-data-visualisation\\jsons\\patient_level\\train_val_split_new_dataset.json', lambda_bce=1.0, lambda_ce=1.0, lambda_hy=4, log_dir='logs/Resnet_medicalnet', lr=2.5e-05, model_path='pretrained\\resnet_34_23dataset.pth', num_classes=6, num_samples_per_epoch=1000, sampling_prob={0: 0.25, 1: 0.05, 2: 0.5}, save_dir='model_parameter_Resnet_medicalnet', save_freq=20, step_size=25, targets_path='targets.npy', weight_bce=tensor([3.9600, 4.9500, 0.5900]), weight_broad=tensor([0.5000, 0.4000, 0.4000, 0.3300, 1.2500, 1.0000]), weight_ce=tensor([1.0000, 0.8000]))
2025-07-07 16:39:58 - INFO - parameters are being saved at :model_parameter_Resnet_medicalnet\71
2025-07-07 16:39:59 - INFO - the wandb run name is : jolly-breeze-92
2025-07-07 16:39:59 - INFO - found 4 gpus!
2025-07-07 16:39:59 - INFO - DataParallel(
  (module): ResNet(
    (conv1): Conv3d(1, 64, kernel_size=(7, 7, 7), stride=(2, 2, 2), padding=(3, 3, 3), bias=False)
    (bn1): BatchNorm3d(64, eps=1e-05, momentum=0.1, affine=True, track_running_stats=True)
    (relu): ReLU(inplace=True)
    (maxpool): MaxPool3d(kernel_size=(3, 3, 3), stride=2, padding=1, dilation=1, ceil_mode=False)
    (layer1): Sequential(
      (0): BasicBlock(
        (conv1): Conv3d(64, 64, kernel_size=(3, 3, 3), stride=(1, 1, 1), padding=(1, 1, 1), bias=False)
        (bn1): BatchNorm3d(64, eps=1e-05, momentum=0.1, affine=True, track_running_stats=True)
        (relu): ReLU(inplace=True)
        (conv2): Conv3d(64, 64, kernel_size=(3, 3, 3), stride=(1, 1, 1), padding=(1, 1, 1), bias=False)
        (bn2): BatchNorm3d(64, eps=1e-05, momentum=0.1, affine=True, track_running_stats=True)
      )
      (1): BasicBlock(
        (conv1): Conv3d(64, 64, kernel_size=(3, 3, 3), stride=(1, 1, 1), padding=(1, 1, 1), bias=False)
        (bn1): BatchNorm3d(64, eps=1e-05, momentum=0.1, affine=True, track_running_stats=True)
        (relu): ReLU(inplace=True)
        (conv2): Conv3d(64, 64, kernel_size=(3, 3, 3), stride=(1, 1, 1), padding=(1, 1, 1), bias=False)
        (bn2): BatchNorm3d(64, eps=1e-05, momentum=0.1, affine=True, track_running_stats=True)
      )
      (2): BasicBlock(
        (conv1): Conv3d(64, 64, kernel_size=(3, 3, 3), stride=(1, 1, 1), padding=(1, 1, 1), bias=False)
        (bn1): BatchNorm3d(64, eps=1e-05, momentum=0.1, affine=True, track_running_stats=True)
        (relu): ReLU(inplace=True)
        (conv2): Conv3d(64, 64, kernel_size=(3, 3, 3), stride=(1, 1, 1), padding=(1, 1, 1), bias=False)
        (bn2): BatchNorm3d(64, eps=1e-05, momentum=0.1, affine=True, track_running_stats=True)
      )
    )
    (layer2): Sequential(
      (0): BasicBlock(
        (conv1): Conv3d(64, 128, kernel_size=(3, 3, 3), stride=(2, 2, 2), padding=(1, 1, 1), bias=False)
        (bn1): BatchNorm3d(128, eps=1e-05, momentum=0.1, affine=True, track_running_stats=True)
        (relu): ReLU(inplace=True)
        (conv2): Conv3d(128, 128, kernel_size=(3, 3, 3), stride=(1, 1, 1), padding=(1, 1, 1), bias=False)
        (bn2): BatchNorm3d(128, eps=1e-05, momentum=0.1, affine=True, track_running_stats=True)
      )
      (1): BasicBlock(
        (conv1): Conv3d(128, 128, kernel_size=(3, 3, 3), stride=(1, 1, 1), padding=(1, 1, 1), bias=False)
        (bn1): BatchNorm3d(128, eps=1e-05, momentum=0.1, affine=True, track_running_stats=True)
        (relu): ReLU(inplace=True)
        (conv2): Conv3d(128, 128, kernel_size=(3, 3, 3), stride=(1, 1, 1), padding=(1, 1, 1), bias=False)
        (bn2): BatchNorm3d(128, eps=1e-05, momentum=0.1, affine=True, track_running_stats=True)
      )
      (2): BasicBlock(
        (conv1): Conv3d(128, 128, kernel_size=(3, 3, 3), stride=(1, 1, 1), padding=(1, 1, 1), bias=False)
        (bn1): BatchNorm3d(128, eps=1e-05, momentum=0.1, affine=True, track_running_stats=True)
        (relu): ReLU(inplace=True)
        (conv2): Conv3d(128, 128, kernel_size=(3, 3, 3), stride=(1, 1, 1), padding=(1, 1, 1), bias=False)
        (bn2): BatchNorm3d(128, eps=1e-05, momentum=0.1, affine=True, track_running_stats=True)
      )
      (3): BasicBlock(
        (conv1): Conv3d(128, 128, kernel_size=(3, 3, 3), stride=(1, 1, 1), padding=(1, 1, 1), bias=False)
        (bn1): BatchNorm3d(128, eps=1e-05, momentum=0.1, affine=True, track_running_stats=True)
        (relu): ReLU(inplace=True)
        (conv2): Conv3d(128, 128, kernel_size=(3, 3, 3), stride=(1, 1, 1), padding=(1, 1, 1), bias=False)
        (bn2): BatchNorm3d(128, eps=1e-05, momentum=0.1, affine=True, track_running_stats=True)
      )
    )
    (layer3): Sequential(
      (0): BasicBlock(
        (conv1): Conv3d(128, 256, kernel_size=(3, 3, 3), stride=(1, 1, 1), padding=(2, 2, 2), dilation=(2, 2, 2), bias=False)
        (bn1): BatchNorm3d(256, eps=1e-05, momentum=0.1, affine=True, track_running_stats=True)
        (relu): ReLU(inplace=True)
        (conv2): Conv3d(256, 256, kernel_size=(3, 3, 3), stride=(1, 1, 1), padding=(2, 2, 2), dilation=(2, 2, 2), bias=False)
        (bn2): BatchNorm3d(256, eps=1e-05, momentum=0.1, affine=True, track_running_stats=True)
      )
      (1): BasicBlock(
        (conv1): Conv3d(256, 256, kernel_size=(3, 3, 3), stride=(1, 1, 1), padding=(2, 2, 2), dilation=(2, 2, 2), bias=False)
        (bn1): BatchNorm3d(256, eps=1e-05, momentum=0.1, affine=True, track_running_stats=True)
        (relu): ReLU(inplace=True)
        (conv2): Conv3d(256, 256, kernel_size=(3, 3, 3), stride=(1, 1, 1), padding=(2, 2, 2), dilation=(2, 2, 2), bias=False)
        (bn2): BatchNorm3d(256, eps=1e-05, momentum=0.1, affine=True, track_running_stats=True)
      )
      (2): BasicBlock(
        (conv1): Conv3d(256, 256, kernel_size=(3, 3, 3), stride=(1, 1, 1), padding=(2, 2, 2), dilation=(2, 2, 2), bias=False)
        (bn1): BatchNorm3d(256, eps=1e-05, momentum=0.1, affine=True, track_running_stats=True)
        (relu): ReLU(inplace=True)
        (conv2): Conv3d(256, 256, kernel_size=(3, 3, 3), stride=(1, 1, 1), padding=(2, 2, 2), dilation=(2, 2, 2), bias=False)
        (bn2): BatchNorm3d(256, eps=1e-05, momentum=0.1, affine=True, track_running_stats=True)
      )
      (3): BasicBlock(
        (conv1): Conv3d(256, 256, kernel_size=(3, 3, 3), stride=(1, 1, 1), padding=(2, 2, 2), dilation=(2, 2, 2), bias=False)
        (bn1): BatchNorm3d(256, eps=1e-05, momentum=0.1, affine=True, track_running_stats=True)
        (relu): ReLU(inplace=True)
        (conv2): Conv3d(256, 256, kernel_size=(3, 3, 3), stride=(1, 1, 1), padding=(2, 2, 2), dilation=(2, 2, 2), bias=False)
        (bn2): BatchNorm3d(256, eps=1e-05, momentum=0.1, affine=True, track_running_stats=True)
      )
      (4): BasicBlock(
        (conv1): Conv3d(256, 256, kernel_size=(3, 3, 3), stride=(1, 1, 1), padding=(2, 2, 2), dilation=(2, 2, 2), bias=False)
        (bn1): BatchNorm3d(256, eps=1e-05, momentum=0.1, affine=True, track_running_stats=True)
        (relu): ReLU(inplace=True)
        (conv2): Conv3d(256, 256, kernel_size=(3, 3, 3), stride=(1, 1, 1), padding=(2, 2, 2), dilation=(2, 2, 2), bias=False)
        (bn2): BatchNorm3d(256, eps=1e-05, momentum=0.1, affine=True, track_running_stats=True)
      )
      (5): BasicBlock(
        (conv1): Conv3d(256, 256, kernel_size=(3, 3, 3), stride=(1, 1, 1), padding=(2, 2, 2), dilation=(2, 2, 2), bias=False)
        (bn1): BatchNorm3d(256, eps=1e-05, momentum=0.1, affine=True, track_running_stats=True)
        (relu): ReLU(inplace=True)
        (conv2): Conv3d(256, 256, kernel_size=(3, 3, 3), stride=(1, 1, 1), padding=(2, 2, 2), dilation=(2, 2, 2), bias=False)
        (bn2): BatchNorm3d(256, eps=1e-05, momentum=0.1, affine=True, track_running_stats=True)
      )
    )
    (layer4): Sequential(
      (0): BasicBlock(
        (conv1): Conv3d(256, 512, kernel_size=(3, 3, 3), stride=(1, 1, 1), padding=(4, 4, 4), dilation=(4, 4, 4), bias=False)
        (bn1): BatchNorm3d(512, eps=1e-05, momentum=0.1, affine=True, track_running_stats=True)
        (relu): ReLU(inplace=True)
        (conv2): Conv3d(512, 512, kernel_size=(3, 3, 3), stride=(1, 1, 1), padding=(4, 4, 4), dilation=(4, 4, 4), bias=False)
        (bn2): BatchNorm3d(512, eps=1e-05, momentum=0.1, affine=True, track_running_stats=True)
      )
      (1): BasicBlock(
        (conv1): Conv3d(512, 512, kernel_size=(3, 3, 3), stride=(1, 1, 1), padding=(4, 4, 4), dilation=(4, 4, 4), bias=False)
        (bn1): BatchNorm3d(512, eps=1e-05, momentum=0.1, affine=True, track_running_stats=True)
        (relu): ReLU(inplace=True)
        (conv2): Conv3d(512, 512, kernel_size=(3, 3, 3), stride=(1, 1, 1), padding=(4, 4, 4), dilation=(4, 4, 4), bias=False)
        (bn2): BatchNorm3d(512, eps=1e-05, momentum=0.1, affine=True, track_running_stats=True)
      )
      (2): BasicBlock(
        (conv1): Conv3d(512, 512, kernel_size=(3, 3, 3), stride=(1, 1, 1), padding=(4, 4, 4), dilation=(4, 4, 4), bias=False)
        (bn1): BatchNorm3d(512, eps=1e-05, momentum=0.1, affine=True, track_running_stats=True)
        (relu): ReLU(inplace=True)
        (conv2): Conv3d(512, 512, kernel_size=(3, 3, 3), stride=(1, 1, 1), padding=(4, 4, 4), dilation=(4, 4, 4), bias=False)
        (bn2): BatchNorm3d(512, eps=1e-05, momentum=0.1, affine=True, track_running_stats=True)
      )
    )
    (GAP): AdaptiveAvgPool3d(output_size=(2, 2, 2))
    (linear): Linear(in_features=4096, out_features=6, bias=True)
  )
)
2025-07-07 16:40:00 - INFO - the missing keys are : 
['module.linear.weight', 'module.linear.bias']
2025-07-07 16:40:00 - INFO - the unexpected keys are :
[]
2025-07-07 16:40:00 - INFO - loaded model parameters from pretrained\resnet_34_23dataset.pth
2025-07-07 16:40:01 - INFO - fold number:0
2025-07-07 16:42:56 - INFO - epoch:0/50 iteration:0/459 batch loss is :4.9709
2025-07-07 16:43:17 - INFO - epoch:0/50 iteration:5/459 batch loss is :4.7362
2025-07-07 16:43:38 - INFO - epoch:0/50 iteration:10/459 batch loss is :3.5515
2025-07-07 16:43:59 - INFO - epoch:0/50 iteration:15/459 batch loss is :5.4102
2025-07-07 16:44:21 - INFO - epoch:0/50 iteration:20/459 batch loss is :5.0407
2025-07-07 16:44:41 - INFO - epoch:0/50 iteration:25/459 batch loss is :3.6938
2025-07-07 16:45:02 - INFO - epoch:0/50 iteration:30/459 batch loss is :3.5582
2025-07-07 16:45:22 - INFO - epoch:0/50 iteration:35/459 batch loss is :3.8113
2025-07-07 16:45:42 - INFO - epoch:0/50 iteration:40/459 batch loss is :3.2354
2025-07-07 16:46:01 - INFO - epoch:0/50 iteration:45/459 batch loss is :3.2242
2025-07-07 16:46:21 - INFO - epoch:0/50 iteration:50/459 batch loss is :3.8440
2025-07-07 16:46:41 - INFO - epoch:0/50 iteration:55/459 batch loss is :3.7761
2025-07-07 16:46:59 - INFO - epoch:0/50 iteration:60/459 batch loss is :3.1550
2025-07-07 16:47:18 - INFO - epoch:0/50 iteration:65/459 batch loss is :3.4593
2025-07-07 16:47:36 - INFO - epoch:0/50 iteration:70/459 batch loss is :2.7605
2025-07-07 16:47:54 - INFO - epoch:0/50 iteration:75/459 batch loss is :3.4819
2025-07-07 16:48:12 - INFO - epoch:0/50 iteration:80/459 batch loss is :4.5482
2025-07-07 16:48:23 - INFO - Epoch:0/50 Loss is :0.7268
2025-07-07 16:58:33 - INFO - VAL loss :3.6272
2025-07-07 16:59:17 - INFO - epoch:1/50 iteration:0/459 batch loss is :4.2608
2025-07-07 16:59:38 - INFO - epoch:1/50 iteration:5/459 batch loss is :3.7151
2025-07-07 17:00:00 - INFO - epoch:1/50 iteration:10/459 batch loss is :3.5756
2025-07-07 17:00:21 - INFO - epoch:1/50 iteration:15/459 batch loss is :3.5069
2025-07-07 17:00:43 - INFO - epoch:1/50 iteration:20/459 batch loss is :4.5321
2025-07-07 17:01:03 - INFO - epoch:1/50 iteration:25/459 batch loss is :3.5227
2025-07-07 17:01:25 - INFO - epoch:1/50 iteration:30/459 batch loss is :4.0371
2025-07-07 17:01:45 - INFO - epoch:1/50 iteration:35/459 batch loss is :3.4566
2025-07-07 17:02:05 - INFO - epoch:1/50 iteration:40/459 batch loss is :3.4154
2025-07-07 17:02:24 - INFO - epoch:1/50 iteration:45/459 batch loss is :4.0643
2025-07-07 17:02:44 - INFO - epoch:1/50 iteration:50/459 batch loss is :3.0601
2025-07-07 17:03:03 - INFO - epoch:1/50 iteration:55/459 batch loss is :4.8542
2025-07-07 17:03:21 - INFO - epoch:1/50 iteration:60/459 batch loss is :4.6118
2025-07-07 17:03:39 - INFO - epoch:1/50 iteration:65/459 batch loss is :2.8326
2025-07-07 17:03:57 - INFO - epoch:1/50 iteration:70/459 batch loss is :3.3830
2025-07-07 17:04:15 - INFO - epoch:1/50 iteration:75/459 batch loss is :3.6505
2025-07-07 17:04:33 - INFO - epoch:1/50 iteration:80/459 batch loss is :3.6923
2025-07-07 17:04:44 - INFO - Epoch:1/50 Loss is :0.6651
2025-07-07 17:05:28 - INFO - epoch:2/50 iteration:0/459 batch loss is :3.6791
2025-07-07 17:05:48 - INFO - epoch:2/50 iteration:5/459 batch loss is :2.1690
2025-07-07 17:06:10 - INFO - epoch:2/50 iteration:10/459 batch loss is :3.2419
2025-07-07 17:06:32 - INFO - epoch:2/50 iteration:15/459 batch loss is :3.9213
2025-07-07 17:06:53 - INFO - epoch:2/50 iteration:20/459 batch loss is :3.8369
2025-07-07 17:07:13 - INFO - epoch:2/50 iteration:25/459 batch loss is :4.0830
2025-07-07 17:07:34 - INFO - epoch:2/50 iteration:30/459 batch loss is :3.0834
2025-07-07 17:07:54 - INFO - epoch:2/50 iteration:35/459 batch loss is :3.4664
2025-07-07 17:08:14 - INFO - epoch:2/50 iteration:40/459 batch loss is :4.1338
2025-07-07 17:08:34 - INFO - epoch:2/50 iteration:45/459 batch loss is :2.5839
2025-07-07 17:08:54 - INFO - epoch:2/50 iteration:50/459 batch loss is :3.8998
2025-07-07 17:09:13 - INFO - epoch:2/50 iteration:55/459 batch loss is :3.5905
2025-07-07 17:09:32 - INFO - epoch:2/50 iteration:60/459 batch loss is :3.9194
2025-07-07 17:09:50 - INFO - epoch:2/50 iteration:65/459 batch loss is :2.7845
2025-07-07 17:10:08 - INFO - epoch:2/50 iteration:70/459 batch loss is :2.9601
2025-07-07 17:10:26 - INFO - epoch:2/50 iteration:75/459 batch loss is :5.5590
2025-07-07 17:10:44 - INFO - epoch:2/50 iteration:80/459 batch loss is :3.4660
2025-07-07 17:10:55 - INFO - Epoch:2/50 Loss is :0.6234
2025-07-07 17:11:34 - INFO - epoch:3/50 iteration:0/459 batch loss is :3.3884
2025-07-07 17:11:56 - INFO - epoch:3/50 iteration:5/459 batch loss is :3.3512
2025-07-07 17:12:18 - INFO - epoch:3/50 iteration:10/459 batch loss is :4.2866
2025-07-07 17:12:40 - INFO - epoch:3/50 iteration:15/459 batch loss is :3.0141
2025-07-07 17:13:01 - INFO - epoch:3/50 iteration:20/459 batch loss is :3.4388
2025-07-07 17:13:21 - INFO - epoch:3/50 iteration:25/459 batch loss is :2.5564
2025-07-07 17:13:41 - INFO - epoch:3/50 iteration:30/459 batch loss is :3.1751
2025-07-07 17:14:01 - INFO - epoch:3/50 iteration:35/459 batch loss is :3.0877
2025-07-07 17:14:20 - INFO - epoch:3/50 iteration:40/459 batch loss is :4.5160
2025-07-07 17:14:40 - INFO - epoch:3/50 iteration:45/459 batch loss is :2.4068
2025-07-07 17:14:59 - INFO - epoch:3/50 iteration:50/459 batch loss is :4.3406
2025-07-07 17:15:18 - INFO - epoch:3/50 iteration:55/459 batch loss is :3.1038
2025-07-07 17:15:37 - INFO - epoch:3/50 iteration:60/459 batch loss is :3.4652
2025-07-07 17:15:54 - INFO - epoch:3/50 iteration:65/459 batch loss is :3.0211
2025-07-07 17:16:13 - INFO - epoch:3/50 iteration:70/459 batch loss is :3.4816
2025-07-07 17:16:30 - INFO - epoch:3/50 iteration:75/459 batch loss is :3.9416
2025-07-07 17:16:49 - INFO - epoch:3/50 iteration:80/459 batch loss is :2.9670
2025-07-07 17:16:59 - INFO - Epoch:3/50 Loss is :0.6432
2025-07-07 17:17:29 - INFO - epoch:4/50 iteration:0/459 batch loss is :3.8183
2025-07-07 17:17:54 - INFO - epoch:4/50 iteration:5/459 batch loss is :3.1654
2025-07-07 17:18:17 - INFO - epoch:4/50 iteration:10/459 batch loss is :2.9800
2025-07-07 17:18:39 - INFO - epoch:4/50 iteration:15/459 batch loss is :5.4239
2025-07-07 17:19:00 - INFO - epoch:4/50 iteration:20/459 batch loss is :3.1577
2025-07-07 17:19:20 - INFO - epoch:4/50 iteration:25/459 batch loss is :3.1607
2025-07-07 17:19:39 - INFO - epoch:4/50 iteration:30/459 batch loss is :4.3226
2025-07-07 17:19:59 - INFO - epoch:4/50 iteration:35/459 batch loss is :4.0841
2025-07-07 17:20:18 - INFO - epoch:4/50 iteration:40/459 batch loss is :4.0583
2025-07-07 17:20:38 - INFO - epoch:4/50 iteration:45/459 batch loss is :2.9265
2025-07-07 17:20:57 - INFO - epoch:4/50 iteration:50/459 batch loss is :2.3838
2025-07-07 17:21:17 - INFO - epoch:4/50 iteration:55/459 batch loss is :4.9088
2025-07-07 17:21:35 - INFO - epoch:4/50 iteration:60/459 batch loss is :3.1731
2025-07-07 17:21:53 - INFO - epoch:4/50 iteration:65/459 batch loss is :4.7522
2025-07-07 17:22:11 - INFO - epoch:4/50 iteration:70/459 batch loss is :4.1576
2025-07-07 17:22:29 - INFO - epoch:4/50 iteration:75/459 batch loss is :3.2821
2025-07-07 17:22:47 - INFO - epoch:4/50 iteration:80/459 batch loss is :2.8601
2025-07-07 17:22:58 - INFO - Epoch:4/50 Loss is :nan
2025-07-07 17:23:40 - INFO - epoch:5/50 iteration:0/459 batch loss is :2.6201
2025-07-07 17:24:01 - INFO - epoch:5/50 iteration:5/459 batch loss is :2.9971
2025-07-07 17:24:23 - INFO - epoch:5/50 iteration:10/459 batch loss is :2.7679
2025-07-07 17:24:45 - INFO - epoch:5/50 iteration:15/459 batch loss is :3.3942
2025-07-07 17:25:06 - INFO - epoch:5/50 iteration:20/459 batch loss is :3.9565
2025-07-07 17:25:26 - INFO - epoch:5/50 iteration:25/459 batch loss is :3.7976
2025-07-07 17:25:47 - INFO - epoch:5/50 iteration:30/459 batch loss is :1.7096
2025-07-07 17:26:06 - INFO - epoch:5/50 iteration:35/459 batch loss is :3.0213
2025-07-07 17:26:26 - INFO - epoch:5/50 iteration:40/459 batch loss is :2.2095
2025-07-07 17:26:45 - INFO - epoch:5/50 iteration:45/459 batch loss is :4.3844
2025-07-07 17:27:05 - INFO - epoch:5/50 iteration:50/459 batch loss is :3.7065
2025-07-07 17:27:24 - INFO - epoch:5/50 iteration:55/459 batch loss is :3.1361
2025-07-07 17:27:42 - INFO - epoch:5/50 iteration:60/459 batch loss is :5.2282
2025-07-07 17:28:00 - INFO - epoch:5/50 iteration:65/459 batch loss is :2.5901
2025-07-07 17:28:18 - INFO - epoch:5/50 iteration:70/459 batch loss is :2.2119
2025-07-07 17:28:36 - INFO - epoch:5/50 iteration:75/459 batch loss is :3.0026
2025-07-07 17:28:54 - INFO - epoch:5/50 iteration:80/459 batch loss is :3.6020
2025-07-07 17:29:04 - INFO - Epoch:5/50 Loss is :0.5861
2025-07-07 17:29:38 - INFO - epoch:6/50 iteration:0/459 batch loss is :2.7141
2025-07-07 17:30:06 - INFO - epoch:6/50 iteration:5/459 batch loss is :2.9961
2025-07-07 17:30:28 - INFO - epoch:6/50 iteration:10/459 batch loss is :2.7649
2025-07-07 17:30:49 - INFO - epoch:6/50 iteration:15/459 batch loss is :3.7809
2025-07-07 17:31:10 - INFO - epoch:6/50 iteration:20/459 batch loss is :2.2594
2025-07-07 17:31:29 - INFO - epoch:6/50 iteration:25/459 batch loss is :2.7343
2025-07-07 17:31:48 - INFO - epoch:6/50 iteration:30/459 batch loss is :3.0728
2025-07-07 17:32:07 - INFO - epoch:6/50 iteration:35/459 batch loss is :3.7686
2025-07-07 17:32:27 - INFO - epoch:6/50 iteration:40/459 batch loss is :2.2001
2025-07-07 17:32:46 - INFO - epoch:6/50 iteration:45/459 batch loss is :3.7379
2025-07-07 17:33:06 - INFO - epoch:6/50 iteration:50/459 batch loss is :2.0019
2025-07-07 17:33:25 - INFO - epoch:6/50 iteration:55/459 batch loss is :5.1606
2025-07-07 17:33:43 - INFO - epoch:6/50 iteration:60/459 batch loss is :3.7609
2025-07-07 17:34:01 - INFO - epoch:6/50 iteration:65/459 batch loss is :3.3881
2025-07-07 17:34:19 - INFO - epoch:6/50 iteration:70/459 batch loss is :4.4216
2025-07-07 17:34:37 - INFO - epoch:6/50 iteration:75/459 batch loss is :4.3529
2025-07-07 17:34:55 - INFO - epoch:6/50 iteration:80/459 batch loss is :3.2833
2025-07-07 17:35:05 - INFO - Epoch:6/50 Loss is :0.6009
2025-07-07 17:35:47 - INFO - epoch:7/50 iteration:0/459 batch loss is :2.4349
2025-07-07 17:36:08 - INFO - epoch:7/50 iteration:5/459 batch loss is :3.3640
2025-07-07 17:36:29 - INFO - epoch:7/50 iteration:10/459 batch loss is :4.2879
2025-07-07 17:36:51 - INFO - epoch:7/50 iteration:15/459 batch loss is :2.6887
2025-07-07 17:37:12 - INFO - epoch:7/50 iteration:20/459 batch loss is :2.5975
2025-07-07 17:37:33 - INFO - epoch:7/50 iteration:25/459 batch loss is :2.7622
2025-07-07 17:37:53 - INFO - epoch:7/50 iteration:30/459 batch loss is :3.2090
2025-07-07 17:38:13 - INFO - epoch:7/50 iteration:35/459 batch loss is :3.1079
2025-07-07 17:38:33 - INFO - epoch:7/50 iteration:40/459 batch loss is :3.3642
2025-07-07 17:38:53 - INFO - epoch:7/50 iteration:45/459 batch loss is :5.2596
2025-07-07 17:39:12 - INFO - epoch:7/50 iteration:50/459 batch loss is :4.4732
2025-07-07 17:39:32 - INFO - epoch:7/50 iteration:55/459 batch loss is :2.6923
2025-07-07 17:39:50 - INFO - epoch:7/50 iteration:60/459 batch loss is :2.9235
2025-07-07 17:40:09 - INFO - epoch:7/50 iteration:65/459 batch loss is :6.8289
2025-07-07 17:40:26 - INFO - epoch:7/50 iteration:70/459 batch loss is :2.9934
2025-07-07 17:40:45 - INFO - epoch:7/50 iteration:75/459 batch loss is :3.7240
2025-07-07 17:41:02 - INFO - epoch:7/50 iteration:80/459 batch loss is :4.0166
2025-07-07 17:41:13 - INFO - Epoch:7/50 Loss is :0.6273
2025-07-07 17:41:52 - INFO - epoch:8/50 iteration:0/459 batch loss is :3.4827
2025-07-07 17:42:13 - INFO - epoch:8/50 iteration:5/459 batch loss is :3.3705
2025-07-07 17:42:34 - INFO - epoch:8/50 iteration:10/459 batch loss is :2.9431
2025-07-07 17:42:56 - INFO - epoch:8/50 iteration:15/459 batch loss is :5.2190
2025-07-07 17:43:17 - INFO - epoch:8/50 iteration:20/459 batch loss is :3.5819
2025-07-07 17:43:37 - INFO - epoch:8/50 iteration:25/459 batch loss is :3.8571
2025-07-07 17:43:56 - INFO - epoch:8/50 iteration:30/459 batch loss is :2.8758
2025-07-07 17:44:16 - INFO - epoch:8/50 iteration:35/459 batch loss is :3.1638
2025-07-07 17:44:35 - INFO - epoch:8/50 iteration:40/459 batch loss is :4.4867
2025-07-07 17:44:54 - INFO - epoch:8/50 iteration:45/459 batch loss is :2.1750
2025-07-07 17:45:14 - INFO - epoch:8/50 iteration:50/459 batch loss is :2.0721
2025-07-07 17:45:33 - INFO - epoch:8/50 iteration:55/459 batch loss is :2.8490
2025-07-07 17:45:51 - INFO - epoch:8/50 iteration:60/459 batch loss is :2.9391
2025-07-07 17:46:09 - INFO - epoch:8/50 iteration:65/459 batch loss is :2.5192
2025-07-07 17:46:27 - INFO - epoch:8/50 iteration:70/459 batch loss is :2.8287
2025-07-07 17:46:45 - INFO - epoch:8/50 iteration:75/459 batch loss is :3.0501
2025-07-07 17:47:03 - INFO - epoch:8/50 iteration:80/459 batch loss is :5.4388
2025-07-07 17:47:13 - INFO - Epoch:8/50 Loss is :0.5846
2025-07-07 17:47:43 - INFO - epoch:9/50 iteration:0/459 batch loss is :5.9707
2025-07-07 17:48:06 - INFO - epoch:9/50 iteration:5/459 batch loss is :1.5386
2025-07-07 17:48:27 - INFO - epoch:9/50 iteration:10/459 batch loss is :4.1390
2025-07-07 17:48:49 - INFO - epoch:9/50 iteration:15/459 batch loss is :4.8134
2025-07-07 17:49:10 - INFO - epoch:9/50 iteration:20/459 batch loss is :4.1032
2025-07-07 17:49:30 - INFO - epoch:9/50 iteration:25/459 batch loss is :4.0748
2025-07-07 17:49:50 - INFO - epoch:9/50 iteration:30/459 batch loss is :4.0937
2025-07-07 17:50:10 - INFO - epoch:9/50 iteration:35/459 batch loss is :2.6196
2025-07-07 17:50:29 - INFO - epoch:9/50 iteration:40/459 batch loss is :3.5406
2025-07-07 17:50:49 - INFO - epoch:9/50 iteration:45/459 batch loss is :3.4087
2025-07-07 17:51:08 - INFO - epoch:9/50 iteration:50/459 batch loss is :5.6113
2025-07-07 17:51:28 - INFO - epoch:9/50 iteration:55/459 batch loss is :4.9232
2025-07-07 17:51:46 - INFO - epoch:9/50 iteration:60/459 batch loss is :2.8207
2025-07-07 17:52:04 - INFO - epoch:9/50 iteration:65/459 batch loss is :2.6663
2025-07-07 17:52:22 - INFO - epoch:9/50 iteration:70/459 batch loss is :4.6210
2025-07-07 17:52:40 - INFO - epoch:9/50 iteration:75/459 batch loss is :2.5503
2025-07-07 17:52:58 - INFO - epoch:9/50 iteration:80/459 batch loss is :3.2471
2025-07-07 17:53:08 - INFO - Epoch:9/50 Loss is :0.6234
2025-07-07 17:53:48 - INFO - epoch:10/50 iteration:0/459 batch loss is :2.5608
2025-07-07 17:54:10 - INFO - epoch:10/50 iteration:5/459 batch loss is :2.8958
2025-07-07 17:54:31 - INFO - epoch:10/50 iteration:10/459 batch loss is :5.7868
2025-07-07 17:54:53 - INFO - epoch:10/50 iteration:15/459 batch loss is :3.1813
2025-07-07 17:55:15 - INFO - epoch:10/50 iteration:20/459 batch loss is :2.5962
2025-07-07 17:55:35 - INFO - epoch:10/50 iteration:25/459 batch loss is :2.3374
2025-07-07 17:55:55 - INFO - epoch:10/50 iteration:30/459 batch loss is :6.0420
2025-07-07 17:56:15 - INFO - epoch:10/50 iteration:35/459 batch loss is :3.3948
2025-07-07 17:56:35 - INFO - epoch:10/50 iteration:40/459 batch loss is :2.1439
2025-07-07 17:56:54 - INFO - epoch:10/50 iteration:45/459 batch loss is :4.4153
2025-07-07 17:57:13 - INFO - epoch:10/50 iteration:50/459 batch loss is :2.0966
2025-07-07 17:57:32 - INFO - epoch:10/50 iteration:55/459 batch loss is :2.1914
2025-07-07 17:57:50 - INFO - epoch:10/50 iteration:60/459 batch loss is :2.6277
2025-07-07 17:58:08 - INFO - epoch:10/50 iteration:65/459 batch loss is :2.4809
2025-07-07 17:58:26 - INFO - epoch:10/50 iteration:70/459 batch loss is :2.1117
2025-07-07 17:58:44 - INFO - epoch:10/50 iteration:75/459 batch loss is :3.4936
2025-07-07 17:59:03 - INFO - epoch:10/50 iteration:80/459 batch loss is :2.4348
2025-07-07 17:59:13 - INFO - Epoch:10/50 Loss is :0.6357
2025-07-07 17:59:53 - INFO - epoch:11/50 iteration:0/459 batch loss is :3.0495
2025-07-07 18:00:16 - INFO - epoch:11/50 iteration:5/459 batch loss is :2.8009
2025-07-07 18:00:38 - INFO - epoch:11/50 iteration:10/459 batch loss is :3.9836
2025-07-07 18:01:00 - INFO - epoch:11/50 iteration:15/459 batch loss is :2.0785
2025-07-07 18:01:20 - INFO - epoch:11/50 iteration:20/459 batch loss is :3.0753
2025-07-07 18:01:40 - INFO - epoch:11/50 iteration:25/459 batch loss is :3.2199
2025-07-07 18:02:00 - INFO - epoch:11/50 iteration:30/459 batch loss is :5.9884
2025-07-07 18:02:19 - INFO - epoch:11/50 iteration:35/459 batch loss is :4.8378
2025-07-07 18:02:39 - INFO - epoch:11/50 iteration:40/459 batch loss is :4.4501
2025-07-07 18:02:58 - INFO - epoch:11/50 iteration:45/459 batch loss is :2.6314
2025-07-07 18:03:18 - INFO - epoch:11/50 iteration:50/459 batch loss is :3.9959
2025-07-07 18:03:37 - INFO - epoch:11/50 iteration:55/459 batch loss is :3.8199
2025-07-07 18:03:55 - INFO - epoch:11/50 iteration:60/459 batch loss is :2.9714
2025-07-07 18:04:14 - INFO - epoch:11/50 iteration:65/459 batch loss is :2.8802
2025-07-07 18:04:32 - INFO - epoch:11/50 iteration:70/459 batch loss is :3.3989
2025-07-07 18:04:50 - INFO - epoch:11/50 iteration:75/459 batch loss is :6.0346
2025-07-07 18:05:08 - INFO - epoch:11/50 iteration:80/459 batch loss is :4.1561
2025-07-07 18:05:18 - INFO - Epoch:11/50 Loss is :0.6653
2025-07-07 18:06:00 - INFO - epoch:12/50 iteration:0/459 batch loss is :3.0095
2025-07-07 18:06:21 - INFO - epoch:12/50 iteration:5/459 batch loss is :4.0403
2025-07-07 18:06:42 - INFO - epoch:12/50 iteration:10/459 batch loss is :2.7928
2025-07-07 18:07:04 - INFO - epoch:12/50 iteration:15/459 batch loss is :3.8209
2025-07-07 18:07:26 - INFO - epoch:12/50 iteration:20/459 batch loss is :2.0860
2025-07-07 18:07:47 - INFO - epoch:12/50 iteration:25/459 batch loss is :3.4982
2025-07-07 18:08:09 - INFO - epoch:12/50 iteration:30/459 batch loss is :2.5003
2025-07-07 18:08:29 - INFO - epoch:12/50 iteration:35/459 batch loss is :2.6175
2025-07-07 18:08:49 - INFO - epoch:12/50 iteration:40/459 batch loss is :2.2844
2025-07-07 18:09:09 - INFO - epoch:12/50 iteration:45/459 batch loss is :2.7542
2025-07-07 18:09:29 - INFO - epoch:12/50 iteration:50/459 batch loss is :4.5713
2025-07-07 18:09:49 - INFO - epoch:12/50 iteration:55/459 batch loss is :3.6615
2025-07-07 18:10:07 - INFO - epoch:12/50 iteration:60/459 batch loss is :4.5357
2025-07-07 18:10:25 - INFO - epoch:12/50 iteration:65/459 batch loss is :6.7824
2025-07-07 18:10:43 - INFO - epoch:12/50 iteration:70/459 batch loss is :2.9405
2025-07-07 18:11:01 - INFO - epoch:12/50 iteration:75/459 batch loss is :3.6263
2025-07-07 18:11:19 - INFO - epoch:12/50 iteration:80/459 batch loss is :3.0560
2025-07-07 18:11:30 - INFO - Epoch:12/50 Loss is :0.6512
2025-07-07 18:12:13 - INFO - epoch:13/50 iteration:0/459 batch loss is :2.7844
2025-07-07 18:12:36 - INFO - epoch:13/50 iteration:5/459 batch loss is :2.0443
2025-07-07 18:12:57 - INFO - epoch:13/50 iteration:10/459 batch loss is :3.1933
2025-07-07 18:13:19 - INFO - epoch:13/50 iteration:15/459 batch loss is :3.6200
2025-07-07 18:13:39 - INFO - epoch:13/50 iteration:20/459 batch loss is :2.8548
2025-07-07 18:13:59 - INFO - epoch:13/50 iteration:25/459 batch loss is :2.1323
2025-07-07 18:14:19 - INFO - epoch:13/50 iteration:30/459 batch loss is :4.5743
2025-07-07 18:14:38 - INFO - epoch:13/50 iteration:35/459 batch loss is :4.3767
2025-07-07 18:14:58 - INFO - epoch:13/50 iteration:40/459 batch loss is :7.3389
2025-07-07 18:15:17 - INFO - epoch:13/50 iteration:45/459 batch loss is :1.7925
2025-07-07 18:15:37 - INFO - epoch:13/50 iteration:50/459 batch loss is :4.6889
2025-07-07 18:15:56 - INFO - epoch:13/50 iteration:55/459 batch loss is :3.3613
2025-07-07 18:16:15 - INFO - epoch:13/50 iteration:60/459 batch loss is :1.7744
2025-07-07 18:16:33 - INFO - epoch:13/50 iteration:65/459 batch loss is :3.7176
2025-07-07 18:16:51 - INFO - epoch:13/50 iteration:70/459 batch loss is :5.5405
2025-07-07 18:17:09 - INFO - epoch:13/50 iteration:75/459 batch loss is :4.0722
2025-07-07 18:17:27 - INFO - epoch:13/50 iteration:80/459 batch loss is :5.9356
2025-07-07 18:17:37 - INFO - Epoch:13/50 Loss is :0.6543
2025-07-07 18:18:17 - INFO - epoch:14/50 iteration:0/459 batch loss is :3.2544
2025-07-07 18:18:40 - INFO - epoch:14/50 iteration:5/459 batch loss is :3.9176
2025-07-07 18:19:01 - INFO - epoch:14/50 iteration:10/459 batch loss is :4.5831
2025-07-07 18:19:22 - INFO - epoch:14/50 iteration:15/459 batch loss is :3.8661
2025-07-07 18:19:42 - INFO - epoch:14/50 iteration:20/459 batch loss is :2.8053
2025-07-07 18:20:02 - INFO - epoch:14/50 iteration:25/459 batch loss is :2.3181
2025-07-07 18:20:21 - INFO - epoch:14/50 iteration:30/459 batch loss is :3.3152
2025-07-07 18:20:41 - INFO - epoch:14/50 iteration:35/459 batch loss is :2.1631
2025-07-07 18:21:00 - INFO - epoch:14/50 iteration:40/459 batch loss is :2.8857
2025-07-07 18:21:21 - INFO - epoch:14/50 iteration:45/459 batch loss is :5.2122
2025-07-07 18:21:40 - INFO - epoch:14/50 iteration:50/459 batch loss is :2.3838
2025-07-07 18:21:59 - INFO - epoch:14/50 iteration:55/459 batch loss is :3.3619
2025-07-07 18:22:17 - INFO - epoch:14/50 iteration:60/459 batch loss is :2.9095
2025-07-07 18:22:36 - INFO - epoch:14/50 iteration:65/459 batch loss is :3.0180
2025-07-07 18:22:53 - INFO - epoch:14/50 iteration:70/459 batch loss is :2.6610
2025-07-07 18:23:11 - INFO - epoch:14/50 iteration:75/459 batch loss is :3.5022
2025-07-07 18:23:29 - INFO - epoch:14/50 iteration:80/459 batch loss is :3.9399
2025-07-07 18:23:40 - INFO - Epoch:14/50 Loss is :0.6105
2025-07-07 18:24:19 - INFO - epoch:15/50 iteration:0/459 batch loss is :2.3666
2025-07-07 18:24:43 - INFO - epoch:15/50 iteration:5/459 batch loss is :1.1966
2025-07-07 18:25:04 - INFO - epoch:15/50 iteration:10/459 batch loss is :3.5156
2025-07-07 18:25:26 - INFO - epoch:15/50 iteration:15/459 batch loss is :3.0831
2025-07-07 18:25:47 - INFO - epoch:15/50 iteration:20/459 batch loss is :2.2162
2025-07-07 18:26:07 - INFO - epoch:15/50 iteration:25/459 batch loss is :4.7037
2025-07-07 18:26:28 - INFO - epoch:15/50 iteration:30/459 batch loss is :2.5256
2025-07-07 18:26:48 - INFO - epoch:15/50 iteration:35/459 batch loss is :4.5570
2025-07-07 18:27:08 - INFO - epoch:15/50 iteration:40/459 batch loss is :2.7888
2025-07-07 18:27:27 - INFO - epoch:15/50 iteration:45/459 batch loss is :2.8169
2025-07-07 18:27:46 - INFO - epoch:15/50 iteration:50/459 batch loss is :4.3399
2025-07-07 18:28:06 - INFO - epoch:15/50 iteration:55/459 batch loss is :3.8180
2025-07-07 18:28:24 - INFO - epoch:15/50 iteration:60/459 batch loss is :2.3111
2025-07-07 18:28:42 - INFO - epoch:15/50 iteration:65/459 batch loss is :4.2852
2025-07-07 18:29:00 - INFO - epoch:15/50 iteration:70/459 batch loss is :4.8215
2025-07-07 18:29:18 - INFO - epoch:15/50 iteration:75/459 batch loss is :3.2761
2025-07-07 18:29:36 - INFO - epoch:15/50 iteration:80/459 batch loss is :2.8298
2025-07-07 18:29:47 - INFO - Epoch:15/50 Loss is :nan
2025-07-07 18:30:28 - INFO - epoch:16/50 iteration:0/459 batch loss is :3.4557
2025-07-07 18:30:49 - INFO - epoch:16/50 iteration:5/459 batch loss is :4.0937
2025-07-07 18:31:11 - INFO - epoch:16/50 iteration:10/459 batch loss is :5.1911
2025-07-07 18:31:31 - INFO - epoch:16/50 iteration:15/459 batch loss is :6.1325
2025-07-07 18:31:52 - INFO - epoch:16/50 iteration:20/459 batch loss is :3.6441
2025-07-07 18:32:12 - INFO - epoch:16/50 iteration:25/459 batch loss is :5.2078
2025-07-07 18:32:31 - INFO - epoch:16/50 iteration:30/459 batch loss is :3.2899
2025-07-07 18:32:50 - INFO - epoch:16/50 iteration:35/459 batch loss is :3.1511
2025-07-07 18:33:10 - INFO - epoch:16/50 iteration:40/459 batch loss is :4.1093
2025-07-07 18:33:29 - INFO - epoch:16/50 iteration:45/459 batch loss is :2.3932
2025-07-07 18:33:49 - INFO - epoch:16/50 iteration:50/459 batch loss is :3.9156
2025-07-07 18:34:08 - INFO - epoch:16/50 iteration:55/459 batch loss is :6.0567
2025-07-07 18:34:26 - INFO - epoch:16/50 iteration:60/459 batch loss is :6.5291
2025-07-07 18:34:44 - INFO - epoch:16/50 iteration:65/459 batch loss is :3.2037
2025-07-07 18:35:02 - INFO - epoch:16/50 iteration:70/459 batch loss is :4.5594
2025-07-07 18:35:20 - INFO - epoch:16/50 iteration:75/459 batch loss is :4.3490
2025-07-07 18:35:38 - INFO - epoch:16/50 iteration:80/459 batch loss is :3.8357
2025-07-07 18:35:48 - INFO - Epoch:16/50 Loss is :0.6656
2025-07-07 18:36:31 - INFO - epoch:17/50 iteration:0/459 batch loss is :3.7952
2025-07-07 18:36:53 - INFO - epoch:17/50 iteration:5/459 batch loss is :3.1251
2025-07-07 18:37:14 - INFO - epoch:17/50 iteration:10/459 batch loss is :5.7370
2025-07-07 18:37:35 - INFO - epoch:17/50 iteration:15/459 batch loss is :3.6776
2025-07-07 18:37:56 - INFO - epoch:17/50 iteration:20/459 batch loss is :3.5506
2025-07-07 18:38:17 - INFO - epoch:17/50 iteration:25/459 batch loss is :4.5264
2025-07-07 18:38:38 - INFO - epoch:17/50 iteration:30/459 batch loss is :2.7327
2025-07-07 18:38:58 - INFO - epoch:17/50 iteration:35/459 batch loss is :6.2538
2025-07-07 18:39:17 - INFO - epoch:17/50 iteration:40/459 batch loss is :2.2903
2025-07-07 18:39:37 - INFO - epoch:17/50 iteration:45/459 batch loss is :3.2985
2025-07-07 18:39:57 - INFO - epoch:17/50 iteration:50/459 batch loss is :3.4305
2025-07-07 18:40:16 - INFO - epoch:17/50 iteration:55/459 batch loss is :2.8390
2025-07-07 18:40:34 - INFO - epoch:17/50 iteration:60/459 batch loss is :2.1245
2025-07-07 18:40:52 - INFO - epoch:17/50 iteration:65/459 batch loss is :5.1623
2025-07-07 18:41:10 - INFO - epoch:17/50 iteration:70/459 batch loss is :4.5340
2025-07-07 18:41:29 - INFO - epoch:17/50 iteration:75/459 batch loss is :6.5696
2025-07-07 18:41:47 - INFO - epoch:17/50 iteration:80/459 batch loss is :5.3800
2025-07-07 18:41:57 - INFO - Epoch:17/50 Loss is :0.6934
2025-07-07 18:42:32 - INFO - epoch:18/50 iteration:0/459 batch loss is :2.9186
2025-07-07 18:42:53 - INFO - epoch:18/50 iteration:5/459 batch loss is :3.7012
2025-07-07 18:43:15 - INFO - epoch:18/50 iteration:10/459 batch loss is :3.3197
2025-07-07 18:43:37 - INFO - epoch:18/50 iteration:15/459 batch loss is :2.9139
2025-07-07 18:43:59 - INFO - epoch:18/50 iteration:20/459 batch loss is :2.8667
2025-07-07 18:44:19 - INFO - epoch:18/50 iteration:25/459 batch loss is :3.5219
2025-07-07 18:44:39 - INFO - epoch:18/50 iteration:30/459 batch loss is :2.6272
2025-07-07 18:44:58 - INFO - epoch:18/50 iteration:35/459 batch loss is :2.1877
2025-07-07 18:45:18 - INFO - epoch:18/50 iteration:40/459 batch loss is :2.1433
2025-07-07 18:45:37 - INFO - epoch:18/50 iteration:45/459 batch loss is :2.0606
2025-07-07 18:45:57 - INFO - epoch:18/50 iteration:50/459 batch loss is :3.1162
2025-07-07 18:46:16 - INFO - epoch:18/50 iteration:55/459 batch loss is :5.4986
2025-07-07 18:46:34 - INFO - epoch:18/50 iteration:60/459 batch loss is :5.6435
2025-07-07 18:46:52 - INFO - epoch:18/50 iteration:65/459 batch loss is :2.6460
2025-07-07 18:47:10 - INFO - epoch:18/50 iteration:70/459 batch loss is :3.8532
2025-07-07 18:47:27 - INFO - epoch:18/50 iteration:75/459 batch loss is :3.4819
2025-07-07 18:47:46 - INFO - epoch:18/50 iteration:80/459 batch loss is :2.8321
2025-07-07 18:47:56 - INFO - Epoch:18/50 Loss is :0.6517
2025-07-07 18:48:39 - INFO - epoch:19/50 iteration:0/459 batch loss is :3.3872
2025-07-07 18:49:01 - INFO - epoch:19/50 iteration:5/459 batch loss is :3.6703
2025-07-07 18:49:21 - INFO - epoch:19/50 iteration:10/459 batch loss is :3.4297
2025-07-07 18:49:42 - INFO - epoch:19/50 iteration:15/459 batch loss is :3.4090
2025-07-07 18:50:02 - INFO - epoch:19/50 iteration:20/459 batch loss is :3.4893
2025-07-07 18:50:22 - INFO - epoch:19/50 iteration:25/459 batch loss is :5.0309
2025-07-07 18:50:42 - INFO - epoch:19/50 iteration:30/459 batch loss is :3.4005
2025-07-07 18:51:02 - INFO - epoch:19/50 iteration:35/459 batch loss is :2.8361
2025-07-07 18:51:21 - INFO - epoch:19/50 iteration:40/459 batch loss is :1.9327
2025-07-07 18:51:41 - INFO - epoch:19/50 iteration:45/459 batch loss is :3.6240
2025-07-07 18:52:00 - INFO - epoch:19/50 iteration:50/459 batch loss is :3.1960
2025-07-07 18:52:20 - INFO - epoch:19/50 iteration:55/459 batch loss is :2.8138
2025-07-07 18:52:38 - INFO - epoch:19/50 iteration:60/459 batch loss is :4.2596
2025-07-07 18:52:56 - INFO - epoch:19/50 iteration:65/459 batch loss is :2.9746
2025-07-07 18:53:14 - INFO - epoch:19/50 iteration:70/459 batch loss is :4.2109
2025-07-07 18:53:32 - INFO - epoch:19/50 iteration:75/459 batch loss is :2.3719
2025-07-07 18:53:50 - INFO - epoch:19/50 iteration:80/459 batch loss is :3.0939
2025-07-07 18:54:00 - INFO - Epoch:19/50 Loss is :0.6270
2025-07-07 18:54:42 - INFO - epoch:20/50 iteration:0/459 batch loss is :2.8445
2025-07-07 18:55:03 - INFO - epoch:20/50 iteration:5/459 batch loss is :1.9028
2025-07-07 18:55:24 - INFO - epoch:20/50 iteration:10/459 batch loss is :3.4812
2025-07-07 18:55:46 - INFO - epoch:20/50 iteration:15/459 batch loss is :2.6719
2025-07-07 18:56:07 - INFO - epoch:20/50 iteration:20/459 batch loss is :3.6190
2025-07-07 18:56:27 - INFO - epoch:20/50 iteration:25/459 batch loss is :2.4911
2025-07-07 18:56:47 - INFO - epoch:20/50 iteration:30/459 batch loss is :2.5386
2025-07-07 18:57:07 - INFO - epoch:20/50 iteration:35/459 batch loss is :4.8894
2025-07-07 18:57:27 - INFO - epoch:20/50 iteration:40/459 batch loss is :2.8422
2025-07-07 18:57:46 - INFO - epoch:20/50 iteration:45/459 batch loss is :3.6166
2025-07-07 18:58:06 - INFO - epoch:20/50 iteration:50/459 batch loss is :4.8934
2025-07-07 18:58:25 - INFO - epoch:20/50 iteration:55/459 batch loss is :3.3794
2025-07-07 18:58:43 - INFO - epoch:20/50 iteration:60/459 batch loss is :2.8568
2025-07-07 18:59:01 - INFO - epoch:20/50 iteration:65/459 batch loss is :4.4532
2025-07-07 18:59:19 - INFO - epoch:20/50 iteration:70/459 batch loss is :6.8947
2025-07-07 18:59:37 - INFO - epoch:20/50 iteration:75/459 batch loss is :2.9718
2025-07-07 18:59:55 - INFO - epoch:20/50 iteration:80/459 batch loss is :5.2895
2025-07-07 19:00:06 - INFO - Epoch:20/50 Loss is :0.6459
2025-07-07 19:07:37 - INFO - VAL loss :9.1583
2025-07-07 19:08:23 - INFO - epoch:21/50 iteration:0/459 batch loss is :2.6966
2025-07-07 19:08:45 - INFO - epoch:21/50 iteration:5/459 batch loss is :2.7445
2025-07-07 19:09:06 - INFO - epoch:21/50 iteration:10/459 batch loss is :6.5497
2025-07-07 19:09:27 - INFO - epoch:21/50 iteration:15/459 batch loss is :4.4680
2025-07-07 19:09:49 - INFO - epoch:21/50 iteration:20/459 batch loss is :3.5725
2025-07-07 19:10:09 - INFO - epoch:21/50 iteration:25/459 batch loss is :3.7912
2025-07-07 19:10:30 - INFO - epoch:21/50 iteration:30/459 batch loss is :1.9501
2025-07-07 19:10:50 - INFO - epoch:21/50 iteration:35/459 batch loss is :5.6039
2025-07-07 19:11:11 - INFO - epoch:21/50 iteration:40/459 batch loss is :2.4235
2025-07-07 19:11:30 - INFO - epoch:21/50 iteration:45/459 batch loss is :2.3375
2025-07-07 19:11:50 - INFO - epoch:21/50 iteration:50/459 batch loss is :2.3798
2025-07-07 19:12:09 - INFO - epoch:21/50 iteration:55/459 batch loss is :3.0587
2025-07-07 19:12:27 - INFO - epoch:21/50 iteration:60/459 batch loss is :2.6578
2025-07-07 19:12:45 - INFO - epoch:21/50 iteration:65/459 batch loss is :4.7148
2025-07-07 19:13:03 - INFO - epoch:21/50 iteration:70/459 batch loss is :2.7902
2025-07-07 19:13:21 - INFO - epoch:21/50 iteration:75/459 batch loss is :5.2988
2025-07-07 19:13:39 - INFO - epoch:21/50 iteration:80/459 batch loss is :4.0615
2025-07-07 19:13:49 - INFO - Epoch:21/50 Loss is :0.6310
2025-07-07 19:14:29 - INFO - epoch:22/50 iteration:0/459 batch loss is :2.5396
2025-07-07 19:14:51 - INFO - epoch:22/50 iteration:5/459 batch loss is :4.0526
2025-07-07 19:15:12 - INFO - epoch:22/50 iteration:10/459 batch loss is :4.0154
2025-07-07 19:15:34 - INFO - epoch:22/50 iteration:15/459 batch loss is :2.6024
2025-07-07 19:15:55 - INFO - epoch:22/50 iteration:20/459 batch loss is :3.9779
2025-07-07 19:16:15 - INFO - epoch:22/50 iteration:25/459 batch loss is :3.4906
2025-07-07 19:16:35 - INFO - epoch:22/50 iteration:30/459 batch loss is :3.6868
2025-07-07 19:16:55 - INFO - epoch:22/50 iteration:35/459 batch loss is :3.2801
2025-07-07 19:17:14 - INFO - epoch:22/50 iteration:40/459 batch loss is :3.1880
2025-07-07 19:17:33 - INFO - epoch:22/50 iteration:45/459 batch loss is :5.5032
2025-07-07 19:17:52 - INFO - epoch:22/50 iteration:50/459 batch loss is :4.8084
2025-07-07 19:18:12 - INFO - epoch:22/50 iteration:55/459 batch loss is :4.4663
2025-07-07 19:18:30 - INFO - epoch:22/50 iteration:60/459 batch loss is :4.2949
2025-07-07 19:18:48 - INFO - epoch:22/50 iteration:65/459 batch loss is :3.2825
2025-07-07 19:19:06 - INFO - epoch:22/50 iteration:70/459 batch loss is :3.5551
2025-07-07 19:19:24 - INFO - epoch:22/50 iteration:75/459 batch loss is :5.3411
2025-07-07 19:19:42 - INFO - epoch:22/50 iteration:80/459 batch loss is :3.7518
2025-07-07 19:19:53 - INFO - Epoch:22/50 Loss is :0.6797
2025-07-07 19:20:35 - INFO - epoch:23/50 iteration:0/459 batch loss is :3.0143
2025-07-07 19:20:56 - INFO - epoch:23/50 iteration:5/459 batch loss is :3.9367
2025-07-07 19:21:17 - INFO - epoch:23/50 iteration:10/459 batch loss is :3.0998
2025-07-07 19:21:37 - INFO - epoch:23/50 iteration:15/459 batch loss is :2.6983
2025-07-07 19:21:59 - INFO - epoch:23/50 iteration:20/459 batch loss is :5.9520
2025-07-07 19:22:19 - INFO - epoch:23/50 iteration:25/459 batch loss is :2.3281
2025-07-07 19:22:40 - INFO - epoch:23/50 iteration:30/459 batch loss is :5.0418
2025-07-07 19:23:00 - INFO - epoch:23/50 iteration:35/459 batch loss is :2.3950
2025-07-07 19:23:21 - INFO - epoch:23/50 iteration:40/459 batch loss is :3.0463
2025-07-07 19:23:40 - INFO - epoch:23/50 iteration:45/459 batch loss is :3.5586
2025-07-07 19:24:00 - INFO - epoch:23/50 iteration:50/459 batch loss is :4.1212
2025-07-07 19:24:19 - INFO - epoch:23/50 iteration:55/459 batch loss is :2.5757
2025-07-07 19:24:37 - INFO - epoch:23/50 iteration:60/459 batch loss is :2.3632
2025-07-07 19:24:55 - INFO - epoch:23/50 iteration:65/459 batch loss is :3.5818
2025-07-07 19:25:13 - INFO - epoch:23/50 iteration:70/459 batch loss is :2.5100
2025-07-07 19:25:31 - INFO - epoch:23/50 iteration:75/459 batch loss is :4.8316
2025-07-07 19:25:49 - INFO - epoch:23/50 iteration:80/459 batch loss is :5.7314
2025-07-07 19:25:59 - INFO - Epoch:23/50 Loss is :0.6357
2025-07-07 19:26:37 - INFO - epoch:24/50 iteration:0/459 batch loss is :3.0663
2025-07-07 19:27:01 - INFO - epoch:24/50 iteration:5/459 batch loss is :3.0236
2025-07-07 19:27:23 - INFO - epoch:24/50 iteration:10/459 batch loss is :1.8910
2025-07-07 19:27:44 - INFO - epoch:24/50 iteration:15/459 batch loss is :2.8584
2025-07-07 19:28:05 - INFO - epoch:24/50 iteration:20/459 batch loss is :2.7994
2025-07-07 19:28:25 - INFO - epoch:24/50 iteration:25/459 batch loss is :4.1843
2025-07-07 19:28:45 - INFO - epoch:24/50 iteration:30/459 batch loss is :2.5561
2025-07-07 19:29:05 - INFO - epoch:24/50 iteration:35/459 batch loss is :4.1732
2025-07-07 19:29:24 - INFO - epoch:24/50 iteration:40/459 batch loss is :2.6238
2025-07-07 19:29:43 - INFO - epoch:24/50 iteration:45/459 batch loss is :4.5341
2025-07-07 19:30:03 - INFO - epoch:24/50 iteration:50/459 batch loss is :3.9531
2025-07-07 19:30:22 - INFO - epoch:24/50 iteration:55/459 batch loss is :4.1511
2025-07-07 19:30:40 - INFO - epoch:24/50 iteration:60/459 batch loss is :2.7250
2025-07-07 19:30:58 - INFO - epoch:24/50 iteration:65/459 batch loss is :5.4482
2025-07-07 19:31:16 - INFO - epoch:24/50 iteration:70/459 batch loss is :7.2478
2025-07-07 19:31:34 - INFO - epoch:24/50 iteration:75/459 batch loss is :5.3184
2025-07-07 19:31:52 - INFO - epoch:24/50 iteration:80/459 batch loss is :4.6526
2025-07-07 19:32:03 - INFO - Epoch:24/50 Loss is :0.7165
2025-07-07 19:32:32 - INFO - epoch:25/50 iteration:0/459 batch loss is :3.5199
2025-07-07 19:33:00 - INFO - epoch:25/50 iteration:5/459 batch loss is :5.9711
2025-07-07 19:33:22 - INFO - epoch:25/50 iteration:10/459 batch loss is :3.6833
2025-07-07 19:33:43 - INFO - epoch:25/50 iteration:15/459 batch loss is :3.4381
2025-07-07 19:34:03 - INFO - epoch:25/50 iteration:20/459 batch loss is :3.5564
2025-07-07 19:34:24 - INFO - epoch:25/50 iteration:25/459 batch loss is :4.9752
2025-07-07 19:34:43 - INFO - epoch:25/50 iteration:30/459 batch loss is :4.1044
2025-07-07 19:35:02 - INFO - epoch:25/50 iteration:35/459 batch loss is :4.2322
2025-07-07 19:35:22 - INFO - epoch:25/50 iteration:40/459 batch loss is :3.8334
2025-07-07 19:35:41 - INFO - epoch:25/50 iteration:45/459 batch loss is :3.6006
2025-07-07 19:36:01 - INFO - epoch:25/50 iteration:50/459 batch loss is :3.3922
2025-07-07 19:36:20 - INFO - epoch:25/50 iteration:55/459 batch loss is :3.9301
2025-07-07 19:36:38 - INFO - epoch:25/50 iteration:60/459 batch loss is :1.9484
2025-07-07 19:36:56 - INFO - epoch:25/50 iteration:65/459 batch loss is :3.8050
2025-07-07 19:37:14 - INFO - epoch:25/50 iteration:70/459 batch loss is :2.0958
2025-07-07 19:37:32 - INFO - epoch:25/50 iteration:75/459 batch loss is :4.4383
2025-07-07 19:37:50 - INFO - epoch:25/50 iteration:80/459 batch loss is :3.6592
2025-07-07 19:38:01 - INFO - Epoch:25/50 Loss is :0.6819
2025-07-07 19:38:45 - INFO - epoch:26/50 iteration:0/459 batch loss is :3.8956
2025-07-07 19:39:06 - INFO - epoch:26/50 iteration:5/459 batch loss is :3.4914
2025-07-07 19:39:27 - INFO - epoch:26/50 iteration:10/459 batch loss is :3.4679
2025-07-07 19:39:48 - INFO - epoch:26/50 iteration:15/459 batch loss is :2.6137
2025-07-07 19:40:10 - INFO - epoch:26/50 iteration:20/459 batch loss is :2.7070
2025-07-07 19:40:29 - INFO - epoch:26/50 iteration:25/459 batch loss is :2.8608
2025-07-07 19:40:50 - INFO - epoch:26/50 iteration:30/459 batch loss is :4.2900
2025-07-07 19:41:09 - INFO - epoch:26/50 iteration:35/459 batch loss is :6.3232
2025-07-07 19:41:29 - INFO - epoch:26/50 iteration:40/459 batch loss is :2.8786
2025-07-07 19:41:48 - INFO - epoch:26/50 iteration:45/459 batch loss is :4.2127
2025-07-07 19:42:08 - INFO - epoch:26/50 iteration:50/459 batch loss is :4.5085
2025-07-07 19:42:27 - INFO - epoch:26/50 iteration:55/459 batch loss is :3.8837
2025-07-07 19:42:45 - INFO - epoch:26/50 iteration:60/459 batch loss is :4.9270
2025-07-07 19:43:03 - INFO - epoch:26/50 iteration:65/459 batch loss is :3.2834
2025-07-07 19:43:21 - INFO - epoch:26/50 iteration:70/459 batch loss is :3.4776
2025-07-07 19:43:39 - INFO - epoch:26/50 iteration:75/459 batch loss is :2.2007
2025-07-07 19:43:57 - INFO - epoch:26/50 iteration:80/459 batch loss is :3.4686
2025-07-07 19:44:08 - INFO - Epoch:26/50 Loss is :0.6182
2025-07-07 19:44:45 - INFO - epoch:27/50 iteration:0/459 batch loss is :4.3200
2025-07-07 19:45:06 - INFO - epoch:27/50 iteration:5/459 batch loss is :3.0075
2025-07-07 19:45:27 - INFO - epoch:27/50 iteration:10/459 batch loss is :3.2347
2025-07-07 19:45:49 - INFO - epoch:27/50 iteration:15/459 batch loss is :2.5549
2025-07-07 19:46:10 - INFO - epoch:27/50 iteration:20/459 batch loss is :2.8015
2025-07-07 19:46:30 - INFO - epoch:27/50 iteration:25/459 batch loss is :3.1931
2025-07-07 19:46:50 - INFO - epoch:27/50 iteration:30/459 batch loss is :2.8765
2025-07-07 19:47:09 - INFO - epoch:27/50 iteration:35/459 batch loss is :2.3862
2025-07-07 19:47:28 - INFO - epoch:27/50 iteration:40/459 batch loss is :4.4480
2025-07-07 19:47:48 - INFO - epoch:27/50 iteration:45/459 batch loss is :4.3453
2025-07-07 19:48:07 - INFO - epoch:27/50 iteration:50/459 batch loss is :2.6233
2025-07-07 19:48:27 - INFO - epoch:27/50 iteration:55/459 batch loss is :5.9228
2025-07-07 19:48:45 - INFO - epoch:27/50 iteration:60/459 batch loss is :3.1224
2025-07-07 19:49:03 - INFO - epoch:27/50 iteration:65/459 batch loss is :5.5654
2025-07-07 19:49:21 - INFO - epoch:27/50 iteration:70/459 batch loss is :3.5518
2025-07-07 19:49:39 - INFO - epoch:27/50 iteration:75/459 batch loss is :4.2327
2025-07-07 19:49:57 - INFO - epoch:27/50 iteration:80/459 batch loss is :3.0693
2025-07-07 19:50:08 - INFO - Epoch:27/50 Loss is :0.6970
2025-07-07 19:50:48 - INFO - epoch:28/50 iteration:0/459 batch loss is :4.1053
2025-07-07 19:51:10 - INFO - epoch:28/50 iteration:5/459 batch loss is :2.9250
2025-07-07 19:51:31 - INFO - epoch:28/50 iteration:10/459 batch loss is :4.5254
2025-07-07 19:51:53 - INFO - epoch:28/50 iteration:15/459 batch loss is :4.6453
2025-07-07 19:52:14 - INFO - epoch:28/50 iteration:20/459 batch loss is :4.2844
2025-07-07 19:52:35 - INFO - epoch:28/50 iteration:25/459 batch loss is :5.4177
2025-07-07 19:52:56 - INFO - epoch:28/50 iteration:30/459 batch loss is :3.3040
2025-07-07 19:53:16 - INFO - epoch:28/50 iteration:35/459 batch loss is :5.3370
2025-07-07 19:53:35 - INFO - epoch:28/50 iteration:40/459 batch loss is :2.4070
2025-07-07 19:53:55 - INFO - epoch:28/50 iteration:45/459 batch loss is :4.4145
2025-07-07 19:54:15 - INFO - epoch:28/50 iteration:50/459 batch loss is :3.3472
2025-07-07 19:54:34 - INFO - epoch:28/50 iteration:55/459 batch loss is :3.0242
2025-07-07 19:54:53 - INFO - epoch:28/50 iteration:60/459 batch loss is :3.9491
2025-07-07 19:55:11 - INFO - epoch:28/50 iteration:65/459 batch loss is :3.6709
2025-07-07 19:55:29 - INFO - epoch:28/50 iteration:70/459 batch loss is :2.3208
2025-07-07 19:55:46 - INFO - epoch:28/50 iteration:75/459 batch loss is :3.7160
2025-07-07 19:56:04 - INFO - epoch:28/50 iteration:80/459 batch loss is :2.7300
2025-07-07 19:56:15 - INFO - Epoch:28/50 Loss is :0.6492
2025-07-07 19:56:47 - INFO - epoch:29/50 iteration:0/459 batch loss is :4.7002
2025-07-07 19:57:14 - INFO - epoch:29/50 iteration:5/459 batch loss is :4.2261
2025-07-07 19:57:35 - INFO - epoch:29/50 iteration:10/459 batch loss is :3.0444
2025-07-07 19:57:56 - INFO - epoch:29/50 iteration:15/459 batch loss is :3.3577
2025-07-07 19:58:18 - INFO - epoch:29/50 iteration:20/459 batch loss is :2.6768
2025-07-07 19:58:39 - INFO - epoch:29/50 iteration:25/459 batch loss is :4.0944
2025-07-07 19:58:59 - INFO - epoch:29/50 iteration:30/459 batch loss is :4.3366
2025-07-07 19:59:19 - INFO - epoch:29/50 iteration:35/459 batch loss is :4.1998
2025-07-07 19:59:38 - INFO - epoch:29/50 iteration:40/459 batch loss is :3.0901
2025-07-07 19:59:57 - INFO - epoch:29/50 iteration:45/459 batch loss is :4.1464
2025-07-07 20:00:17 - INFO - epoch:29/50 iteration:50/459 batch loss is :3.8877
2025-07-07 20:00:36 - INFO - epoch:29/50 iteration:55/459 batch loss is :4.7404
2025-07-07 20:00:54 - INFO - epoch:29/50 iteration:60/459 batch loss is :5.4344
2025-07-07 20:01:12 - INFO - epoch:29/50 iteration:65/459 batch loss is :4.4937
2025-07-07 20:01:30 - INFO - epoch:29/50 iteration:70/459 batch loss is :3.0102
2025-07-07 20:01:48 - INFO - epoch:29/50 iteration:75/459 batch loss is :3.4765
2025-07-07 20:02:06 - INFO - epoch:29/50 iteration:80/459 batch loss is :4.3131
2025-07-07 20:02:17 - INFO - Epoch:29/50 Loss is :0.6689
2025-07-07 20:02:44 - INFO - epoch:30/50 iteration:0/459 batch loss is :3.1138
2025-07-07 20:03:12 - INFO - epoch:30/50 iteration:5/459 batch loss is :3.6535
2025-07-07 20:03:34 - INFO - epoch:30/50 iteration:10/459 batch loss is :3.1011
2025-07-07 20:03:56 - INFO - epoch:30/50 iteration:15/459 batch loss is :3.6745
2025-07-07 20:04:17 - INFO - epoch:30/50 iteration:20/459 batch loss is :2.0259
2025-07-07 20:04:37 - INFO - epoch:30/50 iteration:25/459 batch loss is :3.2677
2025-07-07 20:04:56 - INFO - epoch:30/50 iteration:30/459 batch loss is :3.8493
2025-07-07 20:05:15 - INFO - epoch:30/50 iteration:35/459 batch loss is :3.9704
2025-07-07 20:05:35 - INFO - epoch:30/50 iteration:40/459 batch loss is :2.1806
2025-07-07 20:05:55 - INFO - epoch:30/50 iteration:45/459 batch loss is :4.3737
2025-07-07 20:06:14 - INFO - epoch:30/50 iteration:50/459 batch loss is :3.8751
2025-07-07 20:06:34 - INFO - epoch:30/50 iteration:55/459 batch loss is :2.8115
2025-07-07 20:06:52 - INFO - epoch:30/50 iteration:60/459 batch loss is :4.2803
2025-07-07 20:07:10 - INFO - epoch:30/50 iteration:65/459 batch loss is :2.4784
2025-07-07 20:07:28 - INFO - epoch:30/50 iteration:70/459 batch loss is :3.6544
2025-07-07 20:07:46 - INFO - epoch:30/50 iteration:75/459 batch loss is :6.4926
2025-07-07 20:08:04 - INFO - epoch:30/50 iteration:80/459 batch loss is :4.9173
2025-07-07 20:08:14 - INFO - Epoch:30/50 Loss is :0.6941
2025-07-07 20:08:58 - INFO - epoch:31/50 iteration:0/459 batch loss is :3.3382
2025-07-07 20:09:19 - INFO - epoch:31/50 iteration:5/459 batch loss is :3.3524
2025-07-07 20:09:41 - INFO - epoch:31/50 iteration:10/459 batch loss is :4.9023
2025-07-07 20:10:02 - INFO - epoch:31/50 iteration:15/459 batch loss is :2.6337
2025-07-07 20:10:24 - INFO - epoch:31/50 iteration:20/459 batch loss is :2.5288
2025-07-07 20:10:44 - INFO - epoch:31/50 iteration:25/459 batch loss is :2.7063
2025-07-07 20:11:04 - INFO - epoch:31/50 iteration:30/459 batch loss is :4.2902
2025-07-07 20:11:24 - INFO - epoch:31/50 iteration:35/459 batch loss is :2.5331
2025-07-07 20:11:43 - INFO - epoch:31/50 iteration:40/459 batch loss is :1.6439
2025-07-07 20:12:02 - INFO - epoch:31/50 iteration:45/459 batch loss is :2.7579
2025-07-07 20:12:22 - INFO - epoch:31/50 iteration:50/459 batch loss is :2.8404
2025-07-07 20:12:41 - INFO - epoch:31/50 iteration:55/459 batch loss is :3.2572
2025-07-07 20:12:59 - INFO - epoch:31/50 iteration:60/459 batch loss is :2.3643
2025-07-07 20:13:17 - INFO - epoch:31/50 iteration:65/459 batch loss is :3.2250
2025-07-07 20:13:35 - INFO - epoch:31/50 iteration:70/459 batch loss is :3.2875
2025-07-07 20:13:53 - INFO - epoch:31/50 iteration:75/459 batch loss is :3.2336
2025-07-07 20:14:11 - INFO - epoch:31/50 iteration:80/459 batch loss is :4.7464
2025-07-07 20:14:22 - INFO - Epoch:31/50 Loss is :nan
2025-07-07 20:15:08 - INFO - epoch:32/50 iteration:0/459 batch loss is :2.6683
2025-07-07 20:15:30 - INFO - epoch:32/50 iteration:5/459 batch loss is :3.0637
2025-07-07 20:15:50 - INFO - epoch:32/50 iteration:10/459 batch loss is :2.5241
2025-07-07 20:16:11 - INFO - epoch:32/50 iteration:15/459 batch loss is :2.7597
2025-07-07 20:16:31 - INFO - epoch:32/50 iteration:20/459 batch loss is :3.5987
2025-07-07 20:16:50 - INFO - epoch:32/50 iteration:25/459 batch loss is :2.0470
2025-07-07 20:17:10 - INFO - epoch:32/50 iteration:30/459 batch loss is :3.7163
2025-07-07 20:17:30 - INFO - epoch:32/50 iteration:35/459 batch loss is :2.4871
2025-07-07 20:17:49 - INFO - epoch:32/50 iteration:40/459 batch loss is :2.2885
2025-07-07 20:18:08 - INFO - epoch:32/50 iteration:45/459 batch loss is :1.8863
2025-07-07 20:18:28 - INFO - epoch:32/50 iteration:50/459 batch loss is :2.8438
2025-07-07 20:18:47 - INFO - epoch:32/50 iteration:55/459 batch loss is :2.7743
2025-07-07 20:19:04 - INFO - epoch:32/50 iteration:60/459 batch loss is :3.8143
2025-07-07 20:19:23 - INFO - epoch:32/50 iteration:65/459 batch loss is :4.4029
2025-07-07 20:19:40 - INFO - epoch:32/50 iteration:70/459 batch loss is :3.1863
2025-07-07 20:19:58 - INFO - epoch:32/50 iteration:75/459 batch loss is :3.8842
2025-07-07 20:20:16 - INFO - epoch:32/50 iteration:80/459 batch loss is :5.5414
2025-07-07 20:20:27 - INFO - Epoch:32/50 Loss is :0.6389
2025-07-07 20:21:09 - INFO - epoch:33/50 iteration:0/459 batch loss is :2.9698
2025-07-07 20:21:31 - INFO - epoch:33/50 iteration:5/459 batch loss is :3.5958
2025-07-07 20:21:52 - INFO - epoch:33/50 iteration:10/459 batch loss is :4.3662
2025-07-07 20:22:14 - INFO - epoch:33/50 iteration:15/459 batch loss is :3.3319
2025-07-07 20:22:35 - INFO - epoch:33/50 iteration:20/459 batch loss is :4.2210
2025-07-07 20:22:55 - INFO - epoch:33/50 iteration:25/459 batch loss is :2.1001
2025-07-07 20:23:17 - INFO - epoch:33/50 iteration:30/459 batch loss is :3.7145
2025-07-07 20:23:36 - INFO - epoch:33/50 iteration:35/459 batch loss is :3.7726
2025-07-07 20:23:56 - INFO - epoch:33/50 iteration:40/459 batch loss is :3.3590
2025-07-07 20:24:16 - INFO - epoch:33/50 iteration:45/459 batch loss is :2.6708
2025-07-07 20:24:35 - INFO - epoch:33/50 iteration:50/459 batch loss is :2.9132
2025-07-07 20:24:55 - INFO - epoch:33/50 iteration:55/459 batch loss is :3.2892
2025-07-07 20:25:13 - INFO - epoch:33/50 iteration:60/459 batch loss is :6.2717
2025-07-07 20:25:31 - INFO - epoch:33/50 iteration:65/459 batch loss is :4.8401
2025-07-07 20:25:49 - INFO - epoch:33/50 iteration:70/459 batch loss is :4.1009
2025-07-07 20:26:07 - INFO - epoch:33/50 iteration:75/459 batch loss is :5.4124
2025-07-07 20:26:25 - INFO - epoch:33/50 iteration:80/459 batch loss is :4.3472
2025-07-07 20:26:36 - INFO - Epoch:33/50 Loss is :0.6788
2025-07-07 20:27:11 - INFO - epoch:34/50 iteration:0/459 batch loss is :2.6945
2025-07-07 20:27:33 - INFO - epoch:34/50 iteration:5/459 batch loss is :3.3856
2025-07-07 20:27:55 - INFO - epoch:34/50 iteration:10/459 batch loss is :1.8693
2025-07-07 20:28:16 - INFO - epoch:34/50 iteration:15/459 batch loss is :2.6082
2025-07-07 20:28:38 - INFO - epoch:34/50 iteration:20/459 batch loss is :5.5486
2025-07-07 20:28:59 - INFO - epoch:34/50 iteration:25/459 batch loss is :2.5072
2025-07-07 20:29:19 - INFO - epoch:34/50 iteration:30/459 batch loss is :5.1716
2025-07-07 20:29:38 - INFO - epoch:34/50 iteration:35/459 batch loss is :4.2527
2025-07-07 20:29:57 - INFO - epoch:34/50 iteration:40/459 batch loss is :4.4923
2025-07-07 20:30:17 - INFO - epoch:34/50 iteration:45/459 batch loss is :2.7556
2025-07-07 20:30:36 - INFO - epoch:34/50 iteration:50/459 batch loss is :2.9596
2025-07-07 20:30:55 - INFO - epoch:34/50 iteration:55/459 batch loss is :4.4479
2025-07-07 20:31:13 - INFO - epoch:34/50 iteration:60/459 batch loss is :3.9187
2025-07-07 20:31:31 - INFO - epoch:34/50 iteration:65/459 batch loss is :4.4842
2025-07-07 20:31:49 - INFO - epoch:34/50 iteration:70/459 batch loss is :3.2230
2025-07-07 20:32:07 - INFO - epoch:34/50 iteration:75/459 batch loss is :3.2844
2025-07-07 20:32:26 - INFO - epoch:34/50 iteration:80/459 batch loss is :2.3996
2025-07-07 20:32:36 - INFO - Epoch:34/50 Loss is :0.6353
2025-07-07 20:33:11 - INFO - epoch:35/50 iteration:0/459 batch loss is :3.1687
2025-07-07 20:33:33 - INFO - epoch:35/50 iteration:5/459 batch loss is :3.1406
2025-07-07 20:33:54 - INFO - epoch:35/50 iteration:10/459 batch loss is :5.0222
2025-07-07 20:34:15 - INFO - epoch:35/50 iteration:15/459 batch loss is :4.2602
2025-07-07 20:34:37 - INFO - epoch:35/50 iteration:20/459 batch loss is :4.6167
2025-07-07 20:34:56 - INFO - epoch:35/50 iteration:25/459 batch loss is :4.7519
2025-07-07 20:35:16 - INFO - epoch:35/50 iteration:30/459 batch loss is :5.0015
2025-07-07 20:35:35 - INFO - epoch:35/50 iteration:35/459 batch loss is :2.5403
2025-07-07 20:35:55 - INFO - epoch:35/50 iteration:40/459 batch loss is :3.3547
2025-07-07 20:36:14 - INFO - epoch:35/50 iteration:45/459 batch loss is :3.6280
2025-07-07 20:36:34 - INFO - epoch:35/50 iteration:50/459 batch loss is :4.2688
2025-07-07 20:36:53 - INFO - epoch:35/50 iteration:55/459 batch loss is :1.5596
2025-07-07 20:37:11 - INFO - epoch:35/50 iteration:60/459 batch loss is :2.8214
2025-07-07 20:37:29 - INFO - epoch:35/50 iteration:65/459 batch loss is :3.1779
2025-07-07 20:37:47 - INFO - epoch:35/50 iteration:70/459 batch loss is :4.5934
2025-07-07 20:38:05 - INFO - epoch:35/50 iteration:75/459 batch loss is :4.1296
2025-07-07 20:38:23 - INFO - epoch:35/50 iteration:80/459 batch loss is :3.8951
2025-07-07 20:38:33 - INFO - Epoch:35/50 Loss is :0.6529
2025-07-07 20:39:13 - INFO - epoch:36/50 iteration:0/459 batch loss is :4.5577
2025-07-07 20:39:34 - INFO - epoch:36/50 iteration:5/459 batch loss is :4.3083
2025-07-07 20:39:55 - INFO - epoch:36/50 iteration:10/459 batch loss is :3.4343
2025-07-07 20:40:16 - INFO - epoch:36/50 iteration:15/459 batch loss is :3.0728
2025-07-07 20:40:38 - INFO - epoch:36/50 iteration:20/459 batch loss is :2.9211
2025-07-07 20:40:59 - INFO - epoch:36/50 iteration:25/459 batch loss is :3.8260
2025-07-07 20:41:20 - INFO - epoch:36/50 iteration:30/459 batch loss is :5.1759
2025-07-07 20:41:40 - INFO - epoch:36/50 iteration:35/459 batch loss is :3.0196
2025-07-07 20:42:00 - INFO - epoch:36/50 iteration:40/459 batch loss is :3.4706
2025-07-07 20:42:19 - INFO - epoch:36/50 iteration:45/459 batch loss is :3.1990
2025-07-07 20:42:39 - INFO - epoch:36/50 iteration:50/459 batch loss is :4.0769
2025-07-07 20:42:58 - INFO - epoch:36/50 iteration:55/459 batch loss is :1.6848
2025-07-07 20:43:16 - INFO - epoch:36/50 iteration:60/459 batch loss is :4.7036
2025-07-07 20:43:34 - INFO - epoch:36/50 iteration:65/459 batch loss is :4.9300
2025-07-07 20:43:52 - INFO - epoch:36/50 iteration:70/459 batch loss is :4.1374
2025-07-07 20:44:10 - INFO - epoch:36/50 iteration:75/459 batch loss is :3.8684
2025-07-07 20:44:28 - INFO - epoch:36/50 iteration:80/459 batch loss is :3.7425
2025-07-07 20:44:38 - INFO - Epoch:36/50 Loss is :nan
2025-07-07 20:45:16 - INFO - epoch:37/50 iteration:0/459 batch loss is :3.8817
2025-07-07 20:45:38 - INFO - epoch:37/50 iteration:5/459 batch loss is :2.9163
2025-07-07 20:46:00 - INFO - epoch:37/50 iteration:10/459 batch loss is :4.6629
2025-07-07 20:46:21 - INFO - epoch:37/50 iteration:15/459 batch loss is :2.5584
2025-07-07 20:46:42 - INFO - epoch:37/50 iteration:20/459 batch loss is :4.6258
2025-07-07 20:47:03 - INFO - epoch:37/50 iteration:25/459 batch loss is :2.6254
2025-07-07 20:47:22 - INFO - epoch:37/50 iteration:30/459 batch loss is :3.9617
2025-07-07 20:47:41 - INFO - epoch:37/50 iteration:35/459 batch loss is :2.7974
2025-07-07 20:48:01 - INFO - epoch:37/50 iteration:40/459 batch loss is :3.3967
2025-07-07 20:48:20 - INFO - epoch:37/50 iteration:45/459 batch loss is :3.9242
2025-07-07 20:48:39 - INFO - epoch:37/50 iteration:50/459 batch loss is :3.0439
2025-07-07 20:48:58 - INFO - epoch:37/50 iteration:55/459 batch loss is :3.0781
2025-07-07 20:49:17 - INFO - epoch:37/50 iteration:60/459 batch loss is :2.5291
2025-07-07 20:49:35 - INFO - epoch:37/50 iteration:65/459 batch loss is :4.5531
2025-07-07 20:49:53 - INFO - epoch:37/50 iteration:70/459 batch loss is :3.6317
2025-07-07 20:50:11 - INFO - epoch:37/50 iteration:75/459 batch loss is :4.4523
2025-07-07 20:50:29 - INFO - epoch:37/50 iteration:80/459 batch loss is :2.7949
2025-07-07 20:50:40 - INFO - Epoch:37/50 Loss is :0.6566
2025-07-07 20:51:12 - INFO - epoch:38/50 iteration:0/459 batch loss is :3.9712
2025-07-07 20:51:35 - INFO - epoch:38/50 iteration:5/459 batch loss is :2.8149
2025-07-07 20:51:57 - INFO - epoch:38/50 iteration:10/459 batch loss is :3.0922
2025-07-07 20:52:18 - INFO - epoch:38/50 iteration:15/459 batch loss is :3.6941
2025-07-07 20:52:39 - INFO - epoch:38/50 iteration:20/459 batch loss is :3.7746
2025-07-07 20:52:59 - INFO - epoch:38/50 iteration:25/459 batch loss is :4.3664
2025-07-07 20:53:18 - INFO - epoch:38/50 iteration:30/459 batch loss is :2.1565
2025-07-07 20:53:37 - INFO - epoch:38/50 iteration:35/459 batch loss is :3.5833
2025-07-07 20:53:57 - INFO - epoch:38/50 iteration:40/459 batch loss is :2.6680
2025-07-07 20:54:16 - INFO - epoch:38/50 iteration:45/459 batch loss is :3.0221
2025-07-07 20:54:35 - INFO - epoch:38/50 iteration:50/459 batch loss is :4.5431
2025-07-07 20:54:54 - INFO - epoch:38/50 iteration:55/459 batch loss is :3.4632
2025-07-07 20:55:12 - INFO - epoch:38/50 iteration:60/459 batch loss is :2.5405
2025-07-07 20:55:30 - INFO - epoch:38/50 iteration:65/459 batch loss is :3.7629
2025-07-07 20:55:48 - INFO - epoch:38/50 iteration:70/459 batch loss is :5.3345
2025-07-07 20:56:06 - INFO - epoch:38/50 iteration:75/459 batch loss is :5.1796
2025-07-07 20:56:24 - INFO - epoch:38/50 iteration:80/459 batch loss is :5.1323
2025-07-07 20:56:35 - INFO - Epoch:38/50 Loss is :0.7005
2025-07-07 20:57:12 - INFO - epoch:39/50 iteration:0/459 batch loss is :2.8867
2025-07-07 20:57:35 - INFO - epoch:39/50 iteration:5/459 batch loss is :4.7349
2025-07-07 20:57:56 - INFO - epoch:39/50 iteration:10/459 batch loss is :3.1935
2025-07-07 20:58:18 - INFO - epoch:39/50 iteration:15/459 batch loss is :3.4747
2025-07-07 20:58:37 - INFO - epoch:39/50 iteration:20/459 batch loss is :1.8148
2025-07-07 20:58:56 - INFO - epoch:39/50 iteration:25/459 batch loss is :6.5167
2025-07-07 20:59:15 - INFO - epoch:39/50 iteration:30/459 batch loss is :2.9004
2025-07-07 20:59:34 - INFO - epoch:39/50 iteration:35/459 batch loss is :4.3999
2025-07-07 20:59:54 - INFO - epoch:39/50 iteration:40/459 batch loss is :3.4098
2025-07-07 21:00:13 - INFO - epoch:39/50 iteration:45/459 batch loss is :3.7442
2025-07-07 21:00:32 - INFO - epoch:39/50 iteration:50/459 batch loss is :1.4346
2025-07-07 21:00:51 - INFO - epoch:39/50 iteration:55/459 batch loss is :4.2887
2025-07-07 21:01:09 - INFO - epoch:39/50 iteration:60/459 batch loss is :3.3017
2025-07-07 21:01:27 - INFO - epoch:39/50 iteration:65/459 batch loss is :4.0922
2025-07-07 21:01:45 - INFO - epoch:39/50 iteration:70/459 batch loss is :3.1565
2025-07-07 21:02:03 - INFO - epoch:39/50 iteration:75/459 batch loss is :5.5872
2025-07-07 21:02:21 - INFO - epoch:39/50 iteration:80/459 batch loss is :2.2198
2025-07-07 21:02:31 - INFO - Epoch:39/50 Loss is :0.6921
2025-07-07 21:03:08 - INFO - epoch:40/50 iteration:0/459 batch loss is :2.6780
2025-07-07 21:03:31 - INFO - epoch:40/50 iteration:5/459 batch loss is :5.5026
2025-07-07 21:03:53 - INFO - epoch:40/50 iteration:10/459 batch loss is :3.3452
2025-07-07 21:04:14 - INFO - epoch:40/50 iteration:15/459 batch loss is :3.3098
2025-07-07 21:04:34 - INFO - epoch:40/50 iteration:20/459 batch loss is :2.9089
2025-07-07 21:04:52 - INFO - epoch:40/50 iteration:25/459 batch loss is :3.0302
2025-07-07 21:05:12 - INFO - epoch:40/50 iteration:30/459 batch loss is :4.6942
2025-07-07 21:05:31 - INFO - epoch:40/50 iteration:35/459 batch loss is :3.2760
2025-07-07 21:05:50 - INFO - epoch:40/50 iteration:40/459 batch loss is :3.5415
2025-07-07 21:06:09 - INFO - epoch:40/50 iteration:45/459 batch loss is :2.6658
2025-07-07 21:06:28 - INFO - epoch:40/50 iteration:50/459 batch loss is :3.3272
2025-07-07 21:06:47 - INFO - epoch:40/50 iteration:55/459 batch loss is :2.2102
2025-07-07 21:07:05 - INFO - epoch:40/50 iteration:60/459 batch loss is :3.8655
2025-07-07 21:07:23 - INFO - epoch:40/50 iteration:65/459 batch loss is :3.0857
2025-07-07 21:07:41 - INFO - epoch:40/50 iteration:70/459 batch loss is :3.2215
2025-07-07 21:07:59 - INFO - epoch:40/50 iteration:75/459 batch loss is :3.2711
2025-07-07 21:08:17 - INFO - epoch:40/50 iteration:80/459 batch loss is :4.3363
2025-07-07 21:08:28 - INFO - Epoch:40/50 Loss is :0.6425
2025-07-07 21:15:38 - INFO - VAL loss :10.4279
2025-07-07 21:16:20 - INFO - epoch:41/50 iteration:0/459 batch loss is :2.7211
2025-07-07 21:16:42 - INFO - epoch:41/50 iteration:5/459 batch loss is :3.6578
2025-07-07 21:17:03 - INFO - epoch:41/50 iteration:10/459 batch loss is :2.3613
2025-07-07 21:17:23 - INFO - epoch:41/50 iteration:15/459 batch loss is :2.9292
2025-07-07 21:17:43 - INFO - epoch:41/50 iteration:20/459 batch loss is :2.9730
2025-07-07 21:18:02 - INFO - epoch:41/50 iteration:25/459 batch loss is :4.5816
2025-07-07 21:18:22 - INFO - epoch:41/50 iteration:30/459 batch loss is :3.7842
2025-07-07 21:18:41 - INFO - epoch:41/50 iteration:35/459 batch loss is :3.3984
2025-07-07 21:19:00 - INFO - epoch:41/50 iteration:40/459 batch loss is :4.2218
2025-07-07 21:19:20 - INFO - epoch:41/50 iteration:45/459 batch loss is :3.4397
2025-07-07 21:19:39 - INFO - epoch:41/50 iteration:50/459 batch loss is :3.5993
2025-07-07 21:19:58 - INFO - epoch:41/50 iteration:55/459 batch loss is :1.7327
2025-07-07 21:20:16 - INFO - epoch:41/50 iteration:60/459 batch loss is :2.2530
2025-07-07 21:20:34 - INFO - epoch:41/50 iteration:65/459 batch loss is :4.6026
2025-07-07 21:20:52 - INFO - epoch:41/50 iteration:70/459 batch loss is :3.0959
2025-07-07 21:21:10 - INFO - epoch:41/50 iteration:75/459 batch loss is :3.4217
2025-07-07 21:21:28 - INFO - epoch:41/50 iteration:80/459 batch loss is :5.4657
2025-07-07 21:21:39 - INFO - Epoch:41/50 Loss is :0.6443
2025-07-07 21:22:22 - INFO - epoch:42/50 iteration:0/459 batch loss is :3.4107
2025-07-07 21:22:43 - INFO - epoch:42/50 iteration:5/459 batch loss is :2.8690
2025-07-07 21:23:04 - INFO - epoch:42/50 iteration:10/459 batch loss is :3.8897
2025-07-07 21:23:25 - INFO - epoch:42/50 iteration:15/459 batch loss is :4.1162
2025-07-07 21:23:47 - INFO - epoch:42/50 iteration:20/459 batch loss is :3.2228
2025-07-07 21:24:07 - INFO - epoch:42/50 iteration:25/459 batch loss is :6.7041
2025-07-07 21:24:28 - INFO - epoch:42/50 iteration:30/459 batch loss is :3.5512
2025-07-07 21:24:48 - INFO - epoch:42/50 iteration:35/459 batch loss is :4.0322
2025-07-07 21:25:07 - INFO - epoch:42/50 iteration:40/459 batch loss is :3.5031
2025-07-07 21:25:27 - INFO - epoch:42/50 iteration:45/459 batch loss is :3.8082
2025-07-07 21:25:46 - INFO - epoch:42/50 iteration:50/459 batch loss is :2.0221
2025-07-07 21:26:06 - INFO - epoch:42/50 iteration:55/459 batch loss is :4.1346
2025-07-07 21:26:24 - INFO - epoch:42/50 iteration:60/459 batch loss is :3.4279
2025-07-07 21:26:42 - INFO - epoch:42/50 iteration:65/459 batch loss is :4.8155
2025-07-07 21:27:00 - INFO - epoch:42/50 iteration:70/459 batch loss is :5.1030
2025-07-07 21:27:18 - INFO - epoch:42/50 iteration:75/459 batch loss is :3.1258
2025-07-07 21:27:36 - INFO - epoch:42/50 iteration:80/459 batch loss is :2.6125
2025-07-07 21:27:46 - INFO - Epoch:42/50 Loss is :nan
2025-07-07 21:28:24 - INFO - epoch:43/50 iteration:0/459 batch loss is :2.9805
2025-07-07 21:28:47 - INFO - epoch:43/50 iteration:5/459 batch loss is :1.8615
2025-07-07 21:29:08 - INFO - epoch:43/50 iteration:10/459 batch loss is :5.8174
2025-07-07 21:29:29 - INFO - epoch:43/50 iteration:15/459 batch loss is :3.6903
2025-07-07 21:29:51 - INFO - epoch:43/50 iteration:20/459 batch loss is :1.9492
2025-07-07 21:30:11 - INFO - epoch:43/50 iteration:25/459 batch loss is :4.2997
2025-07-07 21:30:31 - INFO - epoch:43/50 iteration:30/459 batch loss is :3.7830
2025-07-07 21:30:51 - INFO - epoch:43/50 iteration:35/459 batch loss is :2.7404
2025-07-07 21:31:10 - INFO - epoch:43/50 iteration:40/459 batch loss is :3.3692
2025-07-07 21:31:29 - INFO - epoch:43/50 iteration:45/459 batch loss is :3.0819
2025-07-07 21:31:49 - INFO - epoch:43/50 iteration:50/459 batch loss is :5.5692
2025-07-07 21:32:08 - INFO - epoch:43/50 iteration:55/459 batch loss is :4.4771
2025-07-07 21:32:26 - INFO - epoch:43/50 iteration:60/459 batch loss is :2.8989
2025-07-07 21:32:44 - INFO - epoch:43/50 iteration:65/459 batch loss is :3.3567
2025-07-07 21:33:02 - INFO - epoch:43/50 iteration:70/459 batch loss is :2.4985
2025-07-07 21:33:20 - INFO - epoch:43/50 iteration:75/459 batch loss is :5.2074
2025-07-07 21:33:38 - INFO - epoch:43/50 iteration:80/459 batch loss is :3.1026
2025-07-07 21:33:48 - INFO - Epoch:43/50 Loss is :0.6548
2025-07-07 21:34:25 - INFO - epoch:44/50 iteration:0/459 batch loss is :1.8901
2025-07-07 21:34:47 - INFO - epoch:44/50 iteration:5/459 batch loss is :3.4217
2025-07-07 21:35:09 - INFO - epoch:44/50 iteration:10/459 batch loss is :3.4967
2025-07-07 21:35:31 - INFO - epoch:44/50 iteration:15/459 batch loss is :2.7791
2025-07-07 21:35:51 - INFO - epoch:44/50 iteration:20/459 batch loss is :4.0623
2025-07-07 21:36:11 - INFO - epoch:44/50 iteration:25/459 batch loss is :3.2926
2025-07-07 21:36:31 - INFO - epoch:44/50 iteration:30/459 batch loss is :2.7924
2025-07-07 21:36:51 - INFO - epoch:44/50 iteration:35/459 batch loss is :2.2499
2025-07-07 21:37:10 - INFO - epoch:44/50 iteration:40/459 batch loss is :4.8869
2025-07-07 21:37:29 - INFO - epoch:44/50 iteration:45/459 batch loss is :2.9405
2025-07-07 21:37:49 - INFO - epoch:44/50 iteration:50/459 batch loss is :3.9587
2025-07-07 21:38:08 - INFO - epoch:44/50 iteration:55/459 batch loss is :2.1215
2025-07-07 21:38:26 - INFO - epoch:44/50 iteration:60/459 batch loss is :4.6568
2025-07-07 21:38:44 - INFO - epoch:44/50 iteration:65/459 batch loss is :3.5821
2025-07-07 21:39:02 - INFO - epoch:44/50 iteration:70/459 batch loss is :3.5354
2025-07-07 21:39:20 - INFO - epoch:44/50 iteration:75/459 batch loss is :3.8236
2025-07-07 21:39:38 - INFO - epoch:44/50 iteration:80/459 batch loss is :3.3316
2025-07-07 21:39:49 - INFO - Epoch:44/50 Loss is :0.6496
2025-07-07 21:40:28 - INFO - epoch:45/50 iteration:0/459 batch loss is :3.1283
2025-07-07 21:40:51 - INFO - epoch:45/50 iteration:5/459 batch loss is :2.9357
2025-07-07 21:41:12 - INFO - epoch:45/50 iteration:10/459 batch loss is :3.8255
2025-07-07 21:41:33 - INFO - epoch:45/50 iteration:15/459 batch loss is :2.1473
2025-07-07 21:41:53 - INFO - epoch:45/50 iteration:20/459 batch loss is :6.5490
2025-07-07 21:42:13 - INFO - epoch:45/50 iteration:25/459 batch loss is :6.5248
2025-07-07 21:42:34 - INFO - epoch:45/50 iteration:30/459 batch loss is :3.4158
2025-07-07 21:42:53 - INFO - epoch:45/50 iteration:35/459 batch loss is :4.2831
2025-07-07 21:43:14 - INFO - epoch:45/50 iteration:40/459 batch loss is :4.1680
2025-07-07 21:43:33 - INFO - epoch:45/50 iteration:45/459 batch loss is :3.1143
2025-07-07 21:43:52 - INFO - epoch:45/50 iteration:50/459 batch loss is :1.7264
2025-07-07 21:44:11 - INFO - epoch:45/50 iteration:55/459 batch loss is :4.0403
2025-07-07 21:44:29 - INFO - epoch:45/50 iteration:60/459 batch loss is :3.8893
2025-07-07 21:44:48 - INFO - epoch:45/50 iteration:65/459 batch loss is :3.1115
2025-07-07 21:45:06 - INFO - epoch:45/50 iteration:70/459 batch loss is :4.0232
2025-07-07 21:45:24 - INFO - epoch:45/50 iteration:75/459 batch loss is :4.5017
2025-07-07 21:45:42 - INFO - epoch:45/50 iteration:80/459 batch loss is :2.6672
2025-07-07 21:45:52 - INFO - Epoch:45/50 Loss is :0.6746
2025-07-07 21:46:34 - INFO - epoch:46/50 iteration:0/459 batch loss is :3.4695
2025-07-07 21:46:55 - INFO - epoch:46/50 iteration:5/459 batch loss is :2.2321
2025-07-07 21:47:17 - INFO - epoch:46/50 iteration:10/459 batch loss is :3.8209
2025-07-07 21:47:39 - INFO - epoch:46/50 iteration:15/459 batch loss is :2.9003
2025-07-07 21:47:59 - INFO - epoch:46/50 iteration:20/459 batch loss is :3.3414
2025-07-07 21:48:18 - INFO - epoch:46/50 iteration:25/459 batch loss is :4.0527
2025-07-07 21:48:38 - INFO - epoch:46/50 iteration:30/459 batch loss is :2.3910
2025-07-07 21:48:57 - INFO - epoch:46/50 iteration:35/459 batch loss is :5.4931
2025-07-07 21:49:17 - INFO - epoch:46/50 iteration:40/459 batch loss is :5.1817
2025-07-07 21:49:36 - INFO - epoch:46/50 iteration:45/459 batch loss is :2.3579
2025-07-07 21:49:55 - INFO - epoch:46/50 iteration:50/459 batch loss is :2.6773
2025-07-07 21:50:14 - INFO - epoch:46/50 iteration:55/459 batch loss is :2.0494
2025-07-07 21:50:33 - INFO - epoch:46/50 iteration:60/459 batch loss is :2.6982
2025-07-07 21:50:51 - INFO - epoch:46/50 iteration:65/459 batch loss is :2.4514
2025-07-07 21:51:09 - INFO - epoch:46/50 iteration:70/459 batch loss is :4.5744
2025-07-07 21:51:27 - INFO - epoch:46/50 iteration:75/459 batch loss is :3.7328
2025-07-07 21:51:45 - INFO - epoch:46/50 iteration:80/459 batch loss is :3.4373
2025-07-07 21:51:55 - INFO - Epoch:46/50 Loss is :0.6560
2025-07-07 21:52:37 - INFO - epoch:47/50 iteration:0/459 batch loss is :3.7858
2025-07-07 21:52:59 - INFO - epoch:47/50 iteration:5/459 batch loss is :2.7916
2025-07-07 21:53:20 - INFO - epoch:47/50 iteration:10/459 batch loss is :2.9094
2025-07-07 21:53:42 - INFO - epoch:47/50 iteration:15/459 batch loss is :2.8939
2025-07-07 21:54:03 - INFO - epoch:47/50 iteration:20/459 batch loss is :3.2293
2025-07-07 21:54:23 - INFO - epoch:47/50 iteration:25/459 batch loss is :5.2541
2025-07-07 21:54:44 - INFO - epoch:47/50 iteration:30/459 batch loss is :3.5467
2025-07-07 21:55:04 - INFO - epoch:47/50 iteration:35/459 batch loss is :4.7090
2025-07-07 21:55:24 - INFO - epoch:47/50 iteration:40/459 batch loss is :3.3755
2025-07-07 21:55:43 - INFO - epoch:47/50 iteration:45/459 batch loss is :3.2533
2025-07-07 21:56:03 - INFO - epoch:47/50 iteration:50/459 batch loss is :3.5707
2025-07-07 21:56:22 - INFO - epoch:47/50 iteration:55/459 batch loss is :3.8263
2025-07-07 21:56:40 - INFO - epoch:47/50 iteration:60/459 batch loss is :3.6846
2025-07-07 21:56:58 - INFO - epoch:47/50 iteration:65/459 batch loss is :3.7254
2025-07-07 21:57:16 - INFO - epoch:47/50 iteration:70/459 batch loss is :2.0241
2025-07-07 21:57:34 - INFO - epoch:47/50 iteration:75/459 batch loss is :4.4949
2025-07-07 21:57:52 - INFO - epoch:47/50 iteration:80/459 batch loss is :4.3779
2025-07-07 21:58:03 - INFO - Epoch:47/50 Loss is :0.6944
2025-07-07 21:58:46 - INFO - epoch:48/50 iteration:0/459 batch loss is :3.5343
2025-07-07 21:59:07 - INFO - epoch:48/50 iteration:5/459 batch loss is :2.7157
2025-07-07 21:59:28 - INFO - epoch:48/50 iteration:10/459 batch loss is :4.0677
2025-07-07 21:59:50 - INFO - epoch:48/50 iteration:15/459 batch loss is :2.2034
2025-07-07 22:00:12 - INFO - epoch:48/50 iteration:20/459 batch loss is :3.4306
2025-07-07 22:00:32 - INFO - epoch:48/50 iteration:25/459 batch loss is :2.8457
2025-07-07 22:00:52 - INFO - epoch:48/50 iteration:30/459 batch loss is :3.6676
2025-07-07 22:01:12 - INFO - epoch:48/50 iteration:35/459 batch loss is :2.0920
2025-07-07 22:01:32 - INFO - epoch:48/50 iteration:40/459 batch loss is :1.8881
2025-07-07 22:01:51 - INFO - epoch:48/50 iteration:45/459 batch loss is :3.2433
2025-07-07 22:02:11 - INFO - epoch:48/50 iteration:50/459 batch loss is :3.7676
2025-07-07 22:02:30 - INFO - epoch:48/50 iteration:55/459 batch loss is :2.7900
2025-07-07 22:02:48 - INFO - epoch:48/50 iteration:60/459 batch loss is :2.7866
2025-07-07 22:03:06 - INFO - epoch:48/50 iteration:65/459 batch loss is :3.8549
2025-07-07 22:03:24 - INFO - epoch:48/50 iteration:70/459 batch loss is :2.9630
2025-07-07 22:03:42 - INFO - epoch:48/50 iteration:75/459 batch loss is :3.7136
2025-07-07 22:04:00 - INFO - epoch:48/50 iteration:80/459 batch loss is :5.7345
2025-07-07 22:04:10 - INFO - Epoch:48/50 Loss is :nan
2025-07-07 22:04:54 - INFO - epoch:49/50 iteration:0/459 batch loss is :2.0349
2025-07-07 22:05:16 - INFO - epoch:49/50 iteration:5/459 batch loss is :3.2151
2025-07-07 22:05:37 - INFO - epoch:49/50 iteration:10/459 batch loss is :4.0010
2025-07-07 22:05:58 - INFO - epoch:49/50 iteration:15/459 batch loss is :3.6220
2025-07-07 22:06:18 - INFO - epoch:49/50 iteration:20/459 batch loss is :2.6265
2025-07-07 22:06:38 - INFO - epoch:49/50 iteration:25/459 batch loss is :2.5407
2025-07-07 22:06:58 - INFO - epoch:49/50 iteration:30/459 batch loss is :5.4872
2025-07-07 22:07:17 - INFO - epoch:49/50 iteration:35/459 batch loss is :3.9978
2025-07-07 22:07:37 - INFO - epoch:49/50 iteration:40/459 batch loss is :4.1963
2025-07-07 22:07:56 - INFO - epoch:49/50 iteration:45/459 batch loss is :4.0091
2025-07-07 22:08:16 - INFO - epoch:49/50 iteration:50/459 batch loss is :4.0618
2025-07-07 22:08:35 - INFO - epoch:49/50 iteration:55/459 batch loss is :2.9168
2025-07-07 22:08:53 - INFO - epoch:49/50 iteration:60/459 batch loss is :3.0530
2025-07-07 22:09:11 - INFO - epoch:49/50 iteration:65/459 batch loss is :3.4271
2025-07-07 22:09:29 - INFO - epoch:49/50 iteration:70/459 batch loss is :2.8914
2025-07-07 22:09:48 - INFO - epoch:49/50 iteration:75/459 batch loss is :4.8859
2025-07-07 22:10:06 - INFO - epoch:49/50 iteration:80/459 batch loss is :2.8110
2025-07-07 22:10:16 - INFO - Epoch:49/50 Loss is :nan
2025-07-07 22:18:29 - INFO - VAL loss :9.6463
2025-07-07 22:18:31 - INFO - fold number:1
2025-07-07 22:21:32 - INFO - epoch:0/50 iteration:0/459 batch loss is :3.8829
2025-07-07 22:21:54 - INFO - epoch:0/50 iteration:5/459 batch loss is :3.6971
2025-07-07 22:22:15 - INFO - epoch:0/50 iteration:10/459 batch loss is :1.2188
2025-07-07 22:22:36 - INFO - epoch:0/50 iteration:15/459 batch loss is :2.6439
2025-07-07 22:22:57 - INFO - epoch:0/50 iteration:20/459 batch loss is :2.9653
2025-07-07 22:23:16 - INFO - epoch:0/50 iteration:25/459 batch loss is :4.3102
2025-07-07 22:23:35 - INFO - epoch:0/50 iteration:30/459 batch loss is :5.1258
2025-07-07 22:23:55 - INFO - epoch:0/50 iteration:35/459 batch loss is :3.5712
2025-07-07 22:24:14 - INFO - epoch:0/50 iteration:40/459 batch loss is :3.2982
2025-07-07 22:24:33 - INFO - epoch:0/50 iteration:45/459 batch loss is :3.6763
2025-07-07 22:24:53 - INFO - epoch:0/50 iteration:50/459 batch loss is :3.4043
2025-07-07 22:25:11 - INFO - epoch:0/50 iteration:55/459 batch loss is :2.8378
2025-07-07 22:25:29 - INFO - epoch:0/50 iteration:60/459 batch loss is :4.3430
2025-07-07 22:25:47 - INFO - epoch:0/50 iteration:65/459 batch loss is :3.2058
2025-07-07 22:26:05 - INFO - epoch:0/50 iteration:70/459 batch loss is :5.7736
2025-07-07 22:26:23 - INFO - epoch:0/50 iteration:75/459 batch loss is :4.5890
2025-07-07 22:26:41 - INFO - epoch:0/50 iteration:80/459 batch loss is :4.9656
2025-07-07 22:26:52 - INFO - Epoch:0/50 Loss is :0.6499
2025-07-07 22:36:29 - INFO - VAL loss :9.2891
2025-07-07 22:37:15 - INFO - epoch:1/50 iteration:0/459 batch loss is :3.0153
2025-07-07 22:37:36 - INFO - epoch:1/50 iteration:5/459 batch loss is :5.0401
2025-07-07 22:37:57 - INFO - epoch:1/50 iteration:10/459 batch loss is :1.7508
2025-07-07 22:38:18 - INFO - epoch:1/50 iteration:15/459 batch loss is :3.8308
2025-07-07 22:38:41 - INFO - epoch:1/50 iteration:20/459 batch loss is :5.1385
2025-07-07 22:39:01 - INFO - epoch:1/50 iteration:25/459 batch loss is :4.2475
2025-07-07 22:39:22 - INFO - epoch:1/50 iteration:30/459 batch loss is :4.6603
2025-07-07 22:39:42 - INFO - epoch:1/50 iteration:35/459 batch loss is :4.3404
2025-07-07 22:40:02 - INFO - epoch:1/50 iteration:40/459 batch loss is :5.0406
2025-07-07 22:40:21 - INFO - epoch:1/50 iteration:45/459 batch loss is :3.6758
2025-07-07 22:40:41 - INFO - epoch:1/50 iteration:50/459 batch loss is :3.7571
2025-07-07 22:41:01 - INFO - epoch:1/50 iteration:55/459 batch loss is :2.9726
2025-07-07 22:41:19 - INFO - epoch:1/50 iteration:60/459 batch loss is :4.5622
2025-07-07 22:41:37 - INFO - epoch:1/50 iteration:65/459 batch loss is :2.5041
2025-07-07 22:41:55 - INFO - epoch:1/50 iteration:70/459 batch loss is :3.9555
2025-07-07 22:42:13 - INFO - epoch:1/50 iteration:75/459 batch loss is :2.8350
2025-07-07 22:42:31 - INFO - epoch:1/50 iteration:80/459 batch loss is :1.4768
2025-07-07 22:42:41 - INFO - Epoch:1/50 Loss is :0.6507
2025-07-07 22:43:20 - INFO - epoch:2/50 iteration:0/459 batch loss is :2.4357
2025-07-07 22:43:42 - INFO - epoch:2/50 iteration:5/459 batch loss is :4.3981
2025-07-07 22:44:04 - INFO - epoch:2/50 iteration:10/459 batch loss is :4.4178
2025-07-07 22:44:25 - INFO - epoch:2/50 iteration:15/459 batch loss is :1.9487
2025-07-07 22:44:46 - INFO - epoch:2/50 iteration:20/459 batch loss is :4.1033
2025-07-07 22:45:07 - INFO - epoch:2/50 iteration:25/459 batch loss is :4.2120
2025-07-07 22:45:26 - INFO - epoch:2/50 iteration:30/459 batch loss is :2.5488
2025-07-07 22:45:46 - INFO - epoch:2/50 iteration:35/459 batch loss is :3.6411
2025-07-07 22:46:05 - INFO - epoch:2/50 iteration:40/459 batch loss is :3.7084
2025-07-07 22:46:25 - INFO - epoch:2/50 iteration:45/459 batch loss is :4.4675
2025-07-07 22:46:44 - INFO - epoch:2/50 iteration:50/459 batch loss is :2.9978
2025-07-07 22:47:03 - INFO - epoch:2/50 iteration:55/459 batch loss is :3.1035
2025-07-07 22:47:21 - INFO - epoch:2/50 iteration:60/459 batch loss is :3.0688
2025-07-07 22:47:39 - INFO - epoch:2/50 iteration:65/459 batch loss is :4.4992
2025-07-07 22:47:57 - INFO - epoch:2/50 iteration:70/459 batch loss is :2.6038
2025-07-07 22:48:15 - INFO - epoch:2/50 iteration:75/459 batch loss is :2.4362
2025-07-07 22:48:33 - INFO - epoch:2/50 iteration:80/459 batch loss is :4.4467
2025-07-07 22:48:44 - INFO - Epoch:2/50 Loss is :0.6917
2025-07-07 22:49:16 - INFO - epoch:3/50 iteration:0/459 batch loss is :3.9362
2025-07-07 22:49:38 - INFO - epoch:3/50 iteration:5/459 batch loss is :4.1866
2025-07-07 22:50:01 - INFO - epoch:3/50 iteration:10/459 batch loss is :3.5544
2025-07-07 22:50:23 - INFO - epoch:3/50 iteration:15/459 batch loss is :3.2890
2025-07-07 22:50:44 - INFO - epoch:3/50 iteration:20/459 batch loss is :2.9085
2025-07-07 22:51:04 - INFO - epoch:3/50 iteration:25/459 batch loss is :4.5168
2025-07-07 22:51:24 - INFO - epoch:3/50 iteration:30/459 batch loss is :5.0813
2025-07-07 22:51:44 - INFO - epoch:3/50 iteration:35/459 batch loss is :4.7370
2025-07-07 22:52:04 - INFO - epoch:3/50 iteration:40/459 batch loss is :3.1173
2025-07-07 22:52:23 - INFO - epoch:3/50 iteration:45/459 batch loss is :3.2224
2025-07-07 22:52:43 - INFO - epoch:3/50 iteration:50/459 batch loss is :4.3560
2025-07-07 22:53:02 - INFO - epoch:3/50 iteration:55/459 batch loss is :2.4296
2025-07-07 22:53:20 - INFO - epoch:3/50 iteration:60/459 batch loss is :5.6231
2025-07-07 22:53:38 - INFO - epoch:3/50 iteration:65/459 batch loss is :3.8365
2025-07-07 22:53:57 - INFO - epoch:3/50 iteration:70/459 batch loss is :2.5469
2025-07-07 22:54:15 - INFO - epoch:3/50 iteration:75/459 batch loss is :5.4915
2025-07-07 22:54:33 - INFO - epoch:3/50 iteration:80/459 batch loss is :2.4107
2025-07-07 22:54:43 - INFO - Epoch:3/50 Loss is :0.6873
2025-07-07 22:55:25 - INFO - epoch:4/50 iteration:0/459 batch loss is :3.5098
2025-07-07 22:55:47 - INFO - epoch:4/50 iteration:5/459 batch loss is :4.0972
2025-07-07 22:56:09 - INFO - epoch:4/50 iteration:10/459 batch loss is :3.6958
2025-07-07 22:56:30 - INFO - epoch:4/50 iteration:15/459 batch loss is :4.5562
2025-07-07 22:56:51 - INFO - epoch:4/50 iteration:20/459 batch loss is :1.5996
2025-07-07 22:57:11 - INFO - epoch:4/50 iteration:25/459 batch loss is :2.9912
2025-07-07 22:57:32 - INFO - epoch:4/50 iteration:30/459 batch loss is :3.8455
2025-07-07 22:57:52 - INFO - epoch:4/50 iteration:35/459 batch loss is :8.3697
2025-07-07 22:58:11 - INFO - epoch:4/50 iteration:40/459 batch loss is :5.4476
2025-07-07 22:58:31 - INFO - epoch:4/50 iteration:45/459 batch loss is :4.3544
2025-07-07 22:58:51 - INFO - epoch:4/50 iteration:50/459 batch loss is :5.1545
2025-07-07 22:59:10 - INFO - epoch:4/50 iteration:55/459 batch loss is :2.4039
2025-07-07 22:59:28 - INFO - epoch:4/50 iteration:60/459 batch loss is :1.3490
2025-07-07 22:59:46 - INFO - epoch:4/50 iteration:65/459 batch loss is :3.6453
2025-07-07 23:00:04 - INFO - epoch:4/50 iteration:70/459 batch loss is :4.2453
2025-07-07 23:00:22 - INFO - epoch:4/50 iteration:75/459 batch loss is :4.2388
2025-07-07 23:00:40 - INFO - epoch:4/50 iteration:80/459 batch loss is :2.7047
2025-07-07 23:00:51 - INFO - Epoch:4/50 Loss is :0.7038
2025-07-07 23:01:31 - INFO - epoch:5/50 iteration:0/459 batch loss is :4.5666
2025-07-07 23:01:53 - INFO - epoch:5/50 iteration:5/459 batch loss is :2.7466
2025-07-07 23:02:15 - INFO - epoch:5/50 iteration:10/459 batch loss is :3.7547
2025-07-07 23:02:37 - INFO - epoch:5/50 iteration:15/459 batch loss is :3.0387
2025-07-07 23:02:58 - INFO - epoch:5/50 iteration:20/459 batch loss is :2.6701
2025-07-07 23:03:17 - INFO - epoch:5/50 iteration:25/459 batch loss is :3.6214
2025-07-07 23:03:37 - INFO - epoch:5/50 iteration:30/459 batch loss is :2.6184
2025-07-07 23:03:56 - INFO - epoch:5/50 iteration:35/459 batch loss is :4.8768
2025-07-07 23:04:16 - INFO - epoch:5/50 iteration:40/459 batch loss is :4.0822
2025-07-07 23:04:36 - INFO - epoch:5/50 iteration:45/459 batch loss is :1.9027
2025-07-07 23:04:55 - INFO - epoch:5/50 iteration:50/459 batch loss is :2.2127
2025-07-07 23:05:14 - INFO - epoch:5/50 iteration:55/459 batch loss is :1.8866
2025-07-07 23:05:32 - INFO - epoch:5/50 iteration:60/459 batch loss is :4.2978
2025-07-07 23:05:50 - INFO - epoch:5/50 iteration:65/459 batch loss is :3.0940
2025-07-07 23:06:08 - INFO - epoch:5/50 iteration:70/459 batch loss is :2.4793
2025-07-07 23:06:26 - INFO - epoch:5/50 iteration:75/459 batch loss is :3.5460
2025-07-07 23:06:44 - INFO - epoch:5/50 iteration:80/459 batch loss is :3.2196
2025-07-07 23:06:55 - INFO - Epoch:5/50 Loss is :0.6528
2025-07-07 23:07:38 - INFO - epoch:6/50 iteration:0/459 batch loss is :3.8361
2025-07-07 23:08:00 - INFO - epoch:6/50 iteration:5/459 batch loss is :3.8704
2025-07-07 23:08:23 - INFO - epoch:6/50 iteration:10/459 batch loss is :3.3764
2025-07-07 23:08:46 - INFO - epoch:6/50 iteration:15/459 batch loss is :4.1330
2025-07-07 23:09:09 - INFO - epoch:6/50 iteration:20/459 batch loss is :4.0984
2025-07-07 23:09:30 - INFO - epoch:6/50 iteration:25/459 batch loss is :2.2259
2025-07-07 23:09:52 - INFO - epoch:6/50 iteration:30/459 batch loss is :3.4983
2025-07-07 23:10:12 - INFO - epoch:6/50 iteration:35/459 batch loss is :7.9700
2025-07-07 23:10:32 - INFO - epoch:6/50 iteration:40/459 batch loss is :5.2817
2025-07-07 23:10:52 - INFO - epoch:6/50 iteration:45/459 batch loss is :3.1415
2025-07-07 23:11:12 - INFO - epoch:6/50 iteration:50/459 batch loss is :4.7360
2025-07-07 23:11:31 - INFO - epoch:6/50 iteration:55/459 batch loss is :2.2044
2025-07-07 23:11:50 - INFO - epoch:6/50 iteration:60/459 batch loss is :2.4997
2025-07-07 23:12:08 - INFO - epoch:6/50 iteration:65/459 batch loss is :1.7766
2025-07-07 23:12:26 - INFO - epoch:6/50 iteration:70/459 batch loss is :2.0764
2025-07-07 23:12:44 - INFO - epoch:6/50 iteration:75/459 batch loss is :5.2963
2025-07-07 23:13:02 - INFO - epoch:6/50 iteration:80/459 batch loss is :5.7642
2025-07-07 23:13:13 - INFO - Epoch:6/50 Loss is :0.6853
2025-07-07 23:13:51 - INFO - epoch:7/50 iteration:0/459 batch loss is :4.4084
2025-07-07 23:14:13 - INFO - epoch:7/50 iteration:5/459 batch loss is :3.6951
2025-07-07 23:14:34 - INFO - epoch:7/50 iteration:10/459 batch loss is :3.7771
2025-07-07 23:14:57 - INFO - epoch:7/50 iteration:15/459 batch loss is :5.1685
2025-07-07 23:15:18 - INFO - epoch:7/50 iteration:20/459 batch loss is :4.5767
2025-07-07 23:15:39 - INFO - epoch:7/50 iteration:25/459 batch loss is :6.7393
2025-07-07 23:15:58 - INFO - epoch:7/50 iteration:30/459 batch loss is :4.5236
2025-07-07 23:16:18 - INFO - epoch:7/50 iteration:35/459 batch loss is :4.7261
2025-07-07 23:16:37 - INFO - epoch:7/50 iteration:40/459 batch loss is :4.7377
2025-07-07 23:16:57 - INFO - epoch:7/50 iteration:45/459 batch loss is :3.7172
2025-07-07 23:17:16 - INFO - epoch:7/50 iteration:50/459 batch loss is :2.7965
2025-07-07 23:17:35 - INFO - epoch:7/50 iteration:55/459 batch loss is :5.7924
2025-07-07 23:17:53 - INFO - epoch:7/50 iteration:60/459 batch loss is :3.0124
2025-07-07 23:18:12 - INFO - epoch:7/50 iteration:65/459 batch loss is :2.7535
2025-07-07 23:18:30 - INFO - epoch:7/50 iteration:70/459 batch loss is :3.3894
2025-07-07 23:18:48 - INFO - epoch:7/50 iteration:75/459 batch loss is :5.7682
2025-07-07 23:19:05 - INFO - epoch:7/50 iteration:80/459 batch loss is :4.7892
2025-07-07 23:19:16 - INFO - Epoch:7/50 Loss is :nan
2025-07-07 23:19:46 - INFO - epoch:8/50 iteration:0/459 batch loss is :2.7908
2025-07-07 23:20:20 - INFO - epoch:8/50 iteration:5/459 batch loss is :4.4537
2025-07-07 23:20:41 - INFO - epoch:8/50 iteration:10/459 batch loss is :3.9529
2025-07-07 23:21:02 - INFO - epoch:8/50 iteration:15/459 batch loss is :3.0474
2025-07-07 23:21:23 - INFO - epoch:8/50 iteration:20/459 batch loss is :3.1487
2025-07-07 23:21:43 - INFO - epoch:8/50 iteration:25/459 batch loss is :2.4898
2025-07-07 23:22:03 - INFO - epoch:8/50 iteration:30/459 batch loss is :4.2243
2025-07-07 23:22:23 - INFO - epoch:8/50 iteration:35/459 batch loss is :2.6345
2025-07-07 23:22:42 - INFO - epoch:8/50 iteration:40/459 batch loss is :3.1138
2025-07-07 23:23:02 - INFO - epoch:8/50 iteration:45/459 batch loss is :5.6172
2025-07-07 23:23:22 - INFO - epoch:8/50 iteration:50/459 batch loss is :4.6244
2025-07-07 23:23:41 - INFO - epoch:8/50 iteration:55/459 batch loss is :3.6893
2025-07-07 23:24:00 - INFO - epoch:8/50 iteration:60/459 batch loss is :2.0816
2025-07-07 23:24:18 - INFO - epoch:8/50 iteration:65/459 batch loss is :3.1977
2025-07-07 23:24:36 - INFO - epoch:8/50 iteration:70/459 batch loss is :2.2402
2025-07-07 23:24:54 - INFO - epoch:8/50 iteration:75/459 batch loss is :3.7203
2025-07-07 23:25:12 - INFO - epoch:8/50 iteration:80/459 batch loss is :2.2581
2025-07-07 23:25:22 - INFO - Epoch:8/50 Loss is :0.6659
2025-07-07 23:26:02 - INFO - epoch:9/50 iteration:0/459 batch loss is :1.8024
2025-07-07 23:26:24 - INFO - epoch:9/50 iteration:5/459 batch loss is :4.5026
2025-07-07 23:26:46 - INFO - epoch:9/50 iteration:10/459 batch loss is :2.7731
2025-07-07 23:27:07 - INFO - epoch:9/50 iteration:15/459 batch loss is :3.4267
2025-07-07 23:27:29 - INFO - epoch:9/50 iteration:20/459 batch loss is :4.5562
2025-07-07 23:27:49 - INFO - epoch:9/50 iteration:25/459 batch loss is :3.9083
2025-07-07 23:28:09 - INFO - epoch:9/50 iteration:30/459 batch loss is :5.7076
2025-07-07 23:28:29 - INFO - epoch:9/50 iteration:35/459 batch loss is :5.8736
2025-07-07 23:28:49 - INFO - epoch:9/50 iteration:40/459 batch loss is :3.2752
2025-07-07 23:29:08 - INFO - epoch:9/50 iteration:45/459 batch loss is :3.9873
2025-07-07 23:29:27 - INFO - epoch:9/50 iteration:50/459 batch loss is :3.7528
2025-07-07 23:29:47 - INFO - epoch:9/50 iteration:55/459 batch loss is :4.8995
2025-07-07 23:30:05 - INFO - epoch:9/50 iteration:60/459 batch loss is :2.1379
2025-07-07 23:30:23 - INFO - epoch:9/50 iteration:65/459 batch loss is :4.1929
2025-07-07 23:30:41 - INFO - epoch:9/50 iteration:70/459 batch loss is :2.8083
2025-07-07 23:30:59 - INFO - epoch:9/50 iteration:75/459 batch loss is :3.9630
2025-07-07 23:31:17 - INFO - epoch:9/50 iteration:80/459 batch loss is :4.2522
2025-07-07 23:31:27 - INFO - Epoch:9/50 Loss is :0.6727
2025-07-07 23:32:12 - INFO - epoch:10/50 iteration:0/459 batch loss is :2.6481
2025-07-07 23:32:34 - INFO - epoch:10/50 iteration:5/459 batch loss is :1.6697
2025-07-07 23:32:55 - INFO - epoch:10/50 iteration:10/459 batch loss is :4.0996
2025-07-07 23:33:17 - INFO - epoch:10/50 iteration:15/459 batch loss is :2.9637
2025-07-07 23:33:37 - INFO - epoch:10/50 iteration:20/459 batch loss is :3.5206
2025-07-07 23:33:56 - INFO - epoch:10/50 iteration:25/459 batch loss is :4.4544
2025-07-07 23:34:15 - INFO - epoch:10/50 iteration:30/459 batch loss is :2.3256
2025-07-07 23:34:34 - INFO - epoch:10/50 iteration:35/459 batch loss is :4.7215
2025-07-07 23:34:54 - INFO - epoch:10/50 iteration:40/459 batch loss is :1.3979
2025-07-07 23:35:13 - INFO - epoch:10/50 iteration:45/459 batch loss is :2.5797
2025-07-07 23:35:32 - INFO - epoch:10/50 iteration:50/459 batch loss is :4.1075
2025-07-07 23:35:51 - INFO - epoch:10/50 iteration:55/459 batch loss is :3.2338
2025-07-07 23:36:09 - INFO - epoch:10/50 iteration:60/459 batch loss is :3.0778
2025-07-07 23:36:27 - INFO - epoch:10/50 iteration:65/459 batch loss is :3.6590
2025-07-07 23:36:45 - INFO - epoch:10/50 iteration:70/459 batch loss is :2.8208
2025-07-07 23:37:03 - INFO - epoch:10/50 iteration:75/459 batch loss is :2.3461
2025-07-07 23:37:21 - INFO - epoch:10/50 iteration:80/459 batch loss is :3.2967
2025-07-07 23:37:31 - INFO - Epoch:10/50 Loss is :0.6588
2025-07-07 23:38:16 - INFO - epoch:11/50 iteration:0/459 batch loss is :3.3379
2025-07-07 23:38:38 - INFO - epoch:11/50 iteration:5/459 batch loss is :3.8520
2025-07-07 23:38:59 - INFO - epoch:11/50 iteration:10/459 batch loss is :4.7895
2025-07-07 23:39:21 - INFO - epoch:11/50 iteration:15/459 batch loss is :2.0740
2025-07-07 23:39:42 - INFO - epoch:11/50 iteration:20/459 batch loss is :2.5363
2025-07-07 23:40:03 - INFO - epoch:11/50 iteration:25/459 batch loss is :3.1464
2025-07-07 23:40:24 - INFO - epoch:11/50 iteration:30/459 batch loss is :3.2846
2025-07-07 23:40:43 - INFO - epoch:11/50 iteration:35/459 batch loss is :3.0550
2025-07-07 23:41:03 - INFO - epoch:11/50 iteration:40/459 batch loss is :3.9486
2025-07-07 23:41:23 - INFO - epoch:11/50 iteration:45/459 batch loss is :2.7137
2025-07-07 23:41:42 - INFO - epoch:11/50 iteration:50/459 batch loss is :4.2520
2025-07-07 23:42:01 - INFO - epoch:11/50 iteration:55/459 batch loss is :4.8442
2025-07-07 23:42:20 - INFO - epoch:11/50 iteration:60/459 batch loss is :3.8394
2025-07-07 23:42:37 - INFO - epoch:11/50 iteration:65/459 batch loss is :3.7616
2025-07-07 23:42:56 - INFO - epoch:11/50 iteration:70/459 batch loss is :4.3903
2025-07-07 23:43:14 - INFO - epoch:11/50 iteration:75/459 batch loss is :2.5842
2025-07-07 23:43:32 - INFO - epoch:11/50 iteration:80/459 batch loss is :4.2342
2025-07-07 23:43:42 - INFO - Epoch:11/50 Loss is :0.6790
2025-07-07 23:44:18 - INFO - epoch:12/50 iteration:0/459 batch loss is :3.9078
2025-07-07 23:44:50 - INFO - epoch:12/50 iteration:5/459 batch loss is :5.4364
2025-07-07 23:45:11 - INFO - epoch:12/50 iteration:10/459 batch loss is :2.5380
2025-07-07 23:45:33 - INFO - epoch:12/50 iteration:15/459 batch loss is :3.6390
2025-07-07 23:45:53 - INFO - epoch:12/50 iteration:20/459 batch loss is :2.4493
2025-07-07 23:46:13 - INFO - epoch:12/50 iteration:25/459 batch loss is :3.3976
2025-07-07 23:46:33 - INFO - epoch:12/50 iteration:30/459 batch loss is :3.7335
2025-07-07 23:46:52 - INFO - epoch:12/50 iteration:35/459 batch loss is :3.7935
2025-07-07 23:47:11 - INFO - epoch:12/50 iteration:40/459 batch loss is :2.6193
2025-07-07 23:47:31 - INFO - epoch:12/50 iteration:45/459 batch loss is :3.8343
2025-07-07 23:47:50 - INFO - epoch:12/50 iteration:50/459 batch loss is :2.7277
2025-07-07 23:48:09 - INFO - epoch:12/50 iteration:55/459 batch loss is :2.1506
2025-07-07 23:48:27 - INFO - epoch:12/50 iteration:60/459 batch loss is :2.4734
2025-07-07 23:48:45 - INFO - epoch:12/50 iteration:65/459 batch loss is :4.2416
2025-07-07 23:49:03 - INFO - epoch:12/50 iteration:70/459 batch loss is :2.1277
2025-07-07 23:49:21 - INFO - epoch:12/50 iteration:75/459 batch loss is :3.5844
2025-07-07 23:49:39 - INFO - epoch:12/50 iteration:80/459 batch loss is :3.7375
2025-07-07 23:49:50 - INFO - Epoch:12/50 Loss is :0.6534
2025-07-07 23:50:26 - INFO - epoch:13/50 iteration:0/459 batch loss is :2.8158
2025-07-07 23:50:49 - INFO - epoch:13/50 iteration:5/459 batch loss is :3.2465
2025-07-07 23:51:11 - INFO - epoch:13/50 iteration:10/459 batch loss is :3.7083
2025-07-07 23:51:32 - INFO - epoch:13/50 iteration:15/459 batch loss is :4.1133
2025-07-07 23:51:53 - INFO - epoch:13/50 iteration:20/459 batch loss is :3.1155
2025-07-07 23:52:13 - INFO - epoch:13/50 iteration:25/459 batch loss is :2.7851
2025-07-07 23:52:34 - INFO - epoch:13/50 iteration:30/459 batch loss is :3.8670
2025-07-07 23:52:54 - INFO - epoch:13/50 iteration:35/459 batch loss is :2.3943
2025-07-07 23:53:14 - INFO - epoch:13/50 iteration:40/459 batch loss is :4.8111
2025-07-07 23:53:33 - INFO - epoch:13/50 iteration:45/459 batch loss is :2.5693
2025-07-07 23:53:53 - INFO - epoch:13/50 iteration:50/459 batch loss is :3.8103
2025-07-07 23:54:12 - INFO - epoch:13/50 iteration:55/459 batch loss is :3.1513
2025-07-07 23:54:30 - INFO - epoch:13/50 iteration:60/459 batch loss is :4.1827
2025-07-07 23:54:48 - INFO - epoch:13/50 iteration:65/459 batch loss is :3.9285
2025-07-07 23:55:07 - INFO - epoch:13/50 iteration:70/459 batch loss is :2.9136
2025-07-07 23:55:25 - INFO - epoch:13/50 iteration:75/459 batch loss is :2.1601
2025-07-07 23:55:42 - INFO - epoch:13/50 iteration:80/459 batch loss is :3.2142
2025-07-07 23:55:53 - INFO - Epoch:13/50 Loss is :0.6672
2025-07-07 23:56:30 - INFO - epoch:14/50 iteration:0/459 batch loss is :2.7169
2025-07-07 23:56:54 - INFO - epoch:14/50 iteration:5/459 batch loss is :1.8959
2025-07-07 23:57:16 - INFO - epoch:14/50 iteration:10/459 batch loss is :2.6661
2025-07-07 23:57:38 - INFO - epoch:14/50 iteration:15/459 batch loss is :2.5596
2025-07-07 23:58:00 - INFO - epoch:14/50 iteration:20/459 batch loss is :3.9762
2025-07-07 23:58:20 - INFO - epoch:14/50 iteration:25/459 batch loss is :2.2612
2025-07-07 23:58:41 - INFO - epoch:14/50 iteration:30/459 batch loss is :3.0861
2025-07-07 23:59:01 - INFO - epoch:14/50 iteration:35/459 batch loss is :2.3688
2025-07-07 23:59:20 - INFO - epoch:14/50 iteration:40/459 batch loss is :3.1002
2025-07-07 23:59:40 - INFO - epoch:14/50 iteration:45/459 batch loss is :6.8278
2025-07-07 23:59:59 - INFO - epoch:14/50 iteration:50/459 batch loss is :3.3322
2025-07-08 00:00:19 - INFO - epoch:14/50 iteration:55/459 batch loss is :3.2125
2025-07-08 00:00:37 - INFO - epoch:14/50 iteration:60/459 batch loss is :2.4917
2025-07-08 00:00:55 - INFO - epoch:14/50 iteration:65/459 batch loss is :3.5889
2025-07-08 00:01:12 - INFO - epoch:14/50 iteration:70/459 batch loss is :nan
2025-07-08 00:01:31 - INFO - epoch:14/50 iteration:75/459 batch loss is :2.9552
2025-07-08 00:01:49 - INFO - epoch:14/50 iteration:80/459 batch loss is :4.5256
2025-07-08 00:01:59 - INFO - Epoch:14/50 Loss is :nan
2025-07-08 00:02:35 - INFO - epoch:15/50 iteration:0/459 batch loss is :2.3122
2025-07-08 00:02:57 - INFO - epoch:15/50 iteration:5/459 batch loss is :4.7653
2025-07-08 00:03:19 - INFO - epoch:15/50 iteration:10/459 batch loss is :5.3216
2025-07-08 00:03:40 - INFO - epoch:15/50 iteration:15/459 batch loss is :5.1307
2025-07-08 00:04:01 - INFO - epoch:15/50 iteration:20/459 batch loss is :2.0125
2025-07-08 00:04:21 - INFO - epoch:15/50 iteration:25/459 batch loss is :4.2678
2025-07-08 00:04:41 - INFO - epoch:15/50 iteration:30/459 batch loss is :4.0337
2025-07-08 00:05:00 - INFO - epoch:15/50 iteration:35/459 batch loss is :8.0666
2025-07-08 00:05:20 - INFO - epoch:15/50 iteration:40/459 batch loss is :3.2115
2025-07-08 00:05:39 - INFO - epoch:15/50 iteration:45/459 batch loss is :3.0812
2025-07-08 00:05:59 - INFO - epoch:15/50 iteration:50/459 batch loss is :4.4825
2025-07-08 00:06:17 - INFO - epoch:15/50 iteration:55/459 batch loss is :3.3822
2025-07-08 00:06:36 - INFO - epoch:15/50 iteration:60/459 batch loss is :2.4387
2025-07-08 00:06:54 - INFO - epoch:15/50 iteration:65/459 batch loss is :2.4143
2025-07-08 00:07:12 - INFO - epoch:15/50 iteration:70/459 batch loss is :3.6174
2025-07-08 00:07:30 - INFO - epoch:15/50 iteration:75/459 batch loss is :3.8587
2025-07-08 00:07:48 - INFO - epoch:15/50 iteration:80/459 batch loss is :3.1367
2025-07-08 00:07:59 - INFO - Epoch:15/50 Loss is :0.6510
2025-07-08 00:08:43 - INFO - epoch:16/50 iteration:0/459 batch loss is :5.1336
2025-07-08 00:09:05 - INFO - epoch:16/50 iteration:5/459 batch loss is :6.9421
2025-07-08 00:09:26 - INFO - epoch:16/50 iteration:10/459 batch loss is :3.3626
2025-07-08 00:09:48 - INFO - epoch:16/50 iteration:15/459 batch loss is :3.6507
2025-07-08 00:10:10 - INFO - epoch:16/50 iteration:20/459 batch loss is :2.8548
2025-07-08 00:10:30 - INFO - epoch:16/50 iteration:25/459 batch loss is :3.2949
2025-07-08 00:10:52 - INFO - epoch:16/50 iteration:30/459 batch loss is :3.3567
2025-07-08 00:11:12 - INFO - epoch:16/50 iteration:35/459 batch loss is :2.4988
2025-07-08 00:11:32 - INFO - epoch:16/50 iteration:40/459 batch loss is :2.0783
2025-07-08 00:11:51 - INFO - epoch:16/50 iteration:45/459 batch loss is :2.5163
2025-07-08 00:12:11 - INFO - epoch:16/50 iteration:50/459 batch loss is :3.9049
2025-07-08 00:12:31 - INFO - epoch:16/50 iteration:55/459 batch loss is :2.9879
2025-07-08 00:12:49 - INFO - epoch:16/50 iteration:60/459 batch loss is :3.3957
2025-07-08 00:13:07 - INFO - epoch:16/50 iteration:65/459 batch loss is :4.0094
2025-07-08 00:13:26 - INFO - epoch:16/50 iteration:70/459 batch loss is :2.9932
2025-07-08 00:13:44 - INFO - epoch:16/50 iteration:75/459 batch loss is :3.5459
2025-07-08 00:14:02 - INFO - epoch:16/50 iteration:80/459 batch loss is :4.0309
2025-07-08 00:14:12 - INFO - Epoch:16/50 Loss is :nan
2025-07-08 00:14:52 - INFO - epoch:17/50 iteration:0/459 batch loss is :1.9536
2025-07-08 00:15:14 - INFO - epoch:17/50 iteration:5/459 batch loss is :3.2168
2025-07-08 00:15:36 - INFO - epoch:17/50 iteration:10/459 batch loss is :3.9632
2025-07-08 00:15:58 - INFO - epoch:17/50 iteration:15/459 batch loss is :2.3673
2025-07-08 00:16:20 - INFO - epoch:17/50 iteration:20/459 batch loss is :5.0848
2025-07-08 00:16:40 - INFO - epoch:17/50 iteration:25/459 batch loss is :2.5139
2025-07-08 00:17:00 - INFO - epoch:17/50 iteration:30/459 batch loss is :3.0384
2025-07-08 00:17:19 - INFO - epoch:17/50 iteration:35/459 batch loss is :4.2105
2025-07-08 00:17:39 - INFO - epoch:17/50 iteration:40/459 batch loss is :3.1275
2025-07-08 00:17:58 - INFO - epoch:17/50 iteration:45/459 batch loss is :3.3533
2025-07-08 00:18:17 - INFO - epoch:17/50 iteration:50/459 batch loss is :4.6149
2025-07-08 00:18:37 - INFO - epoch:17/50 iteration:55/459 batch loss is :4.4725
2025-07-08 00:18:55 - INFO - epoch:17/50 iteration:60/459 batch loss is :4.8143
2025-07-08 00:19:13 - INFO - epoch:17/50 iteration:65/459 batch loss is :3.4684
2025-07-08 00:19:31 - INFO - epoch:17/50 iteration:70/459 batch loss is :2.5011
2025-07-08 00:19:49 - INFO - epoch:17/50 iteration:75/459 batch loss is :5.1478
2025-07-08 00:20:07 - INFO - epoch:17/50 iteration:80/459 batch loss is :2.0071
2025-07-08 00:20:18 - INFO - Epoch:17/50 Loss is :0.6892
2025-07-08 00:20:55 - INFO - epoch:18/50 iteration:0/459 batch loss is :3.1690
2025-07-08 00:21:17 - INFO - epoch:18/50 iteration:5/459 batch loss is :3.7342
2025-07-08 00:21:38 - INFO - epoch:18/50 iteration:10/459 batch loss is :3.3762
2025-07-08 00:21:59 - INFO - epoch:18/50 iteration:15/459 batch loss is :2.4990
2025-07-08 00:22:21 - INFO - epoch:18/50 iteration:20/459 batch loss is :3.8325
2025-07-08 00:22:41 - INFO - epoch:18/50 iteration:25/459 batch loss is :3.4422
2025-07-08 00:23:02 - INFO - epoch:18/50 iteration:30/459 batch loss is :2.8488
2025-07-08 00:23:22 - INFO - epoch:18/50 iteration:35/459 batch loss is :4.2987
2025-07-08 00:23:42 - INFO - epoch:18/50 iteration:40/459 batch loss is :3.2759
2025-07-08 00:24:01 - INFO - epoch:18/50 iteration:45/459 batch loss is :2.0670
2025-07-08 00:24:21 - INFO - epoch:18/50 iteration:50/459 batch loss is :5.6429
2025-07-08 00:24:40 - INFO - epoch:18/50 iteration:55/459 batch loss is :3.3601
2025-07-08 00:24:59 - INFO - epoch:18/50 iteration:60/459 batch loss is :3.9761
2025-07-08 00:25:17 - INFO - epoch:18/50 iteration:65/459 batch loss is :3.9472
2025-07-08 00:25:35 - INFO - epoch:18/50 iteration:70/459 batch loss is :3.6487
2025-07-08 00:25:53 - INFO - epoch:18/50 iteration:75/459 batch loss is :4.1858
2025-07-08 00:26:11 - INFO - epoch:18/50 iteration:80/459 batch loss is :4.5914
2025-07-08 00:26:21 - INFO - Epoch:18/50 Loss is :0.6885
2025-07-08 00:27:00 - INFO - epoch:19/50 iteration:0/459 batch loss is :3.6104
2025-07-08 00:27:22 - INFO - epoch:19/50 iteration:5/459 batch loss is :3.0297
2025-07-08 00:27:43 - INFO - epoch:19/50 iteration:10/459 batch loss is :2.1283
2025-07-08 00:28:05 - INFO - epoch:19/50 iteration:15/459 batch loss is :1.8831
2025-07-08 00:28:26 - INFO - epoch:19/50 iteration:20/459 batch loss is :2.2188
2025-07-08 00:28:47 - INFO - epoch:19/50 iteration:25/459 batch loss is :3.1203
2025-07-08 00:29:07 - INFO - epoch:19/50 iteration:30/459 batch loss is :4.7490
2025-07-08 00:29:27 - INFO - epoch:19/50 iteration:35/459 batch loss is :2.2473
2025-07-08 00:29:46 - INFO - epoch:19/50 iteration:40/459 batch loss is :3.9373
2025-07-08 00:30:06 - INFO - epoch:19/50 iteration:45/459 batch loss is :3.8866
2025-07-08 00:30:26 - INFO - epoch:19/50 iteration:50/459 batch loss is :4.3869
2025-07-08 00:30:46 - INFO - epoch:19/50 iteration:55/459 batch loss is :3.5247
2025-07-08 00:31:03 - INFO - epoch:19/50 iteration:60/459 batch loss is :4.1593
2025-07-08 00:31:22 - INFO - epoch:19/50 iteration:65/459 batch loss is :5.4998
2025-07-08 00:31:39 - INFO - epoch:19/50 iteration:70/459 batch loss is :5.0414
2025-07-08 00:31:58 - INFO - epoch:19/50 iteration:75/459 batch loss is :3.8816
2025-07-08 00:32:15 - INFO - epoch:19/50 iteration:80/459 batch loss is :2.7078
2025-07-08 00:32:26 - INFO - Epoch:19/50 Loss is :0.6558
2025-07-08 00:33:06 - INFO - epoch:20/50 iteration:0/459 batch loss is :2.0911
2025-07-08 00:33:29 - INFO - epoch:20/50 iteration:5/459 batch loss is :2.6383
2025-07-08 00:33:50 - INFO - epoch:20/50 iteration:10/459 batch loss is :5.5520
2025-07-08 00:34:12 - INFO - epoch:20/50 iteration:15/459 batch loss is :3.5502
2025-07-08 00:34:32 - INFO - epoch:20/50 iteration:20/459 batch loss is :3.6323
2025-07-08 00:34:52 - INFO - epoch:20/50 iteration:25/459 batch loss is :3.5689
2025-07-08 00:35:11 - INFO - epoch:20/50 iteration:30/459 batch loss is :3.8738
2025-07-08 00:35:31 - INFO - epoch:20/50 iteration:35/459 batch loss is :3.5659
2025-07-08 00:35:50 - INFO - epoch:20/50 iteration:40/459 batch loss is :3.1058
2025-07-08 00:36:09 - INFO - epoch:20/50 iteration:45/459 batch loss is :4.1250
2025-07-08 00:36:28 - INFO - epoch:20/50 iteration:50/459 batch loss is :2.7211
2025-07-08 00:36:47 - INFO - epoch:20/50 iteration:55/459 batch loss is :3.2197
2025-07-08 00:37:05 - INFO - epoch:20/50 iteration:60/459 batch loss is :3.2229
2025-07-08 00:37:23 - INFO - epoch:20/50 iteration:65/459 batch loss is :4.8926
2025-07-08 00:37:41 - INFO - epoch:20/50 iteration:70/459 batch loss is :4.5974
2025-07-08 00:37:59 - INFO - epoch:20/50 iteration:75/459 batch loss is :3.9119
2025-07-08 00:38:17 - INFO - epoch:20/50 iteration:80/459 batch loss is :1.9581
2025-07-08 00:38:28 - INFO - Epoch:20/50 Loss is :0.6553
2025-07-08 00:46:07 - INFO - VAL loss :9.5112
2025-07-08 00:46:52 - INFO - epoch:21/50 iteration:0/459 batch loss is :3.3490
2025-07-08 00:47:13 - INFO - epoch:21/50 iteration:5/459 batch loss is :2.9300
2025-07-08 00:47:34 - INFO - epoch:21/50 iteration:10/459 batch loss is :3.7214
2025-07-08 00:47:55 - INFO - epoch:21/50 iteration:15/459 batch loss is :5.2698
2025-07-08 00:48:17 - INFO - epoch:21/50 iteration:20/459 batch loss is :4.2726
2025-07-08 00:48:37 - INFO - epoch:21/50 iteration:25/459 batch loss is :1.6591
2025-07-08 00:48:59 - INFO - epoch:21/50 iteration:30/459 batch loss is :3.5123
2025-07-08 00:49:18 - INFO - epoch:21/50 iteration:35/459 batch loss is :1.6691
2025-07-08 00:49:38 - INFO - epoch:21/50 iteration:40/459 batch loss is :1.8653
2025-07-08 00:49:57 - INFO - epoch:21/50 iteration:45/459 batch loss is :2.9711
2025-07-08 00:50:17 - INFO - epoch:21/50 iteration:50/459 batch loss is :5.2132
2025-07-08 00:50:36 - INFO - epoch:21/50 iteration:55/459 batch loss is :2.8661
2025-07-08 00:50:55 - INFO - epoch:21/50 iteration:60/459 batch loss is :2.7417
2025-07-08 00:51:12 - INFO - epoch:21/50 iteration:65/459 batch loss is :3.1684
2025-07-08 00:51:30 - INFO - epoch:21/50 iteration:70/459 batch loss is :3.5077
2025-07-08 00:51:48 - INFO - epoch:21/50 iteration:75/459 batch loss is :3.8059
2025-07-08 00:52:06 - INFO - epoch:21/50 iteration:80/459 batch loss is :4.0294
2025-07-08 00:52:17 - INFO - Epoch:21/50 Loss is :0.6622
2025-07-08 00:53:01 - INFO - epoch:22/50 iteration:0/459 batch loss is :2.3463
2025-07-08 00:53:22 - INFO - epoch:22/50 iteration:5/459 batch loss is :2.9046
2025-07-08 00:53:43 - INFO - epoch:22/50 iteration:10/459 batch loss is :3.6606
2025-07-08 00:54:05 - INFO - epoch:22/50 iteration:15/459 batch loss is :3.1714
2025-07-08 00:54:26 - INFO - epoch:22/50 iteration:20/459 batch loss is :3.9631
2025-07-08 00:54:46 - INFO - epoch:22/50 iteration:25/459 batch loss is :2.7015
2025-07-08 00:55:07 - INFO - epoch:22/50 iteration:30/459 batch loss is :2.8000
2025-07-08 00:55:27 - INFO - epoch:22/50 iteration:35/459 batch loss is :4.0537
2025-07-08 00:55:47 - INFO - epoch:22/50 iteration:40/459 batch loss is :3.3440
2025-07-08 00:56:06 - INFO - epoch:22/50 iteration:45/459 batch loss is :3.3774
2025-07-08 00:56:26 - INFO - epoch:22/50 iteration:50/459 batch loss is :4.5646
2025-07-08 00:56:46 - INFO - epoch:22/50 iteration:55/459 batch loss is :2.3751
2025-07-08 00:57:04 - INFO - epoch:22/50 iteration:60/459 batch loss is :2.4078
2025-07-08 00:57:22 - INFO - epoch:22/50 iteration:65/459 batch loss is :4.6802
2025-07-08 00:57:40 - INFO - epoch:22/50 iteration:70/459 batch loss is :5.3415
2025-07-08 00:57:58 - INFO - epoch:22/50 iteration:75/459 batch loss is :6.1027
2025-07-08 00:58:15 - INFO - epoch:22/50 iteration:80/459 batch loss is :2.8647
2025-07-08 00:58:26 - INFO - Epoch:22/50 Loss is :0.6584
2025-07-08 00:59:08 - INFO - epoch:23/50 iteration:0/459 batch loss is :4.4852
2025-07-08 00:59:29 - INFO - epoch:23/50 iteration:5/459 batch loss is :3.5233
2025-07-08 00:59:50 - INFO - epoch:23/50 iteration:10/459 batch loss is :4.6085
2025-07-08 01:00:12 - INFO - epoch:23/50 iteration:15/459 batch loss is :3.4745
2025-07-08 01:00:33 - INFO - epoch:23/50 iteration:20/459 batch loss is :2.3923
2025-07-08 01:00:53 - INFO - epoch:23/50 iteration:25/459 batch loss is :4.7607
2025-07-08 01:01:13 - INFO - epoch:23/50 iteration:30/459 batch loss is :3.1105
2025-07-08 01:01:32 - INFO - epoch:23/50 iteration:35/459 batch loss is :1.6579
2025-07-08 01:01:52 - INFO - epoch:23/50 iteration:40/459 batch loss is :3.1465
2025-07-08 01:02:11 - INFO - epoch:23/50 iteration:45/459 batch loss is :4.6200
2025-07-08 01:02:32 - INFO - epoch:23/50 iteration:50/459 batch loss is :3.7153
2025-07-08 01:02:51 - INFO - epoch:23/50 iteration:55/459 batch loss is :2.7734
2025-07-08 01:03:09 - INFO - epoch:23/50 iteration:60/459 batch loss is :6.0353
2025-07-08 01:03:27 - INFO - epoch:23/50 iteration:65/459 batch loss is :3.7158
2025-07-08 01:03:45 - INFO - epoch:23/50 iteration:70/459 batch loss is :2.8596
2025-07-08 01:04:03 - INFO - epoch:23/50 iteration:75/459 batch loss is :3.9588
2025-07-08 01:04:21 - INFO - epoch:23/50 iteration:80/459 batch loss is :3.6501
2025-07-08 01:04:32 - INFO - Epoch:23/50 Loss is :0.6546
2025-07-08 01:05:15 - INFO - epoch:24/50 iteration:0/459 batch loss is :5.0820
2025-07-08 01:05:37 - INFO - epoch:24/50 iteration:5/459 batch loss is :3.2095
2025-07-08 01:05:58 - INFO - epoch:24/50 iteration:10/459 batch loss is :2.8417
2025-07-08 01:06:19 - INFO - epoch:24/50 iteration:15/459 batch loss is :2.5947
2025-07-08 01:06:38 - INFO - epoch:24/50 iteration:20/459 batch loss is :3.7166
2025-07-08 01:06:58 - INFO - epoch:24/50 iteration:25/459 batch loss is :3.3140
2025-07-08 01:07:17 - INFO - epoch:24/50 iteration:30/459 batch loss is :5.0821
2025-07-08 01:07:37 - INFO - epoch:24/50 iteration:35/459 batch loss is :3.9082
2025-07-08 01:07:57 - INFO - epoch:24/50 iteration:40/459 batch loss is :3.8847
2025-07-08 01:08:16 - INFO - epoch:24/50 iteration:45/459 batch loss is :2.8669
2025-07-08 01:08:36 - INFO - epoch:24/50 iteration:50/459 batch loss is :2.9659
2025-07-08 01:08:55 - INFO - epoch:24/50 iteration:55/459 batch loss is :3.5595
2025-07-08 01:09:13 - INFO - epoch:24/50 iteration:60/459 batch loss is :4.3914
2025-07-08 01:09:31 - INFO - epoch:24/50 iteration:65/459 batch loss is :4.4917
2025-07-08 01:09:49 - INFO - epoch:24/50 iteration:70/459 batch loss is :3.0007
2025-07-08 01:10:07 - INFO - epoch:24/50 iteration:75/459 batch loss is :4.1229
2025-07-08 01:10:25 - INFO - epoch:24/50 iteration:80/459 batch loss is :3.0765
2025-07-08 01:10:36 - INFO - Epoch:24/50 Loss is :0.6592
2025-07-08 01:11:10 - INFO - epoch:25/50 iteration:0/459 batch loss is :2.9691
2025-07-08 01:11:39 - INFO - epoch:25/50 iteration:5/459 batch loss is :4.3454
2025-07-08 01:12:00 - INFO - epoch:25/50 iteration:10/459 batch loss is :3.7976
2025-07-08 01:12:22 - INFO - epoch:25/50 iteration:15/459 batch loss is :3.6111
2025-07-08 01:12:43 - INFO - epoch:25/50 iteration:20/459 batch loss is :6.4705
2025-07-08 01:13:03 - INFO - epoch:25/50 iteration:25/459 batch loss is :2.6769
2025-07-08 01:13:24 - INFO - epoch:25/50 iteration:30/459 batch loss is :2.6982
2025-07-08 01:13:44 - INFO - epoch:25/50 iteration:35/459 batch loss is :3.4988
2025-07-08 01:14:03 - INFO - epoch:25/50 iteration:40/459 batch loss is :3.7975
2025-07-08 01:14:23 - INFO - epoch:25/50 iteration:45/459 batch loss is :5.5976
2025-07-08 01:14:42 - INFO - epoch:25/50 iteration:50/459 batch loss is :3.7839
2025-07-08 01:15:02 - INFO - epoch:25/50 iteration:55/459 batch loss is :2.1174
2025-07-08 01:15:20 - INFO - epoch:25/50 iteration:60/459 batch loss is :4.6464
2025-07-08 01:15:38 - INFO - epoch:25/50 iteration:65/459 batch loss is :3.8453
2025-07-08 01:15:56 - INFO - epoch:25/50 iteration:70/459 batch loss is :3.5491
2025-07-08 01:16:14 - INFO - epoch:25/50 iteration:75/459 batch loss is :6.5574
2025-07-08 01:16:32 - INFO - epoch:25/50 iteration:80/459 batch loss is :3.1125
2025-07-08 01:16:42 - INFO - Epoch:25/50 Loss is :0.6409
2025-07-08 01:17:20 - INFO - epoch:26/50 iteration:0/459 batch loss is :3.6172
2025-07-08 01:17:43 - INFO - epoch:26/50 iteration:5/459 batch loss is :2.8588
2025-07-08 01:18:04 - INFO - epoch:26/50 iteration:10/459 batch loss is :4.7584
2025-07-08 01:18:26 - INFO - epoch:26/50 iteration:15/459 batch loss is :3.2606
2025-07-08 01:18:47 - INFO - epoch:26/50 iteration:20/459 batch loss is :2.8246
2025-07-08 01:19:07 - INFO - epoch:26/50 iteration:25/459 batch loss is :1.4156
2025-07-08 01:19:27 - INFO - epoch:26/50 iteration:30/459 batch loss is :3.3012
2025-07-08 01:19:46 - INFO - epoch:26/50 iteration:35/459 batch loss is :5.7123
2025-07-08 01:20:06 - INFO - epoch:26/50 iteration:40/459 batch loss is :4.2887
2025-07-08 01:20:25 - INFO - epoch:26/50 iteration:45/459 batch loss is :4.3379
2025-07-08 01:20:44 - INFO - epoch:26/50 iteration:50/459 batch loss is :4.9073
2025-07-08 01:21:03 - INFO - epoch:26/50 iteration:55/459 batch loss is :2.6092
2025-07-08 01:21:21 - INFO - epoch:26/50 iteration:60/459 batch loss is :4.9441
2025-07-08 01:21:39 - INFO - epoch:26/50 iteration:65/459 batch loss is :1.9554
2025-07-08 01:21:57 - INFO - epoch:26/50 iteration:70/459 batch loss is :3.6812
2025-07-08 01:22:15 - INFO - epoch:26/50 iteration:75/459 batch loss is :2.6250
2025-07-08 01:22:33 - INFO - epoch:26/50 iteration:80/459 batch loss is :3.7032
2025-07-08 01:22:44 - INFO - Epoch:26/50 Loss is :0.6688
2025-07-08 01:23:27 - INFO - epoch:27/50 iteration:0/459 batch loss is :3.0585
2025-07-08 01:23:49 - INFO - epoch:27/50 iteration:5/459 batch loss is :3.7401
2025-07-08 01:24:11 - INFO - epoch:27/50 iteration:10/459 batch loss is :4.2102
2025-07-08 01:24:33 - INFO - epoch:27/50 iteration:15/459 batch loss is :2.0259
2025-07-08 01:24:54 - INFO - epoch:27/50 iteration:20/459 batch loss is :3.4816
2025-07-08 01:25:15 - INFO - epoch:27/50 iteration:25/459 batch loss is :3.6526
2025-07-08 01:25:36 - INFO - epoch:27/50 iteration:30/459 batch loss is :4.4828
2025-07-08 01:25:56 - INFO - epoch:27/50 iteration:35/459 batch loss is :3.5096
2025-07-08 01:26:16 - INFO - epoch:27/50 iteration:40/459 batch loss is :4.0874
2025-07-08 01:26:36 - INFO - epoch:27/50 iteration:45/459 batch loss is :1.7517
2025-07-08 01:26:55 - INFO - epoch:27/50 iteration:50/459 batch loss is :4.4395
2025-07-08 01:27:15 - INFO - epoch:27/50 iteration:55/459 batch loss is :3.6136
2025-07-08 01:27:33 - INFO - epoch:27/50 iteration:60/459 batch loss is :5.3926
2025-07-08 01:27:51 - INFO - epoch:27/50 iteration:65/459 batch loss is :4.2108
2025-07-08 01:28:08 - INFO - epoch:27/50 iteration:70/459 batch loss is :4.1868
2025-07-08 01:28:27 - INFO - epoch:27/50 iteration:75/459 batch loss is :1.9227
2025-07-08 01:28:45 - INFO - epoch:27/50 iteration:80/459 batch loss is :2.9974
2025-07-08 01:28:55 - INFO - Epoch:27/50 Loss is :0.6355
2025-07-08 01:29:35 - INFO - epoch:28/50 iteration:0/459 batch loss is :1.8350
2025-07-08 01:29:57 - INFO - epoch:28/50 iteration:5/459 batch loss is :3.1893
2025-07-08 01:30:18 - INFO - epoch:28/50 iteration:10/459 batch loss is :3.1242
2025-07-08 01:30:39 - INFO - epoch:28/50 iteration:15/459 batch loss is :3.3854
2025-07-08 01:31:01 - INFO - epoch:28/50 iteration:20/459 batch loss is :2.8017
2025-07-08 01:31:21 - INFO - epoch:28/50 iteration:25/459 batch loss is :2.6689
2025-07-08 01:31:40 - INFO - epoch:28/50 iteration:30/459 batch loss is :3.7252
2025-07-08 01:32:00 - INFO - epoch:28/50 iteration:35/459 batch loss is :2.0771
2025-07-08 01:32:20 - INFO - epoch:28/50 iteration:40/459 batch loss is :2.2041
2025-07-08 01:32:39 - INFO - epoch:28/50 iteration:45/459 batch loss is :4.1955
2025-07-08 01:32:59 - INFO - epoch:28/50 iteration:50/459 batch loss is :2.1223
2025-07-08 01:33:18 - INFO - epoch:28/50 iteration:55/459 batch loss is :5.0042
2025-07-08 01:33:36 - INFO - epoch:28/50 iteration:60/459 batch loss is :2.7745
2025-07-08 01:33:54 - INFO - epoch:28/50 iteration:65/459 batch loss is :4.6213
2025-07-08 01:34:12 - INFO - epoch:28/50 iteration:70/459 batch loss is :4.0319
2025-07-08 01:34:30 - INFO - epoch:28/50 iteration:75/459 batch loss is :1.7794
2025-07-08 01:34:48 - INFO - epoch:28/50 iteration:80/459 batch loss is :3.2784
2025-07-08 01:34:58 - INFO - Epoch:28/50 Loss is :0.6646
2025-07-08 01:35:39 - INFO - epoch:29/50 iteration:0/459 batch loss is :3.0026
2025-07-08 01:36:01 - INFO - epoch:29/50 iteration:5/459 batch loss is :2.1253
2025-07-08 01:36:21 - INFO - epoch:29/50 iteration:10/459 batch loss is :2.7412
2025-07-08 01:36:43 - INFO - epoch:29/50 iteration:15/459 batch loss is :4.7639
2025-07-08 01:37:03 - INFO - epoch:29/50 iteration:20/459 batch loss is :4.1962
2025-07-08 01:37:23 - INFO - epoch:29/50 iteration:25/459 batch loss is :3.0178
2025-07-08 01:37:43 - INFO - epoch:29/50 iteration:30/459 batch loss is :1.8363
2025-07-08 01:38:02 - INFO - epoch:29/50 iteration:35/459 batch loss is :3.5644
2025-07-08 01:38:22 - INFO - epoch:29/50 iteration:40/459 batch loss is :3.3506
2025-07-08 01:38:42 - INFO - epoch:29/50 iteration:45/459 batch loss is :2.6683
2025-07-08 01:39:02 - INFO - epoch:29/50 iteration:50/459 batch loss is :5.5119
2025-07-08 01:39:21 - INFO - epoch:29/50 iteration:55/459 batch loss is :4.6311
2025-07-08 01:39:39 - INFO - epoch:29/50 iteration:60/459 batch loss is :4.0250
2025-07-08 01:39:57 - INFO - epoch:29/50 iteration:65/459 batch loss is :4.3095
2025-07-08 01:40:15 - INFO - epoch:29/50 iteration:70/459 batch loss is :5.0338
2025-07-08 01:40:33 - INFO - epoch:29/50 iteration:75/459 batch loss is :5.5615
2025-07-08 01:40:51 - INFO - epoch:29/50 iteration:80/459 batch loss is :2.8679
2025-07-08 01:41:01 - INFO - Epoch:29/50 Loss is :0.7100
2025-07-08 01:41:42 - INFO - epoch:30/50 iteration:0/459 batch loss is :2.6275
2025-07-08 01:42:03 - INFO - epoch:30/50 iteration:5/459 batch loss is :4.0455
2025-07-08 01:42:25 - INFO - epoch:30/50 iteration:10/459 batch loss is :2.1551
2025-07-08 01:42:46 - INFO - epoch:30/50 iteration:15/459 batch loss is :2.5051
2025-07-08 01:43:08 - INFO - epoch:30/50 iteration:20/459 batch loss is :3.9948
2025-07-08 01:43:28 - INFO - epoch:30/50 iteration:25/459 batch loss is :2.3563
2025-07-08 01:43:48 - INFO - epoch:30/50 iteration:30/459 batch loss is :5.1830
2025-07-08 01:44:07 - INFO - epoch:30/50 iteration:35/459 batch loss is :4.0046
2025-07-08 01:44:27 - INFO - epoch:30/50 iteration:40/459 batch loss is :3.2767
2025-07-08 01:44:47 - INFO - epoch:30/50 iteration:45/459 batch loss is :3.6047
2025-07-08 01:45:06 - INFO - epoch:30/50 iteration:50/459 batch loss is :2.8498
2025-07-08 01:45:25 - INFO - epoch:30/50 iteration:55/459 batch loss is :4.4008
2025-07-08 01:45:43 - INFO - epoch:30/50 iteration:60/459 batch loss is :2.9310
2025-07-08 01:46:01 - INFO - epoch:30/50 iteration:65/459 batch loss is :5.6576
2025-07-08 01:46:20 - INFO - epoch:30/50 iteration:70/459 batch loss is :3.2452
2025-07-08 01:46:38 - INFO - epoch:30/50 iteration:75/459 batch loss is :3.6789
2025-07-08 01:46:56 - INFO - epoch:30/50 iteration:80/459 batch loss is :2.8788
2025-07-08 01:47:06 - INFO - Epoch:30/50 Loss is :0.6636
2025-07-08 01:47:52 - INFO - epoch:31/50 iteration:0/459 batch loss is :1.8692
2025-07-08 01:48:13 - INFO - epoch:31/50 iteration:5/459 batch loss is :4.5598
2025-07-08 01:48:35 - INFO - epoch:31/50 iteration:10/459 batch loss is :3.8218
2025-07-08 01:48:56 - INFO - epoch:31/50 iteration:15/459 batch loss is :2.3332
2025-07-08 01:49:16 - INFO - epoch:31/50 iteration:20/459 batch loss is :2.3906
2025-07-08 01:49:35 - INFO - epoch:31/50 iteration:25/459 batch loss is :3.1167
2025-07-08 01:49:55 - INFO - epoch:31/50 iteration:30/459 batch loss is :4.1132
2025-07-08 01:50:14 - INFO - epoch:31/50 iteration:35/459 batch loss is :4.6086
2025-07-08 01:50:33 - INFO - epoch:31/50 iteration:40/459 batch loss is :4.0368
2025-07-08 01:50:53 - INFO - epoch:31/50 iteration:45/459 batch loss is :1.7904
2025-07-08 01:51:12 - INFO - epoch:31/50 iteration:50/459 batch loss is :4.8102
2025-07-08 01:51:31 - INFO - epoch:31/50 iteration:55/459 batch loss is :3.3160
2025-07-08 01:51:49 - INFO - epoch:31/50 iteration:60/459 batch loss is :4.0749
2025-07-08 01:52:07 - INFO - epoch:31/50 iteration:65/459 batch loss is :5.2641
2025-07-08 01:52:25 - INFO - epoch:31/50 iteration:70/459 batch loss is :4.7635
2025-07-08 01:52:43 - INFO - epoch:31/50 iteration:75/459 batch loss is :2.9476
2025-07-08 01:53:01 - INFO - epoch:31/50 iteration:80/459 batch loss is :3.3071
2025-07-08 01:53:11 - INFO - Epoch:31/50 Loss is :0.6401
2025-07-08 01:53:56 - INFO - epoch:32/50 iteration:0/459 batch loss is :4.2618
2025-07-08 01:54:17 - INFO - epoch:32/50 iteration:5/459 batch loss is :4.1740
2025-07-08 01:54:39 - INFO - epoch:32/50 iteration:10/459 batch loss is :2.2822
2025-07-08 01:55:00 - INFO - epoch:32/50 iteration:15/459 batch loss is :3.2150
2025-07-08 01:55:21 - INFO - epoch:32/50 iteration:20/459 batch loss is :2.1947
2025-07-08 01:55:41 - INFO - epoch:32/50 iteration:25/459 batch loss is :4.2011
2025-07-08 01:56:02 - INFO - epoch:32/50 iteration:30/459 batch loss is :2.9571
2025-07-08 01:56:22 - INFO - epoch:32/50 iteration:35/459 batch loss is :2.6565
2025-07-08 01:56:41 - INFO - epoch:32/50 iteration:40/459 batch loss is :2.5761
2025-07-08 01:57:01 - INFO - epoch:32/50 iteration:45/459 batch loss is :3.0753
2025-07-08 01:57:20 - INFO - epoch:32/50 iteration:50/459 batch loss is :2.5119
2025-07-08 01:57:40 - INFO - epoch:32/50 iteration:55/459 batch loss is :4.4625
2025-07-08 01:57:58 - INFO - epoch:32/50 iteration:60/459 batch loss is :4.4346
2025-07-08 01:58:16 - INFO - epoch:32/50 iteration:65/459 batch loss is :3.6942
2025-07-08 01:58:34 - INFO - epoch:32/50 iteration:70/459 batch loss is :5.5115
2025-07-08 01:58:52 - INFO - epoch:32/50 iteration:75/459 batch loss is :2.9259
2025-07-08 01:59:10 - INFO - epoch:32/50 iteration:80/459 batch loss is :4.6920
2025-07-08 01:59:21 - INFO - Epoch:32/50 Loss is :0.6577
2025-07-08 01:59:58 - INFO - epoch:33/50 iteration:0/459 batch loss is :3.0356
2025-07-08 02:00:20 - INFO - epoch:33/50 iteration:5/459 batch loss is :2.8418
2025-07-08 02:00:42 - INFO - epoch:33/50 iteration:10/459 batch loss is :4.5535
2025-07-08 02:01:03 - INFO - epoch:33/50 iteration:15/459 batch loss is :3.6261
2025-07-08 02:01:26 - INFO - epoch:33/50 iteration:20/459 batch loss is :2.5902
2025-07-08 02:01:45 - INFO - epoch:33/50 iteration:25/459 batch loss is :2.9100
2025-07-08 02:02:05 - INFO - epoch:33/50 iteration:30/459 batch loss is :3.8656
2025-07-08 02:02:24 - INFO - epoch:33/50 iteration:35/459 batch loss is :4.2830
2025-07-08 02:02:44 - INFO - epoch:33/50 iteration:40/459 batch loss is :2.6234
2025-07-08 02:03:03 - INFO - epoch:33/50 iteration:45/459 batch loss is :2.6700
2025-07-08 02:03:23 - INFO - epoch:33/50 iteration:50/459 batch loss is :4.4151
2025-07-08 02:03:42 - INFO - epoch:33/50 iteration:55/459 batch loss is :4.3758
2025-07-08 02:04:00 - INFO - epoch:33/50 iteration:60/459 batch loss is :4.0504
2025-07-08 02:04:17 - INFO - epoch:33/50 iteration:65/459 batch loss is :5.3430
2025-07-08 02:04:36 - INFO - epoch:33/50 iteration:70/459 batch loss is :1.6242
2025-07-08 02:04:54 - INFO - epoch:33/50 iteration:75/459 batch loss is :5.0717
2025-07-08 02:05:12 - INFO - epoch:33/50 iteration:80/459 batch loss is :2.5797
2025-07-08 02:05:22 - INFO - Epoch:33/50 Loss is :0.6580
2025-07-08 02:06:00 - INFO - epoch:34/50 iteration:0/459 batch loss is :4.6882
2025-07-08 02:06:23 - INFO - epoch:34/50 iteration:5/459 batch loss is :3.9383
2025-07-08 02:06:44 - INFO - epoch:34/50 iteration:10/459 batch loss is :3.0634
2025-07-08 02:07:06 - INFO - epoch:34/50 iteration:15/459 batch loss is :2.2579
2025-07-08 02:07:27 - INFO - epoch:34/50 iteration:20/459 batch loss is :2.1397
2025-07-08 02:07:47 - INFO - epoch:34/50 iteration:25/459 batch loss is :3.3755
2025-07-08 02:08:06 - INFO - epoch:34/50 iteration:30/459 batch loss is :2.2419
2025-07-08 02:08:27 - INFO - epoch:34/50 iteration:35/459 batch loss is :2.1824
2025-07-08 02:08:46 - INFO - epoch:34/50 iteration:40/459 batch loss is :5.4107
2025-07-08 02:09:06 - INFO - epoch:34/50 iteration:45/459 batch loss is :3.2201
2025-07-08 02:09:25 - INFO - epoch:34/50 iteration:50/459 batch loss is :5.6993
2025-07-08 02:09:44 - INFO - epoch:34/50 iteration:55/459 batch loss is :2.7491
2025-07-08 02:10:02 - INFO - epoch:34/50 iteration:60/459 batch loss is :3.5047
2025-07-08 02:10:21 - INFO - epoch:34/50 iteration:65/459 batch loss is :2.7260
2025-07-08 02:10:39 - INFO - epoch:34/50 iteration:70/459 batch loss is :4.8472
2025-07-08 02:10:57 - INFO - epoch:34/50 iteration:75/459 batch loss is :5.9636
2025-07-08 02:11:15 - INFO - epoch:34/50 iteration:80/459 batch loss is :3.9615
2025-07-08 02:11:25 - INFO - Epoch:34/50 Loss is :nan
2025-07-08 02:12:03 - INFO - epoch:35/50 iteration:0/459 batch loss is :2.1339
2025-07-08 02:12:27 - INFO - epoch:35/50 iteration:5/459 batch loss is :3.0925
2025-07-08 02:12:48 - INFO - epoch:35/50 iteration:10/459 batch loss is :1.5730
2025-07-08 02:13:10 - INFO - epoch:35/50 iteration:15/459 batch loss is :4.7473
2025-07-08 02:13:32 - INFO - epoch:35/50 iteration:20/459 batch loss is :3.5458
2025-07-08 02:13:52 - INFO - epoch:35/50 iteration:25/459 batch loss is :4.0040
2025-07-08 02:14:13 - INFO - epoch:35/50 iteration:30/459 batch loss is :2.5942
2025-07-08 02:14:32 - INFO - epoch:35/50 iteration:35/459 batch loss is :3.1502
2025-07-08 02:14:51 - INFO - epoch:35/50 iteration:40/459 batch loss is :4.4008
2025-07-08 02:15:11 - INFO - epoch:35/50 iteration:45/459 batch loss is :2.9099
2025-07-08 02:15:30 - INFO - epoch:35/50 iteration:50/459 batch loss is :4.0777
2025-07-08 02:15:49 - INFO - epoch:35/50 iteration:55/459 batch loss is :5.0711
2025-07-08 02:16:08 - INFO - epoch:35/50 iteration:60/459 batch loss is :4.4002
2025-07-08 02:16:26 - INFO - epoch:35/50 iteration:65/459 batch loss is :2.6380
2025-07-08 02:16:44 - INFO - epoch:35/50 iteration:70/459 batch loss is :4.1627
2025-07-08 02:17:02 - INFO - epoch:35/50 iteration:75/459 batch loss is :1.6271
2025-07-08 02:17:20 - INFO - epoch:35/50 iteration:80/459 batch loss is :3.8129
2025-07-08 02:17:30 - INFO - Epoch:35/50 Loss is :0.6719
2025-07-08 02:18:05 - INFO - epoch:36/50 iteration:0/459 batch loss is :3.6510
2025-07-08 02:18:26 - INFO - epoch:36/50 iteration:5/459 batch loss is :5.7257
2025-07-08 02:18:48 - INFO - epoch:36/50 iteration:10/459 batch loss is :1.5958
2025-07-08 02:19:10 - INFO - epoch:36/50 iteration:15/459 batch loss is :2.3733
2025-07-08 02:19:35 - INFO - epoch:36/50 iteration:20/459 batch loss is :4.6660
2025-07-08 02:19:58 - INFO - epoch:36/50 iteration:25/459 batch loss is :2.1843
2025-07-08 02:20:20 - INFO - epoch:36/50 iteration:30/459 batch loss is :4.1485
2025-07-08 02:20:40 - INFO - epoch:36/50 iteration:35/459 batch loss is :2.0862
2025-07-08 02:21:00 - INFO - epoch:36/50 iteration:40/459 batch loss is :4.1843
2025-07-08 02:21:19 - INFO - epoch:36/50 iteration:45/459 batch loss is :3.5917
2025-07-08 02:21:39 - INFO - epoch:36/50 iteration:50/459 batch loss is :3.1266
2025-07-08 02:21:58 - INFO - epoch:36/50 iteration:55/459 batch loss is :4.4253
2025-07-08 02:22:16 - INFO - epoch:36/50 iteration:60/459 batch loss is :3.0468
2025-07-08 02:22:34 - INFO - epoch:36/50 iteration:65/459 batch loss is :2.9212
2025-07-08 02:22:52 - INFO - epoch:36/50 iteration:70/459 batch loss is :3.5526
2025-07-08 02:23:10 - INFO - epoch:36/50 iteration:75/459 batch loss is :2.7171
2025-07-08 02:23:28 - INFO - epoch:36/50 iteration:80/459 batch loss is :2.9066
2025-07-08 02:23:38 - INFO - Epoch:36/50 Loss is :0.6611
2025-07-08 02:24:19 - INFO - epoch:37/50 iteration:0/459 batch loss is :1.8169
2025-07-08 02:24:41 - INFO - epoch:37/50 iteration:5/459 batch loss is :4.5158
2025-07-08 02:25:02 - INFO - epoch:37/50 iteration:10/459 batch loss is :3.6997
2025-07-08 02:25:24 - INFO - epoch:37/50 iteration:15/459 batch loss is :4.5114
2025-07-08 02:25:46 - INFO - epoch:37/50 iteration:20/459 batch loss is :3.9273
2025-07-08 02:26:06 - INFO - epoch:37/50 iteration:25/459 batch loss is :3.6277
2025-07-08 02:26:27 - INFO - epoch:37/50 iteration:30/459 batch loss is :2.8849
2025-07-08 02:26:47 - INFO - epoch:37/50 iteration:35/459 batch loss is :3.4596
2025-07-08 02:27:07 - INFO - epoch:37/50 iteration:40/459 batch loss is :5.9325
2025-07-08 02:27:27 - INFO - epoch:37/50 iteration:45/459 batch loss is :4.8440
2025-07-08 02:27:46 - INFO - epoch:37/50 iteration:50/459 batch loss is :4.4766
2025-07-08 02:28:06 - INFO - epoch:37/50 iteration:55/459 batch loss is :4.9440
2025-07-08 02:28:24 - INFO - epoch:37/50 iteration:60/459 batch loss is :2.2161
2025-07-08 02:28:42 - INFO - epoch:37/50 iteration:65/459 batch loss is :4.1509
2025-07-08 02:29:00 - INFO - epoch:37/50 iteration:70/459 batch loss is :4.2774
2025-07-08 02:29:18 - INFO - epoch:37/50 iteration:75/459 batch loss is :3.9695
2025-07-08 02:29:36 - INFO - epoch:37/50 iteration:80/459 batch loss is :5.4135
2025-07-08 02:29:47 - INFO - Epoch:37/50 Loss is :0.6799
2025-07-08 02:30:27 - INFO - epoch:38/50 iteration:0/459 batch loss is :3.7938
2025-07-08 02:30:49 - INFO - epoch:38/50 iteration:5/459 batch loss is :4.6059
2025-07-08 02:31:11 - INFO - epoch:38/50 iteration:10/459 batch loss is :4.8476
2025-07-08 02:31:32 - INFO - epoch:38/50 iteration:15/459 batch loss is :1.6761
2025-07-08 02:31:53 - INFO - epoch:38/50 iteration:20/459 batch loss is :3.5366
2025-07-08 02:32:13 - INFO - epoch:38/50 iteration:25/459 batch loss is :2.6452
2025-07-08 02:32:32 - INFO - epoch:38/50 iteration:30/459 batch loss is :3.8988
2025-07-08 02:32:52 - INFO - epoch:38/50 iteration:35/459 batch loss is :4.6220
2025-07-08 02:33:11 - INFO - epoch:38/50 iteration:40/459 batch loss is :4.2549
2025-07-08 02:33:30 - INFO - epoch:38/50 iteration:45/459 batch loss is :7.1127
2025-07-08 02:33:49 - INFO - epoch:38/50 iteration:50/459 batch loss is :4.5291
2025-07-08 02:34:09 - INFO - epoch:38/50 iteration:55/459 batch loss is :7.2477
2025-07-08 02:34:27 - INFO - epoch:38/50 iteration:60/459 batch loss is :4.7371
2025-07-08 02:34:44 - INFO - epoch:38/50 iteration:65/459 batch loss is :5.2483
2025-07-08 02:35:03 - INFO - epoch:38/50 iteration:70/459 batch loss is :3.7977
2025-07-08 02:35:21 - INFO - epoch:38/50 iteration:75/459 batch loss is :4.5565
2025-07-08 02:35:39 - INFO - epoch:38/50 iteration:80/459 batch loss is :2.9357
2025-07-08 02:35:49 - INFO - Epoch:38/50 Loss is :nan
2025-07-08 02:36:27 - INFO - epoch:39/50 iteration:0/459 batch loss is :3.0667
2025-07-08 02:36:49 - INFO - epoch:39/50 iteration:5/459 batch loss is :2.7885
2025-07-08 02:37:10 - INFO - epoch:39/50 iteration:10/459 batch loss is :3.2724
2025-07-08 02:37:32 - INFO - epoch:39/50 iteration:15/459 batch loss is :2.7637
2025-07-08 02:37:52 - INFO - epoch:39/50 iteration:20/459 batch loss is :3.4192
2025-07-08 02:38:12 - INFO - epoch:39/50 iteration:25/459 batch loss is :4.9589
2025-07-08 02:38:31 - INFO - epoch:39/50 iteration:30/459 batch loss is :4.2424
2025-07-08 02:38:51 - INFO - epoch:39/50 iteration:35/459 batch loss is :2.7455
2025-07-08 02:39:10 - INFO - epoch:39/50 iteration:40/459 batch loss is :1.3624
2025-07-08 02:39:29 - INFO - epoch:39/50 iteration:45/459 batch loss is :4.0915
2025-07-08 02:39:48 - INFO - epoch:39/50 iteration:50/459 batch loss is :3.2367
2025-07-08 02:40:08 - INFO - epoch:39/50 iteration:55/459 batch loss is :4.7725
2025-07-08 02:40:26 - INFO - epoch:39/50 iteration:60/459 batch loss is :3.4075
2025-07-08 02:40:44 - INFO - epoch:39/50 iteration:65/459 batch loss is :3.4549
2025-07-08 02:41:01 - INFO - epoch:39/50 iteration:70/459 batch loss is :4.6884
2025-07-08 02:41:20 - INFO - epoch:39/50 iteration:75/459 batch loss is :3.3137
2025-07-08 02:41:37 - INFO - epoch:39/50 iteration:80/459 batch loss is :4.0917
2025-07-08 02:41:48 - INFO - Epoch:39/50 Loss is :0.6680
2025-07-08 02:42:14 - INFO - epoch:40/50 iteration:0/459 batch loss is :2.5373
2025-07-08 02:42:39 - INFO - epoch:40/50 iteration:5/459 batch loss is :3.4900
2025-07-08 02:43:01 - INFO - epoch:40/50 iteration:10/459 batch loss is :4.5147
2025-07-08 02:43:22 - INFO - epoch:40/50 iteration:15/459 batch loss is :4.1274
2025-07-08 02:43:43 - INFO - epoch:40/50 iteration:20/459 batch loss is :4.5297
2025-07-08 02:44:03 - INFO - epoch:40/50 iteration:25/459 batch loss is :2.8811
2025-07-08 02:44:22 - INFO - epoch:40/50 iteration:30/459 batch loss is :3.4980
2025-07-08 02:44:41 - INFO - epoch:40/50 iteration:35/459 batch loss is :5.1314
2025-07-08 02:45:00 - INFO - epoch:40/50 iteration:40/459 batch loss is :4.2903
2025-07-08 02:45:19 - INFO - epoch:40/50 iteration:45/459 batch loss is :5.1202
2025-07-08 02:45:38 - INFO - epoch:40/50 iteration:50/459 batch loss is :3.9907
2025-07-08 02:45:57 - INFO - epoch:40/50 iteration:55/459 batch loss is :4.8641
2025-07-08 02:46:16 - INFO - epoch:40/50 iteration:60/459 batch loss is :3.0654
2025-07-08 02:46:33 - INFO - epoch:40/50 iteration:65/459 batch loss is :3.7287
2025-07-08 02:46:52 - INFO - epoch:40/50 iteration:70/459 batch loss is :5.0473
2025-07-08 02:47:10 - INFO - epoch:40/50 iteration:75/459 batch loss is :3.8219
2025-07-08 02:47:28 - INFO - epoch:40/50 iteration:80/459 batch loss is :4.3147
2025-07-08 02:47:38 - INFO - Epoch:40/50 Loss is :0.7070
2025-07-08 02:54:43 - INFO - VAL loss :10.1328
2025-07-08 02:55:28 - INFO - epoch:41/50 iteration:0/459 batch loss is :3.9538
2025-07-08 02:55:49 - INFO - epoch:41/50 iteration:5/459 batch loss is :3.8657
2025-07-08 02:56:11 - INFO - epoch:41/50 iteration:10/459 batch loss is :5.7209
2025-07-08 02:56:31 - INFO - epoch:41/50 iteration:15/459 batch loss is :3.1405
2025-07-08 02:56:53 - INFO - epoch:41/50 iteration:20/459 batch loss is :3.4889
2025-07-08 02:57:14 - INFO - epoch:41/50 iteration:25/459 batch loss is :3.0337
2025-07-08 02:57:35 - INFO - epoch:41/50 iteration:30/459 batch loss is :3.7591
2025-07-08 02:57:55 - INFO - epoch:41/50 iteration:35/459 batch loss is :1.6396
2025-07-08 02:58:15 - INFO - epoch:41/50 iteration:40/459 batch loss is :1.5771
2025-07-08 02:58:34 - INFO - epoch:41/50 iteration:45/459 batch loss is :4.1011
2025-07-08 02:58:54 - INFO - epoch:41/50 iteration:50/459 batch loss is :3.3024
2025-07-08 02:59:13 - INFO - epoch:41/50 iteration:55/459 batch loss is :4.1553
2025-07-08 02:59:32 - INFO - epoch:41/50 iteration:60/459 batch loss is :3.9962
2025-07-08 02:59:50 - INFO - epoch:41/50 iteration:65/459 batch loss is :5.7572
2025-07-08 03:00:08 - INFO - epoch:41/50 iteration:70/459 batch loss is :1.9592
2025-07-08 03:00:26 - INFO - epoch:41/50 iteration:75/459 batch loss is :3.5890
2025-07-08 03:00:44 - INFO - epoch:41/50 iteration:80/459 batch loss is :3.2575
2025-07-08 03:00:54 - INFO - Epoch:41/50 Loss is :0.6624
2025-07-08 03:01:34 - INFO - epoch:42/50 iteration:0/459 batch loss is :2.7646
2025-07-08 03:01:56 - INFO - epoch:42/50 iteration:5/459 batch loss is :3.8947
2025-07-08 03:02:17 - INFO - epoch:42/50 iteration:10/459 batch loss is :3.9875
2025-07-08 03:02:38 - INFO - epoch:42/50 iteration:15/459 batch loss is :4.4586
2025-07-08 03:02:59 - INFO - epoch:42/50 iteration:20/459 batch loss is :5.0925
2025-07-08 03:03:19 - INFO - epoch:42/50 iteration:25/459 batch loss is :2.5609
2025-07-08 03:03:38 - INFO - epoch:42/50 iteration:30/459 batch loss is :4.0196
2025-07-08 03:03:58 - INFO - epoch:42/50 iteration:35/459 batch loss is :3.5535
2025-07-08 03:04:17 - INFO - epoch:42/50 iteration:40/459 batch loss is :5.5986
2025-07-08 03:04:36 - INFO - epoch:42/50 iteration:45/459 batch loss is :2.7771
2025-07-08 03:04:55 - INFO - epoch:42/50 iteration:50/459 batch loss is :2.9547
2025-07-08 03:05:15 - INFO - epoch:42/50 iteration:55/459 batch loss is :3.0223
2025-07-08 03:05:33 - INFO - epoch:42/50 iteration:60/459 batch loss is :3.3118
2025-07-08 03:05:51 - INFO - epoch:42/50 iteration:65/459 batch loss is :3.4298
2025-07-08 03:06:09 - INFO - epoch:42/50 iteration:70/459 batch loss is :2.7855
2025-07-08 03:06:27 - INFO - epoch:42/50 iteration:75/459 batch loss is :2.3392
2025-07-08 03:06:45 - INFO - epoch:42/50 iteration:80/459 batch loss is :4.7415
2025-07-08 03:06:55 - INFO - Epoch:42/50 Loss is :0.6959
2025-07-08 03:07:35 - INFO - epoch:43/50 iteration:0/459 batch loss is :4.7652
2025-07-08 03:07:57 - INFO - epoch:43/50 iteration:5/459 batch loss is :5.3850
2025-07-08 03:08:18 - INFO - epoch:43/50 iteration:10/459 batch loss is :2.7848
2025-07-08 03:08:39 - INFO - epoch:43/50 iteration:15/459 batch loss is :3.6059
2025-07-08 03:08:59 - INFO - epoch:43/50 iteration:20/459 batch loss is :3.2616
2025-07-08 03:09:19 - INFO - epoch:43/50 iteration:25/459 batch loss is :3.4017
2025-07-08 03:09:38 - INFO - epoch:43/50 iteration:30/459 batch loss is :4.1091
2025-07-08 03:09:57 - INFO - epoch:43/50 iteration:35/459 batch loss is :3.2854
2025-07-08 03:10:17 - INFO - epoch:43/50 iteration:40/459 batch loss is :4.1288
2025-07-08 03:10:36 - INFO - epoch:43/50 iteration:45/459 batch loss is :2.4466
2025-07-08 03:10:55 - INFO - epoch:43/50 iteration:50/459 batch loss is :2.2807
2025-07-08 03:11:14 - INFO - epoch:43/50 iteration:55/459 batch loss is :2.9897
2025-07-08 03:11:33 - INFO - epoch:43/50 iteration:60/459 batch loss is :2.3892
2025-07-08 03:11:50 - INFO - epoch:43/50 iteration:65/459 batch loss is :3.2960
2025-07-08 03:12:09 - INFO - epoch:43/50 iteration:70/459 batch loss is :3.8075
2025-07-08 03:12:27 - INFO - epoch:43/50 iteration:75/459 batch loss is :2.4656
2025-07-08 03:12:45 - INFO - epoch:43/50 iteration:80/459 batch loss is :2.6893
2025-07-08 03:12:55 - INFO - Epoch:43/50 Loss is :0.6622
2025-07-08 03:13:33 - INFO - epoch:44/50 iteration:0/459 batch loss is :3.6862
2025-07-08 03:13:56 - INFO - epoch:44/50 iteration:5/459 batch loss is :4.5574
2025-07-08 03:14:16 - INFO - epoch:44/50 iteration:10/459 batch loss is :2.6182
2025-07-08 03:14:38 - INFO - epoch:44/50 iteration:15/459 batch loss is :5.5161
2025-07-08 03:14:58 - INFO - epoch:44/50 iteration:20/459 batch loss is :5.1355
2025-07-08 03:15:17 - INFO - epoch:44/50 iteration:25/459 batch loss is :3.8791
2025-07-08 03:15:36 - INFO - epoch:44/50 iteration:30/459 batch loss is :4.7927
2025-07-08 03:15:55 - INFO - epoch:44/50 iteration:35/459 batch loss is :5.1222
2025-07-08 03:16:14 - INFO - epoch:44/50 iteration:40/459 batch loss is :3.3179
2025-07-08 03:16:34 - INFO - epoch:44/50 iteration:45/459 batch loss is :2.8785
2025-07-08 03:16:52 - INFO - epoch:44/50 iteration:50/459 batch loss is :3.1450
2025-07-08 03:17:11 - INFO - epoch:44/50 iteration:55/459 batch loss is :5.0610
2025-07-08 03:17:29 - INFO - epoch:44/50 iteration:60/459 batch loss is :3.1520
2025-07-08 03:17:47 - INFO - epoch:44/50 iteration:65/459 batch loss is :2.6140
2025-07-08 03:18:05 - INFO - epoch:44/50 iteration:70/459 batch loss is :4.9925
2025-07-08 03:18:23 - INFO - epoch:44/50 iteration:75/459 batch loss is :3.1822
2025-07-08 03:18:41 - INFO - epoch:44/50 iteration:80/459 batch loss is :2.6548
2025-07-08 03:18:52 - INFO - Epoch:44/50 Loss is :0.6868
2025-07-08 03:19:30 - INFO - epoch:45/50 iteration:0/459 batch loss is :2.9688
2025-07-08 03:19:52 - INFO - epoch:45/50 iteration:5/459 batch loss is :3.9091
2025-07-08 03:20:13 - INFO - epoch:45/50 iteration:10/459 batch loss is :2.1932
2025-07-08 03:20:34 - INFO - epoch:45/50 iteration:15/459 batch loss is :4.6169
2025-07-08 03:20:54 - INFO - epoch:45/50 iteration:20/459 batch loss is :3.4061
2025-07-08 03:21:13 - INFO - epoch:45/50 iteration:25/459 batch loss is :2.4236
2025-07-08 03:21:32 - INFO - epoch:45/50 iteration:30/459 batch loss is :2.8625
2025-07-08 03:21:51 - INFO - epoch:45/50 iteration:35/459 batch loss is :2.9267
2025-07-08 03:22:11 - INFO - epoch:45/50 iteration:40/459 batch loss is :3.0532
2025-07-08 03:22:29 - INFO - epoch:45/50 iteration:45/459 batch loss is :4.1126
2025-07-08 03:22:49 - INFO - epoch:45/50 iteration:50/459 batch loss is :4.8672
2025-07-08 03:23:08 - INFO - epoch:45/50 iteration:55/459 batch loss is :1.5810
2025-07-08 03:23:26 - INFO - epoch:45/50 iteration:60/459 batch loss is :3.1698
2025-07-08 03:23:44 - INFO - epoch:45/50 iteration:65/459 batch loss is :4.2365
2025-07-08 03:24:02 - INFO - epoch:45/50 iteration:70/459 batch loss is :4.9367
2025-07-08 03:24:20 - INFO - epoch:45/50 iteration:75/459 batch loss is :3.9515
2025-07-08 03:24:38 - INFO - epoch:45/50 iteration:80/459 batch loss is :2.4613
2025-07-08 03:24:49 - INFO - Epoch:45/50 Loss is :0.6582
2025-07-08 03:25:30 - INFO - epoch:46/50 iteration:0/459 batch loss is :4.3255
2025-07-08 03:25:51 - INFO - epoch:46/50 iteration:5/459 batch loss is :5.1997
2025-07-08 03:26:12 - INFO - epoch:46/50 iteration:10/459 batch loss is :2.1039
2025-07-08 03:26:33 - INFO - epoch:46/50 iteration:15/459 batch loss is :5.6325
2025-07-08 03:26:55 - INFO - epoch:46/50 iteration:20/459 batch loss is :4.5742
2025-07-08 03:27:15 - INFO - epoch:46/50 iteration:25/459 batch loss is :4.5944
2025-07-08 03:27:37 - INFO - epoch:46/50 iteration:30/459 batch loss is :2.1700
2025-07-08 03:27:56 - INFO - epoch:46/50 iteration:35/459 batch loss is :3.2979
2025-07-08 03:28:17 - INFO - epoch:46/50 iteration:40/459 batch loss is :4.4792
2025-07-08 03:28:37 - INFO - epoch:46/50 iteration:45/459 batch loss is :4.1214
2025-07-08 03:28:56 - INFO - epoch:46/50 iteration:50/459 batch loss is :3.8414
2025-07-08 03:29:15 - INFO - epoch:46/50 iteration:55/459 batch loss is :3.4041
2025-07-08 03:29:34 - INFO - epoch:46/50 iteration:60/459 batch loss is :3.4126
2025-07-08 03:29:52 - INFO - epoch:46/50 iteration:65/459 batch loss is :2.5730
2025-07-08 03:30:09 - INFO - epoch:46/50 iteration:70/459 batch loss is :3.6035
2025-07-08 03:30:27 - INFO - epoch:46/50 iteration:75/459 batch loss is :3.0905
2025-07-08 03:30:45 - INFO - epoch:46/50 iteration:80/459 batch loss is :2.9254
2025-07-08 03:30:56 - INFO - Epoch:46/50 Loss is :nan
2025-07-08 03:31:35 - INFO - epoch:47/50 iteration:0/459 batch loss is :4.6308
2025-07-08 03:31:57 - INFO - epoch:47/50 iteration:5/459 batch loss is :2.5196
2025-07-08 03:32:18 - INFO - epoch:47/50 iteration:10/459 batch loss is :4.4579
2025-07-08 03:32:40 - INFO - epoch:47/50 iteration:15/459 batch loss is :4.5626
2025-07-08 03:33:00 - INFO - epoch:47/50 iteration:20/459 batch loss is :4.0971
2025-07-08 03:33:20 - INFO - epoch:47/50 iteration:25/459 batch loss is :4.5547
2025-07-08 03:33:40 - INFO - epoch:47/50 iteration:30/459 batch loss is :4.3518
2025-07-08 03:33:59 - INFO - epoch:47/50 iteration:35/459 batch loss is :3.0438
2025-07-08 03:34:18 - INFO - epoch:47/50 iteration:40/459 batch loss is :2.9109
2025-07-08 03:34:38 - INFO - epoch:47/50 iteration:45/459 batch loss is :4.1869
2025-07-08 03:34:57 - INFO - epoch:47/50 iteration:50/459 batch loss is :2.6681
2025-07-08 03:35:16 - INFO - epoch:47/50 iteration:55/459 batch loss is :3.8136
2025-07-08 03:35:34 - INFO - epoch:47/50 iteration:60/459 batch loss is :3.5990
2025-07-08 03:35:52 - INFO - epoch:47/50 iteration:65/459 batch loss is :3.7992
2025-07-08 03:36:10 - INFO - epoch:47/50 iteration:70/459 batch loss is :4.0679
2025-07-08 03:36:28 - INFO - epoch:47/50 iteration:75/459 batch loss is :3.4934
2025-07-08 03:36:46 - INFO - epoch:47/50 iteration:80/459 batch loss is :4.6856
2025-07-08 03:36:57 - INFO - Epoch:47/50 Loss is :0.6730
2025-07-08 03:37:30 - INFO - epoch:48/50 iteration:0/459 batch loss is :2.8011
2025-07-08 03:37:57 - INFO - epoch:48/50 iteration:5/459 batch loss is :3.7919
2025-07-08 03:38:19 - INFO - epoch:48/50 iteration:10/459 batch loss is :3.9223
2025-07-08 03:38:40 - INFO - epoch:48/50 iteration:15/459 batch loss is :2.3106
2025-07-08 03:39:02 - INFO - epoch:48/50 iteration:20/459 batch loss is :3.1438
2025-07-08 03:39:22 - INFO - epoch:48/50 iteration:25/459 batch loss is :4.0089
2025-07-08 03:39:43 - INFO - epoch:48/50 iteration:30/459 batch loss is :2.1259
2025-07-08 03:40:03 - INFO - epoch:48/50 iteration:35/459 batch loss is :3.9927
2025-07-08 03:40:23 - INFO - epoch:48/50 iteration:40/459 batch loss is :3.1273
2025-07-08 03:40:43 - INFO - epoch:48/50 iteration:45/459 batch loss is :5.7191
2025-07-08 03:41:03 - INFO - epoch:48/50 iteration:50/459 batch loss is :2.7687
2025-07-08 03:41:22 - INFO - epoch:48/50 iteration:55/459 batch loss is :2.8168
2025-07-08 03:41:40 - INFO - epoch:48/50 iteration:60/459 batch loss is :3.5497
2025-07-08 03:41:58 - INFO - epoch:48/50 iteration:65/459 batch loss is :2.7010
2025-07-08 03:42:16 - INFO - epoch:48/50 iteration:70/459 batch loss is :4.0589
2025-07-08 03:42:34 - INFO - epoch:48/50 iteration:75/459 batch loss is :3.3618
2025-07-08 03:42:52 - INFO - epoch:48/50 iteration:80/459 batch loss is :3.1460
2025-07-08 03:43:02 - INFO - Epoch:48/50 Loss is :nan
2025-07-08 03:43:46 - INFO - epoch:49/50 iteration:0/459 batch loss is :3.7997
2025-07-08 03:44:07 - INFO - epoch:49/50 iteration:5/459 batch loss is :4.3914
2025-07-08 03:44:29 - INFO - epoch:49/50 iteration:10/459 batch loss is :3.2442
2025-07-08 03:44:50 - INFO - epoch:49/50 iteration:15/459 batch loss is :3.7830
2025-07-08 03:45:10 - INFO - epoch:49/50 iteration:20/459 batch loss is :5.8700
2025-07-08 03:45:31 - INFO - epoch:49/50 iteration:25/459 batch loss is :3.9964
2025-07-08 03:45:50 - INFO - epoch:49/50 iteration:30/459 batch loss is :3.5303
2025-07-08 03:46:10 - INFO - epoch:49/50 iteration:35/459 batch loss is :2.8996
2025-07-08 03:46:29 - INFO - epoch:49/50 iteration:40/459 batch loss is :3.9683
2025-07-08 03:46:49 - INFO - epoch:49/50 iteration:45/459 batch loss is :5.5324
2025-07-08 03:47:08 - INFO - epoch:49/50 iteration:50/459 batch loss is :3.8648
2025-07-08 03:47:28 - INFO - epoch:49/50 iteration:55/459 batch loss is :4.3935
2025-07-08 03:47:46 - INFO - epoch:49/50 iteration:60/459 batch loss is :3.7946
2025-07-08 03:48:04 - INFO - epoch:49/50 iteration:65/459 batch loss is :3.0982
2025-07-08 03:48:22 - INFO - epoch:49/50 iteration:70/459 batch loss is :5.7111
2025-07-08 03:48:40 - INFO - epoch:49/50 iteration:75/459 batch loss is :2.6679
2025-07-08 03:48:58 - INFO - epoch:49/50 iteration:80/459 batch loss is :4.4954
2025-07-08 03:49:09 - INFO - Epoch:49/50 Loss is :0.7043
2025-07-08 03:56:45 - INFO - VAL loss :9.2683
2025-07-08 03:56:47 - INFO - fold number:2
