2025-07-05 16:48:33 - INFO - ------------------------------------------------------------------------------------------------
2025-07-05 16:48:33 - INFO - starting new training !!!!
2025-07-05 16:48:33 - INFO - ------------------------------------------------------------------------------------------------
2025-07-05 16:48:33 - INFO - Namespace(batch=12, class_dict={'Early AMD': 0, 'Int AMD': 1, 'GA': 2, 'Wet': 3, 'Scar': 4, 'Not AMD': 5}, device=device(type='cuda'), epoch=100, excel_path='excel/vol_annotations_06_03_2025.xlsx', gamma=0.1, json='D:\\AMD-data-visualisation\\jsons\\patient_level\\train_val_split_new_dataset.json', lambda_bce=1.0, lambda_ce=1.0, log_dir='logs/Resnet_medicalnet', lr=0.002, model_path='pretrained\\resnet_34_23dataset.pth', num_classes=6, num_samples_per_epoch=500, sampling_prob={0: 0.25, 1: 0.05, 2: 0.5}, save_dir='model_parameter_Resnet_medicalnet', save_freq=40, step_size=40, targets_path='targets.npy', weight_bce=tensor([3.9600, 4.9500, 0.5900]), weight_broad=tensor([0.5000, 0.4000, 0.4000, 0.3300, 1.2500, 1.0000]), weight_ce=tensor([1.0000, 0.8000]))
2025-07-05 16:48:33 - INFO - parameters are being saved at :model_parameter_Resnet_medicalnet\64
2025-07-05 16:48:35 - INFO - the wandb run name is : lucky-haze-85
2025-07-05 16:48:35 - INFO - found 4 gpus!
2025-07-05 16:48:35 - INFO - DataParallel(
  (module): ResNet(
    (conv1): Conv3d(1, 64, kernel_size=(7, 7, 7), stride=(2, 2, 2), padding=(3, 3, 3), bias=False)
    (bn1): BatchNorm3d(64, eps=1e-05, momentum=0.1, affine=True, track_running_stats=True)
    (relu): ReLU(inplace=True)
    (maxpool): MaxPool3d(kernel_size=(3, 3, 3), stride=2, padding=1, dilation=1, ceil_mode=False)
    (layer1): Sequential(
      (0): BasicBlock(
        (conv1): Conv3d(64, 64, kernel_size=(3, 3, 3), stride=(1, 1, 1), padding=(1, 1, 1), bias=False)
        (bn1): BatchNorm3d(64, eps=1e-05, momentum=0.1, affine=True, track_running_stats=True)
        (relu): ReLU(inplace=True)
        (conv2): Conv3d(64, 64, kernel_size=(3, 3, 3), stride=(1, 1, 1), padding=(1, 1, 1), bias=False)
        (bn2): BatchNorm3d(64, eps=1e-05, momentum=0.1, affine=True, track_running_stats=True)
      )
      (1): BasicBlock(
        (conv1): Conv3d(64, 64, kernel_size=(3, 3, 3), stride=(1, 1, 1), padding=(1, 1, 1), bias=False)
        (bn1): BatchNorm3d(64, eps=1e-05, momentum=0.1, affine=True, track_running_stats=True)
        (relu): ReLU(inplace=True)
        (conv2): Conv3d(64, 64, kernel_size=(3, 3, 3), stride=(1, 1, 1), padding=(1, 1, 1), bias=False)
        (bn2): BatchNorm3d(64, eps=1e-05, momentum=0.1, affine=True, track_running_stats=True)
      )
      (2): BasicBlock(
        (conv1): Conv3d(64, 64, kernel_size=(3, 3, 3), stride=(1, 1, 1), padding=(1, 1, 1), bias=False)
        (bn1): BatchNorm3d(64, eps=1e-05, momentum=0.1, affine=True, track_running_stats=True)
        (relu): ReLU(inplace=True)
        (conv2): Conv3d(64, 64, kernel_size=(3, 3, 3), stride=(1, 1, 1), padding=(1, 1, 1), bias=False)
        (bn2): BatchNorm3d(64, eps=1e-05, momentum=0.1, affine=True, track_running_stats=True)
      )
    )
    (layer2): Sequential(
      (0): BasicBlock(
        (conv1): Conv3d(64, 128, kernel_size=(3, 3, 3), stride=(2, 2, 2), padding=(1, 1, 1), bias=False)
        (bn1): BatchNorm3d(128, eps=1e-05, momentum=0.1, affine=True, track_running_stats=True)
        (relu): ReLU(inplace=True)
        (conv2): Conv3d(128, 128, kernel_size=(3, 3, 3), stride=(1, 1, 1), padding=(1, 1, 1), bias=False)
        (bn2): BatchNorm3d(128, eps=1e-05, momentum=0.1, affine=True, track_running_stats=True)
      )
      (1): BasicBlock(
        (conv1): Conv3d(128, 128, kernel_size=(3, 3, 3), stride=(1, 1, 1), padding=(1, 1, 1), bias=False)
        (bn1): BatchNorm3d(128, eps=1e-05, momentum=0.1, affine=True, track_running_stats=True)
        (relu): ReLU(inplace=True)
        (conv2): Conv3d(128, 128, kernel_size=(3, 3, 3), stride=(1, 1, 1), padding=(1, 1, 1), bias=False)
        (bn2): BatchNorm3d(128, eps=1e-05, momentum=0.1, affine=True, track_running_stats=True)
      )
      (2): BasicBlock(
        (conv1): Conv3d(128, 128, kernel_size=(3, 3, 3), stride=(1, 1, 1), padding=(1, 1, 1), bias=False)
        (bn1): BatchNorm3d(128, eps=1e-05, momentum=0.1, affine=True, track_running_stats=True)
        (relu): ReLU(inplace=True)
        (conv2): Conv3d(128, 128, kernel_size=(3, 3, 3), stride=(1, 1, 1), padding=(1, 1, 1), bias=False)
        (bn2): BatchNorm3d(128, eps=1e-05, momentum=0.1, affine=True, track_running_stats=True)
      )
      (3): BasicBlock(
        (conv1): Conv3d(128, 128, kernel_size=(3, 3, 3), stride=(1, 1, 1), padding=(1, 1, 1), bias=False)
        (bn1): BatchNorm3d(128, eps=1e-05, momentum=0.1, affine=True, track_running_stats=True)
        (relu): ReLU(inplace=True)
        (conv2): Conv3d(128, 128, kernel_size=(3, 3, 3), stride=(1, 1, 1), padding=(1, 1, 1), bias=False)
        (bn2): BatchNorm3d(128, eps=1e-05, momentum=0.1, affine=True, track_running_stats=True)
      )
    )
    (layer3): Sequential(
      (0): BasicBlock(
        (conv1): Conv3d(128, 256, kernel_size=(3, 3, 3), stride=(1, 1, 1), padding=(2, 2, 2), dilation=(2, 2, 2), bias=False)
        (bn1): BatchNorm3d(256, eps=1e-05, momentum=0.1, affine=True, track_running_stats=True)
        (relu): ReLU(inplace=True)
        (conv2): Conv3d(256, 256, kernel_size=(3, 3, 3), stride=(1, 1, 1), padding=(2, 2, 2), dilation=(2, 2, 2), bias=False)
        (bn2): BatchNorm3d(256, eps=1e-05, momentum=0.1, affine=True, track_running_stats=True)
      )
      (1): BasicBlock(
        (conv1): Conv3d(256, 256, kernel_size=(3, 3, 3), stride=(1, 1, 1), padding=(2, 2, 2), dilation=(2, 2, 2), bias=False)
        (bn1): BatchNorm3d(256, eps=1e-05, momentum=0.1, affine=True, track_running_stats=True)
        (relu): ReLU(inplace=True)
        (conv2): Conv3d(256, 256, kernel_size=(3, 3, 3), stride=(1, 1, 1), padding=(2, 2, 2), dilation=(2, 2, 2), bias=False)
        (bn2): BatchNorm3d(256, eps=1e-05, momentum=0.1, affine=True, track_running_stats=True)
      )
      (2): BasicBlock(
        (conv1): Conv3d(256, 256, kernel_size=(3, 3, 3), stride=(1, 1, 1), padding=(2, 2, 2), dilation=(2, 2, 2), bias=False)
        (bn1): BatchNorm3d(256, eps=1e-05, momentum=0.1, affine=True, track_running_stats=True)
        (relu): ReLU(inplace=True)
        (conv2): Conv3d(256, 256, kernel_size=(3, 3, 3), stride=(1, 1, 1), padding=(2, 2, 2), dilation=(2, 2, 2), bias=False)
        (bn2): BatchNorm3d(256, eps=1e-05, momentum=0.1, affine=True, track_running_stats=True)
      )
      (3): BasicBlock(
        (conv1): Conv3d(256, 256, kernel_size=(3, 3, 3), stride=(1, 1, 1), padding=(2, 2, 2), dilation=(2, 2, 2), bias=False)
        (bn1): BatchNorm3d(256, eps=1e-05, momentum=0.1, affine=True, track_running_stats=True)
        (relu): ReLU(inplace=True)
        (conv2): Conv3d(256, 256, kernel_size=(3, 3, 3), stride=(1, 1, 1), padding=(2, 2, 2), dilation=(2, 2, 2), bias=False)
        (bn2): BatchNorm3d(256, eps=1e-05, momentum=0.1, affine=True, track_running_stats=True)
      )
      (4): BasicBlock(
        (conv1): Conv3d(256, 256, kernel_size=(3, 3, 3), stride=(1, 1, 1), padding=(2, 2, 2), dilation=(2, 2, 2), bias=False)
        (bn1): BatchNorm3d(256, eps=1e-05, momentum=0.1, affine=True, track_running_stats=True)
        (relu): ReLU(inplace=True)
        (conv2): Conv3d(256, 256, kernel_size=(3, 3, 3), stride=(1, 1, 1), padding=(2, 2, 2), dilation=(2, 2, 2), bias=False)
        (bn2): BatchNorm3d(256, eps=1e-05, momentum=0.1, affine=True, track_running_stats=True)
      )
      (5): BasicBlock(
        (conv1): Conv3d(256, 256, kernel_size=(3, 3, 3), stride=(1, 1, 1), padding=(2, 2, 2), dilation=(2, 2, 2), bias=False)
        (bn1): BatchNorm3d(256, eps=1e-05, momentum=0.1, affine=True, track_running_stats=True)
        (relu): ReLU(inplace=True)
        (conv2): Conv3d(256, 256, kernel_size=(3, 3, 3), stride=(1, 1, 1), padding=(2, 2, 2), dilation=(2, 2, 2), bias=False)
        (bn2): BatchNorm3d(256, eps=1e-05, momentum=0.1, affine=True, track_running_stats=True)
      )
    )
    (layer4): Sequential(
      (0): BasicBlock(
        (conv1): Conv3d(256, 512, kernel_size=(3, 3, 3), stride=(1, 1, 1), padding=(4, 4, 4), dilation=(4, 4, 4), bias=False)
        (bn1): BatchNorm3d(512, eps=1e-05, momentum=0.1, affine=True, track_running_stats=True)
        (relu): ReLU(inplace=True)
        (conv2): Conv3d(512, 512, kernel_size=(3, 3, 3), stride=(1, 1, 1), padding=(4, 4, 4), dilation=(4, 4, 4), bias=False)
        (bn2): BatchNorm3d(512, eps=1e-05, momentum=0.1, affine=True, track_running_stats=True)
      )
      (1): BasicBlock(
        (conv1): Conv3d(512, 512, kernel_size=(3, 3, 3), stride=(1, 1, 1), padding=(4, 4, 4), dilation=(4, 4, 4), bias=False)
        (bn1): BatchNorm3d(512, eps=1e-05, momentum=0.1, affine=True, track_running_stats=True)
        (relu): ReLU(inplace=True)
        (conv2): Conv3d(512, 512, kernel_size=(3, 3, 3), stride=(1, 1, 1), padding=(4, 4, 4), dilation=(4, 4, 4), bias=False)
        (bn2): BatchNorm3d(512, eps=1e-05, momentum=0.1, affine=True, track_running_stats=True)
      )
      (2): BasicBlock(
        (conv1): Conv3d(512, 512, kernel_size=(3, 3, 3), stride=(1, 1, 1), padding=(4, 4, 4), dilation=(4, 4, 4), bias=False)
        (bn1): BatchNorm3d(512, eps=1e-05, momentum=0.1, affine=True, track_running_stats=True)
        (relu): ReLU(inplace=True)
        (conv2): Conv3d(512, 512, kernel_size=(3, 3, 3), stride=(1, 1, 1), padding=(4, 4, 4), dilation=(4, 4, 4), bias=False)
        (bn2): BatchNorm3d(512, eps=1e-05, momentum=0.1, affine=True, track_running_stats=True)
      )
    )
    (GAP): AdaptiveAvgPool3d(output_size=(2, 2, 2))
    (linear): Linear(in_features=4096, out_features=6, bias=True)
  )
)
2025-07-05 16:48:35 - INFO - the missing keys are : 
['module.linear.weight', 'module.linear.bias']
2025-07-05 16:48:35 - INFO - the unexpected keys are :
[]
2025-07-05 16:48:35 - INFO - loaded model parameters from pretrained\resnet_34_23dataset.pth
2025-07-05 20:06:47 - INFO - fold number:0
2025-07-05 20:09:39 - INFO - epoch:0/100 iteration:0/459 batch loss is :3.6432
2025-07-05 20:09:59 - INFO - epoch:0/100 iteration:5/459 batch loss is :12.0817
2025-07-05 20:10:20 - INFO - epoch:0/100 iteration:10/459 batch loss is :5.7395
2025-07-05 20:10:39 - INFO - epoch:0/100 iteration:15/459 batch loss is :7.1729
2025-07-05 20:10:57 - INFO - epoch:0/100 iteration:20/459 batch loss is :5.1594
2025-07-05 20:11:15 - INFO - epoch:0/100 iteration:25/459 batch loss is :3.2612
2025-07-05 20:11:33 - INFO - epoch:0/100 iteration:30/459 batch loss is :4.5208
2025-07-05 20:11:50 - INFO - epoch:0/100 iteration:35/459 batch loss is :3.5725
2025-07-05 20:12:08 - INFO - epoch:0/100 iteration:40/459 batch loss is :3.2493
2025-07-05 20:12:13 - INFO - Epoch:0/100 Loss is :0.6166
2025-07-05 20:21:03 - INFO - VAL loss :7.0170
2025-07-05 20:23:56 - INFO - epoch:1/100 iteration:0/459 batch loss is :1.4114
2025-07-05 20:24:15 - INFO - epoch:1/100 iteration:5/459 batch loss is :2.3629
2025-07-05 20:24:35 - INFO - epoch:1/100 iteration:10/459 batch loss is :2.8853
2025-07-05 20:24:55 - INFO - epoch:1/100 iteration:15/459 batch loss is :6.0227
2025-07-05 20:25:15 - INFO - epoch:1/100 iteration:20/459 batch loss is :6.6277
2025-07-05 20:25:33 - INFO - epoch:1/100 iteration:25/459 batch loss is :3.2081
2025-07-05 20:25:50 - INFO - epoch:1/100 iteration:30/459 batch loss is :4.1254
2025-07-05 20:26:08 - INFO - epoch:1/100 iteration:35/459 batch loss is :3.3375
2025-07-05 20:26:26 - INFO - epoch:1/100 iteration:40/459 batch loss is :3.9075
2025-07-05 20:26:31 - INFO - Epoch:1/100 Loss is :0.3556
2025-07-05 20:29:21 - INFO - epoch:2/100 iteration:0/459 batch loss is :3.7109
2025-07-05 20:29:40 - INFO - epoch:2/100 iteration:5/459 batch loss is :2.1021
2025-07-05 20:30:01 - INFO - epoch:2/100 iteration:10/459 batch loss is :5.3165
2025-07-05 20:30:20 - INFO - epoch:2/100 iteration:15/459 batch loss is :2.6022
2025-07-05 20:30:39 - INFO - epoch:2/100 iteration:20/459 batch loss is :1.7744
2025-07-05 20:30:56 - INFO - epoch:2/100 iteration:25/459 batch loss is :4.1727
2025-07-05 20:31:15 - INFO - epoch:2/100 iteration:30/459 batch loss is :4.3357
2025-07-05 20:31:32 - INFO - epoch:2/100 iteration:35/459 batch loss is :2.2241
2025-07-05 20:31:50 - INFO - epoch:2/100 iteration:40/459 batch loss is :3.1629
2025-07-05 20:31:55 - INFO - Epoch:2/100 Loss is :0.3183
2025-07-05 20:34:33 - INFO - epoch:3/100 iteration:0/459 batch loss is :3.1500
2025-07-05 20:34:53 - INFO - epoch:3/100 iteration:5/459 batch loss is :2.3122
2025-07-05 20:35:13 - INFO - epoch:3/100 iteration:10/459 batch loss is :3.8495
2025-07-05 20:35:33 - INFO - epoch:3/100 iteration:15/459 batch loss is :1.4737
2025-07-05 20:35:52 - INFO - epoch:3/100 iteration:20/459 batch loss is :1.9399
2025-07-05 20:36:10 - INFO - epoch:3/100 iteration:25/459 batch loss is :2.3084
2025-07-05 20:36:28 - INFO - epoch:3/100 iteration:30/459 batch loss is :1.4719
2025-07-05 20:36:46 - INFO - epoch:3/100 iteration:35/459 batch loss is :3.3719
2025-07-05 20:37:03 - INFO - epoch:3/100 iteration:40/459 batch loss is :5.0212
2025-07-05 20:37:08 - INFO - Epoch:3/100 Loss is :0.2722
2025-07-05 20:39:59 - INFO - epoch:4/100 iteration:0/459 batch loss is :2.0356
2025-07-05 20:40:18 - INFO - epoch:4/100 iteration:5/459 batch loss is :2.4209
2025-07-05 20:40:38 - INFO - epoch:4/100 iteration:10/459 batch loss is :2.7916
2025-07-05 20:40:58 - INFO - epoch:4/100 iteration:15/459 batch loss is :1.8997
2025-07-05 20:41:17 - INFO - epoch:4/100 iteration:20/459 batch loss is :2.6601
2025-07-05 20:41:35 - INFO - epoch:4/100 iteration:25/459 batch loss is :2.1284
2025-07-05 20:41:52 - INFO - epoch:4/100 iteration:30/459 batch loss is :2.0586
2025-07-05 20:42:10 - INFO - epoch:4/100 iteration:35/459 batch loss is :2.6754
2025-07-05 20:42:28 - INFO - epoch:4/100 iteration:40/459 batch loss is :3.6295
2025-07-05 20:42:34 - INFO - Epoch:4/100 Loss is :0.2630
2025-07-05 20:45:15 - INFO - epoch:5/100 iteration:0/459 batch loss is :3.2818
2025-07-05 20:45:35 - INFO - epoch:5/100 iteration:5/459 batch loss is :3.8049
2025-07-05 20:45:55 - INFO - epoch:5/100 iteration:10/459 batch loss is :2.7122
2025-07-05 20:46:15 - INFO - epoch:5/100 iteration:15/459 batch loss is :3.3614
2025-07-05 20:46:34 - INFO - epoch:5/100 iteration:20/459 batch loss is :3.9791
2025-07-05 20:46:51 - INFO - epoch:5/100 iteration:25/459 batch loss is :2.9621
2025-07-05 20:47:09 - INFO - epoch:5/100 iteration:30/459 batch loss is :2.9924
2025-07-05 20:47:27 - INFO - epoch:5/100 iteration:35/459 batch loss is :3.0644
2025-07-05 20:47:44 - INFO - epoch:5/100 iteration:40/459 batch loss is :2.1207
2025-07-05 20:47:49 - INFO - Epoch:5/100 Loss is :0.2923
2025-07-05 20:50:40 - INFO - epoch:6/100 iteration:0/459 batch loss is :3.8625
2025-07-05 20:51:00 - INFO - epoch:6/100 iteration:5/459 batch loss is :3.0647
2025-07-05 20:51:20 - INFO - epoch:6/100 iteration:10/459 batch loss is :2.5248
2025-07-05 20:51:40 - INFO - epoch:6/100 iteration:15/459 batch loss is :3.4674
2025-07-05 20:51:59 - INFO - epoch:6/100 iteration:20/459 batch loss is :3.1994
2025-07-05 20:52:16 - INFO - epoch:6/100 iteration:25/459 batch loss is :3.3806
2025-07-05 20:52:34 - INFO - epoch:6/100 iteration:30/459 batch loss is :2.5452
2025-07-05 20:52:52 - INFO - epoch:6/100 iteration:35/459 batch loss is :5.2797
2025-07-05 20:53:10 - INFO - epoch:6/100 iteration:40/459 batch loss is :4.1177
2025-07-05 20:53:14 - INFO - Epoch:6/100 Loss is :0.2989
2025-07-05 20:55:49 - INFO - epoch:7/100 iteration:0/459 batch loss is :2.9565
2025-07-05 20:56:09 - INFO - epoch:7/100 iteration:5/459 batch loss is :3.8989
2025-07-05 20:56:29 - INFO - epoch:7/100 iteration:10/459 batch loss is :4.8392
2025-07-05 20:56:49 - INFO - epoch:7/100 iteration:15/459 batch loss is :2.7117
2025-07-05 20:57:08 - INFO - epoch:7/100 iteration:20/459 batch loss is :2.3237
2025-07-05 20:57:26 - INFO - epoch:7/100 iteration:25/459 batch loss is :2.8072
2025-07-05 20:57:44 - INFO - epoch:7/100 iteration:30/459 batch loss is :4.9426
2025-07-05 20:58:02 - INFO - epoch:7/100 iteration:35/459 batch loss is :4.0780
2025-07-05 20:58:19 - INFO - epoch:7/100 iteration:40/459 batch loss is :5.0878
2025-07-05 20:58:24 - INFO - Epoch:7/100 Loss is :0.3218
2025-07-05 21:00:55 - INFO - epoch:8/100 iteration:0/459 batch loss is :2.5955
2025-07-05 21:01:20 - INFO - epoch:8/100 iteration:5/459 batch loss is :4.5266
2025-07-05 21:01:40 - INFO - epoch:8/100 iteration:10/459 batch loss is :5.9044
2025-07-05 21:02:00 - INFO - epoch:8/100 iteration:15/459 batch loss is :3.9271
2025-07-05 21:02:19 - INFO - epoch:8/100 iteration:20/459 batch loss is :2.0586
2025-07-05 21:02:37 - INFO - epoch:8/100 iteration:25/459 batch loss is :5.8516
2025-07-05 21:02:54 - INFO - epoch:8/100 iteration:30/459 batch loss is :4.5414
2025-07-05 21:03:12 - INFO - epoch:8/100 iteration:35/459 batch loss is :5.8175
2025-07-05 21:03:30 - INFO - epoch:8/100 iteration:40/459 batch loss is :3.7406
2025-07-05 21:03:35 - INFO - Epoch:8/100 Loss is :0.3577
2025-07-05 21:06:24 - INFO - epoch:9/100 iteration:0/459 batch loss is :5.3242
2025-07-05 21:06:44 - INFO - epoch:9/100 iteration:5/459 batch loss is :3.6107
2025-07-05 21:07:04 - INFO - epoch:9/100 iteration:10/459 batch loss is :3.5486
2025-07-05 21:07:24 - INFO - epoch:9/100 iteration:15/459 batch loss is :3.2403
2025-07-05 21:07:44 - INFO - epoch:9/100 iteration:20/459 batch loss is :3.9528
2025-07-05 21:08:01 - INFO - epoch:9/100 iteration:25/459 batch loss is :3.1563
2025-07-05 21:08:19 - INFO - epoch:9/100 iteration:30/459 batch loss is :2.5812
2025-07-05 21:08:37 - INFO - epoch:9/100 iteration:35/459 batch loss is :2.9578
2025-07-05 21:08:55 - INFO - epoch:9/100 iteration:40/459 batch loss is :3.2716
2025-07-05 21:09:01 - INFO - Epoch:9/100 Loss is :0.3184
2025-07-05 21:11:37 - INFO - epoch:10/100 iteration:0/459 batch loss is :4.2782
2025-07-05 21:11:57 - INFO - epoch:10/100 iteration:5/459 batch loss is :3.2652
2025-07-05 21:12:17 - INFO - epoch:10/100 iteration:10/459 batch loss is :2.9617
2025-07-05 21:12:37 - INFO - epoch:10/100 iteration:15/459 batch loss is :4.4785
2025-07-05 21:12:56 - INFO - epoch:10/100 iteration:20/459 batch loss is :2.8517
2025-07-05 21:13:14 - INFO - epoch:10/100 iteration:25/459 batch loss is :2.8793
2025-07-05 21:13:32 - INFO - epoch:10/100 iteration:30/459 batch loss is :2.6228
2025-07-05 21:13:49 - INFO - epoch:10/100 iteration:35/459 batch loss is :4.6461
2025-07-05 21:14:07 - INFO - epoch:10/100 iteration:40/459 batch loss is :2.6292
2025-07-05 21:14:12 - INFO - Epoch:10/100 Loss is :0.3285
2025-07-05 21:16:46 - INFO - epoch:11/100 iteration:0/459 batch loss is :2.8246
2025-07-05 21:17:07 - INFO - epoch:11/100 iteration:5/459 batch loss is :3.4619
2025-07-05 21:17:27 - INFO - epoch:11/100 iteration:10/459 batch loss is :3.0396
2025-07-05 21:17:47 - INFO - epoch:11/100 iteration:15/459 batch loss is :3.1434
2025-07-05 21:18:07 - INFO - epoch:11/100 iteration:20/459 batch loss is :4.4569
2025-07-05 21:18:24 - INFO - epoch:11/100 iteration:25/459 batch loss is :2.8288
2025-07-05 21:18:42 - INFO - epoch:11/100 iteration:30/459 batch loss is :2.1537
2025-07-05 21:19:00 - INFO - epoch:11/100 iteration:35/459 batch loss is :2.7925
2025-07-05 21:19:18 - INFO - epoch:11/100 iteration:40/459 batch loss is :2.5390
2025-07-05 21:19:22 - INFO - Epoch:11/100 Loss is :0.2862
2025-07-05 21:22:10 - INFO - epoch:12/100 iteration:0/459 batch loss is :3.0556
2025-07-05 21:22:30 - INFO - epoch:12/100 iteration:5/459 batch loss is :2.1780
2025-07-05 21:22:51 - INFO - epoch:12/100 iteration:10/459 batch loss is :3.8436
2025-07-05 21:23:10 - INFO - epoch:12/100 iteration:15/459 batch loss is :2.2641
2025-07-05 21:23:30 - INFO - epoch:12/100 iteration:20/459 batch loss is :3.7031
2025-07-05 21:23:48 - INFO - epoch:12/100 iteration:25/459 batch loss is :3.0859
2025-07-05 21:24:06 - INFO - epoch:12/100 iteration:30/459 batch loss is :2.3538
2025-07-05 21:24:23 - INFO - epoch:12/100 iteration:35/459 batch loss is :2.2101
2025-07-05 21:24:41 - INFO - epoch:12/100 iteration:40/459 batch loss is :3.4428
2025-07-05 21:24:46 - INFO - Epoch:12/100 Loss is :0.2747
2025-07-05 21:27:19 - INFO - epoch:13/100 iteration:0/459 batch loss is :2.8874
2025-07-05 21:27:41 - INFO - epoch:13/100 iteration:5/459 batch loss is :2.6283
2025-07-05 21:28:01 - INFO - epoch:13/100 iteration:10/459 batch loss is :4.5354
2025-07-05 21:28:21 - INFO - epoch:13/100 iteration:15/459 batch loss is :4.4027
2025-07-05 21:28:40 - INFO - epoch:13/100 iteration:20/459 batch loss is :2.7971
2025-07-05 21:28:58 - INFO - epoch:13/100 iteration:25/459 batch loss is :4.2585
2025-07-05 21:29:16 - INFO - epoch:13/100 iteration:30/459 batch loss is :5.9100
2025-07-05 21:29:34 - INFO - epoch:13/100 iteration:35/459 batch loss is :5.6585
2025-07-05 21:29:51 - INFO - epoch:13/100 iteration:40/459 batch loss is :3.1427
2025-07-05 21:29:56 - INFO - Epoch:13/100 Loss is :0.3304
2025-07-05 21:32:33 - INFO - epoch:14/100 iteration:0/459 batch loss is :2.7799
2025-07-05 21:32:54 - INFO - epoch:14/100 iteration:5/459 batch loss is :2.2129
2025-07-05 21:33:14 - INFO - epoch:14/100 iteration:10/459 batch loss is :2.9801
2025-07-05 21:33:34 - INFO - epoch:14/100 iteration:15/459 batch loss is :2.5446
2025-07-05 21:33:52 - INFO - epoch:14/100 iteration:20/459 batch loss is :4.2257
2025-07-05 21:34:10 - INFO - epoch:14/100 iteration:25/459 batch loss is :2.5161
2025-07-05 21:34:28 - INFO - epoch:14/100 iteration:30/459 batch loss is :3.9751
2025-07-05 21:34:46 - INFO - epoch:14/100 iteration:35/459 batch loss is :3.2207
2025-07-05 21:35:04 - INFO - epoch:14/100 iteration:40/459 batch loss is :3.8949
2025-07-05 21:35:09 - INFO - Epoch:14/100 Loss is :0.3156
2025-07-05 21:38:01 - INFO - epoch:15/100 iteration:0/459 batch loss is :3.7349
2025-07-05 21:38:20 - INFO - epoch:15/100 iteration:5/459 batch loss is :2.9130
2025-07-05 21:38:41 - INFO - epoch:15/100 iteration:10/459 batch loss is :2.9200
2025-07-05 21:39:00 - INFO - epoch:15/100 iteration:15/459 batch loss is :4.4559
2025-07-05 21:39:19 - INFO - epoch:15/100 iteration:20/459 batch loss is :3.3353
2025-07-05 21:39:37 - INFO - epoch:15/100 iteration:25/459 batch loss is :2.7701
2025-07-05 21:39:55 - INFO - epoch:15/100 iteration:30/459 batch loss is :2.8992
2025-07-05 21:40:12 - INFO - epoch:15/100 iteration:35/459 batch loss is :3.3135
2025-07-05 21:40:30 - INFO - epoch:15/100 iteration:40/459 batch loss is :2.7467
2025-07-05 21:40:35 - INFO - Epoch:15/100 Loss is :0.2760
2025-07-05 21:43:14 - INFO - epoch:16/100 iteration:0/459 batch loss is :2.5444
2025-07-05 21:43:34 - INFO - epoch:16/100 iteration:5/459 batch loss is :3.0201
2025-07-05 21:43:54 - INFO - epoch:16/100 iteration:10/459 batch loss is :2.2038
2025-07-05 21:44:14 - INFO - epoch:16/100 iteration:15/459 batch loss is :2.4994
2025-07-05 21:44:33 - INFO - epoch:16/100 iteration:20/459 batch loss is :2.5812
2025-07-05 21:44:50 - INFO - epoch:16/100 iteration:25/459 batch loss is :4.1645
2025-07-05 21:45:08 - INFO - epoch:16/100 iteration:30/459 batch loss is :3.5572
2025-07-05 21:45:26 - INFO - epoch:16/100 iteration:35/459 batch loss is :3.3209
2025-07-05 21:45:43 - INFO - epoch:16/100 iteration:40/459 batch loss is :2.0762
2025-07-05 21:45:48 - INFO - Epoch:16/100 Loss is :0.2595
2025-07-05 21:48:21 - INFO - epoch:17/100 iteration:0/459 batch loss is :1.4301
2025-07-05 21:48:45 - INFO - epoch:17/100 iteration:5/459 batch loss is :2.9753
2025-07-05 21:49:05 - INFO - epoch:17/100 iteration:10/459 batch loss is :1.8854
2025-07-05 21:49:24 - INFO - epoch:17/100 iteration:15/459 batch loss is :2.3361
2025-07-05 21:49:43 - INFO - epoch:17/100 iteration:20/459 batch loss is :2.7790
2025-07-05 21:50:01 - INFO - epoch:17/100 iteration:25/459 batch loss is :2.9438
2025-07-05 21:50:18 - INFO - epoch:17/100 iteration:30/459 batch loss is :2.4989
2025-07-05 21:50:36 - INFO - epoch:17/100 iteration:35/459 batch loss is :4.0759
2025-07-05 21:50:54 - INFO - epoch:17/100 iteration:40/459 batch loss is :4.4381
2025-07-05 21:50:59 - INFO - Epoch:17/100 Loss is :0.2661
2025-07-05 21:53:49 - INFO - epoch:18/100 iteration:0/459 batch loss is :3.7397
2025-07-05 21:54:09 - INFO - epoch:18/100 iteration:5/459 batch loss is :2.7882
2025-07-05 21:54:29 - INFO - epoch:18/100 iteration:10/459 batch loss is :1.8227
2025-07-05 21:54:49 - INFO - epoch:18/100 iteration:15/459 batch loss is :2.0850
2025-07-05 21:55:08 - INFO - epoch:18/100 iteration:20/459 batch loss is :2.9544
2025-07-05 21:55:26 - INFO - epoch:18/100 iteration:25/459 batch loss is :2.1336
2025-07-05 21:55:43 - INFO - epoch:18/100 iteration:30/459 batch loss is :2.5891
2025-07-05 21:56:01 - INFO - epoch:18/100 iteration:35/459 batch loss is :1.9969
2025-07-05 21:56:19 - INFO - epoch:18/100 iteration:40/459 batch loss is :2.6670
2025-07-05 21:56:23 - INFO - Epoch:18/100 Loss is :0.2383
2025-07-05 21:58:59 - INFO - epoch:19/100 iteration:0/459 batch loss is :2.8667
2025-07-05 21:59:19 - INFO - epoch:19/100 iteration:5/459 batch loss is :1.9784
2025-07-05 21:59:39 - INFO - epoch:19/100 iteration:10/459 batch loss is :2.3262
2025-07-05 21:59:59 - INFO - epoch:19/100 iteration:15/459 batch loss is :3.4533
2025-07-05 22:00:18 - INFO - epoch:19/100 iteration:20/459 batch loss is :2.3567
2025-07-05 22:00:36 - INFO - epoch:19/100 iteration:25/459 batch loss is :2.3531
2025-07-05 22:00:53 - INFO - epoch:19/100 iteration:30/459 batch loss is :2.9750
2025-07-05 22:01:11 - INFO - epoch:19/100 iteration:35/459 batch loss is :3.0044
2025-07-05 22:01:29 - INFO - epoch:19/100 iteration:40/459 batch loss is :2.5459
2025-07-05 22:01:34 - INFO - Epoch:19/100 Loss is :0.2325
2025-07-05 22:04:12 - INFO - epoch:20/100 iteration:0/459 batch loss is :2.7106
2025-07-05 22:04:32 - INFO - epoch:20/100 iteration:5/459 batch loss is :1.8855
2025-07-05 22:04:51 - INFO - epoch:20/100 iteration:10/459 batch loss is :2.6935
2025-07-05 22:05:11 - INFO - epoch:20/100 iteration:15/459 batch loss is :2.1770
2025-07-05 22:05:30 - INFO - epoch:20/100 iteration:20/459 batch loss is :4.2385
2025-07-05 22:05:47 - INFO - epoch:20/100 iteration:25/459 batch loss is :2.6575
2025-07-05 22:06:05 - INFO - epoch:20/100 iteration:30/459 batch loss is :2.6272
2025-07-05 22:06:23 - INFO - epoch:20/100 iteration:35/459 batch loss is :2.2744
2025-07-05 22:06:41 - INFO - epoch:20/100 iteration:40/459 batch loss is :3.9198
2025-07-05 22:06:45 - INFO - Epoch:20/100 Loss is :0.2424
2025-07-05 22:09:33 - INFO - epoch:21/100 iteration:0/459 batch loss is :2.0281
2025-07-05 22:09:53 - INFO - epoch:21/100 iteration:5/459 batch loss is :2.5542
2025-07-05 22:10:13 - INFO - epoch:21/100 iteration:10/459 batch loss is :2.1821
2025-07-05 22:10:33 - INFO - epoch:21/100 iteration:15/459 batch loss is :3.1327
2025-07-05 22:10:53 - INFO - epoch:21/100 iteration:20/459 batch loss is :2.7509
2025-07-05 22:11:11 - INFO - epoch:21/100 iteration:25/459 batch loss is :2.2678
2025-07-05 22:11:28 - INFO - epoch:21/100 iteration:30/459 batch loss is :2.3281
2025-07-05 22:11:46 - INFO - epoch:21/100 iteration:35/459 batch loss is :2.0549
2025-07-05 22:12:04 - INFO - epoch:21/100 iteration:40/459 batch loss is :3.2070
2025-07-05 22:12:08 - INFO - Epoch:21/100 Loss is :0.2427
2025-07-05 22:14:43 - INFO - epoch:22/100 iteration:0/459 batch loss is :2.5153
2025-07-05 22:15:06 - INFO - epoch:22/100 iteration:5/459 batch loss is :2.6271
2025-07-05 22:15:26 - INFO - epoch:22/100 iteration:10/459 batch loss is :2.5829
2025-07-05 22:15:46 - INFO - epoch:22/100 iteration:15/459 batch loss is :2.9378
2025-07-05 22:16:04 - INFO - epoch:22/100 iteration:20/459 batch loss is :2.3788
2025-07-05 22:16:22 - INFO - epoch:22/100 iteration:25/459 batch loss is :2.9983
2025-07-05 22:16:40 - INFO - epoch:22/100 iteration:30/459 batch loss is :1.8222
2025-07-05 22:16:57 - INFO - epoch:22/100 iteration:35/459 batch loss is :2.1183
2025-07-05 22:17:15 - INFO - epoch:22/100 iteration:40/459 batch loss is :3.0647
2025-07-05 22:17:20 - INFO - Epoch:22/100 Loss is :0.2347
2025-07-05 22:19:56 - INFO - epoch:23/100 iteration:0/459 batch loss is :2.6916
2025-07-05 22:20:17 - INFO - epoch:23/100 iteration:5/459 batch loss is :2.5293
2025-07-05 22:20:36 - INFO - epoch:23/100 iteration:10/459 batch loss is :2.6458
2025-07-05 22:20:56 - INFO - epoch:23/100 iteration:15/459 batch loss is :1.7513
2025-07-05 22:21:15 - INFO - epoch:23/100 iteration:20/459 batch loss is :2.6722
2025-07-05 22:21:33 - INFO - epoch:23/100 iteration:25/459 batch loss is :2.0788
2025-07-05 22:21:51 - INFO - epoch:23/100 iteration:30/459 batch loss is :2.5954
2025-07-05 22:22:09 - INFO - epoch:23/100 iteration:35/459 batch loss is :3.4180
2025-07-05 22:22:27 - INFO - epoch:23/100 iteration:40/459 batch loss is :2.8088
2025-07-05 22:22:31 - INFO - Epoch:23/100 Loss is :0.2442
2025-07-05 22:25:22 - INFO - epoch:24/100 iteration:0/459 batch loss is :2.4678
2025-07-05 22:25:42 - INFO - epoch:24/100 iteration:5/459 batch loss is :2.4171
2025-07-05 22:26:02 - INFO - epoch:24/100 iteration:10/459 batch loss is :3.2996
2025-07-05 22:26:22 - INFO - epoch:24/100 iteration:15/459 batch loss is :3.6609
2025-07-05 22:26:40 - INFO - epoch:24/100 iteration:20/459 batch loss is :2.9885
2025-07-05 22:26:58 - INFO - epoch:24/100 iteration:25/459 batch loss is :2.6664
2025-07-05 22:27:15 - INFO - epoch:24/100 iteration:30/459 batch loss is :2.8196
2025-07-05 22:27:33 - INFO - epoch:24/100 iteration:35/459 batch loss is :3.0161
2025-07-05 22:27:51 - INFO - epoch:24/100 iteration:40/459 batch loss is :2.0008
2025-07-05 22:27:56 - INFO - Epoch:24/100 Loss is :0.2834
2025-07-05 22:30:35 - INFO - epoch:25/100 iteration:0/459 batch loss is :3.4221
2025-07-05 22:30:55 - INFO - epoch:25/100 iteration:5/459 batch loss is :1.9062
2025-07-05 22:31:15 - INFO - epoch:25/100 iteration:10/459 batch loss is :2.3998
2025-07-05 22:31:35 - INFO - epoch:25/100 iteration:15/459 batch loss is :4.0272
2025-07-05 22:31:53 - INFO - epoch:25/100 iteration:20/459 batch loss is :4.3539
2025-07-05 22:32:11 - INFO - epoch:25/100 iteration:25/459 batch loss is :4.3928
2025-07-05 22:32:29 - INFO - epoch:25/100 iteration:30/459 batch loss is :3.0258
2025-07-05 22:32:46 - INFO - epoch:25/100 iteration:35/459 batch loss is :4.5286
2025-07-05 22:33:04 - INFO - epoch:25/100 iteration:40/459 batch loss is :2.7974
2025-07-05 22:33:09 - INFO - Epoch:25/100 Loss is :0.2883
2025-07-05 22:35:59 - INFO - epoch:26/100 iteration:0/459 batch loss is :2.4998
2025-07-05 22:36:19 - INFO - epoch:26/100 iteration:5/459 batch loss is :2.9984
2025-07-05 22:36:38 - INFO - epoch:26/100 iteration:10/459 batch loss is :3.4610
2025-07-05 22:36:58 - INFO - epoch:26/100 iteration:15/459 batch loss is :2.4039
2025-07-05 22:37:17 - INFO - epoch:26/100 iteration:20/459 batch loss is :3.0540
2025-07-05 22:37:35 - INFO - epoch:26/100 iteration:25/459 batch loss is :1.8624
2025-07-05 22:37:53 - INFO - epoch:26/100 iteration:30/459 batch loss is :2.2407
2025-07-05 22:38:10 - INFO - epoch:26/100 iteration:35/459 batch loss is :2.9839
2025-07-05 22:38:28 - INFO - epoch:26/100 iteration:40/459 batch loss is :2.3201
2025-07-05 22:38:33 - INFO - Epoch:26/100 Loss is :0.2665
2025-07-05 22:41:08 - INFO - epoch:27/100 iteration:0/459 batch loss is :1.8624
2025-07-05 22:41:27 - INFO - epoch:27/100 iteration:5/459 batch loss is :2.3795
2025-07-05 22:41:47 - INFO - epoch:27/100 iteration:10/459 batch loss is :2.0834
2025-07-05 22:42:07 - INFO - epoch:27/100 iteration:15/459 batch loss is :3.2600
2025-07-05 22:42:27 - INFO - epoch:27/100 iteration:20/459 batch loss is :3.4632
2025-07-05 22:42:44 - INFO - epoch:27/100 iteration:25/459 batch loss is :2.3008
2025-07-05 22:43:02 - INFO - epoch:27/100 iteration:30/459 batch loss is :2.2925
2025-07-05 22:43:20 - INFO - epoch:27/100 iteration:35/459 batch loss is :3.5764
2025-07-05 22:43:38 - INFO - epoch:27/100 iteration:40/459 batch loss is :3.5347
2025-07-05 22:43:42 - INFO - Epoch:27/100 Loss is :0.2470
2025-07-05 22:46:19 - INFO - epoch:28/100 iteration:0/459 batch loss is :3.0186
2025-07-05 22:46:40 - INFO - epoch:28/100 iteration:5/459 batch loss is :2.6033
2025-07-05 22:47:00 - INFO - epoch:28/100 iteration:10/459 batch loss is :1.9349
2025-07-05 22:47:20 - INFO - epoch:28/100 iteration:15/459 batch loss is :3.8421
2025-07-05 22:47:38 - INFO - epoch:28/100 iteration:20/459 batch loss is :2.1548
2025-07-05 22:47:56 - INFO - epoch:28/100 iteration:25/459 batch loss is :2.7862
2025-07-05 22:48:14 - INFO - epoch:28/100 iteration:30/459 batch loss is :3.8230
2025-07-05 22:48:31 - INFO - epoch:28/100 iteration:35/459 batch loss is :1.4488
2025-07-05 22:48:49 - INFO - epoch:28/100 iteration:40/459 batch loss is :3.0382
2025-07-05 22:48:53 - INFO - Epoch:28/100 Loss is :0.2554
2025-07-05 22:51:43 - INFO - epoch:29/100 iteration:0/459 batch loss is :2.8868
2025-07-05 22:52:04 - INFO - epoch:29/100 iteration:5/459 batch loss is :3.8508
2025-07-05 22:52:23 - INFO - epoch:29/100 iteration:10/459 batch loss is :3.2124
2025-07-05 22:52:43 - INFO - epoch:29/100 iteration:15/459 batch loss is :2.8296
2025-07-05 22:53:02 - INFO - epoch:29/100 iteration:20/459 batch loss is :2.4446
2025-07-05 22:53:20 - INFO - epoch:29/100 iteration:25/459 batch loss is :3.5362
2025-07-05 22:53:37 - INFO - epoch:29/100 iteration:30/459 batch loss is :2.4793
2025-07-05 22:53:55 - INFO - epoch:29/100 iteration:35/459 batch loss is :2.2152
2025-07-05 22:54:13 - INFO - epoch:29/100 iteration:40/459 batch loss is :2.4627
2025-07-05 22:54:19 - INFO - Epoch:29/100 Loss is :0.2406
2025-07-05 22:56:55 - INFO - epoch:30/100 iteration:0/459 batch loss is :2.6696
2025-07-05 22:57:15 - INFO - epoch:30/100 iteration:5/459 batch loss is :2.4140
2025-07-05 22:57:35 - INFO - epoch:30/100 iteration:10/459 batch loss is :3.2765
2025-07-05 22:57:55 - INFO - epoch:30/100 iteration:15/459 batch loss is :3.0537
2025-07-05 22:58:16 - INFO - epoch:30/100 iteration:20/459 batch loss is :2.2363
2025-07-05 22:58:34 - INFO - epoch:30/100 iteration:25/459 batch loss is :1.8278
2025-07-05 22:58:52 - INFO - epoch:30/100 iteration:30/459 batch loss is :3.2841
2025-07-05 22:59:09 - INFO - epoch:30/100 iteration:35/459 batch loss is :2.0030
2025-07-05 22:59:27 - INFO - epoch:30/100 iteration:40/459 batch loss is :2.0461
2025-07-05 22:59:32 - INFO - Epoch:30/100 Loss is :0.2431
2025-07-05 23:02:11 - INFO - epoch:31/100 iteration:0/459 batch loss is :2.1335
2025-07-05 23:02:32 - INFO - epoch:31/100 iteration:5/459 batch loss is :2.1880
2025-07-05 23:02:52 - INFO - epoch:31/100 iteration:10/459 batch loss is :2.8765
2025-07-05 23:03:12 - INFO - epoch:31/100 iteration:15/459 batch loss is :1.4070
2025-07-05 23:03:31 - INFO - epoch:31/100 iteration:20/459 batch loss is :4.7942
2025-07-05 23:03:48 - INFO - epoch:31/100 iteration:25/459 batch loss is :1.6514
2025-07-05 23:04:06 - INFO - epoch:31/100 iteration:30/459 batch loss is :3.2308
2025-07-05 23:04:24 - INFO - epoch:31/100 iteration:35/459 batch loss is :2.9076
2025-07-05 23:04:42 - INFO - epoch:31/100 iteration:40/459 batch loss is :3.0705
2025-07-05 23:04:46 - INFO - Epoch:31/100 Loss is :0.2321
2025-07-05 23:07:37 - INFO - epoch:32/100 iteration:0/459 batch loss is :2.1227
2025-07-05 23:07:57 - INFO - epoch:32/100 iteration:5/459 batch loss is :2.3320
2025-07-05 23:08:17 - INFO - epoch:32/100 iteration:10/459 batch loss is :3.0705
2025-07-05 23:08:36 - INFO - epoch:32/100 iteration:15/459 batch loss is :3.5148
2025-07-05 23:08:56 - INFO - epoch:32/100 iteration:20/459 batch loss is :1.4273
2025-07-05 23:09:14 - INFO - epoch:32/100 iteration:25/459 batch loss is :1.8541
2025-07-05 23:09:31 - INFO - epoch:32/100 iteration:30/459 batch loss is :2.8688
2025-07-05 23:09:49 - INFO - epoch:32/100 iteration:35/459 batch loss is :3.1323
2025-07-05 23:10:07 - INFO - epoch:32/100 iteration:40/459 batch loss is :1.6521
2025-07-05 23:10:11 - INFO - Epoch:32/100 Loss is :0.2415
2025-07-05 23:12:47 - INFO - epoch:33/100 iteration:0/459 batch loss is :2.8820
2025-07-05 23:13:12 - INFO - epoch:33/100 iteration:5/459 batch loss is :2.4864
2025-07-05 23:13:32 - INFO - epoch:33/100 iteration:10/459 batch loss is :2.1442
2025-07-05 23:13:52 - INFO - epoch:33/100 iteration:15/459 batch loss is :2.7379
2025-07-05 23:14:10 - INFO - epoch:33/100 iteration:20/459 batch loss is :2.8927
2025-07-05 23:14:28 - INFO - epoch:33/100 iteration:25/459 batch loss is :1.9441
2025-07-05 23:14:46 - INFO - epoch:33/100 iteration:30/459 batch loss is :2.3832
2025-07-05 23:15:03 - INFO - epoch:33/100 iteration:35/459 batch loss is :2.7919
2025-07-05 23:15:21 - INFO - epoch:33/100 iteration:40/459 batch loss is :2.0827
2025-07-05 23:15:26 - INFO - Epoch:33/100 Loss is :0.2297
2025-07-05 23:18:04 - INFO - epoch:34/100 iteration:0/459 batch loss is :1.9002
2025-07-05 23:18:25 - INFO - epoch:34/100 iteration:5/459 batch loss is :2.6397
2025-07-05 23:18:45 - INFO - epoch:34/100 iteration:10/459 batch loss is :1.6506
2025-07-05 23:19:05 - INFO - epoch:34/100 iteration:15/459 batch loss is :3.4996
2025-07-05 23:19:23 - INFO - epoch:34/100 iteration:20/459 batch loss is :3.3178
2025-07-05 23:19:41 - INFO - epoch:34/100 iteration:25/459 batch loss is :2.4600
2025-07-05 23:19:59 - INFO - epoch:34/100 iteration:30/459 batch loss is :2.7781
2025-07-05 23:20:16 - INFO - epoch:34/100 iteration:35/459 batch loss is :2.4031
2025-07-05 23:20:34 - INFO - epoch:34/100 iteration:40/459 batch loss is :2.8787
2025-07-05 23:20:40 - INFO - Epoch:34/100 Loss is :0.2601
2025-07-05 23:23:14 - INFO - epoch:35/100 iteration:0/459 batch loss is :2.9079
2025-07-05 23:23:34 - INFO - epoch:35/100 iteration:5/459 batch loss is :3.1313
2025-07-05 23:23:55 - INFO - epoch:35/100 iteration:10/459 batch loss is :3.6788
2025-07-05 23:24:15 - INFO - epoch:35/100 iteration:15/459 batch loss is :2.5073
2025-07-05 23:24:33 - INFO - epoch:35/100 iteration:20/459 batch loss is :3.4495
2025-07-05 23:24:50 - INFO - epoch:35/100 iteration:25/459 batch loss is :2.4916
2025-07-05 23:25:08 - INFO - epoch:35/100 iteration:30/459 batch loss is :2.8450
2025-07-05 23:25:26 - INFO - epoch:35/100 iteration:35/459 batch loss is :3.1321
2025-07-05 23:25:44 - INFO - epoch:35/100 iteration:40/459 batch loss is :2.4545
2025-07-05 23:25:48 - INFO - Epoch:35/100 Loss is :0.2576
2025-07-05 23:28:18 - INFO - epoch:36/100 iteration:0/459 batch loss is :3.1795
2025-07-05 23:28:43 - INFO - epoch:36/100 iteration:5/459 batch loss is :1.9109
2025-07-05 23:29:03 - INFO - epoch:36/100 iteration:10/459 batch loss is :3.5695
2025-07-05 23:29:23 - INFO - epoch:36/100 iteration:15/459 batch loss is :3.0403
2025-07-05 23:29:41 - INFO - epoch:36/100 iteration:20/459 batch loss is :1.9563
2025-07-05 23:29:59 - INFO - epoch:36/100 iteration:25/459 batch loss is :3.5278
2025-07-05 23:30:17 - INFO - epoch:36/100 iteration:30/459 batch loss is :2.4962
2025-07-05 23:30:34 - INFO - epoch:36/100 iteration:35/459 batch loss is :3.0576
2025-07-05 23:30:52 - INFO - epoch:36/100 iteration:40/459 batch loss is :2.8409
2025-07-05 23:30:57 - INFO - Epoch:36/100 Loss is :0.2495
2025-07-05 23:33:35 - INFO - epoch:37/100 iteration:0/459 batch loss is :3.2902
2025-07-05 23:33:56 - INFO - epoch:37/100 iteration:5/459 batch loss is :3.4095
2025-07-05 23:34:15 - INFO - epoch:37/100 iteration:10/459 batch loss is :1.9216
2025-07-05 23:34:35 - INFO - epoch:37/100 iteration:15/459 batch loss is :3.4093
2025-07-05 23:34:53 - INFO - epoch:37/100 iteration:20/459 batch loss is :2.7190
2025-07-05 23:35:10 - INFO - epoch:37/100 iteration:25/459 batch loss is :1.5346
2025-07-05 23:35:28 - INFO - epoch:37/100 iteration:30/459 batch loss is :2.6989
2025-07-05 23:35:46 - INFO - epoch:37/100 iteration:35/459 batch loss is :3.5498
2025-07-05 23:36:03 - INFO - epoch:37/100 iteration:40/459 batch loss is :3.2821
2025-07-05 23:36:08 - INFO - Epoch:37/100 Loss is :0.2244
2025-07-05 23:38:43 - INFO - epoch:38/100 iteration:0/459 batch loss is :2.0244
2025-07-05 23:39:03 - INFO - epoch:38/100 iteration:5/459 batch loss is :2.2515
2025-07-05 23:39:23 - INFO - epoch:38/100 iteration:10/459 batch loss is :2.5202
2025-07-05 23:39:43 - INFO - epoch:38/100 iteration:15/459 batch loss is :3.4837
2025-07-05 23:40:01 - INFO - epoch:38/100 iteration:20/459 batch loss is :2.9163
2025-07-05 23:40:19 - INFO - epoch:38/100 iteration:25/459 batch loss is :3.6806
2025-07-05 23:40:36 - INFO - epoch:38/100 iteration:30/459 batch loss is :2.1889
2025-07-05 23:40:54 - INFO - epoch:38/100 iteration:35/459 batch loss is :2.7793
2025-07-05 23:41:12 - INFO - epoch:38/100 iteration:40/459 batch loss is :3.8089
2025-07-05 23:41:17 - INFO - Epoch:38/100 Loss is :0.2419
2025-07-05 23:43:51 - INFO - epoch:39/100 iteration:0/459 batch loss is :3.2391
2025-07-05 23:44:11 - INFO - epoch:39/100 iteration:5/459 batch loss is :2.8546
2025-07-05 23:44:31 - INFO - epoch:39/100 iteration:10/459 batch loss is :2.0914
2025-07-05 23:44:51 - INFO - epoch:39/100 iteration:15/459 batch loss is :3.2384
2025-07-05 23:45:08 - INFO - epoch:39/100 iteration:20/459 batch loss is :2.7230
2025-07-05 23:45:26 - INFO - epoch:39/100 iteration:25/459 batch loss is :2.7154
2025-07-05 23:45:44 - INFO - epoch:39/100 iteration:30/459 batch loss is :2.9716
2025-07-05 23:46:02 - INFO - epoch:39/100 iteration:35/459 batch loss is :2.6937
2025-07-05 23:46:20 - INFO - epoch:39/100 iteration:40/459 batch loss is :3.4984
2025-07-05 23:46:25 - INFO - Epoch:39/100 Loss is :0.2728
2025-07-05 23:48:55 - INFO - epoch:40/100 iteration:0/459 batch loss is :2.6418
2025-07-05 23:49:16 - INFO - epoch:40/100 iteration:5/459 batch loss is :2.6122
2025-07-05 23:49:37 - INFO - epoch:40/100 iteration:10/459 batch loss is :2.4900
2025-07-05 23:49:58 - INFO - epoch:40/100 iteration:15/459 batch loss is :3.2245
2025-07-05 23:50:16 - INFO - epoch:40/100 iteration:20/459 batch loss is :1.5866
2025-07-05 23:50:33 - INFO - epoch:40/100 iteration:25/459 batch loss is :3.3816
2025-07-05 23:50:51 - INFO - epoch:40/100 iteration:30/459 batch loss is :3.2361
2025-07-05 23:51:09 - INFO - epoch:40/100 iteration:35/459 batch loss is :1.7774
2025-07-05 23:51:26 - INFO - epoch:40/100 iteration:40/459 batch loss is :1.7012
2025-07-05 23:51:31 - INFO - Epoch:40/100 Loss is :0.2709
2025-07-06 00:00:38 - INFO - VAL loss :4.6388
2025-07-06 00:03:21 - INFO - epoch:41/100 iteration:0/459 batch loss is :1.6616
2025-07-06 00:03:41 - INFO - epoch:41/100 iteration:5/459 batch loss is :2.6693
2025-07-06 00:04:01 - INFO - epoch:41/100 iteration:10/459 batch loss is :2.5488
2025-07-06 00:04:21 - INFO - epoch:41/100 iteration:15/459 batch loss is :2.0173
2025-07-06 00:04:40 - INFO - epoch:41/100 iteration:20/459 batch loss is :2.8907
2025-07-06 00:04:58 - INFO - epoch:41/100 iteration:25/459 batch loss is :3.6461
2025-07-06 00:05:16 - INFO - epoch:41/100 iteration:30/459 batch loss is :2.7011
2025-07-06 00:05:34 - INFO - epoch:41/100 iteration:35/459 batch loss is :1.8074
2025-07-06 00:05:52 - INFO - epoch:41/100 iteration:40/459 batch loss is :3.0626
2025-07-06 00:05:56 - INFO - Epoch:41/100 Loss is :0.2552
2025-07-06 00:08:47 - INFO - epoch:42/100 iteration:0/459 batch loss is :3.1678
2025-07-06 00:09:07 - INFO - epoch:42/100 iteration:5/459 batch loss is :3.3199
2025-07-06 00:09:27 - INFO - epoch:42/100 iteration:10/459 batch loss is :2.7306
2025-07-06 00:09:47 - INFO - epoch:42/100 iteration:15/459 batch loss is :2.9472
2025-07-06 00:10:06 - INFO - epoch:42/100 iteration:20/459 batch loss is :3.5489
2025-07-06 00:10:24 - INFO - epoch:42/100 iteration:25/459 batch loss is :3.2708
2025-07-06 00:10:41 - INFO - epoch:42/100 iteration:30/459 batch loss is :2.2493
2025-07-06 00:10:59 - INFO - epoch:42/100 iteration:35/459 batch loss is :1.8636
2025-07-06 00:11:17 - INFO - epoch:42/100 iteration:40/459 batch loss is :2.8483
2025-07-06 00:11:22 - INFO - Epoch:42/100 Loss is :0.2601
2025-07-06 00:14:02 - INFO - epoch:43/100 iteration:0/459 batch loss is :2.9346
2025-07-06 00:14:22 - INFO - epoch:43/100 iteration:5/459 batch loss is :3.4693
2025-07-06 00:14:42 - INFO - epoch:43/100 iteration:10/459 batch loss is :2.4901
2025-07-06 00:15:02 - INFO - epoch:43/100 iteration:15/459 batch loss is :2.0129
2025-07-06 00:15:21 - INFO - epoch:43/100 iteration:20/459 batch loss is :2.9525
2025-07-06 00:15:39 - INFO - epoch:43/100 iteration:25/459 batch loss is :2.3517
2025-07-06 00:15:56 - INFO - epoch:43/100 iteration:30/459 batch loss is :2.3882
2025-07-06 00:16:14 - INFO - epoch:43/100 iteration:35/459 batch loss is :2.9253
2025-07-06 00:16:32 - INFO - epoch:43/100 iteration:40/459 batch loss is :2.8688
2025-07-06 00:16:36 - INFO - Epoch:43/100 Loss is :0.2497
2025-07-06 00:19:07 - INFO - epoch:44/100 iteration:0/459 batch loss is :2.9837
2025-07-06 00:19:31 - INFO - epoch:44/100 iteration:5/459 batch loss is :1.9768
2025-07-06 00:19:51 - INFO - epoch:44/100 iteration:10/459 batch loss is :2.6795
2025-07-06 00:20:11 - INFO - epoch:44/100 iteration:15/459 batch loss is :2.4030
2025-07-06 00:20:30 - INFO - epoch:44/100 iteration:20/459 batch loss is :1.9398
2025-07-06 00:20:48 - INFO - epoch:44/100 iteration:25/459 batch loss is :2.5772
2025-07-06 00:21:05 - INFO - epoch:44/100 iteration:30/459 batch loss is :2.6557
2025-07-06 00:21:23 - INFO - epoch:44/100 iteration:35/459 batch loss is :2.1653
2025-07-06 00:21:41 - INFO - epoch:44/100 iteration:40/459 batch loss is :2.2890
2025-07-06 00:21:47 - INFO - Epoch:44/100 Loss is :0.2258
2025-07-06 00:24:38 - INFO - epoch:45/100 iteration:0/459 batch loss is :3.1376
2025-07-06 00:24:58 - INFO - epoch:45/100 iteration:5/459 batch loss is :2.6210
2025-07-06 00:25:18 - INFO - epoch:45/100 iteration:10/459 batch loss is :2.3790
2025-07-06 00:25:37 - INFO - epoch:45/100 iteration:15/459 batch loss is :1.4897
2025-07-06 00:25:56 - INFO - epoch:45/100 iteration:20/459 batch loss is :1.4819
2025-07-06 00:26:14 - INFO - epoch:45/100 iteration:25/459 batch loss is :3.9666
2025-07-06 00:26:32 - INFO - epoch:45/100 iteration:30/459 batch loss is :2.1345
2025-07-06 00:26:49 - INFO - epoch:45/100 iteration:35/459 batch loss is :3.3358
2025-07-06 00:27:07 - INFO - epoch:45/100 iteration:40/459 batch loss is :2.2077
2025-07-06 00:27:12 - INFO - Epoch:45/100 Loss is :0.2305
2025-07-06 00:29:51 - INFO - epoch:46/100 iteration:0/459 batch loss is :2.0002
2025-07-06 00:30:11 - INFO - epoch:46/100 iteration:5/459 batch loss is :2.4265
2025-07-06 00:30:30 - INFO - epoch:46/100 iteration:10/459 batch loss is :2.4399
2025-07-06 00:30:50 - INFO - epoch:46/100 iteration:15/459 batch loss is :2.5063
2025-07-06 00:31:09 - INFO - epoch:46/100 iteration:20/459 batch loss is :3.9507
2025-07-06 00:31:27 - INFO - epoch:46/100 iteration:25/459 batch loss is :3.0099
2025-07-06 00:31:44 - INFO - epoch:46/100 iteration:30/459 batch loss is :2.7419
2025-07-06 00:32:02 - INFO - epoch:46/100 iteration:35/459 batch loss is :2.9893
2025-07-06 00:32:20 - INFO - epoch:46/100 iteration:40/459 batch loss is :3.3329
2025-07-06 00:32:25 - INFO - Epoch:46/100 Loss is :0.2468
2025-07-06 00:35:06 - INFO - epoch:47/100 iteration:0/459 batch loss is :1.7488
2025-07-06 00:35:26 - INFO - epoch:47/100 iteration:5/459 batch loss is :1.6596
2025-07-06 00:35:45 - INFO - epoch:47/100 iteration:10/459 batch loss is :3.0196
2025-07-06 00:36:05 - INFO - epoch:47/100 iteration:15/459 batch loss is :2.3134
2025-07-06 00:36:24 - INFO - epoch:47/100 iteration:20/459 batch loss is :3.7155
2025-07-06 00:36:41 - INFO - epoch:47/100 iteration:25/459 batch loss is :3.5123
2025-07-06 00:36:59 - INFO - epoch:47/100 iteration:30/459 batch loss is :3.9099
2025-07-06 00:37:17 - INFO - epoch:47/100 iteration:35/459 batch loss is :3.5224
2025-07-06 00:37:35 - INFO - epoch:47/100 iteration:40/459 batch loss is :2.5857
2025-07-06 00:37:39 - INFO - Epoch:47/100 Loss is :0.2444
2025-07-06 00:40:28 - INFO - epoch:48/100 iteration:0/459 batch loss is :2.0982
2025-07-06 00:40:49 - INFO - epoch:48/100 iteration:5/459 batch loss is :3.6760
2025-07-06 00:41:09 - INFO - epoch:48/100 iteration:10/459 batch loss is :3.0142
2025-07-06 00:41:29 - INFO - epoch:48/100 iteration:15/459 batch loss is :2.5083
2025-07-06 00:41:48 - INFO - epoch:48/100 iteration:20/459 batch loss is :2.1811
2025-07-06 00:42:06 - INFO - epoch:48/100 iteration:25/459 batch loss is :2.7805
2025-07-06 00:42:23 - INFO - epoch:48/100 iteration:30/459 batch loss is :2.8416
2025-07-06 00:42:41 - INFO - epoch:48/100 iteration:35/459 batch loss is :3.3457
2025-07-06 00:42:59 - INFO - epoch:48/100 iteration:40/459 batch loss is :3.0626
2025-07-06 00:43:04 - INFO - Epoch:48/100 Loss is :0.2540
2025-07-06 00:45:39 - INFO - epoch:49/100 iteration:0/459 batch loss is :3.5311
2025-07-06 00:45:59 - INFO - epoch:49/100 iteration:5/459 batch loss is :2.0550
2025-07-06 00:46:19 - INFO - epoch:49/100 iteration:10/459 batch loss is :2.7246
2025-07-06 00:46:39 - INFO - epoch:49/100 iteration:15/459 batch loss is :3.4386
2025-07-06 00:46:58 - INFO - epoch:49/100 iteration:20/459 batch loss is :1.0885
2025-07-06 00:47:15 - INFO - epoch:49/100 iteration:25/459 batch loss is :2.9061
2025-07-06 00:47:33 - INFO - epoch:49/100 iteration:30/459 batch loss is :3.0525
2025-07-06 00:47:51 - INFO - epoch:49/100 iteration:35/459 batch loss is :2.6120
2025-07-06 00:48:09 - INFO - epoch:49/100 iteration:40/459 batch loss is :3.3363
2025-07-06 00:48:15 - INFO - Epoch:49/100 Loss is :0.2421
2025-07-06 00:50:53 - INFO - epoch:50/100 iteration:0/459 batch loss is :2.7030
2025-07-06 00:51:12 - INFO - epoch:50/100 iteration:5/459 batch loss is :2.1154
2025-07-06 00:51:33 - INFO - epoch:50/100 iteration:10/459 batch loss is :1.8336
2025-07-06 00:51:52 - INFO - epoch:50/100 iteration:15/459 batch loss is :1.3721
2025-07-06 00:52:11 - INFO - epoch:50/100 iteration:20/459 batch loss is :3.1879
2025-07-06 00:52:29 - INFO - epoch:50/100 iteration:25/459 batch loss is :1.9678
2025-07-06 00:52:47 - INFO - epoch:50/100 iteration:30/459 batch loss is :2.7674
2025-07-06 00:53:05 - INFO - epoch:50/100 iteration:35/459 batch loss is :2.9592
2025-07-06 00:53:23 - INFO - epoch:50/100 iteration:40/459 batch loss is :2.6727
2025-07-06 00:53:27 - INFO - Epoch:50/100 Loss is :0.2394
2025-07-06 00:56:16 - INFO - epoch:51/100 iteration:0/459 batch loss is :1.6419
2025-07-06 00:56:36 - INFO - epoch:51/100 iteration:5/459 batch loss is :2.8803
2025-07-06 00:56:55 - INFO - epoch:51/100 iteration:10/459 batch loss is :2.6563
2025-07-06 00:57:15 - INFO - epoch:51/100 iteration:15/459 batch loss is :2.4622
2025-07-06 00:57:34 - INFO - epoch:51/100 iteration:20/459 batch loss is :1.9396
2025-07-06 00:57:52 - INFO - epoch:51/100 iteration:25/459 batch loss is :3.1160
2025-07-06 00:58:10 - INFO - epoch:51/100 iteration:30/459 batch loss is :3.0222
2025-07-06 00:58:27 - INFO - epoch:51/100 iteration:35/459 batch loss is :1.7020
2025-07-06 00:58:45 - INFO - epoch:51/100 iteration:40/459 batch loss is :2.3474
2025-07-06 00:58:50 - INFO - Epoch:51/100 Loss is :0.2275
2025-07-06 01:01:27 - INFO - epoch:52/100 iteration:0/459 batch loss is :1.9371
2025-07-06 01:01:47 - INFO - epoch:52/100 iteration:5/459 batch loss is :3.7145
2025-07-06 01:02:07 - INFO - epoch:52/100 iteration:10/459 batch loss is :2.7200
2025-07-06 01:02:27 - INFO - epoch:52/100 iteration:15/459 batch loss is :1.3432
2025-07-06 01:02:46 - INFO - epoch:52/100 iteration:20/459 batch loss is :2.6338
2025-07-06 01:03:04 - INFO - epoch:52/100 iteration:25/459 batch loss is :2.2173
2025-07-06 01:03:21 - INFO - epoch:52/100 iteration:30/459 batch loss is :4.2215
2025-07-06 01:03:39 - INFO - epoch:52/100 iteration:35/459 batch loss is :1.6638
2025-07-06 01:03:57 - INFO - epoch:52/100 iteration:40/459 batch loss is :2.9330
2025-07-06 01:04:02 - INFO - Epoch:52/100 Loss is :0.2456
2025-07-06 01:06:53 - INFO - epoch:53/100 iteration:0/459 batch loss is :1.8405
2025-07-06 01:07:13 - INFO - epoch:53/100 iteration:5/459 batch loss is :3.1191
2025-07-06 01:07:34 - INFO - epoch:53/100 iteration:10/459 batch loss is :3.0964
2025-07-06 01:07:53 - INFO - epoch:53/100 iteration:15/459 batch loss is :2.7436
2025-07-06 01:08:12 - INFO - epoch:53/100 iteration:20/459 batch loss is :2.2064
2025-07-06 01:08:30 - INFO - epoch:53/100 iteration:25/459 batch loss is :2.4828
2025-07-06 01:08:47 - INFO - epoch:53/100 iteration:30/459 batch loss is :2.5757
2025-07-06 01:09:05 - INFO - epoch:53/100 iteration:35/459 batch loss is :1.7772
2025-07-06 01:09:23 - INFO - epoch:53/100 iteration:40/459 batch loss is :1.7103
2025-07-06 01:09:28 - INFO - Epoch:53/100 Loss is :0.2366
2025-07-06 01:12:02 - INFO - epoch:54/100 iteration:0/459 batch loss is :1.0315
2025-07-06 01:12:22 - INFO - epoch:54/100 iteration:5/459 batch loss is :3.0881
2025-07-06 01:12:43 - INFO - epoch:54/100 iteration:10/459 batch loss is :3.3811
2025-07-06 01:13:03 - INFO - epoch:54/100 iteration:15/459 batch loss is :2.6083
2025-07-06 01:13:23 - INFO - epoch:54/100 iteration:20/459 batch loss is :1.7496
2025-07-06 01:13:40 - INFO - epoch:54/100 iteration:25/459 batch loss is :2.0003
2025-07-06 01:13:58 - INFO - epoch:54/100 iteration:30/459 batch loss is :1.7383
2025-07-06 01:14:16 - INFO - epoch:54/100 iteration:35/459 batch loss is :1.6005
2025-07-06 01:14:33 - INFO - epoch:54/100 iteration:40/459 batch loss is :2.5104
2025-07-06 01:14:39 - INFO - Epoch:54/100 Loss is :0.2366
2025-07-06 01:17:16 - INFO - epoch:55/100 iteration:0/459 batch loss is :1.6680
2025-07-06 01:17:37 - INFO - epoch:55/100 iteration:5/459 batch loss is :4.3580
2025-07-06 01:17:57 - INFO - epoch:55/100 iteration:10/459 batch loss is :3.0994
2025-07-06 01:18:17 - INFO - epoch:55/100 iteration:15/459 batch loss is :3.1824
2025-07-06 01:18:35 - INFO - epoch:55/100 iteration:20/459 batch loss is :2.5610
2025-07-06 01:18:53 - INFO - epoch:55/100 iteration:25/459 batch loss is :2.2089
2025-07-06 01:19:11 - INFO - epoch:55/100 iteration:30/459 batch loss is :2.1602
2025-07-06 01:19:28 - INFO - epoch:55/100 iteration:35/459 batch loss is :2.5394
2025-07-06 01:19:46 - INFO - epoch:55/100 iteration:40/459 batch loss is :1.9040
2025-07-06 01:19:51 - INFO - Epoch:55/100 Loss is :0.2266
2025-07-06 01:22:43 - INFO - epoch:56/100 iteration:0/459 batch loss is :1.8791
2025-07-06 01:23:03 - INFO - epoch:56/100 iteration:5/459 batch loss is :2.7966
2025-07-06 01:23:23 - INFO - epoch:56/100 iteration:10/459 batch loss is :1.5199
2025-07-06 01:23:43 - INFO - epoch:56/100 iteration:15/459 batch loss is :2.4175
2025-07-06 01:24:03 - INFO - epoch:56/100 iteration:20/459 batch loss is :2.3038
2025-07-06 01:24:21 - INFO - epoch:56/100 iteration:25/459 batch loss is :4.2954
2025-07-06 01:24:39 - INFO - epoch:56/100 iteration:30/459 batch loss is :1.2821
2025-07-06 01:24:56 - INFO - epoch:56/100 iteration:35/459 batch loss is :1.9826
2025-07-06 01:25:14 - INFO - epoch:56/100 iteration:40/459 batch loss is :2.0296
2025-07-06 01:25:18 - INFO - Epoch:56/100 Loss is :0.2340
2025-07-06 01:27:54 - INFO - epoch:57/100 iteration:0/459 batch loss is :1.8551
2025-07-06 01:28:14 - INFO - epoch:57/100 iteration:5/459 batch loss is :2.4738
2025-07-06 01:28:34 - INFO - epoch:57/100 iteration:10/459 batch loss is :2.1436
2025-07-06 01:28:54 - INFO - epoch:57/100 iteration:15/459 batch loss is :1.2765
2025-07-06 01:29:13 - INFO - epoch:57/100 iteration:20/459 batch loss is :2.4114
2025-07-06 01:29:31 - INFO - epoch:57/100 iteration:25/459 batch loss is :2.2032
2025-07-06 01:29:49 - INFO - epoch:57/100 iteration:30/459 batch loss is :3.0475
2025-07-06 01:30:07 - INFO - epoch:57/100 iteration:35/459 batch loss is :2.5929
2025-07-06 01:30:25 - INFO - epoch:57/100 iteration:40/459 batch loss is :1.2576
2025-07-06 01:30:29 - INFO - Epoch:57/100 Loss is :0.2144
2025-07-06 01:33:07 - INFO - epoch:58/100 iteration:0/459 batch loss is :1.4665
2025-07-06 01:33:28 - INFO - epoch:58/100 iteration:5/459 batch loss is :1.8822
2025-07-06 01:33:48 - INFO - epoch:58/100 iteration:10/459 batch loss is :2.6600
2025-07-06 01:34:08 - INFO - epoch:58/100 iteration:15/459 batch loss is :3.3940
2025-07-06 01:34:26 - INFO - epoch:58/100 iteration:20/459 batch loss is :3.1554
2025-07-06 01:34:44 - INFO - epoch:58/100 iteration:25/459 batch loss is :2.4583
2025-07-06 01:35:02 - INFO - epoch:58/100 iteration:30/459 batch loss is :2.3634
2025-07-06 01:35:20 - INFO - epoch:58/100 iteration:35/459 batch loss is :2.7282
2025-07-06 01:35:38 - INFO - epoch:58/100 iteration:40/459 batch loss is :2.6939
2025-07-06 01:35:42 - INFO - Epoch:58/100 Loss is :0.2236
2025-07-06 01:38:34 - INFO - epoch:59/100 iteration:0/459 batch loss is :2.2590
2025-07-06 01:38:54 - INFO - epoch:59/100 iteration:5/459 batch loss is :2.3625
2025-07-06 01:39:14 - INFO - epoch:59/100 iteration:10/459 batch loss is :3.2652
2025-07-06 01:39:34 - INFO - epoch:59/100 iteration:15/459 batch loss is :3.1622
2025-07-06 01:39:54 - INFO - epoch:59/100 iteration:20/459 batch loss is :3.3761
2025-07-06 01:40:12 - INFO - epoch:59/100 iteration:25/459 batch loss is :2.2341
2025-07-06 01:40:29 - INFO - epoch:59/100 iteration:30/459 batch loss is :2.0343
2025-07-06 01:40:47 - INFO - epoch:59/100 iteration:35/459 batch loss is :1.6390
2025-07-06 01:41:05 - INFO - epoch:59/100 iteration:40/459 batch loss is :2.3854
2025-07-06 01:41:11 - INFO - Epoch:59/100 Loss is :0.2228
2025-07-06 01:43:46 - INFO - epoch:60/100 iteration:0/459 batch loss is :1.2476
2025-07-06 01:44:08 - INFO - epoch:60/100 iteration:5/459 batch loss is :1.2342
2025-07-06 01:44:29 - INFO - epoch:60/100 iteration:10/459 batch loss is :2.7101
2025-07-06 01:44:48 - INFO - epoch:60/100 iteration:15/459 batch loss is :1.3957
2025-07-06 01:45:07 - INFO - epoch:60/100 iteration:20/459 batch loss is :3.4046
2025-07-06 01:45:24 - INFO - epoch:60/100 iteration:25/459 batch loss is :2.1092
2025-07-06 01:45:42 - INFO - epoch:60/100 iteration:30/459 batch loss is :1.8588
2025-07-06 01:46:00 - INFO - epoch:60/100 iteration:35/459 batch loss is :nan
2025-07-06 01:46:18 - INFO - epoch:60/100 iteration:40/459 batch loss is :3.7142
2025-07-06 01:46:22 - INFO - Epoch:60/100 Loss is :nan
2025-07-06 01:48:55 - INFO - epoch:61/100 iteration:0/459 batch loss is :2.1411
2025-07-06 01:49:20 - INFO - epoch:61/100 iteration:5/459 batch loss is :1.5988
2025-07-06 01:49:39 - INFO - epoch:61/100 iteration:10/459 batch loss is :2.3042
2025-07-06 01:49:59 - INFO - epoch:61/100 iteration:15/459 batch loss is :1.6502
2025-07-06 01:50:18 - INFO - epoch:61/100 iteration:20/459 batch loss is :2.3203
2025-07-06 01:50:35 - INFO - epoch:61/100 iteration:25/459 batch loss is :2.2586
2025-07-06 01:50:53 - INFO - epoch:61/100 iteration:30/459 batch loss is :2.9645
2025-07-06 01:51:11 - INFO - epoch:61/100 iteration:35/459 batch loss is :4.2981
2025-07-06 01:51:29 - INFO - epoch:61/100 iteration:40/459 batch loss is :3.1220
2025-07-06 01:51:33 - INFO - Epoch:61/100 Loss is :0.2322
2025-07-06 01:54:23 - INFO - epoch:62/100 iteration:0/459 batch loss is :1.9696
2025-07-06 01:54:43 - INFO - epoch:62/100 iteration:5/459 batch loss is :1.8518
2025-07-06 01:55:03 - INFO - epoch:62/100 iteration:10/459 batch loss is :3.1909
2025-07-06 01:55:22 - INFO - epoch:62/100 iteration:15/459 batch loss is :2.4372
2025-07-06 01:55:42 - INFO - epoch:62/100 iteration:20/459 batch loss is :2.8400
2025-07-06 01:55:59 - INFO - epoch:62/100 iteration:25/459 batch loss is :3.0634
2025-07-06 01:56:17 - INFO - epoch:62/100 iteration:30/459 batch loss is :1.8022
2025-07-06 01:56:35 - INFO - epoch:62/100 iteration:35/459 batch loss is :2.0469
2025-07-06 01:56:53 - INFO - epoch:62/100 iteration:40/459 batch loss is :2.9094
2025-07-06 01:56:57 - INFO - Epoch:62/100 Loss is :0.2407
2025-07-06 01:59:38 - INFO - epoch:63/100 iteration:0/459 batch loss is :1.2696
2025-07-06 01:59:58 - INFO - epoch:63/100 iteration:5/459 batch loss is :2.1381
2025-07-06 02:00:19 - INFO - epoch:63/100 iteration:10/459 batch loss is :2.5642
2025-07-06 02:00:39 - INFO - epoch:63/100 iteration:15/459 batch loss is :1.9217
2025-07-06 02:00:57 - INFO - epoch:63/100 iteration:20/459 batch loss is :1.5950
2025-07-06 02:01:15 - INFO - epoch:63/100 iteration:25/459 batch loss is :1.4749
2025-07-06 02:01:33 - INFO - epoch:63/100 iteration:30/459 batch loss is :2.5336
2025-07-06 02:01:51 - INFO - epoch:63/100 iteration:35/459 batch loss is :3.1309
2025-07-06 02:02:08 - INFO - epoch:63/100 iteration:40/459 batch loss is :1.8563
2025-07-06 02:02:13 - INFO - Epoch:63/100 Loss is :0.2215
2025-07-06 02:04:46 - INFO - epoch:64/100 iteration:0/459 batch loss is :2.6636
2025-07-06 02:05:06 - INFO - epoch:64/100 iteration:5/459 batch loss is :2.3617
2025-07-06 02:05:27 - INFO - epoch:64/100 iteration:10/459 batch loss is :1.2745
2025-07-06 02:05:47 - INFO - epoch:64/100 iteration:15/459 batch loss is :2.2643
2025-07-06 02:06:06 - INFO - epoch:64/100 iteration:20/459 batch loss is :3.6984
2025-07-06 02:06:23 - INFO - epoch:64/100 iteration:25/459 batch loss is :2.6231
2025-07-06 02:06:41 - INFO - epoch:64/100 iteration:30/459 batch loss is :2.0119
2025-07-06 02:06:59 - INFO - epoch:64/100 iteration:35/459 batch loss is :2.7572
2025-07-06 02:07:16 - INFO - epoch:64/100 iteration:40/459 batch loss is :1.9742
2025-07-06 02:07:22 - INFO - Epoch:64/100 Loss is :0.2212
2025-07-06 02:09:59 - INFO - epoch:65/100 iteration:0/459 batch loss is :1.9381
2025-07-06 02:10:20 - INFO - epoch:65/100 iteration:5/459 batch loss is :2.0126
2025-07-06 02:10:40 - INFO - epoch:65/100 iteration:10/459 batch loss is :2.5263
2025-07-06 02:11:00 - INFO - epoch:65/100 iteration:15/459 batch loss is :1.9270
2025-07-06 02:11:19 - INFO - epoch:65/100 iteration:20/459 batch loss is :1.5927
2025-07-06 02:11:36 - INFO - epoch:65/100 iteration:25/459 batch loss is :2.3812
2025-07-06 02:11:54 - INFO - epoch:65/100 iteration:30/459 batch loss is :2.8211
2025-07-06 02:12:12 - INFO - epoch:65/100 iteration:35/459 batch loss is :3.3256
2025-07-06 02:12:30 - INFO - epoch:65/100 iteration:40/459 batch loss is :1.6580
2025-07-06 02:12:34 - INFO - Epoch:65/100 Loss is :0.2037
2025-07-06 02:15:07 - INFO - epoch:66/100 iteration:0/459 batch loss is :1.7584
2025-07-06 02:15:28 - INFO - epoch:66/100 iteration:5/459 batch loss is :3.0569
2025-07-06 02:15:48 - INFO - epoch:66/100 iteration:10/459 batch loss is :2.7978
2025-07-06 02:16:08 - INFO - epoch:66/100 iteration:15/459 batch loss is :2.7278
2025-07-06 02:16:26 - INFO - epoch:66/100 iteration:20/459 batch loss is :3.4539
2025-07-06 02:16:44 - INFO - epoch:66/100 iteration:25/459 batch loss is :2.1631
2025-07-06 02:17:02 - INFO - epoch:66/100 iteration:30/459 batch loss is :1.9853
2025-07-06 02:17:20 - INFO - epoch:66/100 iteration:35/459 batch loss is :1.6574
2025-07-06 02:17:38 - INFO - epoch:66/100 iteration:40/459 batch loss is :2.6264
2025-07-06 02:17:42 - INFO - Epoch:66/100 Loss is :0.2222
2025-07-06 02:20:16 - INFO - epoch:67/100 iteration:0/459 batch loss is :3.8748
2025-07-06 02:20:36 - INFO - epoch:67/100 iteration:5/459 batch loss is :2.0700
2025-07-06 02:20:56 - INFO - epoch:67/100 iteration:10/459 batch loss is :3.0611
2025-07-06 02:21:16 - INFO - epoch:67/100 iteration:15/459 batch loss is :2.1808
2025-07-06 02:21:34 - INFO - epoch:67/100 iteration:20/459 batch loss is :2.8040
2025-07-06 02:21:51 - INFO - epoch:67/100 iteration:25/459 batch loss is :2.1981
2025-07-06 02:22:09 - INFO - epoch:67/100 iteration:30/459 batch loss is :1.3607
2025-07-06 02:22:27 - INFO - epoch:67/100 iteration:35/459 batch loss is :0.8073
2025-07-06 02:22:45 - INFO - epoch:67/100 iteration:40/459 batch loss is :2.4784
2025-07-06 02:22:50 - INFO - Epoch:67/100 Loss is :0.2209
2025-07-06 02:25:41 - INFO - epoch:68/100 iteration:0/459 batch loss is :3.1888
2025-07-06 02:26:02 - INFO - epoch:68/100 iteration:5/459 batch loss is :2.1488
2025-07-06 02:26:22 - INFO - epoch:68/100 iteration:10/459 batch loss is :2.5860
2025-07-06 02:26:41 - INFO - epoch:68/100 iteration:15/459 batch loss is :2.0875
2025-07-06 02:27:01 - INFO - epoch:68/100 iteration:20/459 batch loss is :3.2313
2025-07-06 02:27:18 - INFO - epoch:68/100 iteration:25/459 batch loss is :1.7316
2025-07-06 02:27:36 - INFO - epoch:68/100 iteration:30/459 batch loss is :3.2010
2025-07-06 02:27:54 - INFO - epoch:68/100 iteration:35/459 batch loss is :2.3187
2025-07-06 02:28:12 - INFO - epoch:68/100 iteration:40/459 batch loss is :3.4019
2025-07-06 02:28:16 - INFO - Epoch:68/100 Loss is :0.2404
2025-07-06 02:30:51 - INFO - epoch:69/100 iteration:0/459 batch loss is :2.4030
2025-07-06 02:31:12 - INFO - epoch:69/100 iteration:5/459 batch loss is :2.4877
2025-07-06 02:31:32 - INFO - epoch:69/100 iteration:10/459 batch loss is :1.5165
2025-07-06 02:31:52 - INFO - epoch:69/100 iteration:15/459 batch loss is :3.4797
2025-07-06 02:32:11 - INFO - epoch:69/100 iteration:20/459 batch loss is :3.1061
2025-07-06 02:32:29 - INFO - epoch:69/100 iteration:25/459 batch loss is :2.4274
2025-07-06 02:32:47 - INFO - epoch:69/100 iteration:30/459 batch loss is :2.6204
2025-07-06 02:33:04 - INFO - epoch:69/100 iteration:35/459 batch loss is :3.0886
2025-07-06 02:33:22 - INFO - epoch:69/100 iteration:40/459 batch loss is :1.7035
2025-07-06 02:33:28 - INFO - Epoch:69/100 Loss is :0.2434
2025-07-06 02:36:00 - INFO - epoch:70/100 iteration:0/459 batch loss is :1.5107
2025-07-06 02:36:20 - INFO - epoch:70/100 iteration:5/459 batch loss is :3.0711
2025-07-06 02:36:41 - INFO - epoch:70/100 iteration:10/459 batch loss is :2.7111
2025-07-06 02:37:00 - INFO - epoch:70/100 iteration:15/459 batch loss is :3.5010
2025-07-06 02:37:20 - INFO - epoch:70/100 iteration:20/459 batch loss is :2.4752
2025-07-06 02:37:38 - INFO - epoch:70/100 iteration:25/459 batch loss is :1.5576
2025-07-06 02:37:56 - INFO - epoch:70/100 iteration:30/459 batch loss is :2.5285
2025-07-06 02:38:13 - INFO - epoch:70/100 iteration:35/459 batch loss is :3.8478
2025-07-06 02:38:31 - INFO - epoch:70/100 iteration:40/459 batch loss is :3.6955
2025-07-06 02:38:35 - INFO - Epoch:70/100 Loss is :0.2407
2025-07-06 02:41:25 - INFO - epoch:71/100 iteration:0/459 batch loss is :1.5693
2025-07-06 02:41:45 - INFO - epoch:71/100 iteration:5/459 batch loss is :1.4380
2025-07-06 02:42:04 - INFO - epoch:71/100 iteration:10/459 batch loss is :1.5220
2025-07-06 02:42:24 - INFO - epoch:71/100 iteration:15/459 batch loss is :2.9203
2025-07-06 02:42:43 - INFO - epoch:71/100 iteration:20/459 batch loss is :3.7945
2025-07-06 02:43:01 - INFO - epoch:71/100 iteration:25/459 batch loss is :2.2283
2025-07-06 02:43:19 - INFO - epoch:71/100 iteration:30/459 batch loss is :1.9345
2025-07-06 02:43:36 - INFO - epoch:71/100 iteration:35/459 batch loss is :1.7357
2025-07-06 02:43:54 - INFO - epoch:71/100 iteration:40/459 batch loss is :2.9341
2025-07-06 02:43:59 - INFO - Epoch:71/100 Loss is :0.2186
2025-07-06 02:46:42 - INFO - epoch:72/100 iteration:0/459 batch loss is :3.0115
2025-07-06 02:47:03 - INFO - epoch:72/100 iteration:5/459 batch loss is :2.0190
2025-07-06 02:47:23 - INFO - epoch:72/100 iteration:10/459 batch loss is :2.8616
2025-07-06 02:47:43 - INFO - epoch:72/100 iteration:15/459 batch loss is :2.6989
2025-07-06 02:48:01 - INFO - epoch:72/100 iteration:20/459 batch loss is :2.7365
2025-07-06 02:48:19 - INFO - epoch:72/100 iteration:25/459 batch loss is :4.7588
2025-07-06 02:48:36 - INFO - epoch:72/100 iteration:30/459 batch loss is :2.8382
2025-07-06 02:48:54 - INFO - epoch:72/100 iteration:35/459 batch loss is :2.5263
2025-07-06 02:49:12 - INFO - epoch:72/100 iteration:40/459 batch loss is :2.2441
2025-07-06 02:49:17 - INFO - Epoch:72/100 Loss is :0.2309
2025-07-06 02:52:06 - INFO - epoch:73/100 iteration:0/459 batch loss is :1.9272
2025-07-06 02:52:26 - INFO - epoch:73/100 iteration:5/459 batch loss is :2.8317
2025-07-06 02:52:46 - INFO - epoch:73/100 iteration:10/459 batch loss is :1.1816
2025-07-06 02:53:06 - INFO - epoch:73/100 iteration:15/459 batch loss is :2.6393
2025-07-06 02:53:25 - INFO - epoch:73/100 iteration:20/459 batch loss is :2.4696
2025-07-06 02:53:43 - INFO - epoch:73/100 iteration:25/459 batch loss is :2.3408
2025-07-06 02:54:01 - INFO - epoch:73/100 iteration:30/459 batch loss is :2.1845
2025-07-06 02:54:19 - INFO - epoch:73/100 iteration:35/459 batch loss is :2.9420
2025-07-06 02:54:36 - INFO - epoch:73/100 iteration:40/459 batch loss is :2.3136
2025-07-06 02:54:41 - INFO - Epoch:73/100 Loss is :0.2350
2025-07-06 02:57:26 - INFO - epoch:74/100 iteration:0/459 batch loss is :4.4300
2025-07-06 02:57:46 - INFO - epoch:74/100 iteration:5/459 batch loss is :2.4394
2025-07-06 02:58:06 - INFO - epoch:74/100 iteration:10/459 batch loss is :2.0664
2025-07-06 02:58:26 - INFO - epoch:74/100 iteration:15/459 batch loss is :2.7442
2025-07-06 02:58:44 - INFO - epoch:74/100 iteration:20/459 batch loss is :2.9637
2025-07-06 02:59:02 - INFO - epoch:74/100 iteration:25/459 batch loss is :2.9461
2025-07-06 02:59:20 - INFO - epoch:74/100 iteration:30/459 batch loss is :1.5117
2025-07-06 02:59:37 - INFO - epoch:74/100 iteration:35/459 batch loss is :3.5127
2025-07-06 02:59:55 - INFO - epoch:74/100 iteration:40/459 batch loss is :2.3590
2025-07-06 03:00:01 - INFO - Epoch:74/100 Loss is :0.2544
2025-07-06 03:02:40 - INFO - epoch:75/100 iteration:0/459 batch loss is :2.8459
2025-07-06 03:03:00 - INFO - epoch:75/100 iteration:5/459 batch loss is :2.2445
2025-07-06 03:03:21 - INFO - epoch:75/100 iteration:10/459 batch loss is :3.8171
2025-07-06 03:03:41 - INFO - epoch:75/100 iteration:15/459 batch loss is :3.0027
2025-07-06 03:03:59 - INFO - epoch:75/100 iteration:20/459 batch loss is :1.2224
2025-07-06 03:04:17 - INFO - epoch:75/100 iteration:25/459 batch loss is :2.6320
2025-07-06 03:04:34 - INFO - epoch:75/100 iteration:30/459 batch loss is :2.7099
2025-07-06 03:04:52 - INFO - epoch:75/100 iteration:35/459 batch loss is :3.3732
2025-07-06 03:05:10 - INFO - epoch:75/100 iteration:40/459 batch loss is :2.0812
2025-07-06 03:05:14 - INFO - Epoch:75/100 Loss is :0.2305
2025-07-06 03:08:04 - INFO - epoch:76/100 iteration:0/459 batch loss is :3.5345
2025-07-06 03:08:24 - INFO - epoch:76/100 iteration:5/459 batch loss is :2.1228
2025-07-06 03:08:44 - INFO - epoch:76/100 iteration:10/459 batch loss is :2.4376
2025-07-06 03:09:04 - INFO - epoch:76/100 iteration:15/459 batch loss is :2.9389
2025-07-06 03:09:24 - INFO - epoch:76/100 iteration:20/459 batch loss is :1.5012
2025-07-06 03:09:41 - INFO - epoch:76/100 iteration:25/459 batch loss is :2.6734
2025-07-06 03:09:59 - INFO - epoch:76/100 iteration:30/459 batch loss is :2.5947
2025-07-06 03:10:17 - INFO - epoch:76/100 iteration:35/459 batch loss is :2.3129
2025-07-06 03:10:35 - INFO - epoch:76/100 iteration:40/459 batch loss is :2.9704
2025-07-06 03:10:39 - INFO - Epoch:76/100 Loss is :0.2333
2025-07-06 03:13:14 - INFO - epoch:77/100 iteration:0/459 batch loss is :2.1168
2025-07-06 03:13:34 - INFO - epoch:77/100 iteration:5/459 batch loss is :2.1085
2025-07-06 03:13:54 - INFO - epoch:77/100 iteration:10/459 batch loss is :2.9981
2025-07-06 03:14:14 - INFO - epoch:77/100 iteration:15/459 batch loss is :2.6643
2025-07-06 03:14:34 - INFO - epoch:77/100 iteration:20/459 batch loss is :2.3508
2025-07-06 03:14:51 - INFO - epoch:77/100 iteration:25/459 batch loss is :1.4486
2025-07-06 03:15:09 - INFO - epoch:77/100 iteration:30/459 batch loss is :1.4434
2025-07-06 03:15:27 - INFO - epoch:77/100 iteration:35/459 batch loss is :2.1972
2025-07-06 03:15:45 - INFO - epoch:77/100 iteration:40/459 batch loss is :1.5983
2025-07-06 03:15:49 - INFO - Epoch:77/100 Loss is :0.2146
2025-07-06 03:18:27 - INFO - epoch:78/100 iteration:0/459 batch loss is :2.2994
2025-07-06 03:18:47 - INFO - epoch:78/100 iteration:5/459 batch loss is :3.8443
2025-07-06 03:19:07 - INFO - epoch:78/100 iteration:10/459 batch loss is :1.2646
2025-07-06 03:19:28 - INFO - epoch:78/100 iteration:15/459 batch loss is :1.5905
2025-07-06 03:19:46 - INFO - epoch:78/100 iteration:20/459 batch loss is :2.4147
2025-07-06 03:20:04 - INFO - epoch:78/100 iteration:25/459 batch loss is :2.8968
2025-07-06 03:20:21 - INFO - epoch:78/100 iteration:30/459 batch loss is :2.7361
2025-07-06 03:20:39 - INFO - epoch:78/100 iteration:35/459 batch loss is :2.3953
2025-07-06 03:20:57 - INFO - epoch:78/100 iteration:40/459 batch loss is :2.2795
2025-07-06 03:21:01 - INFO - Epoch:78/100 Loss is :0.2346
2025-07-06 03:23:51 - INFO - epoch:79/100 iteration:0/459 batch loss is :3.6963
2025-07-06 03:24:11 - INFO - epoch:79/100 iteration:5/459 batch loss is :2.3301
2025-07-06 03:24:32 - INFO - epoch:79/100 iteration:10/459 batch loss is :3.9996
2025-07-06 03:24:51 - INFO - epoch:79/100 iteration:15/459 batch loss is :1.9634
2025-07-06 03:25:11 - INFO - epoch:79/100 iteration:20/459 batch loss is :3.3733
2025-07-06 03:25:29 - INFO - epoch:79/100 iteration:25/459 batch loss is :1.5503
2025-07-06 03:25:47 - INFO - epoch:79/100 iteration:30/459 batch loss is :1.0870
2025-07-06 03:26:04 - INFO - epoch:79/100 iteration:35/459 batch loss is :1.4707
2025-07-06 03:26:22 - INFO - epoch:79/100 iteration:40/459 batch loss is :3.1974
2025-07-06 03:26:28 - INFO - Epoch:79/100 Loss is :0.2192
2025-07-06 03:29:03 - INFO - epoch:80/100 iteration:0/459 batch loss is :3.2802
2025-07-06 03:29:23 - INFO - epoch:80/100 iteration:5/459 batch loss is :1.4499
2025-07-06 03:29:44 - INFO - epoch:80/100 iteration:10/459 batch loss is :3.8656
2025-07-06 03:30:03 - INFO - epoch:80/100 iteration:15/459 batch loss is :2.0516
2025-07-06 03:30:22 - INFO - epoch:80/100 iteration:20/459 batch loss is :1.7733
2025-07-06 03:30:40 - INFO - epoch:80/100 iteration:25/459 batch loss is :2.1473
2025-07-06 03:30:58 - INFO - epoch:80/100 iteration:30/459 batch loss is :2.9625
2025-07-06 03:31:16 - INFO - epoch:80/100 iteration:35/459 batch loss is :2.5804
2025-07-06 03:31:33 - INFO - epoch:80/100 iteration:40/459 batch loss is :1.8561
2025-07-06 03:31:38 - INFO - Epoch:80/100 Loss is :0.2194
2025-07-06 03:40:25 - INFO - VAL loss :7.1864
2025-07-06 03:43:21 - INFO - epoch:81/100 iteration:0/459 batch loss is :3.2526
2025-07-06 03:43:41 - INFO - epoch:81/100 iteration:5/459 batch loss is :1.5047
2025-07-06 03:44:01 - INFO - epoch:81/100 iteration:10/459 batch loss is :1.5045
2025-07-06 03:44:21 - INFO - epoch:81/100 iteration:15/459 batch loss is :1.5955
2025-07-06 03:44:40 - INFO - epoch:81/100 iteration:20/459 batch loss is :2.6877
2025-07-06 03:44:58 - INFO - epoch:81/100 iteration:25/459 batch loss is :1.8365
2025-07-06 03:45:16 - INFO - epoch:81/100 iteration:30/459 batch loss is :1.7936
2025-07-06 03:45:34 - INFO - epoch:81/100 iteration:35/459 batch loss is :4.4106
2025-07-06 03:45:52 - INFO - epoch:81/100 iteration:40/459 batch loss is :2.5861
2025-07-06 03:45:56 - INFO - Epoch:81/100 Loss is :0.2104
2025-07-06 03:48:36 - INFO - epoch:82/100 iteration:0/459 batch loss is :2.8153
2025-07-06 03:48:56 - INFO - epoch:82/100 iteration:5/459 batch loss is :1.1824
2025-07-06 03:49:16 - INFO - epoch:82/100 iteration:10/459 batch loss is :2.4304
2025-07-06 03:49:36 - INFO - epoch:82/100 iteration:15/459 batch loss is :1.9316
2025-07-06 03:49:55 - INFO - epoch:82/100 iteration:20/459 batch loss is :3.3328
2025-07-06 03:50:13 - INFO - epoch:82/100 iteration:25/459 batch loss is :2.4375
2025-07-06 03:50:30 - INFO - epoch:82/100 iteration:30/459 batch loss is :2.5200
2025-07-06 03:50:48 - INFO - epoch:82/100 iteration:35/459 batch loss is :1.5449
2025-07-06 03:51:06 - INFO - epoch:82/100 iteration:40/459 batch loss is :2.9058
2025-07-06 03:51:11 - INFO - Epoch:82/100 Loss is :0.2198
2025-07-06 03:53:59 - INFO - epoch:83/100 iteration:0/459 batch loss is :3.0305
2025-07-06 03:54:19 - INFO - epoch:83/100 iteration:5/459 batch loss is :1.9282
2025-07-06 03:54:39 - INFO - epoch:83/100 iteration:10/459 batch loss is :2.3072
2025-07-06 03:54:59 - INFO - epoch:83/100 iteration:15/459 batch loss is :2.3272
2025-07-06 03:55:18 - INFO - epoch:83/100 iteration:20/459 batch loss is :1.5444
2025-07-06 03:55:36 - INFO - epoch:83/100 iteration:25/459 batch loss is :2.1479
2025-07-06 03:55:54 - INFO - epoch:83/100 iteration:30/459 batch loss is :3.0964
2025-07-06 03:56:11 - INFO - epoch:83/100 iteration:35/459 batch loss is :3.2309
2025-07-06 03:56:29 - INFO - epoch:83/100 iteration:40/459 batch loss is :2.5697
2025-07-06 03:56:33 - INFO - Epoch:83/100 Loss is :0.2186
2025-07-06 03:59:10 - INFO - epoch:84/100 iteration:0/459 batch loss is :2.8432
2025-07-06 03:59:33 - INFO - epoch:84/100 iteration:5/459 batch loss is :2.3228
2025-07-06 03:59:54 - INFO - epoch:84/100 iteration:10/459 batch loss is :2.7130
2025-07-06 04:00:13 - INFO - epoch:84/100 iteration:15/459 batch loss is :2.6299
2025-07-06 04:00:33 - INFO - epoch:84/100 iteration:20/459 batch loss is :1.2498
2025-07-06 04:00:50 - INFO - epoch:84/100 iteration:25/459 batch loss is :1.4253
2025-07-06 04:01:08 - INFO - epoch:84/100 iteration:30/459 batch loss is :1.4540
2025-07-06 04:01:26 - INFO - epoch:84/100 iteration:35/459 batch loss is :1.8742
2025-07-06 04:01:44 - INFO - epoch:84/100 iteration:40/459 batch loss is :2.7130
2025-07-06 04:01:50 - INFO - Epoch:84/100 Loss is :0.2098
2025-07-06 04:04:30 - INFO - epoch:85/100 iteration:0/459 batch loss is :2.8132
2025-07-06 04:04:50 - INFO - epoch:85/100 iteration:5/459 batch loss is :2.2452
2025-07-06 04:05:10 - INFO - epoch:85/100 iteration:10/459 batch loss is :3.7042
2025-07-06 04:05:30 - INFO - epoch:85/100 iteration:15/459 batch loss is :5.0161
2025-07-06 04:05:48 - INFO - epoch:85/100 iteration:20/459 batch loss is :1.3458
2025-07-06 04:06:06 - INFO - epoch:85/100 iteration:25/459 batch loss is :3.1356
2025-07-06 04:06:23 - INFO - epoch:85/100 iteration:30/459 batch loss is :2.7497
2025-07-06 04:06:41 - INFO - epoch:85/100 iteration:35/459 batch loss is :1.3784
2025-07-06 04:06:59 - INFO - epoch:85/100 iteration:40/459 batch loss is :2.1991
2025-07-06 04:07:04 - INFO - Epoch:85/100 Loss is :0.2172
2025-07-06 04:09:53 - INFO - epoch:86/100 iteration:0/459 batch loss is :2.1422
2025-07-06 04:10:12 - INFO - epoch:86/100 iteration:5/459 batch loss is :2.4649
2025-07-06 04:10:32 - INFO - epoch:86/100 iteration:10/459 batch loss is :4.0624
2025-07-06 04:10:53 - INFO - epoch:86/100 iteration:15/459 batch loss is :4.1902
2025-07-06 04:11:12 - INFO - epoch:86/100 iteration:20/459 batch loss is :2.7747
2025-07-06 04:11:30 - INFO - epoch:86/100 iteration:25/459 batch loss is :2.2634
2025-07-06 04:11:48 - INFO - epoch:86/100 iteration:30/459 batch loss is :1.8885
2025-07-06 04:12:06 - INFO - epoch:86/100 iteration:35/459 batch loss is :1.2047
2025-07-06 04:12:23 - INFO - epoch:86/100 iteration:40/459 batch loss is :1.1402
2025-07-06 04:12:28 - INFO - Epoch:86/100 Loss is :0.2056
2025-07-06 04:15:03 - INFO - epoch:87/100 iteration:0/459 batch loss is :1.5463
2025-07-06 04:15:23 - INFO - epoch:87/100 iteration:5/459 batch loss is :1.7979
2025-07-06 04:15:43 - INFO - epoch:87/100 iteration:10/459 batch loss is :2.2657
2025-07-06 04:16:03 - INFO - epoch:87/100 iteration:15/459 batch loss is :1.8315
2025-07-06 04:16:23 - INFO - epoch:87/100 iteration:20/459 batch loss is :2.3093
2025-07-06 04:16:41 - INFO - epoch:87/100 iteration:25/459 batch loss is :3.0522
2025-07-06 04:16:59 - INFO - epoch:87/100 iteration:30/459 batch loss is :1.5860
2025-07-06 04:17:17 - INFO - epoch:87/100 iteration:35/459 batch loss is :1.2754
2025-07-06 04:17:34 - INFO - epoch:87/100 iteration:40/459 batch loss is :2.4390
2025-07-06 04:17:39 - INFO - Epoch:87/100 Loss is :0.2279
2025-07-06 04:20:20 - INFO - epoch:88/100 iteration:0/459 batch loss is :2.5999
2025-07-06 04:20:40 - INFO - epoch:88/100 iteration:5/459 batch loss is :2.7301
2025-07-06 04:20:59 - INFO - epoch:88/100 iteration:10/459 batch loss is :2.0354
2025-07-06 04:21:19 - INFO - epoch:88/100 iteration:15/459 batch loss is :1.8740
2025-07-06 04:21:37 - INFO - epoch:88/100 iteration:20/459 batch loss is :2.5513
2025-07-06 04:21:55 - INFO - epoch:88/100 iteration:25/459 batch loss is :1.7168
2025-07-06 04:22:12 - INFO - epoch:88/100 iteration:30/459 batch loss is :2.8972
2025-07-06 04:22:30 - INFO - epoch:88/100 iteration:35/459 batch loss is :2.0388
2025-07-06 04:22:48 - INFO - epoch:88/100 iteration:40/459 batch loss is :2.7871
2025-07-06 04:22:53 - INFO - Epoch:88/100 Loss is :0.2165
2025-07-06 04:25:41 - INFO - epoch:89/100 iteration:0/459 batch loss is :2.3250
2025-07-06 04:26:02 - INFO - epoch:89/100 iteration:5/459 batch loss is :1.2699
2025-07-06 04:26:21 - INFO - epoch:89/100 iteration:10/459 batch loss is :1.6794
2025-07-06 04:26:41 - INFO - epoch:89/100 iteration:15/459 batch loss is :1.9766
2025-07-06 04:27:01 - INFO - epoch:89/100 iteration:20/459 batch loss is :1.8966
2025-07-06 04:27:19 - INFO - epoch:89/100 iteration:25/459 batch loss is :1.9358
2025-07-06 04:27:36 - INFO - epoch:89/100 iteration:30/459 batch loss is :2.6181
2025-07-06 04:27:54 - INFO - epoch:89/100 iteration:35/459 batch loss is :2.9816
2025-07-06 04:28:12 - INFO - epoch:89/100 iteration:40/459 batch loss is :1.8612
2025-07-06 04:28:17 - INFO - Epoch:89/100 Loss is :0.2027
2025-07-06 04:30:54 - INFO - epoch:90/100 iteration:0/459 batch loss is :2.7243
2025-07-06 04:31:14 - INFO - epoch:90/100 iteration:5/459 batch loss is :1.5492
2025-07-06 04:31:35 - INFO - epoch:90/100 iteration:10/459 batch loss is :3.1298
2025-07-06 04:31:54 - INFO - epoch:90/100 iteration:15/459 batch loss is :3.3918
2025-07-06 04:32:14 - INFO - epoch:90/100 iteration:20/459 batch loss is :3.1715
2025-07-06 04:32:31 - INFO - epoch:90/100 iteration:25/459 batch loss is :2.2236
2025-07-06 04:32:49 - INFO - epoch:90/100 iteration:30/459 batch loss is :4.3199
2025-07-06 04:33:06 - INFO - epoch:90/100 iteration:35/459 batch loss is :2.5001
2025-07-06 04:33:24 - INFO - epoch:90/100 iteration:40/459 batch loss is :3.3861
2025-07-06 04:33:29 - INFO - Epoch:90/100 Loss is :0.2250
2025-07-06 04:36:08 - INFO - epoch:91/100 iteration:0/459 batch loss is :1.4754
2025-07-06 04:36:28 - INFO - epoch:91/100 iteration:5/459 batch loss is :2.3443
2025-07-06 04:36:47 - INFO - epoch:91/100 iteration:10/459 batch loss is :2.1554
2025-07-06 04:37:07 - INFO - epoch:91/100 iteration:15/459 batch loss is :1.3612
2025-07-06 04:37:25 - INFO - epoch:91/100 iteration:20/459 batch loss is :1.3627
2025-07-06 04:37:43 - INFO - epoch:91/100 iteration:25/459 batch loss is :2.1136
2025-07-06 04:38:00 - INFO - epoch:91/100 iteration:30/459 batch loss is :2.0314
2025-07-06 04:38:18 - INFO - epoch:91/100 iteration:35/459 batch loss is :2.4522
2025-07-06 04:38:36 - INFO - epoch:91/100 iteration:40/459 batch loss is :3.5596
2025-07-06 04:38:41 - INFO - Epoch:91/100 Loss is :0.2163
2025-07-06 04:41:28 - INFO - epoch:92/100 iteration:0/459 batch loss is :2.3314
2025-07-06 04:41:48 - INFO - epoch:92/100 iteration:5/459 batch loss is :2.1337
2025-07-06 04:42:08 - INFO - epoch:92/100 iteration:10/459 batch loss is :3.8904
2025-07-06 04:42:27 - INFO - epoch:92/100 iteration:15/459 batch loss is :2.5098
2025-07-06 04:42:46 - INFO - epoch:92/100 iteration:20/459 batch loss is :2.4574
2025-07-06 04:43:04 - INFO - epoch:92/100 iteration:25/459 batch loss is :2.5600
2025-07-06 04:43:22 - INFO - epoch:92/100 iteration:30/459 batch loss is :2.2851
2025-07-06 04:43:39 - INFO - epoch:92/100 iteration:35/459 batch loss is :1.9705
2025-07-06 04:43:57 - INFO - epoch:92/100 iteration:40/459 batch loss is :1.7280
2025-07-06 04:44:02 - INFO - Epoch:92/100 Loss is :0.2318
2025-07-06 04:46:35 - INFO - epoch:93/100 iteration:0/459 batch loss is :3.5114
2025-07-06 04:46:58 - INFO - epoch:93/100 iteration:5/459 batch loss is :2.9675
2025-07-06 04:47:17 - INFO - epoch:93/100 iteration:10/459 batch loss is :2.3396
2025-07-06 04:47:38 - INFO - epoch:93/100 iteration:15/459 batch loss is :3.5833
2025-07-06 04:47:57 - INFO - epoch:93/100 iteration:20/459 batch loss is :1.8228
2025-07-06 04:48:15 - INFO - epoch:93/100 iteration:25/459 batch loss is :2.7070
2025-07-06 04:48:32 - INFO - epoch:93/100 iteration:30/459 batch loss is :1.8350
2025-07-06 04:48:50 - INFO - epoch:93/100 iteration:35/459 batch loss is :1.7176
2025-07-06 04:49:08 - INFO - epoch:93/100 iteration:40/459 batch loss is :2.9362
2025-07-06 04:49:12 - INFO - Epoch:93/100 Loss is :0.2187
2025-07-06 04:51:48 - INFO - epoch:94/100 iteration:0/459 batch loss is :2.0146
2025-07-06 04:52:08 - INFO - epoch:94/100 iteration:5/459 batch loss is :2.1887
2025-07-06 04:52:27 - INFO - epoch:94/100 iteration:10/459 batch loss is :1.6324
2025-07-06 04:52:47 - INFO - epoch:94/100 iteration:15/459 batch loss is :2.1553
2025-07-06 04:53:06 - INFO - epoch:94/100 iteration:20/459 batch loss is :0.7603
2025-07-06 04:53:24 - INFO - epoch:94/100 iteration:25/459 batch loss is :2.9482
2025-07-06 04:53:42 - INFO - epoch:94/100 iteration:30/459 batch loss is :1.3443
2025-07-06 04:53:59 - INFO - epoch:94/100 iteration:35/459 batch loss is :3.0858
2025-07-06 04:54:17 - INFO - epoch:94/100 iteration:40/459 batch loss is :1.9594
2025-07-06 04:54:23 - INFO - Epoch:94/100 Loss is :0.2228
2025-07-06 04:57:13 - INFO - epoch:95/100 iteration:0/459 batch loss is :3.2626
2025-07-06 04:57:33 - INFO - epoch:95/100 iteration:5/459 batch loss is :2.8326
2025-07-06 04:57:53 - INFO - epoch:95/100 iteration:10/459 batch loss is :1.8339
2025-07-06 04:58:13 - INFO - epoch:95/100 iteration:15/459 batch loss is :2.6871
2025-07-06 04:58:32 - INFO - epoch:95/100 iteration:20/459 batch loss is :2.1942
2025-07-06 04:58:50 - INFO - epoch:95/100 iteration:25/459 batch loss is :2.7462
2025-07-06 04:59:08 - INFO - epoch:95/100 iteration:30/459 batch loss is :3.0140
2025-07-06 04:59:25 - INFO - epoch:95/100 iteration:35/459 batch loss is :2.2136
2025-07-06 04:59:43 - INFO - epoch:95/100 iteration:40/459 batch loss is :2.0326
2025-07-06 04:59:48 - INFO - Epoch:95/100 Loss is :0.2341
2025-07-06 05:02:27 - INFO - epoch:96/100 iteration:0/459 batch loss is :1.9470
2025-07-06 05:02:47 - INFO - epoch:96/100 iteration:5/459 batch loss is :2.0360
2025-07-06 05:03:08 - INFO - epoch:96/100 iteration:10/459 batch loss is :2.1679
2025-07-06 05:03:27 - INFO - epoch:96/100 iteration:15/459 batch loss is :1.9758
2025-07-06 05:03:45 - INFO - epoch:96/100 iteration:20/459 batch loss is :1.4508
2025-07-06 05:04:03 - INFO - epoch:96/100 iteration:25/459 batch loss is :1.6333
2025-07-06 05:04:21 - INFO - epoch:96/100 iteration:30/459 batch loss is :2.7262
2025-07-06 05:04:39 - INFO - epoch:96/100 iteration:35/459 batch loss is :1.7155
2025-07-06 05:04:57 - INFO - epoch:96/100 iteration:40/459 batch loss is :2.7451
2025-07-06 05:05:01 - INFO - Epoch:96/100 Loss is :nan
2025-07-06 05:07:52 - INFO - epoch:97/100 iteration:0/459 batch loss is :1.9512
2025-07-06 05:08:12 - INFO - epoch:97/100 iteration:5/459 batch loss is :2.8951
2025-07-06 05:08:32 - INFO - epoch:97/100 iteration:10/459 batch loss is :1.7428
2025-07-06 05:08:52 - INFO - epoch:97/100 iteration:15/459 batch loss is :3.1138
2025-07-06 05:09:11 - INFO - epoch:97/100 iteration:20/459 batch loss is :2.0844
2025-07-06 05:09:29 - INFO - epoch:97/100 iteration:25/459 batch loss is :1.6150
2025-07-06 05:09:46 - INFO - epoch:97/100 iteration:30/459 batch loss is :2.7019
2025-07-06 05:10:04 - INFO - epoch:97/100 iteration:35/459 batch loss is :3.4688
2025-07-06 05:10:22 - INFO - epoch:97/100 iteration:40/459 batch loss is :2.5809
2025-07-06 05:10:27 - INFO - Epoch:97/100 Loss is :0.2291
2025-07-06 05:13:08 - INFO - epoch:98/100 iteration:0/459 batch loss is :2.2390
2025-07-06 05:13:28 - INFO - epoch:98/100 iteration:5/459 batch loss is :2.5291
2025-07-06 05:13:48 - INFO - epoch:98/100 iteration:10/459 batch loss is :2.0506
2025-07-06 05:14:07 - INFO - epoch:98/100 iteration:15/459 batch loss is :1.9826
2025-07-06 05:14:26 - INFO - epoch:98/100 iteration:20/459 batch loss is :2.0759
2025-07-06 05:14:44 - INFO - epoch:98/100 iteration:25/459 batch loss is :2.4131
2025-07-06 05:15:02 - INFO - epoch:98/100 iteration:30/459 batch loss is :2.9848
2025-07-06 05:15:20 - INFO - epoch:98/100 iteration:35/459 batch loss is :1.3455
2025-07-06 05:15:37 - INFO - epoch:98/100 iteration:40/459 batch loss is :2.8242
2025-07-06 05:15:42 - INFO - Epoch:98/100 Loss is :0.2225
2025-07-06 05:18:10 - INFO - epoch:99/100 iteration:0/459 batch loss is :1.7699
2025-07-06 05:18:42 - INFO - epoch:99/100 iteration:5/459 batch loss is :3.3127
2025-07-06 05:19:02 - INFO - epoch:99/100 iteration:10/459 batch loss is :2.7208
2025-07-06 05:19:22 - INFO - epoch:99/100 iteration:15/459 batch loss is :1.4642
2025-07-06 05:19:40 - INFO - epoch:99/100 iteration:20/459 batch loss is :3.0364
2025-07-06 05:19:58 - INFO - epoch:99/100 iteration:25/459 batch loss is :1.3508
2025-07-06 05:20:16 - INFO - epoch:99/100 iteration:30/459 batch loss is :3.4510
2025-07-06 05:20:34 - INFO - epoch:99/100 iteration:35/459 batch loss is :3.7379
2025-07-06 05:20:51 - INFO - epoch:99/100 iteration:40/459 batch loss is :2.2331
2025-07-06 05:20:57 - INFO - Epoch:99/100 Loss is :0.2143
2025-07-06 05:30:04 - INFO - VAL loss :8.2141
2025-07-06 05:30:07 - INFO - fold number:1
2025-07-06 05:32:46 - INFO - epoch:0/100 iteration:0/459 batch loss is :2.0993
2025-07-06 05:33:06 - INFO - epoch:0/100 iteration:5/459 batch loss is :2.3416
2025-07-06 05:33:26 - INFO - epoch:0/100 iteration:10/459 batch loss is :2.8387
2025-07-06 05:33:46 - INFO - epoch:0/100 iteration:15/459 batch loss is :2.8597
2025-07-06 05:34:04 - INFO - epoch:0/100 iteration:20/459 batch loss is :1.2337
2025-07-06 05:34:22 - INFO - epoch:0/100 iteration:25/459 batch loss is :2.3614
2025-07-06 05:34:40 - INFO - epoch:0/100 iteration:30/459 batch loss is :2.9056
2025-07-06 05:34:58 - INFO - epoch:0/100 iteration:35/459 batch loss is :3.7374
2025-07-06 05:35:16 - INFO - epoch:0/100 iteration:40/459 batch loss is :2.0272
2025-07-06 05:35:20 - INFO - Epoch:0/100 Loss is :0.2108
2025-07-06 05:44:20 - INFO - VAL loss :8.1004
2025-07-06 05:47:02 - INFO - epoch:1/100 iteration:0/459 batch loss is :2.8783
2025-07-06 05:47:21 - INFO - epoch:1/100 iteration:5/459 batch loss is :1.5209
2025-07-06 05:47:42 - INFO - epoch:1/100 iteration:10/459 batch loss is :2.9217
2025-07-06 05:48:02 - INFO - epoch:1/100 iteration:15/459 batch loss is :2.1514
2025-07-06 05:48:21 - INFO - epoch:1/100 iteration:20/459 batch loss is :3.8406
2025-07-06 05:48:39 - INFO - epoch:1/100 iteration:25/459 batch loss is :2.1828
2025-07-06 05:48:57 - INFO - epoch:1/100 iteration:30/459 batch loss is :1.3144
2025-07-06 05:49:14 - INFO - epoch:1/100 iteration:35/459 batch loss is :3.4627
2025-07-06 05:49:32 - INFO - epoch:1/100 iteration:40/459 batch loss is :3.8795
2025-07-06 05:49:37 - INFO - Epoch:1/100 Loss is :0.2476
2025-07-06 05:52:13 - INFO - epoch:2/100 iteration:0/459 batch loss is :1.5124
2025-07-06 05:52:32 - INFO - epoch:2/100 iteration:5/459 batch loss is :3.1082
2025-07-06 05:52:53 - INFO - epoch:2/100 iteration:10/459 batch loss is :1.5810
2025-07-06 05:53:12 - INFO - epoch:2/100 iteration:15/459 batch loss is :2.6352
2025-07-06 05:53:32 - INFO - epoch:2/100 iteration:20/459 batch loss is :3.0710
2025-07-06 05:53:49 - INFO - epoch:2/100 iteration:25/459 batch loss is :1.5855
2025-07-06 05:54:07 - INFO - epoch:2/100 iteration:30/459 batch loss is :2.8510
2025-07-06 05:54:25 - INFO - epoch:2/100 iteration:35/459 batch loss is :2.2165
2025-07-06 05:54:43 - INFO - epoch:2/100 iteration:40/459 batch loss is :3.7604
2025-07-06 05:54:47 - INFO - Epoch:2/100 Loss is :0.2127
2025-07-06 05:57:36 - INFO - epoch:3/100 iteration:0/459 batch loss is :2.0266
2025-07-06 05:57:56 - INFO - epoch:3/100 iteration:5/459 batch loss is :0.7961
2025-07-06 05:58:16 - INFO - epoch:3/100 iteration:10/459 batch loss is :4.4174
2025-07-06 05:58:36 - INFO - epoch:3/100 iteration:15/459 batch loss is :1.4232
2025-07-06 05:58:55 - INFO - epoch:3/100 iteration:20/459 batch loss is :2.9180
2025-07-06 05:59:12 - INFO - epoch:3/100 iteration:25/459 batch loss is :2.8748
2025-07-06 05:59:30 - INFO - epoch:3/100 iteration:30/459 batch loss is :2.3877
2025-07-06 05:59:48 - INFO - epoch:3/100 iteration:35/459 batch loss is :3.0238
2025-07-06 06:00:06 - INFO - epoch:3/100 iteration:40/459 batch loss is :3.6298
2025-07-06 06:00:10 - INFO - Epoch:3/100 Loss is :0.2314
2025-07-06 06:02:47 - INFO - epoch:4/100 iteration:0/459 batch loss is :3.0170
2025-07-06 06:03:07 - INFO - epoch:4/100 iteration:5/459 batch loss is :3.0858
2025-07-06 06:03:27 - INFO - epoch:4/100 iteration:10/459 batch loss is :3.3878
2025-07-06 06:03:47 - INFO - epoch:4/100 iteration:15/459 batch loss is :1.6484
2025-07-06 06:04:06 - INFO - epoch:4/100 iteration:20/459 batch loss is :2.3311
2025-07-06 06:04:23 - INFO - epoch:4/100 iteration:25/459 batch loss is :2.1607
2025-07-06 06:04:41 - INFO - epoch:4/100 iteration:30/459 batch loss is :1.7331
2025-07-06 06:04:59 - INFO - epoch:4/100 iteration:35/459 batch loss is :2.2892
2025-07-06 06:05:17 - INFO - epoch:4/100 iteration:40/459 batch loss is :2.9721
2025-07-06 06:05:23 - INFO - Epoch:4/100 Loss is :0.2332
2025-07-06 06:08:11 - INFO - epoch:5/100 iteration:0/459 batch loss is :2.2694
2025-07-06 06:08:30 - INFO - epoch:5/100 iteration:5/459 batch loss is :3.1507
2025-07-06 06:08:50 - INFO - epoch:5/100 iteration:10/459 batch loss is :2.3731
2025-07-06 06:09:10 - INFO - epoch:5/100 iteration:15/459 batch loss is :2.1506
2025-07-06 06:09:29 - INFO - epoch:5/100 iteration:20/459 batch loss is :2.1241
2025-07-06 06:09:47 - INFO - epoch:5/100 iteration:25/459 batch loss is :1.8389
2025-07-06 06:10:05 - INFO - epoch:5/100 iteration:30/459 batch loss is :2.7604
2025-07-06 06:10:23 - INFO - epoch:5/100 iteration:35/459 batch loss is :4.1905
2025-07-06 06:10:41 - INFO - epoch:5/100 iteration:40/459 batch loss is :2.0693
2025-07-06 06:10:45 - INFO - Epoch:5/100 Loss is :0.2256
2025-07-06 06:13:24 - INFO - epoch:6/100 iteration:0/459 batch loss is :2.6999
2025-07-06 06:13:44 - INFO - epoch:6/100 iteration:5/459 batch loss is :1.4481
2025-07-06 06:14:05 - INFO - epoch:6/100 iteration:10/459 batch loss is :2.8248
2025-07-06 06:14:25 - INFO - epoch:6/100 iteration:15/459 batch loss is :1.9959
2025-07-06 06:14:44 - INFO - epoch:6/100 iteration:20/459 batch loss is :2.8342
2025-07-06 06:15:01 - INFO - epoch:6/100 iteration:25/459 batch loss is :1.4673
2025-07-06 06:15:19 - INFO - epoch:6/100 iteration:30/459 batch loss is :2.4232
2025-07-06 06:15:37 - INFO - epoch:6/100 iteration:35/459 batch loss is :2.1940
2025-07-06 06:15:55 - INFO - epoch:6/100 iteration:40/459 batch loss is :3.0302
2025-07-06 06:15:59 - INFO - Epoch:6/100 Loss is :0.2269
2025-07-06 06:18:38 - INFO - epoch:7/100 iteration:0/459 batch loss is :2.5551
2025-07-06 06:18:58 - INFO - epoch:7/100 iteration:5/459 batch loss is :2.3699
2025-07-06 06:19:18 - INFO - epoch:7/100 iteration:10/459 batch loss is :1.7193
2025-07-06 06:19:38 - INFO - epoch:7/100 iteration:15/459 batch loss is :2.1360
2025-07-06 06:19:57 - INFO - epoch:7/100 iteration:20/459 batch loss is :2.0958
2025-07-06 06:20:15 - INFO - epoch:7/100 iteration:25/459 batch loss is :3.7760
2025-07-06 06:20:32 - INFO - epoch:7/100 iteration:30/459 batch loss is :4.0127
2025-07-06 06:20:50 - INFO - epoch:7/100 iteration:35/459 batch loss is :2.0336
2025-07-06 06:21:08 - INFO - epoch:7/100 iteration:40/459 batch loss is :1.5973
2025-07-06 06:21:12 - INFO - Epoch:7/100 Loss is :0.2287
2025-07-06 06:24:01 - INFO - epoch:8/100 iteration:0/459 batch loss is :2.1375
2025-07-06 06:24:21 - INFO - epoch:8/100 iteration:5/459 batch loss is :2.0916
2025-07-06 06:24:41 - INFO - epoch:8/100 iteration:10/459 batch loss is :1.3570
2025-07-06 06:25:01 - INFO - epoch:8/100 iteration:15/459 batch loss is :2.5095
2025-07-06 06:25:21 - INFO - epoch:8/100 iteration:20/459 batch loss is :2.3578
2025-07-06 06:25:38 - INFO - epoch:8/100 iteration:25/459 batch loss is :3.8706
2025-07-06 06:25:56 - INFO - epoch:8/100 iteration:30/459 batch loss is :3.6250
2025-07-06 06:26:14 - INFO - epoch:8/100 iteration:35/459 batch loss is :2.6644
2025-07-06 06:26:31 - INFO - epoch:8/100 iteration:40/459 batch loss is :3.1205
2025-07-06 06:26:36 - INFO - Epoch:8/100 Loss is :0.2292
2025-07-06 06:29:14 - INFO - epoch:9/100 iteration:0/459 batch loss is :2.4895
2025-07-06 06:29:35 - INFO - epoch:9/100 iteration:5/459 batch loss is :2.2228
2025-07-06 06:29:55 - INFO - epoch:9/100 iteration:10/459 batch loss is :2.7364
2025-07-06 06:30:15 - INFO - epoch:9/100 iteration:15/459 batch loss is :1.8584
2025-07-06 06:30:34 - INFO - epoch:9/100 iteration:20/459 batch loss is :1.9444
2025-07-06 06:30:52 - INFO - epoch:9/100 iteration:25/459 batch loss is :3.7143
2025-07-06 06:31:09 - INFO - epoch:9/100 iteration:30/459 batch loss is :4.0992
2025-07-06 06:31:27 - INFO - epoch:9/100 iteration:35/459 batch loss is :2.9949
2025-07-06 06:31:45 - INFO - epoch:9/100 iteration:40/459 batch loss is :1.8355
2025-07-06 06:31:51 - INFO - Epoch:9/100 Loss is :0.2246
2025-07-06 06:34:29 - INFO - epoch:10/100 iteration:0/459 batch loss is :2.8747
2025-07-06 06:34:49 - INFO - epoch:10/100 iteration:5/459 batch loss is :2.7283
2025-07-06 06:35:10 - INFO - epoch:10/100 iteration:10/459 batch loss is :2.1667
2025-07-06 06:35:30 - INFO - epoch:10/100 iteration:15/459 batch loss is :3.2993
2025-07-06 06:35:48 - INFO - epoch:10/100 iteration:20/459 batch loss is :2.7803
2025-07-06 06:36:06 - INFO - epoch:10/100 iteration:25/459 batch loss is :2.7046
2025-07-06 06:36:24 - INFO - epoch:10/100 iteration:30/459 batch loss is :1.6503
2025-07-06 06:36:41 - INFO - epoch:10/100 iteration:35/459 batch loss is :2.4506
2025-07-06 06:36:59 - INFO - epoch:10/100 iteration:40/459 batch loss is :1.5730
2025-07-06 06:37:04 - INFO - Epoch:10/100 Loss is :0.2223
2025-07-06 06:39:54 - INFO - epoch:11/100 iteration:0/459 batch loss is :1.6594
2025-07-06 06:40:14 - INFO - epoch:11/100 iteration:5/459 batch loss is :1.8585
2025-07-06 06:40:34 - INFO - epoch:11/100 iteration:10/459 batch loss is :1.2282
2025-07-06 06:40:54 - INFO - epoch:11/100 iteration:15/459 batch loss is :1.9159
2025-07-06 06:41:14 - INFO - epoch:11/100 iteration:20/459 batch loss is :2.2890
2025-07-06 06:41:31 - INFO - epoch:11/100 iteration:25/459 batch loss is :1.8162
2025-07-06 06:41:49 - INFO - epoch:11/100 iteration:30/459 batch loss is :1.4495
2025-07-06 06:42:07 - INFO - epoch:11/100 iteration:35/459 batch loss is :3.9484
2025-07-06 06:42:25 - INFO - epoch:11/100 iteration:40/459 batch loss is :2.7994
2025-07-06 06:42:29 - INFO - Epoch:11/100 Loss is :0.2255
2025-07-06 06:45:08 - INFO - epoch:12/100 iteration:0/459 batch loss is :2.1975
2025-07-06 06:45:28 - INFO - epoch:12/100 iteration:5/459 batch loss is :2.6133
2025-07-06 06:45:48 - INFO - epoch:12/100 iteration:10/459 batch loss is :2.2108
2025-07-06 06:46:08 - INFO - epoch:12/100 iteration:15/459 batch loss is :3.3203
2025-07-06 06:46:27 - INFO - epoch:12/100 iteration:20/459 batch loss is :3.2865
2025-07-06 06:46:45 - INFO - epoch:12/100 iteration:25/459 batch loss is :1.9870
2025-07-06 06:47:02 - INFO - epoch:12/100 iteration:30/459 batch loss is :3.8757
2025-07-06 06:47:20 - INFO - epoch:12/100 iteration:35/459 batch loss is :2.9077
2025-07-06 06:47:38 - INFO - epoch:12/100 iteration:40/459 batch loss is :2.8227
2025-07-06 06:47:43 - INFO - Epoch:12/100 Loss is :nan
2025-07-06 06:50:17 - INFO - epoch:13/100 iteration:0/459 batch loss is :3.0151
2025-07-06 06:50:37 - INFO - epoch:13/100 iteration:5/459 batch loss is :2.4715
2025-07-06 06:50:57 - INFO - epoch:13/100 iteration:10/459 batch loss is :3.6430
2025-07-06 06:51:17 - INFO - epoch:13/100 iteration:15/459 batch loss is :3.0070
2025-07-06 06:51:36 - INFO - epoch:13/100 iteration:20/459 batch loss is :2.1724
2025-07-06 06:51:53 - INFO - epoch:13/100 iteration:25/459 batch loss is :0.8313
2025-07-06 06:52:11 - INFO - epoch:13/100 iteration:30/459 batch loss is :2.9743
2025-07-06 06:52:29 - INFO - epoch:13/100 iteration:35/459 batch loss is :2.5887
2025-07-06 06:52:47 - INFO - epoch:13/100 iteration:40/459 batch loss is :2.3738
2025-07-06 06:52:51 - INFO - Epoch:13/100 Loss is :0.2308
2025-07-06 06:55:39 - INFO - epoch:14/100 iteration:0/459 batch loss is :3.6693
2025-07-06 06:56:00 - INFO - epoch:14/100 iteration:5/459 batch loss is :1.7769
2025-07-06 06:56:20 - INFO - epoch:14/100 iteration:10/459 batch loss is :1.9046
2025-07-06 06:56:40 - INFO - epoch:14/100 iteration:15/459 batch loss is :2.2451
2025-07-06 06:56:59 - INFO - epoch:14/100 iteration:20/459 batch loss is :2.1031
2025-07-06 06:57:17 - INFO - epoch:14/100 iteration:25/459 batch loss is :2.3855
2025-07-06 06:57:35 - INFO - epoch:14/100 iteration:30/459 batch loss is :2.2500
2025-07-06 06:57:53 - INFO - epoch:14/100 iteration:35/459 batch loss is :2.8703
2025-07-06 06:58:10 - INFO - epoch:14/100 iteration:40/459 batch loss is :2.8235
2025-07-06 06:58:16 - INFO - Epoch:14/100 Loss is :0.2322
2025-07-06 07:00:51 - INFO - epoch:15/100 iteration:0/459 batch loss is :2.5915
2025-07-06 07:01:13 - INFO - epoch:15/100 iteration:5/459 batch loss is :1.6537
2025-07-06 07:01:34 - INFO - epoch:15/100 iteration:10/459 batch loss is :3.0757
2025-07-06 07:01:53 - INFO - epoch:15/100 iteration:15/459 batch loss is :2.9811
2025-07-06 07:02:13 - INFO - epoch:15/100 iteration:20/459 batch loss is :2.3220
2025-07-06 07:02:31 - INFO - epoch:15/100 iteration:25/459 batch loss is :2.1355
2025-07-06 07:02:49 - INFO - epoch:15/100 iteration:30/459 batch loss is :2.6946
2025-07-06 07:03:06 - INFO - epoch:15/100 iteration:35/459 batch loss is :1.6636
2025-07-06 07:03:24 - INFO - epoch:15/100 iteration:40/459 batch loss is :2.5211
2025-07-06 07:03:29 - INFO - Epoch:15/100 Loss is :0.2289
2025-07-06 07:06:02 - INFO - epoch:16/100 iteration:0/459 batch loss is :2.3758
2025-07-06 07:06:22 - INFO - epoch:16/100 iteration:5/459 batch loss is :2.0013
2025-07-06 07:06:42 - INFO - epoch:16/100 iteration:10/459 batch loss is :2.6556
2025-07-06 07:07:02 - INFO - epoch:16/100 iteration:15/459 batch loss is :2.3415
2025-07-06 07:07:21 - INFO - epoch:16/100 iteration:20/459 batch loss is :1.6974
2025-07-06 07:07:39 - INFO - epoch:16/100 iteration:25/459 batch loss is :1.8165
2025-07-06 07:07:57 - INFO - epoch:16/100 iteration:30/459 batch loss is :2.8765
2025-07-06 07:08:15 - INFO - epoch:16/100 iteration:35/459 batch loss is :3.4375
2025-07-06 07:08:33 - INFO - epoch:16/100 iteration:40/459 batch loss is :2.7758
2025-07-06 07:08:37 - INFO - Epoch:16/100 Loss is :0.2278
2025-07-06 07:11:27 - INFO - epoch:17/100 iteration:0/459 batch loss is :2.6844
2025-07-06 07:11:46 - INFO - epoch:17/100 iteration:5/459 batch loss is :3.3599
2025-07-06 07:12:06 - INFO - epoch:17/100 iteration:10/459 batch loss is :3.0311
2025-07-06 07:12:25 - INFO - epoch:17/100 iteration:15/459 batch loss is :1.8902
2025-07-06 07:12:45 - INFO - epoch:17/100 iteration:20/459 batch loss is :3.4599
2025-07-06 07:13:02 - INFO - epoch:17/100 iteration:25/459 batch loss is :1.9125
2025-07-06 07:13:21 - INFO - epoch:17/100 iteration:30/459 batch loss is :2.0271
2025-07-06 07:13:38 - INFO - epoch:17/100 iteration:35/459 batch loss is :2.8479
2025-07-06 07:13:56 - INFO - epoch:17/100 iteration:40/459 batch loss is :3.2870
2025-07-06 07:14:01 - INFO - Epoch:17/100 Loss is :0.2407
2025-07-06 07:16:39 - INFO - epoch:18/100 iteration:0/459 batch loss is :1.6355
2025-07-06 07:17:00 - INFO - epoch:18/100 iteration:5/459 batch loss is :3.2926
2025-07-06 07:17:20 - INFO - epoch:18/100 iteration:10/459 batch loss is :2.2321
2025-07-06 07:17:40 - INFO - epoch:18/100 iteration:15/459 batch loss is :1.8867
2025-07-06 07:17:59 - INFO - epoch:18/100 iteration:20/459 batch loss is :3.5335
2025-07-06 07:18:17 - INFO - epoch:18/100 iteration:25/459 batch loss is :2.8248
2025-07-06 07:18:35 - INFO - epoch:18/100 iteration:30/459 batch loss is :2.3197
2025-07-06 07:18:52 - INFO - epoch:18/100 iteration:35/459 batch loss is :2.2611
2025-07-06 07:19:10 - INFO - epoch:18/100 iteration:40/459 batch loss is :2.0545
2025-07-06 07:19:15 - INFO - Epoch:18/100 Loss is :0.2208
2025-07-06 07:21:48 - INFO - epoch:19/100 iteration:0/459 batch loss is :1.6932
2025-07-06 07:22:09 - INFO - epoch:19/100 iteration:5/459 batch loss is :1.3894
2025-07-06 07:22:29 - INFO - epoch:19/100 iteration:10/459 batch loss is :2.2281
2025-07-06 07:22:49 - INFO - epoch:19/100 iteration:15/459 batch loss is :1.8469
2025-07-06 07:23:08 - INFO - epoch:19/100 iteration:20/459 batch loss is :2.2017
2025-07-06 07:23:26 - INFO - epoch:19/100 iteration:25/459 batch loss is :2.9820
2025-07-06 07:23:43 - INFO - epoch:19/100 iteration:30/459 batch loss is :4.6062
2025-07-06 07:24:01 - INFO - epoch:19/100 iteration:35/459 batch loss is :2.3757
2025-07-06 07:24:19 - INFO - epoch:19/100 iteration:40/459 batch loss is :1.2493
2025-07-06 07:24:25 - INFO - Epoch:19/100 Loss is :0.2341
2025-07-06 07:27:12 - INFO - epoch:20/100 iteration:0/459 batch loss is :2.4667
2025-07-06 07:27:32 - INFO - epoch:20/100 iteration:5/459 batch loss is :1.3469
2025-07-06 07:27:52 - INFO - epoch:20/100 iteration:10/459 batch loss is :1.7601
2025-07-06 07:28:11 - INFO - epoch:20/100 iteration:15/459 batch loss is :2.5454
2025-07-06 07:28:31 - INFO - epoch:20/100 iteration:20/459 batch loss is :1.4340
2025-07-06 07:28:49 - INFO - epoch:20/100 iteration:25/459 batch loss is :1.6648
2025-07-06 07:29:07 - INFO - epoch:20/100 iteration:30/459 batch loss is :3.7183
2025-07-06 07:29:24 - INFO - epoch:20/100 iteration:35/459 batch loss is :1.4843
2025-07-06 07:29:42 - INFO - epoch:20/100 iteration:40/459 batch loss is :2.4902
2025-07-06 07:29:47 - INFO - Epoch:20/100 Loss is :0.2280
2025-07-06 07:32:23 - INFO - epoch:21/100 iteration:0/459 batch loss is :2.1931
2025-07-06 07:32:43 - INFO - epoch:21/100 iteration:5/459 batch loss is :3.0644
2025-07-06 07:33:03 - INFO - epoch:21/100 iteration:10/459 batch loss is :2.4377
2025-07-06 07:33:23 - INFO - epoch:21/100 iteration:15/459 batch loss is :2.4874
2025-07-06 07:33:42 - INFO - epoch:21/100 iteration:20/459 batch loss is :2.2971
2025-07-06 07:33:59 - INFO - epoch:21/100 iteration:25/459 batch loss is :2.3211
2025-07-06 07:34:17 - INFO - epoch:21/100 iteration:30/459 batch loss is :2.4532
2025-07-06 07:34:35 - INFO - epoch:21/100 iteration:35/459 batch loss is :2.2803
2025-07-06 07:34:52 - INFO - epoch:21/100 iteration:40/459 batch loss is :2.7236
2025-07-06 07:34:57 - INFO - Epoch:21/100 Loss is :0.2329
2025-07-06 07:37:31 - INFO - epoch:22/100 iteration:0/459 batch loss is :1.3208
2025-07-06 07:37:51 - INFO - epoch:22/100 iteration:5/459 batch loss is :2.7374
2025-07-06 07:38:11 - INFO - epoch:22/100 iteration:10/459 batch loss is :2.5233
2025-07-06 07:38:31 - INFO - epoch:22/100 iteration:15/459 batch loss is :1.7068
2025-07-06 07:38:50 - INFO - epoch:22/100 iteration:20/459 batch loss is :2.3584
2025-07-06 07:39:08 - INFO - epoch:22/100 iteration:25/459 batch loss is :2.2330
2025-07-06 07:39:26 - INFO - epoch:22/100 iteration:30/459 batch loss is :2.1493
2025-07-06 07:39:44 - INFO - epoch:22/100 iteration:35/459 batch loss is :1.4462
2025-07-06 07:40:01 - INFO - epoch:22/100 iteration:40/459 batch loss is :1.9993
2025-07-06 07:40:06 - INFO - Epoch:22/100 Loss is :0.2051
2025-07-06 07:42:53 - INFO - epoch:23/100 iteration:0/459 batch loss is :3.6276
2025-07-06 07:43:13 - INFO - epoch:23/100 iteration:5/459 batch loss is :2.5363
2025-07-06 07:43:33 - INFO - epoch:23/100 iteration:10/459 batch loss is :3.0222
2025-07-06 07:43:53 - INFO - epoch:23/100 iteration:15/459 batch loss is :1.5128
2025-07-06 07:44:12 - INFO - epoch:23/100 iteration:20/459 batch loss is :2.2543
2025-07-06 07:44:30 - INFO - epoch:23/100 iteration:25/459 batch loss is :3.4958
2025-07-06 07:44:48 - INFO - epoch:23/100 iteration:30/459 batch loss is :2.9891
2025-07-06 07:45:05 - INFO - epoch:23/100 iteration:35/459 batch loss is :2.5364
2025-07-06 07:45:23 - INFO - epoch:23/100 iteration:40/459 batch loss is :1.3685
2025-07-06 07:45:28 - INFO - Epoch:23/100 Loss is :0.2177
2025-07-06 07:48:03 - INFO - epoch:24/100 iteration:0/459 batch loss is :1.1332
2025-07-06 07:48:23 - INFO - epoch:24/100 iteration:5/459 batch loss is :1.4674
2025-07-06 07:48:44 - INFO - epoch:24/100 iteration:10/459 batch loss is :1.5360
2025-07-06 07:49:04 - INFO - epoch:24/100 iteration:15/459 batch loss is :3.2226
2025-07-06 07:49:23 - INFO - epoch:24/100 iteration:20/459 batch loss is :2.0466
2025-07-06 07:49:41 - INFO - epoch:24/100 iteration:25/459 batch loss is :2.9110
2025-07-06 07:49:58 - INFO - epoch:24/100 iteration:30/459 batch loss is :2.5746
2025-07-06 07:50:16 - INFO - epoch:24/100 iteration:35/459 batch loss is :2.6502
2025-07-06 07:50:34 - INFO - epoch:24/100 iteration:40/459 batch loss is :1.8835
2025-07-06 07:50:40 - INFO - Epoch:24/100 Loss is :0.2293
2025-07-06 07:53:21 - INFO - epoch:25/100 iteration:0/459 batch loss is :2.2515
2025-07-06 07:53:40 - INFO - epoch:25/100 iteration:5/459 batch loss is :4.2366
2025-07-06 07:54:00 - INFO - epoch:25/100 iteration:10/459 batch loss is :3.4614
2025-07-06 07:54:19 - INFO - epoch:25/100 iteration:15/459 batch loss is :2.6051
2025-07-06 07:54:39 - INFO - epoch:25/100 iteration:20/459 batch loss is :2.3601
2025-07-06 07:54:56 - INFO - epoch:25/100 iteration:25/459 batch loss is :3.4819
2025-07-06 07:55:14 - INFO - epoch:25/100 iteration:30/459 batch loss is :1.9497
2025-07-06 07:55:32 - INFO - epoch:25/100 iteration:35/459 batch loss is :2.1112
2025-07-06 07:55:50 - INFO - epoch:25/100 iteration:40/459 batch loss is :3.3376
2025-07-06 07:55:54 - INFO - Epoch:25/100 Loss is :0.2352
2025-07-06 07:58:42 - INFO - epoch:26/100 iteration:0/459 batch loss is :2.4335
2025-07-06 07:59:02 - INFO - epoch:26/100 iteration:5/459 batch loss is :1.6374
2025-07-06 07:59:22 - INFO - epoch:26/100 iteration:10/459 batch loss is :2.4095
2025-07-06 07:59:42 - INFO - epoch:26/100 iteration:15/459 batch loss is :2.9715
2025-07-06 08:00:01 - INFO - epoch:26/100 iteration:20/459 batch loss is :4.4657
2025-07-06 08:00:19 - INFO - epoch:26/100 iteration:25/459 batch loss is :3.7013
2025-07-06 08:00:37 - INFO - epoch:26/100 iteration:30/459 batch loss is :2.4255
2025-07-06 08:00:55 - INFO - epoch:26/100 iteration:35/459 batch loss is :1.5814
2025-07-06 08:01:13 - INFO - epoch:26/100 iteration:40/459 batch loss is :3.0021
2025-07-06 08:01:17 - INFO - Epoch:26/100 Loss is :0.2435
2025-07-06 08:03:57 - INFO - epoch:27/100 iteration:0/459 batch loss is :2.1958
2025-07-06 08:04:17 - INFO - epoch:27/100 iteration:5/459 batch loss is :0.7814
2025-07-06 08:04:37 - INFO - epoch:27/100 iteration:10/459 batch loss is :2.3522
2025-07-06 08:04:56 - INFO - epoch:27/100 iteration:15/459 batch loss is :2.4971
2025-07-06 08:05:15 - INFO - epoch:27/100 iteration:20/459 batch loss is :2.1026
2025-07-06 08:05:32 - INFO - epoch:27/100 iteration:25/459 batch loss is :2.8802
2025-07-06 08:05:50 - INFO - epoch:27/100 iteration:30/459 batch loss is :2.6882
2025-07-06 08:06:08 - INFO - epoch:27/100 iteration:35/459 batch loss is :2.4372
2025-07-06 08:06:26 - INFO - epoch:27/100 iteration:40/459 batch loss is :1.9221
2025-07-06 08:06:31 - INFO - Epoch:27/100 Loss is :0.2215
2025-07-06 08:09:20 - INFO - epoch:28/100 iteration:0/459 batch loss is :3.2514
2025-07-06 08:09:39 - INFO - epoch:28/100 iteration:5/459 batch loss is :2.0082
2025-07-06 08:09:59 - INFO - epoch:28/100 iteration:10/459 batch loss is :3.9361
2025-07-06 08:10:18 - INFO - epoch:28/100 iteration:15/459 batch loss is :1.8635
2025-07-06 08:10:38 - INFO - epoch:28/100 iteration:20/459 batch loss is :2.3533
2025-07-06 08:10:56 - INFO - epoch:28/100 iteration:25/459 batch loss is :3.7016
2025-07-06 08:11:14 - INFO - epoch:28/100 iteration:30/459 batch loss is :1.5079
2025-07-06 08:11:32 - INFO - epoch:28/100 iteration:35/459 batch loss is :2.3074
2025-07-06 08:11:49 - INFO - epoch:28/100 iteration:40/459 batch loss is :3.4320
2025-07-06 08:11:54 - INFO - Epoch:28/100 Loss is :0.2247
2025-07-06 08:14:33 - INFO - epoch:29/100 iteration:0/459 batch loss is :2.5157
2025-07-06 08:14:53 - INFO - epoch:29/100 iteration:5/459 batch loss is :3.1792
2025-07-06 08:15:13 - INFO - epoch:29/100 iteration:10/459 batch loss is :1.5978
2025-07-06 08:15:32 - INFO - epoch:29/100 iteration:15/459 batch loss is :2.2921
2025-07-06 08:15:51 - INFO - epoch:29/100 iteration:20/459 batch loss is :2.6179
2025-07-06 08:16:09 - INFO - epoch:29/100 iteration:25/459 batch loss is :1.8783
2025-07-06 08:16:26 - INFO - epoch:29/100 iteration:30/459 batch loss is :2.8199
2025-07-06 08:16:44 - INFO - epoch:29/100 iteration:35/459 batch loss is :3.0491
2025-07-06 08:17:02 - INFO - epoch:29/100 iteration:40/459 batch loss is :2.6356
2025-07-06 08:17:08 - INFO - Epoch:29/100 Loss is :0.2406
2025-07-06 08:19:46 - INFO - epoch:30/100 iteration:0/459 batch loss is :1.2575
2025-07-06 08:20:06 - INFO - epoch:30/100 iteration:5/459 batch loss is :2.6735
2025-07-06 08:20:27 - INFO - epoch:30/100 iteration:10/459 batch loss is :1.0713
2025-07-06 08:20:46 - INFO - epoch:30/100 iteration:15/459 batch loss is :1.7574
2025-07-06 08:21:05 - INFO - epoch:30/100 iteration:20/459 batch loss is :2.5606
2025-07-06 08:21:22 - INFO - epoch:30/100 iteration:25/459 batch loss is :1.2277
2025-07-06 08:21:40 - INFO - epoch:30/100 iteration:30/459 batch loss is :1.6354
2025-07-06 08:21:58 - INFO - epoch:30/100 iteration:35/459 batch loss is :3.5648
2025-07-06 08:22:16 - INFO - epoch:30/100 iteration:40/459 batch loss is :2.9143
2025-07-06 08:22:20 - INFO - Epoch:30/100 Loss is :0.2222
2025-07-06 08:25:11 - INFO - epoch:31/100 iteration:0/459 batch loss is :1.3824
2025-07-06 08:25:30 - INFO - epoch:31/100 iteration:5/459 batch loss is :2.7494
2025-07-06 08:25:51 - INFO - epoch:31/100 iteration:10/459 batch loss is :1.2563
2025-07-06 08:26:10 - INFO - epoch:31/100 iteration:15/459 batch loss is :1.8895
2025-07-06 08:26:29 - INFO - epoch:31/100 iteration:20/459 batch loss is :3.0968
2025-07-06 08:26:47 - INFO - epoch:31/100 iteration:25/459 batch loss is :2.0713
2025-07-06 08:27:05 - INFO - epoch:31/100 iteration:30/459 batch loss is :2.1902
2025-07-06 08:27:23 - INFO - epoch:31/100 iteration:35/459 batch loss is :2.5217
2025-07-06 08:27:40 - INFO - epoch:31/100 iteration:40/459 batch loss is :3.1828
2025-07-06 08:27:45 - INFO - Epoch:31/100 Loss is :0.2126
2025-07-06 08:30:26 - INFO - epoch:32/100 iteration:0/459 batch loss is :3.8944
2025-07-06 08:30:47 - INFO - epoch:32/100 iteration:5/459 batch loss is :2.7578
2025-07-06 08:31:06 - INFO - epoch:32/100 iteration:10/459 batch loss is :1.8376
2025-07-06 08:31:26 - INFO - epoch:32/100 iteration:15/459 batch loss is :1.9588
2025-07-06 08:31:45 - INFO - epoch:32/100 iteration:20/459 batch loss is :2.7916
2025-07-06 08:32:02 - INFO - epoch:32/100 iteration:25/459 batch loss is :2.6914
2025-07-06 08:32:20 - INFO - epoch:32/100 iteration:30/459 batch loss is :1.5583
2025-07-06 08:32:38 - INFO - epoch:32/100 iteration:35/459 batch loss is :3.3508
2025-07-06 08:32:56 - INFO - epoch:32/100 iteration:40/459 batch loss is :2.3893
2025-07-06 08:33:01 - INFO - Epoch:32/100 Loss is :0.2191
2025-07-06 08:35:34 - INFO - epoch:33/100 iteration:0/459 batch loss is :2.2523
2025-07-06 08:35:56 - INFO - epoch:33/100 iteration:5/459 batch loss is :1.4710
2025-07-06 08:36:16 - INFO - epoch:33/100 iteration:10/459 batch loss is :3.0416
2025-07-06 08:36:37 - INFO - epoch:33/100 iteration:15/459 batch loss is :2.7685
2025-07-06 08:36:55 - INFO - epoch:33/100 iteration:20/459 batch loss is :1.0520
2025-07-06 08:37:13 - INFO - epoch:33/100 iteration:25/459 batch loss is :1.8776
2025-07-06 08:37:30 - INFO - epoch:33/100 iteration:30/459 batch loss is :2.5153
2025-07-06 08:37:48 - INFO - epoch:33/100 iteration:35/459 batch loss is :1.8837
2025-07-06 08:38:06 - INFO - epoch:33/100 iteration:40/459 batch loss is :3.4794
2025-07-06 08:38:11 - INFO - Epoch:33/100 Loss is :0.2109
2025-07-06 08:40:58 - INFO - epoch:34/100 iteration:0/459 batch loss is :1.0518
2025-07-06 08:41:19 - INFO - epoch:34/100 iteration:5/459 batch loss is :2.5508
2025-07-06 08:41:38 - INFO - epoch:34/100 iteration:10/459 batch loss is :2.3149
2025-07-06 08:41:58 - INFO - epoch:34/100 iteration:15/459 batch loss is :1.9405
2025-07-06 08:42:18 - INFO - epoch:34/100 iteration:20/459 batch loss is :2.3598
2025-07-06 08:42:36 - INFO - epoch:34/100 iteration:25/459 batch loss is :2.8594
2025-07-06 08:42:53 - INFO - epoch:34/100 iteration:30/459 batch loss is :1.9489
2025-07-06 08:43:11 - INFO - epoch:34/100 iteration:35/459 batch loss is :1.5798
2025-07-06 08:43:29 - INFO - epoch:34/100 iteration:40/459 batch loss is :2.0705
2025-07-06 08:43:35 - INFO - Epoch:34/100 Loss is :0.2241
2025-07-06 08:46:13 - INFO - epoch:35/100 iteration:0/459 batch loss is :2.8978
2025-07-06 08:46:33 - INFO - epoch:35/100 iteration:5/459 batch loss is :2.3076
2025-07-06 08:46:54 - INFO - epoch:35/100 iteration:10/459 batch loss is :2.3569
2025-07-06 08:47:13 - INFO - epoch:35/100 iteration:15/459 batch loss is :2.9611
2025-07-06 08:47:32 - INFO - epoch:35/100 iteration:20/459 batch loss is :1.4976
2025-07-06 08:47:50 - INFO - epoch:35/100 iteration:25/459 batch loss is :2.1564
2025-07-06 08:48:08 - INFO - epoch:35/100 iteration:30/459 batch loss is :1.9707
2025-07-06 08:48:25 - INFO - epoch:35/100 iteration:35/459 batch loss is :3.4660
2025-07-06 08:48:43 - INFO - epoch:35/100 iteration:40/459 batch loss is :3.0704
2025-07-06 08:48:48 - INFO - Epoch:35/100 Loss is :0.2385
2025-07-06 08:51:14 - INFO - epoch:36/100 iteration:0/459 batch loss is :0.8744
2025-07-06 08:51:41 - INFO - epoch:36/100 iteration:5/459 batch loss is :1.3956
2025-07-06 08:52:01 - INFO - epoch:36/100 iteration:10/459 batch loss is :2.3993
2025-07-06 08:52:21 - INFO - epoch:36/100 iteration:15/459 batch loss is :3.0827
2025-07-06 08:52:40 - INFO - epoch:36/100 iteration:20/459 batch loss is :2.7078
2025-07-06 08:52:58 - INFO - epoch:36/100 iteration:25/459 batch loss is :2.3675
2025-07-06 08:53:16 - INFO - epoch:36/100 iteration:30/459 batch loss is :1.4341
2025-07-06 08:53:34 - INFO - epoch:36/100 iteration:35/459 batch loss is :1.7840
2025-07-06 08:53:51 - INFO - epoch:36/100 iteration:40/459 batch loss is :3.5023
2025-07-06 08:53:56 - INFO - Epoch:36/100 Loss is :0.2149
2025-07-06 08:56:30 - INFO - epoch:37/100 iteration:0/459 batch loss is :3.7271
2025-07-06 08:56:51 - INFO - epoch:37/100 iteration:5/459 batch loss is :2.4786
2025-07-06 08:57:12 - INFO - epoch:37/100 iteration:10/459 batch loss is :1.9029
2025-07-06 08:57:31 - INFO - epoch:37/100 iteration:15/459 batch loss is :2.4582
2025-07-06 08:57:50 - INFO - epoch:37/100 iteration:20/459 batch loss is :3.3587
2025-07-06 08:58:07 - INFO - epoch:37/100 iteration:25/459 batch loss is :1.3781
2025-07-06 08:58:25 - INFO - epoch:37/100 iteration:30/459 batch loss is :1.7891
2025-07-06 08:58:43 - INFO - epoch:37/100 iteration:35/459 batch loss is :3.0886
2025-07-06 08:59:01 - INFO - epoch:37/100 iteration:40/459 batch loss is :3.0254
2025-07-06 08:59:05 - INFO - Epoch:37/100 Loss is :0.2357
2025-07-06 09:01:37 - INFO - epoch:38/100 iteration:0/459 batch loss is :3.0196
2025-07-06 09:01:58 - INFO - epoch:38/100 iteration:5/459 batch loss is :1.7809
2025-07-06 09:02:19 - INFO - epoch:38/100 iteration:10/459 batch loss is :2.2721
2025-07-06 09:02:40 - INFO - epoch:38/100 iteration:15/459 batch loss is :2.4021
2025-07-06 09:02:58 - INFO - epoch:38/100 iteration:20/459 batch loss is :2.3249
2025-07-06 09:03:16 - INFO - epoch:38/100 iteration:25/459 batch loss is :3.1802
2025-07-06 09:03:33 - INFO - epoch:38/100 iteration:30/459 batch loss is :1.7054
2025-07-06 09:03:51 - INFO - epoch:38/100 iteration:35/459 batch loss is :2.4100
2025-07-06 09:04:09 - INFO - epoch:38/100 iteration:40/459 batch loss is :3.0998
2025-07-06 09:04:13 - INFO - Epoch:38/100 Loss is :0.2299
2025-07-06 09:06:45 - INFO - epoch:39/100 iteration:0/459 batch loss is :1.1735
2025-07-06 09:07:12 - INFO - epoch:39/100 iteration:5/459 batch loss is :2.7965
2025-07-06 09:07:32 - INFO - epoch:39/100 iteration:10/459 batch loss is :1.6458
2025-07-06 09:07:52 - INFO - epoch:39/100 iteration:15/459 batch loss is :2.1131
2025-07-06 09:08:09 - INFO - epoch:39/100 iteration:20/459 batch loss is :1.1111
2025-07-06 09:08:27 - INFO - epoch:39/100 iteration:25/459 batch loss is :2.0431
2025-07-06 09:08:45 - INFO - epoch:39/100 iteration:30/459 batch loss is :1.8188
2025-07-06 09:09:03 - INFO - epoch:39/100 iteration:35/459 batch loss is :2.0634
2025-07-06 09:09:20 - INFO - epoch:39/100 iteration:40/459 batch loss is :2.9277
2025-07-06 09:09:26 - INFO - Epoch:39/100 Loss is :0.2246
2025-07-06 09:12:15 - INFO - epoch:40/100 iteration:0/459 batch loss is :3.5456
2025-07-06 09:12:35 - INFO - epoch:40/100 iteration:5/459 batch loss is :2.7555
2025-07-06 09:12:55 - INFO - epoch:40/100 iteration:10/459 batch loss is :2.6331
2025-07-06 09:13:14 - INFO - epoch:40/100 iteration:15/459 batch loss is :1.9178
2025-07-06 09:13:33 - INFO - epoch:40/100 iteration:20/459 batch loss is :2.2193
2025-07-06 09:13:51 - INFO - epoch:40/100 iteration:25/459 batch loss is :1.9348
2025-07-06 09:14:09 - INFO - epoch:40/100 iteration:30/459 batch loss is :1.7526
2025-07-06 09:14:27 - INFO - epoch:40/100 iteration:35/459 batch loss is :2.7095
2025-07-06 09:14:45 - INFO - epoch:40/100 iteration:40/459 batch loss is :2.4770
2025-07-06 09:14:49 - INFO - Epoch:40/100 Loss is :0.2338
2025-07-06 09:23:41 - INFO - VAL loss :8.0348
2025-07-06 09:26:33 - INFO - epoch:41/100 iteration:0/459 batch loss is :2.1314
2025-07-06 09:26:53 - INFO - epoch:41/100 iteration:5/459 batch loss is :1.1243
2025-07-06 09:27:13 - INFO - epoch:41/100 iteration:10/459 batch loss is :1.7077
2025-07-06 09:27:32 - INFO - epoch:41/100 iteration:15/459 batch loss is :1.5845
2025-07-06 09:27:52 - INFO - epoch:41/100 iteration:20/459 batch loss is :2.6327
2025-07-06 09:28:09 - INFO - epoch:41/100 iteration:25/459 batch loss is :2.3555
2025-07-06 09:28:27 - INFO - epoch:41/100 iteration:30/459 batch loss is :3.4864
2025-07-06 09:28:45 - INFO - epoch:41/100 iteration:35/459 batch loss is :2.9086
2025-07-06 09:29:03 - INFO - epoch:41/100 iteration:40/459 batch loss is :2.7568
2025-07-06 09:29:07 - INFO - Epoch:41/100 Loss is :0.2089
2025-07-06 09:31:46 - INFO - epoch:42/100 iteration:0/459 batch loss is :2.7336
2025-07-06 09:32:06 - INFO - epoch:42/100 iteration:5/459 batch loss is :3.0997
2025-07-06 09:32:27 - INFO - epoch:42/100 iteration:10/459 batch loss is :1.7602
2025-07-06 09:32:47 - INFO - epoch:42/100 iteration:15/459 batch loss is :3.2521
2025-07-06 09:33:06 - INFO - epoch:42/100 iteration:20/459 batch loss is :3.5713
2025-07-06 09:33:23 - INFO - epoch:42/100 iteration:25/459 batch loss is :1.6278
2025-07-06 09:33:41 - INFO - epoch:42/100 iteration:30/459 batch loss is :1.7244
2025-07-06 09:33:59 - INFO - epoch:42/100 iteration:35/459 batch loss is :1.3450
2025-07-06 09:34:17 - INFO - epoch:42/100 iteration:40/459 batch loss is :2.3796
2025-07-06 09:34:22 - INFO - Epoch:42/100 Loss is :0.2285
2025-07-06 09:37:02 - INFO - epoch:43/100 iteration:0/459 batch loss is :2.5755
2025-07-06 09:37:22 - INFO - epoch:43/100 iteration:5/459 batch loss is :1.6093
2025-07-06 09:37:42 - INFO - epoch:43/100 iteration:10/459 batch loss is :1.4650
2025-07-06 09:38:02 - INFO - epoch:43/100 iteration:15/459 batch loss is :2.4358
2025-07-06 09:38:20 - INFO - epoch:43/100 iteration:20/459 batch loss is :2.1819
2025-07-06 09:38:38 - INFO - epoch:43/100 iteration:25/459 batch loss is :2.7072
2025-07-06 09:38:55 - INFO - epoch:43/100 iteration:30/459 batch loss is :4.3923
2025-07-06 09:39:13 - INFO - epoch:43/100 iteration:35/459 batch loss is :1.8502
2025-07-06 09:39:31 - INFO - epoch:43/100 iteration:40/459 batch loss is :1.2806
2025-07-06 09:39:36 - INFO - Epoch:43/100 Loss is :0.2258
2025-07-06 09:42:26 - INFO - epoch:44/100 iteration:0/459 batch loss is :1.8880
2025-07-06 09:42:46 - INFO - epoch:44/100 iteration:5/459 batch loss is :2.3108
2025-07-06 09:43:05 - INFO - epoch:44/100 iteration:10/459 batch loss is :3.3159
2025-07-06 09:43:25 - INFO - epoch:44/100 iteration:15/459 batch loss is :2.5900
2025-07-06 09:43:44 - INFO - epoch:44/100 iteration:20/459 batch loss is :2.9714
2025-07-06 09:44:02 - INFO - epoch:44/100 iteration:25/459 batch loss is :2.1440
2025-07-06 09:44:20 - INFO - epoch:44/100 iteration:30/459 batch loss is :2.3729
2025-07-06 09:44:37 - INFO - epoch:44/100 iteration:35/459 batch loss is :2.1223
2025-07-06 09:44:55 - INFO - epoch:44/100 iteration:40/459 batch loss is :2.6508
2025-07-06 09:45:01 - INFO - Epoch:44/100 Loss is :0.2129
2025-07-06 09:47:43 - INFO - epoch:45/100 iteration:0/459 batch loss is :1.9626
2025-07-06 09:48:03 - INFO - epoch:45/100 iteration:5/459 batch loss is :3.1473
2025-07-06 09:48:23 - INFO - epoch:45/100 iteration:10/459 batch loss is :2.3181
2025-07-06 09:48:43 - INFO - epoch:45/100 iteration:15/459 batch loss is :3.0029
2025-07-06 09:49:01 - INFO - epoch:45/100 iteration:20/459 batch loss is :2.1403
2025-07-06 09:49:19 - INFO - epoch:45/100 iteration:25/459 batch loss is :3.2413
2025-07-06 09:49:37 - INFO - epoch:45/100 iteration:30/459 batch loss is :2.6210
2025-07-06 09:49:54 - INFO - epoch:45/100 iteration:35/459 batch loss is :2.0089
2025-07-06 09:50:12 - INFO - epoch:45/100 iteration:40/459 batch loss is :3.3499
2025-07-06 09:50:17 - INFO - Epoch:45/100 Loss is :0.2279
2025-07-06 09:52:53 - INFO - epoch:46/100 iteration:0/459 batch loss is :1.9859
2025-07-06 09:53:13 - INFO - epoch:46/100 iteration:5/459 batch loss is :2.7815
2025-07-06 09:53:33 - INFO - epoch:46/100 iteration:10/459 batch loss is :1.6017
2025-07-06 09:53:53 - INFO - epoch:46/100 iteration:15/459 batch loss is :2.2332
2025-07-06 09:54:12 - INFO - epoch:46/100 iteration:20/459 batch loss is :3.0753
2025-07-06 09:54:30 - INFO - epoch:46/100 iteration:25/459 batch loss is :2.8148
2025-07-06 09:54:48 - INFO - epoch:46/100 iteration:30/459 batch loss is :1.7678
2025-07-06 09:55:06 - INFO - epoch:46/100 iteration:35/459 batch loss is :2.5241
2025-07-06 09:55:23 - INFO - epoch:46/100 iteration:40/459 batch loss is :2.2420
2025-07-06 09:55:28 - INFO - Epoch:46/100 Loss is :0.2261
2025-07-06 09:58:18 - INFO - epoch:47/100 iteration:0/459 batch loss is :3.4304
2025-07-06 09:58:38 - INFO - epoch:47/100 iteration:5/459 batch loss is :2.7193
2025-07-06 09:58:58 - INFO - epoch:47/100 iteration:10/459 batch loss is :2.6808
2025-07-06 09:59:18 - INFO - epoch:47/100 iteration:15/459 batch loss is :1.0382
2025-07-06 09:59:37 - INFO - epoch:47/100 iteration:20/459 batch loss is :3.3029
2025-07-06 09:59:54 - INFO - epoch:47/100 iteration:25/459 batch loss is :2.9682
2025-07-06 10:00:12 - INFO - epoch:47/100 iteration:30/459 batch loss is :0.9053
2025-07-06 10:00:30 - INFO - epoch:47/100 iteration:35/459 batch loss is :3.4029
2025-07-06 10:00:48 - INFO - epoch:47/100 iteration:40/459 batch loss is :2.0296
2025-07-06 10:00:53 - INFO - Epoch:47/100 Loss is :0.2199
2025-07-06 10:03:28 - INFO - epoch:48/100 iteration:0/459 batch loss is :2.4288
2025-07-06 10:03:50 - INFO - epoch:48/100 iteration:5/459 batch loss is :2.4306
2025-07-06 10:04:10 - INFO - epoch:48/100 iteration:10/459 batch loss is :1.8543
2025-07-06 10:04:30 - INFO - epoch:48/100 iteration:15/459 batch loss is :2.2003
2025-07-06 10:04:48 - INFO - epoch:48/100 iteration:20/459 batch loss is :1.6062
2025-07-06 10:05:06 - INFO - epoch:48/100 iteration:25/459 batch loss is :2.5223
2025-07-06 10:05:24 - INFO - epoch:48/100 iteration:30/459 batch loss is :2.3489
2025-07-06 10:05:41 - INFO - epoch:48/100 iteration:35/459 batch loss is :3.1425
2025-07-06 10:05:59 - INFO - epoch:48/100 iteration:40/459 batch loss is :3.1003
2025-07-06 10:06:04 - INFO - Epoch:48/100 Loss is :0.2175
2025-07-06 10:08:39 - INFO - epoch:49/100 iteration:0/459 batch loss is :2.5189
2025-07-06 10:08:58 - INFO - epoch:49/100 iteration:5/459 batch loss is :3.0264
2025-07-06 10:09:19 - INFO - epoch:49/100 iteration:10/459 batch loss is :2.5066
2025-07-06 10:09:39 - INFO - epoch:49/100 iteration:15/459 batch loss is :1.3908
2025-07-06 10:09:58 - INFO - epoch:49/100 iteration:20/459 batch loss is :2.2755
2025-07-06 10:10:16 - INFO - epoch:49/100 iteration:25/459 batch loss is :2.2033
2025-07-06 10:10:33 - INFO - epoch:49/100 iteration:30/459 batch loss is :2.2642
2025-07-06 10:10:51 - INFO - epoch:49/100 iteration:35/459 batch loss is :1.6586
2025-07-06 10:11:09 - INFO - epoch:49/100 iteration:40/459 batch loss is :2.3394
2025-07-06 10:11:15 - INFO - Epoch:49/100 Loss is :0.2314
2025-07-06 10:14:04 - INFO - epoch:50/100 iteration:0/459 batch loss is :1.9856
2025-07-06 10:14:25 - INFO - epoch:50/100 iteration:5/459 batch loss is :2.4452
2025-07-06 10:14:45 - INFO - epoch:50/100 iteration:10/459 batch loss is :2.3333
2025-07-06 10:15:05 - INFO - epoch:50/100 iteration:15/459 batch loss is :2.3811
2025-07-06 10:15:23 - INFO - epoch:50/100 iteration:20/459 batch loss is :2.2389
2025-07-06 10:15:41 - INFO - epoch:50/100 iteration:25/459 batch loss is :2.7782
2025-07-06 10:15:58 - INFO - epoch:50/100 iteration:30/459 batch loss is :4.1020
2025-07-06 10:16:16 - INFO - epoch:50/100 iteration:35/459 batch loss is :1.7676
2025-07-06 10:16:34 - INFO - epoch:50/100 iteration:40/459 batch loss is :2.4261
2025-07-06 10:16:38 - INFO - Epoch:50/100 Loss is :0.2150
2025-07-06 10:19:13 - INFO - epoch:51/100 iteration:0/459 batch loss is :2.6886
2025-07-06 10:19:34 - INFO - epoch:51/100 iteration:5/459 batch loss is :2.7357
2025-07-06 10:19:55 - INFO - epoch:51/100 iteration:10/459 batch loss is :2.7032
2025-07-06 10:20:15 - INFO - epoch:51/100 iteration:15/459 batch loss is :2.9268
2025-07-06 10:20:34 - INFO - epoch:51/100 iteration:20/459 batch loss is :2.2573
2025-07-06 10:20:52 - INFO - epoch:51/100 iteration:25/459 batch loss is :1.4723
2025-07-06 10:21:10 - INFO - epoch:51/100 iteration:30/459 batch loss is :2.3439
2025-07-06 10:21:28 - INFO - epoch:51/100 iteration:35/459 batch loss is :3.1368
2025-07-06 10:21:46 - INFO - epoch:51/100 iteration:40/459 batch loss is :2.5595
2025-07-06 10:21:50 - INFO - Epoch:51/100 Loss is :0.2332
2025-07-06 10:24:50 - INFO - epoch:52/100 iteration:0/459 batch loss is :3.4003
2025-07-06 10:25:10 - INFO - epoch:52/100 iteration:5/459 batch loss is :2.6180
2025-07-06 10:25:30 - INFO - epoch:52/100 iteration:10/459 batch loss is :3.5929
2025-07-06 10:25:49 - INFO - epoch:52/100 iteration:15/459 batch loss is :2.5366
2025-07-06 10:26:09 - INFO - epoch:52/100 iteration:20/459 batch loss is :1.7136
2025-07-06 10:26:27 - INFO - epoch:52/100 iteration:25/459 batch loss is :1.3066
2025-07-06 10:26:44 - INFO - epoch:52/100 iteration:30/459 batch loss is :1.7166
2025-07-06 10:27:02 - INFO - epoch:52/100 iteration:35/459 batch loss is :1.8396
2025-07-06 10:27:20 - INFO - epoch:52/100 iteration:40/459 batch loss is :1.7503
2025-07-06 10:27:25 - INFO - Epoch:52/100 Loss is :0.2193
2025-07-06 10:29:56 - INFO - epoch:53/100 iteration:0/459 batch loss is :1.5555
2025-07-06 10:30:22 - INFO - epoch:53/100 iteration:5/459 batch loss is :2.7861
2025-07-06 10:30:42 - INFO - epoch:53/100 iteration:10/459 batch loss is :2.4492
2025-07-06 10:31:02 - INFO - epoch:53/100 iteration:15/459 batch loss is :1.4388
2025-07-06 10:31:21 - INFO - epoch:53/100 iteration:20/459 batch loss is :3.2041
2025-07-06 10:31:39 - INFO - epoch:53/100 iteration:25/459 batch loss is :2.7419
2025-07-06 10:31:57 - INFO - epoch:53/100 iteration:30/459 batch loss is :3.4356
2025-07-06 10:32:14 - INFO - epoch:53/100 iteration:35/459 batch loss is :2.5528
2025-07-06 10:32:32 - INFO - epoch:53/100 iteration:40/459 batch loss is :2.3070
2025-07-06 10:32:37 - INFO - Epoch:53/100 Loss is :0.2293
2025-07-06 10:35:14 - INFO - epoch:54/100 iteration:0/459 batch loss is :2.3391
2025-07-06 10:35:35 - INFO - epoch:54/100 iteration:5/459 batch loss is :2.8360
2025-07-06 10:35:55 - INFO - epoch:54/100 iteration:10/459 batch loss is :2.1649
2025-07-06 10:36:14 - INFO - epoch:54/100 iteration:15/459 batch loss is :1.5084
2025-07-06 10:36:33 - INFO - epoch:54/100 iteration:20/459 batch loss is :1.9988
2025-07-06 10:36:51 - INFO - epoch:54/100 iteration:25/459 batch loss is :2.4769
2025-07-06 10:37:08 - INFO - epoch:54/100 iteration:30/459 batch loss is :2.5936
2025-07-06 10:37:26 - INFO - epoch:54/100 iteration:35/459 batch loss is :2.6934
2025-07-06 10:37:44 - INFO - epoch:54/100 iteration:40/459 batch loss is :1.9578
2025-07-06 10:37:50 - INFO - Epoch:54/100 Loss is :0.2328
2025-07-06 10:40:38 - INFO - epoch:55/100 iteration:0/459 batch loss is :2.7871
2025-07-06 10:40:58 - INFO - epoch:55/100 iteration:5/459 batch loss is :1.4880
2025-07-06 10:41:19 - INFO - epoch:55/100 iteration:10/459 batch loss is :3.2233
2025-07-06 10:41:39 - INFO - epoch:55/100 iteration:15/459 batch loss is :2.5753
2025-07-06 10:41:58 - INFO - epoch:55/100 iteration:20/459 batch loss is :1.1589
2025-07-06 10:42:16 - INFO - epoch:55/100 iteration:25/459 batch loss is :2.3399
2025-07-06 10:42:34 - INFO - epoch:55/100 iteration:30/459 batch loss is :4.0768
2025-07-06 10:42:52 - INFO - epoch:55/100 iteration:35/459 batch loss is :2.1787
2025-07-06 10:43:10 - INFO - epoch:55/100 iteration:40/459 batch loss is :2.1598
2025-07-06 10:43:14 - INFO - Epoch:55/100 Loss is :0.2269
2025-07-06 10:45:48 - INFO - epoch:56/100 iteration:0/459 batch loss is :3.2399
2025-07-06 10:46:09 - INFO - epoch:56/100 iteration:5/459 batch loss is :2.9937
2025-07-06 10:46:30 - INFO - epoch:56/100 iteration:10/459 batch loss is :2.0716
2025-07-06 10:46:49 - INFO - epoch:56/100 iteration:15/459 batch loss is :2.9352
2025-07-06 10:47:09 - INFO - epoch:56/100 iteration:20/459 batch loss is :1.1673
2025-07-06 10:47:26 - INFO - epoch:56/100 iteration:25/459 batch loss is :2.7944
2025-07-06 10:47:44 - INFO - epoch:56/100 iteration:30/459 batch loss is :2.9649
2025-07-06 10:48:02 - INFO - epoch:56/100 iteration:35/459 batch loss is :2.1010
2025-07-06 10:48:20 - INFO - epoch:56/100 iteration:40/459 batch loss is :2.2831
2025-07-06 10:48:24 - INFO - Epoch:56/100 Loss is :0.2324
2025-07-06 10:51:00 - INFO - epoch:57/100 iteration:0/459 batch loss is :2.3918
2025-07-06 10:51:19 - INFO - epoch:57/100 iteration:5/459 batch loss is :2.1339
2025-07-06 10:51:40 - INFO - epoch:57/100 iteration:10/459 batch loss is :2.3069
2025-07-06 10:52:00 - INFO - epoch:57/100 iteration:15/459 batch loss is :2.3537
2025-07-06 10:52:19 - INFO - epoch:57/100 iteration:20/459 batch loss is :2.8063
2025-07-06 10:52:37 - INFO - epoch:57/100 iteration:25/459 batch loss is :1.9508
2025-07-06 10:52:54 - INFO - epoch:57/100 iteration:30/459 batch loss is :2.8380
2025-07-06 10:53:12 - INFO - epoch:57/100 iteration:35/459 batch loss is :2.5525
2025-07-06 10:53:30 - INFO - epoch:57/100 iteration:40/459 batch loss is :1.4998
2025-07-06 10:53:34 - INFO - Epoch:57/100 Loss is :0.2272
2025-07-06 10:56:24 - INFO - epoch:58/100 iteration:0/459 batch loss is :2.9081
2025-07-06 10:56:44 - INFO - epoch:58/100 iteration:5/459 batch loss is :1.9795
2025-07-06 10:57:03 - INFO - epoch:58/100 iteration:10/459 batch loss is :1.3392
2025-07-06 10:57:23 - INFO - epoch:58/100 iteration:15/459 batch loss is :1.0858
2025-07-06 10:57:43 - INFO - epoch:58/100 iteration:20/459 batch loss is :2.8312
2025-07-06 10:58:01 - INFO - epoch:58/100 iteration:25/459 batch loss is :2.5605
2025-07-06 10:58:18 - INFO - epoch:58/100 iteration:30/459 batch loss is :2.7668
2025-07-06 10:58:36 - INFO - epoch:58/100 iteration:35/459 batch loss is :2.1649
2025-07-06 10:58:54 - INFO - epoch:58/100 iteration:40/459 batch loss is :1.4467
2025-07-06 10:58:59 - INFO - Epoch:58/100 Loss is :0.2231
2025-07-06 11:01:37 - INFO - epoch:59/100 iteration:0/459 batch loss is :2.9753
2025-07-06 11:01:58 - INFO - epoch:59/100 iteration:5/459 batch loss is :1.9779
2025-07-06 11:02:17 - INFO - epoch:59/100 iteration:10/459 batch loss is :2.8057
2025-07-06 11:02:37 - INFO - epoch:59/100 iteration:15/459 batch loss is :1.3813
2025-07-06 11:02:56 - INFO - epoch:59/100 iteration:20/459 batch loss is :1.6306
2025-07-06 11:03:14 - INFO - epoch:59/100 iteration:25/459 batch loss is :3.0197
2025-07-06 11:03:31 - INFO - epoch:59/100 iteration:30/459 batch loss is :2.5726
2025-07-06 11:03:49 - INFO - epoch:59/100 iteration:35/459 batch loss is :2.9364
2025-07-06 11:04:07 - INFO - epoch:59/100 iteration:40/459 batch loss is :3.4738
2025-07-06 11:04:12 - INFO - Epoch:59/100 Loss is :0.2340
2025-07-06 11:06:48 - INFO - epoch:60/100 iteration:0/459 batch loss is :2.1261
2025-07-06 11:07:09 - INFO - epoch:60/100 iteration:5/459 batch loss is :2.9983
2025-07-06 11:07:29 - INFO - epoch:60/100 iteration:10/459 batch loss is :2.4239
2025-07-06 11:07:49 - INFO - epoch:60/100 iteration:15/459 batch loss is :2.3470
2025-07-06 11:08:08 - INFO - epoch:60/100 iteration:20/459 batch loss is :2.4471
2025-07-06 11:08:26 - INFO - epoch:60/100 iteration:25/459 batch loss is :3.2134
2025-07-06 11:08:43 - INFO - epoch:60/100 iteration:30/459 batch loss is :2.9748
2025-07-06 11:09:01 - INFO - epoch:60/100 iteration:35/459 batch loss is :3.3785
2025-07-06 11:09:19 - INFO - epoch:60/100 iteration:40/459 batch loss is :2.9714
2025-07-06 11:09:23 - INFO - Epoch:60/100 Loss is :0.2375
2025-07-06 11:12:13 - INFO - epoch:61/100 iteration:0/459 batch loss is :2.2678
2025-07-06 11:12:33 - INFO - epoch:61/100 iteration:5/459 batch loss is :2.1604
2025-07-06 11:12:53 - INFO - epoch:61/100 iteration:10/459 batch loss is :3.0491
2025-07-06 11:13:12 - INFO - epoch:61/100 iteration:15/459 batch loss is :2.2669
2025-07-06 11:13:32 - INFO - epoch:61/100 iteration:20/459 batch loss is :3.2120
2025-07-06 11:13:49 - INFO - epoch:61/100 iteration:25/459 batch loss is :2.8654
2025-07-06 11:14:07 - INFO - epoch:61/100 iteration:30/459 batch loss is :3.0465
2025-07-06 11:14:25 - INFO - epoch:61/100 iteration:35/459 batch loss is :2.6650
2025-07-06 11:14:43 - INFO - epoch:61/100 iteration:40/459 batch loss is :3.2600
2025-07-06 11:14:47 - INFO - Epoch:61/100 Loss is :0.2291
2025-07-06 11:17:26 - INFO - epoch:62/100 iteration:0/459 batch loss is :2.8512
2025-07-06 11:17:46 - INFO - epoch:62/100 iteration:5/459 batch loss is :2.6771
2025-07-06 11:18:06 - INFO - epoch:62/100 iteration:10/459 batch loss is :2.2392
2025-07-06 11:18:26 - INFO - epoch:62/100 iteration:15/459 batch loss is :2.4867
2025-07-06 11:18:45 - INFO - epoch:62/100 iteration:20/459 batch loss is :2.3441
2025-07-06 11:19:02 - INFO - epoch:62/100 iteration:25/459 batch loss is :1.6287
2025-07-06 11:19:20 - INFO - epoch:62/100 iteration:30/459 batch loss is :1.8804
2025-07-06 11:19:38 - INFO - epoch:62/100 iteration:35/459 batch loss is :1.3869
2025-07-06 11:19:56 - INFO - epoch:62/100 iteration:40/459 batch loss is :3.5131
2025-07-06 11:20:00 - INFO - Epoch:62/100 Loss is :0.2204
2025-07-06 11:22:43 - INFO - epoch:63/100 iteration:0/459 batch loss is :2.7364
2025-07-06 11:23:03 - INFO - epoch:63/100 iteration:5/459 batch loss is :3.2581
2025-07-06 11:23:23 - INFO - epoch:63/100 iteration:10/459 batch loss is :3.1225
2025-07-06 11:23:43 - INFO - epoch:63/100 iteration:15/459 batch loss is :2.2360
2025-07-06 11:24:01 - INFO - epoch:63/100 iteration:20/459 batch loss is :2.4499
2025-07-06 11:24:19 - INFO - epoch:63/100 iteration:25/459 batch loss is :3.1857
2025-07-06 11:24:37 - INFO - epoch:63/100 iteration:30/459 batch loss is :3.2771
2025-07-06 11:24:54 - INFO - epoch:63/100 iteration:35/459 batch loss is :2.6359
2025-07-06 11:25:12 - INFO - epoch:63/100 iteration:40/459 batch loss is :3.8623
2025-07-06 11:25:17 - INFO - Epoch:63/100 Loss is :0.2261
2025-07-06 11:28:06 - INFO - epoch:64/100 iteration:0/459 batch loss is :3.0373
2025-07-06 11:28:26 - INFO - epoch:64/100 iteration:5/459 batch loss is :1.5626
2025-07-06 11:28:46 - INFO - epoch:64/100 iteration:10/459 batch loss is :2.8476
2025-07-06 11:29:05 - INFO - epoch:64/100 iteration:15/459 batch loss is :3.7276
2025-07-06 11:29:25 - INFO - epoch:64/100 iteration:20/459 batch loss is :2.9391
2025-07-06 11:29:42 - INFO - epoch:64/100 iteration:25/459 batch loss is :2.7194
2025-07-06 11:30:00 - INFO - epoch:64/100 iteration:30/459 batch loss is :1.7757
2025-07-06 11:30:18 - INFO - epoch:64/100 iteration:35/459 batch loss is :3.6804
2025-07-06 11:30:35 - INFO - epoch:64/100 iteration:40/459 batch loss is :2.3196
2025-07-06 11:30:41 - INFO - Epoch:64/100 Loss is :0.2387
2025-07-06 11:33:18 - INFO - epoch:65/100 iteration:0/459 batch loss is :1.6326
2025-07-06 11:33:38 - INFO - epoch:65/100 iteration:5/459 batch loss is :1.8431
2025-07-06 11:33:58 - INFO - epoch:65/100 iteration:10/459 batch loss is :0.5104
2025-07-06 11:34:17 - INFO - epoch:65/100 iteration:15/459 batch loss is :2.7443
2025-07-06 11:34:36 - INFO - epoch:65/100 iteration:20/459 batch loss is :2.4775
2025-07-06 11:34:54 - INFO - epoch:65/100 iteration:25/459 batch loss is :2.2841
2025-07-06 11:35:12 - INFO - epoch:65/100 iteration:30/459 batch loss is :1.6768
2025-07-06 11:35:30 - INFO - epoch:65/100 iteration:35/459 batch loss is :1.8746
2025-07-06 11:35:48 - INFO - epoch:65/100 iteration:40/459 batch loss is :2.8119
2025-07-06 11:35:52 - INFO - Epoch:65/100 Loss is :0.2338
2025-07-06 11:38:26 - INFO - epoch:66/100 iteration:0/459 batch loss is :2.3523
2025-07-06 11:38:46 - INFO - epoch:66/100 iteration:5/459 batch loss is :2.3886
2025-07-06 11:39:06 - INFO - epoch:66/100 iteration:10/459 batch loss is :2.7994
2025-07-06 11:39:26 - INFO - epoch:66/100 iteration:15/459 batch loss is :2.1601
2025-07-06 11:39:45 - INFO - epoch:66/100 iteration:20/459 batch loss is :2.2515
2025-07-06 11:40:03 - INFO - epoch:66/100 iteration:25/459 batch loss is :1.9003
2025-07-06 11:40:21 - INFO - epoch:66/100 iteration:30/459 batch loss is :2.8944
2025-07-06 11:40:38 - INFO - epoch:66/100 iteration:35/459 batch loss is :1.1878
2025-07-06 11:40:56 - INFO - epoch:66/100 iteration:40/459 batch loss is :2.6475
2025-07-06 11:41:01 - INFO - Epoch:66/100 Loss is :0.2259
2025-07-06 11:43:50 - INFO - epoch:67/100 iteration:0/459 batch loss is :2.2342
2025-07-06 11:44:10 - INFO - epoch:67/100 iteration:5/459 batch loss is :1.7609
2025-07-06 11:44:30 - INFO - epoch:67/100 iteration:10/459 batch loss is :2.4834
2025-07-06 11:44:50 - INFO - epoch:67/100 iteration:15/459 batch loss is :2.2163
2025-07-06 11:45:09 - INFO - epoch:67/100 iteration:20/459 batch loss is :2.0297
2025-07-06 11:45:26 - INFO - epoch:67/100 iteration:25/459 batch loss is :1.7353
2025-07-06 11:45:44 - INFO - epoch:67/100 iteration:30/459 batch loss is :2.1244
2025-07-06 11:46:02 - INFO - epoch:67/100 iteration:35/459 batch loss is :2.4290
2025-07-06 11:46:20 - INFO - epoch:67/100 iteration:40/459 batch loss is :2.0177
2025-07-06 11:46:24 - INFO - Epoch:67/100 Loss is :0.2103
2025-07-06 11:49:01 - INFO - epoch:68/100 iteration:0/459 batch loss is :2.5052
2025-07-06 11:49:21 - INFO - epoch:68/100 iteration:5/459 batch loss is :2.7853
2025-07-06 11:49:42 - INFO - epoch:68/100 iteration:10/459 batch loss is :2.4677
2025-07-06 11:50:02 - INFO - epoch:68/100 iteration:15/459 batch loss is :2.6549
2025-07-06 11:50:20 - INFO - epoch:68/100 iteration:20/459 batch loss is :2.8557
2025-07-06 11:50:38 - INFO - epoch:68/100 iteration:25/459 batch loss is :2.5992
2025-07-06 11:50:56 - INFO - epoch:68/100 iteration:30/459 batch loss is :1.9840
2025-07-06 11:51:14 - INFO - epoch:68/100 iteration:35/459 batch loss is :3.7394
2025-07-06 11:51:32 - INFO - epoch:68/100 iteration:40/459 batch loss is :2.5527
2025-07-06 11:51:36 - INFO - Epoch:68/100 Loss is :0.2342
2025-07-06 11:54:09 - INFO - epoch:69/100 iteration:0/459 batch loss is :0.6976
2025-07-06 11:54:29 - INFO - epoch:69/100 iteration:5/459 batch loss is :2.1496
2025-07-06 11:54:49 - INFO - epoch:69/100 iteration:10/459 batch loss is :0.9660
2025-07-06 11:55:09 - INFO - epoch:69/100 iteration:15/459 batch loss is :1.8204
2025-07-06 11:55:28 - INFO - epoch:69/100 iteration:20/459 batch loss is :2.9957
2025-07-06 11:55:46 - INFO - epoch:69/100 iteration:25/459 batch loss is :2.4231
2025-07-06 11:56:04 - INFO - epoch:69/100 iteration:30/459 batch loss is :2.9930
2025-07-06 11:56:22 - INFO - epoch:69/100 iteration:35/459 batch loss is :2.6903
2025-07-06 11:56:39 - INFO - epoch:69/100 iteration:40/459 batch loss is :2.3001
2025-07-06 11:56:45 - INFO - Epoch:69/100 Loss is :0.2123
2025-07-06 11:59:34 - INFO - epoch:70/100 iteration:0/459 batch loss is :2.9575
2025-07-06 11:59:54 - INFO - epoch:70/100 iteration:5/459 batch loss is :3.5807
2025-07-06 12:00:14 - INFO - epoch:70/100 iteration:10/459 batch loss is :1.3581
2025-07-06 12:00:33 - INFO - epoch:70/100 iteration:15/459 batch loss is :2.5969
2025-07-06 12:00:52 - INFO - epoch:70/100 iteration:20/459 batch loss is :2.3273
2025-07-06 12:01:10 - INFO - epoch:70/100 iteration:25/459 batch loss is :2.9477
2025-07-06 12:01:28 - INFO - epoch:70/100 iteration:30/459 batch loss is :2.8326
2025-07-06 12:01:45 - INFO - epoch:70/100 iteration:35/459 batch loss is :2.0794
2025-07-06 12:02:03 - INFO - epoch:70/100 iteration:40/459 batch loss is :3.0828
2025-07-06 12:02:07 - INFO - Epoch:70/100 Loss is :0.2143
2025-07-06 12:04:42 - INFO - epoch:71/100 iteration:0/459 batch loss is :2.5021
2025-07-06 12:05:02 - INFO - epoch:71/100 iteration:5/459 batch loss is :2.5017
2025-07-06 12:05:22 - INFO - epoch:71/100 iteration:10/459 batch loss is :2.0818
2025-07-06 12:05:42 - INFO - epoch:71/100 iteration:15/459 batch loss is :4.2662
2025-07-06 12:06:01 - INFO - epoch:71/100 iteration:20/459 batch loss is :1.8369
2025-07-06 12:06:19 - INFO - epoch:71/100 iteration:25/459 batch loss is :2.9414
2025-07-06 12:06:36 - INFO - epoch:71/100 iteration:30/459 batch loss is :2.4340
2025-07-06 12:06:54 - INFO - epoch:71/100 iteration:35/459 batch loss is :2.7575
2025-07-06 12:07:12 - INFO - epoch:71/100 iteration:40/459 batch loss is :3.1753
2025-07-06 12:07:16 - INFO - Epoch:71/100 Loss is :0.2347
2025-07-06 12:10:05 - INFO - epoch:72/100 iteration:0/459 batch loss is :1.6567
2025-07-06 12:10:25 - INFO - epoch:72/100 iteration:5/459 batch loss is :2.7103
2025-07-06 12:10:45 - INFO - epoch:72/100 iteration:10/459 batch loss is :3.1904
2025-07-06 12:11:05 - INFO - epoch:72/100 iteration:15/459 batch loss is :2.2668
2025-07-06 12:11:25 - INFO - epoch:72/100 iteration:20/459 batch loss is :2.6753
2025-07-06 12:11:42 - INFO - epoch:72/100 iteration:25/459 batch loss is :2.8118
2025-07-06 12:12:00 - INFO - epoch:72/100 iteration:30/459 batch loss is :2.4294
2025-07-06 12:12:18 - INFO - epoch:72/100 iteration:35/459 batch loss is :2.3129
2025-07-06 12:12:36 - INFO - epoch:72/100 iteration:40/459 batch loss is :2.2955
2025-07-06 12:12:40 - INFO - Epoch:72/100 Loss is :0.2357
2025-07-06 12:15:23 - INFO - epoch:73/100 iteration:0/459 batch loss is :2.4050
2025-07-06 12:15:47 - INFO - epoch:73/100 iteration:5/459 batch loss is :2.6568
2025-07-06 12:16:07 - INFO - epoch:73/100 iteration:10/459 batch loss is :1.5833
2025-07-06 12:16:26 - INFO - epoch:73/100 iteration:15/459 batch loss is :4.1338
2025-07-06 12:16:45 - INFO - epoch:73/100 iteration:20/459 batch loss is :1.8285
2025-07-06 12:17:03 - INFO - epoch:73/100 iteration:25/459 batch loss is :2.5906
2025-07-06 12:17:21 - INFO - epoch:73/100 iteration:30/459 batch loss is :2.1287
2025-07-06 12:17:39 - INFO - epoch:73/100 iteration:35/459 batch loss is :1.6384
2025-07-06 12:17:56 - INFO - epoch:73/100 iteration:40/459 batch loss is :1.4878
2025-07-06 12:18:01 - INFO - Epoch:73/100 Loss is :0.2248
2025-07-06 12:20:41 - INFO - epoch:74/100 iteration:0/459 batch loss is :2.4598
2025-07-06 12:21:01 - INFO - epoch:74/100 iteration:5/459 batch loss is :2.5964
2025-07-06 12:21:21 - INFO - epoch:74/100 iteration:10/459 batch loss is :2.4359
2025-07-06 12:21:41 - INFO - epoch:74/100 iteration:15/459 batch loss is :2.3233
2025-07-06 12:21:59 - INFO - epoch:74/100 iteration:20/459 batch loss is :2.6418
2025-07-06 12:22:17 - INFO - epoch:74/100 iteration:25/459 batch loss is :2.2427
2025-07-06 12:22:35 - INFO - epoch:74/100 iteration:30/459 batch loss is :2.4067
2025-07-06 12:22:53 - INFO - epoch:74/100 iteration:35/459 batch loss is :1.5240
2025-07-06 12:23:10 - INFO - epoch:74/100 iteration:40/459 batch loss is :4.4314
2025-07-06 12:23:16 - INFO - Epoch:74/100 Loss is :0.2189
2025-07-06 12:26:08 - INFO - epoch:75/100 iteration:0/459 batch loss is :3.0366
2025-07-06 12:26:28 - INFO - epoch:75/100 iteration:5/459 batch loss is :2.0288
2025-07-06 12:26:48 - INFO - epoch:75/100 iteration:10/459 batch loss is :2.8374
2025-07-06 12:27:08 - INFO - epoch:75/100 iteration:15/459 batch loss is :2.5797
2025-07-06 12:27:27 - INFO - epoch:75/100 iteration:20/459 batch loss is :1.4364
2025-07-06 12:27:45 - INFO - epoch:75/100 iteration:25/459 batch loss is :2.0210
2025-07-06 12:28:03 - INFO - epoch:75/100 iteration:30/459 batch loss is :2.8814
2025-07-06 12:28:20 - INFO - epoch:75/100 iteration:35/459 batch loss is :2.2822
2025-07-06 12:28:38 - INFO - epoch:75/100 iteration:40/459 batch loss is :2.1977
2025-07-06 12:28:43 - INFO - Epoch:75/100 Loss is :0.2344
2025-07-06 12:31:14 - INFO - epoch:76/100 iteration:0/459 batch loss is :2.4041
2025-07-06 12:31:41 - INFO - epoch:76/100 iteration:5/459 batch loss is :2.3519
2025-07-06 12:32:02 - INFO - epoch:76/100 iteration:10/459 batch loss is :3.5072
2025-07-06 12:32:22 - INFO - epoch:76/100 iteration:15/459 batch loss is :1.9858
2025-07-06 12:32:41 - INFO - epoch:76/100 iteration:20/459 batch loss is :2.3462
2025-07-06 12:32:58 - INFO - epoch:76/100 iteration:25/459 batch loss is :1.9451
2025-07-06 12:33:16 - INFO - epoch:76/100 iteration:30/459 batch loss is :2.8900
2025-07-06 12:33:33 - INFO - epoch:76/100 iteration:35/459 batch loss is :4.2577
2025-07-06 12:33:51 - INFO - epoch:76/100 iteration:40/459 batch loss is :3.6563
2025-07-06 12:33:56 - INFO - Epoch:76/100 Loss is :0.2280
2025-07-06 12:36:40 - INFO - epoch:77/100 iteration:0/459 batch loss is :2.1541
2025-07-06 12:37:01 - INFO - epoch:77/100 iteration:5/459 batch loss is :2.6642
2025-07-06 12:37:21 - INFO - epoch:77/100 iteration:10/459 batch loss is :3.3545
